dataset,fold,sample_id,method_version,group_or_video_id,label,base_prediction,final_prediction,base_correct,final_correct,base_loss,final_loss,loss_benefit,base_true_probability,final_true_probability,mean_alpha,benefit_probability,rho,full_advantage_over_best_incomplete,full_is_coalition_oracle,coalition_true_probabilities,coalition_probability_vectors,analytic_scores,route_scores,analytic_ranking,route_ranking,action_role_weights,reliability,reliability_threshold,deletion_contribution,posterior,base_probability,final_probability,case_type,rank,selection_value,modality,damage,modality_reliability,modality_threshold,modality_contribution
mosi,0,etzxEpPuc6I$_$12,rcg-fusion-a8-v1,etzxEpPuc6I,1,0,1,False,True,0.9988974305743459,0.6288728519358381,0.3700245786385078,0.3682852774858475,0.5331924492705626,0.3601701557636261,0.5985656976699829,1.0,-0.4519726037979126,False,"{""text"":0.3286,""audio"":0.4039,""vision"":0.5787,""text+audio"":0.3257,""text+vision"":0.38,""audio+vision"":0.5413,""text+audio+vision"":0.3683}","{""text"":[0.6714419722557068,0.3285579979419708],""audio"":[0.5960909724235535,0.40390899777412415],""vision"":[0.42127299308776855,0.5787270069122314],""text+audio"":[0.6742690205574036,0.3257310092449188],""text+vision"":[0.6200259923934937,0.37997400760650635],""audio+vision"":[0.4586949944496155,0.5413050055503845],""text+audio+vision"":[0.6317149996757507,0.36828500032424927]}","{""text"":0.0153,""audio"":-0.0346,""vision"":-0.1894,""text+audio"":0.0171,""text+vision"":-0.0052,""audio+vision"":-0.1535,""text+audio+vision"":0.0}","{""text"":0.0164,""audio"":-0.072,""vision"":-0.232,""text+audio"":0.0141,""text+vision"":-0.0014,""audio+vision"":-0.2035,""text+audio+vision"":0.0}",text+audio>text>text+audio+vision>text+vision>audio>audio+vision>vision,text>text+audio>text+audio+vision>text+vision>audio>audio+vision>vision,"{""full"":0.2023,""posterior"":0.325,""anchor"":0.1732,""support1"":0.1571,""support2"":0.1425}","{""text"":0.6714417934417725,""audio"":0.5960913300514221,""vision"":0.5787267684936523}","{""text"":0.953156590461731,""audio"":0.655142605304718,""vision"":0.5799588561058044}","{""text"":-0.3851248025894165,""audio"":-0.031245827674865723,""vision"":0.12278580665588379}","[0.7630959749221802,0.23690399527549744]","[0.631715,0.368285]","[0.466808,0.533192]",successful_correction,1,0.3700245786385078,,,,,
mosi,0,pLTX3ipuDJI$_$4,rcg-fusion-a8-v1,pLTX3ipuDJI,0,1,0,False,True,1.0064302567779726,0.6632849949301296,0.343145261847843,0.3655214712023735,0.5151562661480379,0.1137789711356163,0.3617912232875824,1.0,-0.24169707298278809,False,"{""text"":0.3997,""audio"":0.3912,""vision"":0.4655,""text+audio"":0.3743,""text+vision"":0.3794,""audio+vision"":0.4175,""text+audio+vision"":0.3655}","{""text"":[0.3997479975223541,0.6002519726753235],""audio"":[0.39122700691223145,0.6087729930877686],""vision"":[0.4654580056667328,0.5345420241355896],""text+audio"":[0.37433499097824097,0.625665009021759],""text+vision"":[0.3793799877166748,0.6206200122833252],""audio+vision"":[0.4174549877643585,0.5825449824333191],""text+audio+vision"":[0.36552199721336365,0.6344789862632751]}","{""text"":-0.0058,""audio"":-0.0595,""vision"":-0.0701,""text+audio"":-0.0013,""text+vision"":-0.002,""audio+vision"":-0.0631,""text+audio+vision"":0.0}","{""text"":-0.0063,""audio"":-0.0902,""vision"":-0.1126,""text+audio"":-0.0093,""text+vision"":-0.0021,""audio+vision"":-0.1115,""text+audio+vision"":0.0}",text+audio+vision>text+audio>text+vision>text>audio>audio+vision>vision,text+audio+vision>text+vision>text>text+audio>audio>audio+vision>vision,"{""full"":0.2099,""posterior"":0.3026,""anchor"":0.1744,""support1"":0.157,""support2"":0.1561}","{""text"":0.6002521514892578,""audio"":0.6087733507156372,""vision"":0.5345417857170105}","{""text"":0.953156590461731,""audio"":0.655142605304718,""vision"":0.5799588561058044}","{""text"":-0.13285094499588013,""audio"":-0.03721213340759277,""vision"":-0.02382504940032959}","[0.3337770104408264,0.6662229895591736]","[0.365521,0.634479]","[0.515156,0.484844]",successful_correction,2,0.343145261847843,,,,,
mosi,0,c7UH_rxdZv4$_$32,rcg-fusion-a8-v1,c7UH_rxdZv4,0,1,0,False,True,0.8503463426198989,0.5088656608245478,0.3414806817953512,0.427266925573349,0.6011771309545653,0.20471930503845215,0.4256819188594818,1.0,-0.20774269104003906,False,"{""text"":0.4509,""audio"":0.5259,""vision"":0.4458,""text+audio"":0.4467,""text+vision"":0.4221,""audio+vision"":0.4457,""text+audio+vision"":0.4273}","{""text"":[0.4508579969406128,0.5491420030593872],""audio"":[0.5259209871292114,0.4740790128707886],""vision"":[0.44578298926353455,0.5542169809341431],""text+audio"":[0.4467479884624481,0.5532519817352295],""text+vision"":[0.42212799191474915,0.5778719782829285],""audio+vision"":[0.44568300247192383,0.5543169975280762],""text+audio+vision"":[0.4272669851779938,0.5727329850196838]}","{""text"":-0.0155,""audio"":-0.0687,""vision"":-0.0143,""text+audio"":-0.0092,""text+vision"":-0.0002,""audio+vision"":-0.0106,""text+audio+vision"":0.0}","{""text"":-0.0298,""audio"":-0.0461,""vision"":0.0107,""text+audio"":-0.0192,""text+vision"":-0.0032,""audio+vision"":-0.0077,""text+audio+vision"":0.0}",text+audio+vision>text+vision>text+audio>audio+vision>vision>text>audio,vision>text+audio+vision>text+vision>audio+vision>text+audio>text>audio,"{""full"":0.2009,""posterior"":0.374,""anchor"":0.1518,""support1"":0.1372,""support2"":0.1361}","{""text"":0.5491424798965454,""audio"":0.5259213447570801,""vision"":0.5542165637016296}","{""text"":0.953156590461731,""audio"":0.655142605304718,""vision"":0.5799588561058044}","{""text"":-0.04219865798950195,""audio"":0.012100458145141602,""vision"":-0.0445864200592041}","[0.3373660147190094,0.662634015083313]","[0.427267,0.572733]","[0.601177,0.398823]",successful_correction,3,0.3414806817953512,,,,,
mosi,0,d6hH302o4v8$_$32,rcg-fusion-a8-v1,d6hH302o4v8,0,1,0,False,True,0.7412462430294993,0.40731619561812726,0.333930047411372,0.47651968598365785,0.665433749797252,0.23041287064552307,0.4868287444114685,1.0,-0.11332070827484131,False,"{""text"":0.4816,""audio"":0.464,""vision"":0.5239,""text+audio"":0.4677,""text+vision"":0.4879,""audio+vision"":0.5337,""text+audio+vision"":0.4765}","{""text"":[0.4815559983253479,0.5184440016746521],""audio"":[0.4640040099620819,0.5359960198402405],""vision"":[0.5239199995994568,0.4760800004005432],""text+audio"":[0.46767500042915344,0.532325029373169],""text+vision"":[0.48785200715065,0.5121480226516724],""audio+vision"":[0.5336980223655701,0.4663020074367523],""text+audio+vision"":[0.47652000188827515,0.5234799981117249]}","{""text"":-0.0032,""audio"":-0.0195,""vision"":-0.0148,""text+audio"":-0.0012,""text+vision"":-0.0006,""audio+vision"":-0.0176,""text+audio+vision"":0.0}","{""text"":0.0057,""audio"":-0.0207,""vision"":-0.0199,""text+audio"":-0.0062,""text+vision"":0.0027,""audio+vision"":-0.041,""text+audio+vision"":0.0}",text+audio+vision>text+vision>text+audio>text>vision>audio+vision>audio,text>text+vision>text+audio+vision>text+audio>vision>audio>audio+vision,"{""full"":0.2057,""posterior"":0.3481,""anchor"":0.1582,""support1"":0.1479,""support2"":0.14}","{""text"":0.5184442400932312,""audio"":0.5359960794448853,""vision"":0.5239203572273254}","{""text"":0.953156590461731,""audio"":0.655142605304718,""vision"":0.5799588561058044}","{""text"":-0.11332070827484131,""audio"":-0.023503124713897705,""vision"":0.01873534917831421}","[0.4575360119342804,0.542464017868042]","[0.47652,0.52348]","[0.665434,0.334566]",successful_correction,4,0.333930047411372,,,,,
mosi,0,c7UH_rxdZv4$_$1,rcg-fusion-a8-v1,c7UH_rxdZv4,0,1,0,False,True,0.8093893141364419,0.487027323079549,0.3223619910568929,0.4451298177242279,0.6144502440423727,0.2951282560825348,0.5521643161773682,1.0,-0.06234872341156006,False,"{""text"":0.4728,""audio"":0.469,""vision"":0.4738,""text+audio"":0.453,""text+vision"":0.4543,""audio+vision"":0.4677,""text+audio+vision"":0.4451}","{""text"":[0.472804993391037,0.5271949768066406],""audio"":[0.46899300813674927,0.5310069918632507],""vision"":[0.4737659990787506,0.526233971118927],""text+audio"":[0.4529620110988617,0.5470380187034607],""text+vision"":[0.4543449878692627,0.5456550121307373],""audio+vision"":[0.4676840007305145,0.5323160290718079],""text+audio+vision"":[0.44512999057769775,0.5548700094223022]}","{""text"":-0.0151,""audio"":-0.0288,""vision"":-0.0225,""text+audio"":-0.0037,""text+vision"":-0.0039,""audio+vision"":-0.0177,""text+audio+vision"":0.0}","{""text"":-0.0142,""audio"":-0.0202,""vision"":-0.0345,""text+audio"":-0.0081,""text+vision"":-0.0067,""audio+vision"":-0.0414,""text+audio+vision"":0.0}",text+audio+vision>text+audio>text+vision>text>audio+vision>vision>audio,text+audio+vision>text+vision>text+audio>text>audio>vision>audio+vision,"{""full"":0.1947,""posterior"":0.3057,""anchor"":0.1731,""support1"":0.1634,""support2"":0.1632}","{""text"":0.5271950960159302,""audio"":0.5310070514678955,""vision"":0.5262334942817688}","{""text"":0.953156590461731,""audio"":0.655142605304718,""vision"":0.5799588561058044}","{""text"":-0.04942667484283447,""audio"":-0.02049022912979126,""vision"":-0.017442047595977783}","[0.34888699650764465,0.651112973690033]","[0.44513,0.55487]","[0.61445,0.38555]",successful_correction,5,0.3223619910568929,,,,,
mosi,0,vyB00TXsimI$_$3,rcg-fusion-a8-v1,vyB00TXsimI,1,1,0,True,False,0.619997110932833,1.087245239511405,-0.4672481285785719,0.5379459917545318,0.337143966515408,0.11880660057067871,0.3404719829559326,1.0,-0.0810900330543518,False,"{""text"":0.5059,""audio"":0.5634,""vision"":0.5551,""text+audio"":0.5221,""text+vision"":0.5332,""audio+vision"":0.5834,""text+audio+vision"":0.5379}","{""text"":[0.4941290020942688,0.5058709979057312],""audio"":[0.4365929961204529,0.5634070038795471],""vision"":[0.4448849856853485,0.5551149845123291],""text+audio"":[0.4778969883918762,0.5221030116081238],""text+vision"":[0.4667600095272064,0.533240020275116],""audio+vision"":[0.41661500930786133,0.5833849906921387],""text+audio+vision"":[0.4620540142059326,0.5379459857940674]}","{""text"":-0.0039,""audio"":0.0021,""vision"":-0.0129,""text+audio"":-0.0021,""text+vision"":0.0014,""audio+vision"":-0.0121,""text+audio+vision"":0.0}","{""text"":0.004,""audio"":-0.0357,""vision"":-0.0578,""text+audio"":-0.0053,""text+vision"":0.0064,""audio+vision"":-0.0627,""text+audio+vision"":0.0}",audio>text+vision>text+audio+vision>text+audio>text>audio+vision>vision,text+vision>text>text+audio+vision>text+audio>audio>vision>audio+vision,"{""full"":0.2211,""posterior"":0.2912,""anchor"":0.1724,""support1"":0.1639,""support2"":0.1514}","{""text"":0.5058706998825073,""audio"":0.5634068846702576,""vision"":0.5551151633262634}","{""text"":0.953156590461731,""audio"":0.655142605304718,""vision"":0.5799588561058044}","{""text"":-0.0810900330543518,""audio"":0.008786618709564209,""vision"":0.029893219470977783}","[0.4220919907093048,0.5779079794883728]","[0.462054,0.537946]","[0.662856,0.337144]",negative_flip,1,0.4672481285785719,,0.4672481285785719,,,
mosi,0,yvsjCA6Y5Fc$_$11,rcg-fusion-a8-v1,yvsjCA6Y5Fc,1,1,0,True,False,0.5299433558947242,0.9773260976321153,-0.4473827417373911,0.588638311624527,0.37631598697495305,0.08472129702568054,0.28684884309768677,1.0,-0.011631309986114502,False,"{""text"":0.5704,""audio"":0.4236,""vision"":0.5441,""text+audio"":0.5727,""text+vision"":0.5955,""audio+vision"":0.5088,""text+audio+vision"":0.5886}","{""text"":[0.4296039938926697,0.5703960061073303],""audio"":[0.5763859748840332,0.4236139953136444],""vision"":[0.4559440016746521,0.5440559983253479],""text+audio"":[0.4273270070552826,0.5726730227470398],""text+vision"":[0.40447500348091125,0.5955250263214111],""audio+vision"":[0.4911839962005615,0.5088160037994385],""text+audio+vision"":[0.4113619923591614,0.5886380076408386]}","{""text"":0.0011,""audio"":-0.0888,""vision"":-0.022,""text+audio"":0.0022,""text+vision"":-0.0024,""audio+vision"":-0.034,""text+audio+vision"":0.0}","{""text"":0.0025,""audio"":-0.1188,""vision"":-0.0577,""text+audio"":-0.0059,""text+vision"":0.0006,""audio+vision"":-0.0825,""text+audio+vision"":0.0}",text+audio>text>text+audio+vision>text+vision>vision>audio+vision>audio,text>text+vision>text+audio+vision>text+audio>vision>audio+vision>audio,"{""full"":0.2162,""posterior"":0.2941,""anchor"":0.1731,""support1"":0.1597,""support2"":0.1569}","{""text"":0.570395827293396,""audio"":0.5763857960700989,""vision"":0.5440562963485718}","{""text"":0.953156590461731,""audio"":0.655142605304718,""vision"":0.5799588561058044}","{""text"":0.14572542905807495,""audio"":-0.011631309986114502,""vision"":0.027497589588165283}","[0.4490390121936798,0.5509610176086426]","[0.411362,0.588638]","[0.623684,0.376316]",negative_flip,2,0.4473827417373911,,0.4473827417373911,,,
mosi,0,d6hH302o4v8$_$20,rcg-fusion-a8-v1,d6hH302o4v8,1,1,0,True,False,0.6487015712805887,0.9871023983739462,-0.3384008270933575,0.5227240562438965,0.37265493365053276,0.1659294068813324,0.43137407302856445,1.0,-0.10926520824432373,False,"{""text"":0.5476,""audio"":0.5831,""vision"":0.4368,""text+audio"":0.5675,""text+vision"":0.5024,""audio+vision"":0.4304,""text+audio+vision"":0.5227}","{""text"":[0.45242199301719666,0.547577977180481],""audio"":[0.41692298650741577,0.5830770134925842],""vision"":[0.5632479786872864,0.43675199151039124],""text+audio"":[0.4324899911880493,0.5675100088119507],""text+vision"":[0.4975929856300354,0.5024080276489258],""audio+vision"":[0.5696309804916382,0.43036898970603943],""text+audio+vision"":[0.4772759974002838,0.5227239727973938]}","{""text"":-0.0039,""audio"":-0.0325,""vision"":-0.0133,""text+audio"":-0.0063,""text+vision"":0.0002,""audio+vision"":-0.0187,""text+audio+vision"":0.0}","{""text"":0.0042,""audio"":-0.0243,""vision"":-0.0149,""text+audio"":-0.0095,""text+vision"":0.0019,""audio+vision"":-0.04,""text+audio+vision"":0.0}",text+vision>text+audio+vision>text>text+audio>vision>audio+vision>audio,text>text+vision>text+audio+vision>text+audio>vision>audio>audio+vision,"{""full"":0.2119,""posterior"":0.2898,""anchor"":0.1796,""support1"":0.1688,""support2"":0.1499}","{""text"":0.5475775003433228,""audio"":0.5830767750740051,""vision"":0.5632485151290894}","{""text"":0.953156590461731,""audio"":0.655142605304718,""vision"":0.5799588561058044}","{""text"":0.1944105625152588,""audio"":0.039642155170440674,""vision"":-0.08220469951629639}","[0.4884450137615204,0.511555016040802]","[0.477276,0.522724]","[0.627345,0.372655]",negative_flip,3,0.3384008270933575,,0.3384008270933575,,,
mosi,0,vyB00TXsimI$_$17,rcg-fusion-a8-v1,vyB00TXsimI,1,1,0,True,False,0.6794210490000411,0.9692965926966338,-0.28987554369659274,0.5069103837013245,0.37934978168467626,0.2337009608745575,0.49403420090675354,1.0,-0.36689773201942444,False,"{""text"":0.4554,""audio"":0.7316,""vision"":0.5161,""text+audio"":0.5092,""text+vision"":0.4716,""audio+vision"":0.6018,""text+audio+vision"":0.5069}","{""text"":[0.5446400046348572,0.4553599953651428],""audio"":[0.26840099692344666,0.731598973274231],""vision"":[0.4838680028915405,0.5161319971084595],""text+audio"":[0.4908120036125183,0.5091879963874817],""text+vision"":[0.5283759832382202,0.4716230034828186],""audio+vision"":[0.3981660008430481,0.6018339991569519],""text+audio+vision"":[0.4930900037288666,0.5069100260734558]}","{""text"":-0.0313,""audio"":-0.0681,""vision"":-0.0122,""text+audio"":0.002,""text+vision"":-0.0212,""audio+vision"":-0.0083,""text+audio+vision"":0.0}","{""text"":-0.0295,""audio"":-0.0532,""vision"":-0.0426,""text+audio"":0.0036,""text+vision"":-0.0289,""audio+vision"":-0.0377,""text+audio+vision"":0.0}",text+audio>text+audio+vision>audio+vision>vision>text+vision>text>audio,text+audio>text+audio+vision>text+vision>text>audio+vision>vision>audio,"{""full"":0.2193,""posterior"":0.3159,""anchor"":0.1774,""support1"":0.1519,""support2"":0.1355}","{""text"":0.5446397662162781,""audio"":0.7315985560417175,""vision"":0.5161316990852356}","{""text"":0.953156590461731,""audio"":0.655142605304718,""vision"":0.5799588561058044}","{""text"":-0.171647846698761,""audio"":0.07215338945388794,""vision"":-0.00448298454284668}","[0.375449001789093,0.6245499849319458]","[0.49309,0.50691]","[0.62065,0.37935]",negative_flip,4,0.28987554369659274,,0.28987554369659274,,,
mosi,0,vyB00TXsimI$_$6,rcg-fusion-a8-v1,vyB00TXsimI,1,1,0,True,False,0.5405030883120054,0.8299270158724732,-0.28942392756046775,0.5824551522731781,0.43608111215963286,0.48160529136657715,0.7341793179512024,1.0,-0.2023748755455017,False,"{""text"":0.5216,""audio"":0.7131,""vision"":0.5535,""text+audio"":0.5731,""text+vision"":0.5505,""audio+vision"":0.6432,""text+audio+vision"":0.5825}","{""text"":[0.4783720076084137,0.5216280221939087],""audio"":[0.2868959903717041,0.7131040096282959],""vision"":[0.44651201367378235,0.55348801612854],""text+audio"":[0.426939994096756,0.5730599761009216],""text+vision"":[0.4494580030441284,0.5505419969558716],""audio+vision"":[0.35682401061058044,0.6431760191917419],""text+audio+vision"":[0.41754499077796936,0.5824549794197083]}","{""text"":-0.0452,""audio"":0.0048,""vision"":-0.0397,""text+audio"":-0.0061,""text+vision"":-0.0226,""audio+vision"":-0.0052,""text+audio+vision"":0.0}","{""text"":-0.0423,""audio"":-0.007,""vision"":-0.0879,""text+audio"":-0.009,""text+vision"":-0.0278,""audio+vision"":-0.0464,""text+audio+vision"":0.0}",audio>text+audio+vision>audio+vision>text+audio>text+vision>vision>text,text+audio+vision>audio>text+audio>text+vision>text>audio+vision>vision,"{""full"":0.2014,""posterior"":0.3796,""anchor"":0.1553,""support1"":0.1395,""support2"":0.1242}","{""text"":0.5216278433799744,""audio"":0.7131038904190063,""vision"":0.5534875988960266}","{""text"":0.953156590461731,""audio"":0.655142605304718,""vision"":0.5799588561058044}","{""text"":-0.0991658866405487,""audio"":0.05634838342666626,""vision"":0.01626110076904297}","[0.26582100987434387,0.7341790199279785]","[0.417545,0.582455]","[0.563919,0.436081]",negative_flip,5,0.28942392756046775,,0.28942392756046775,,,
mosi,0,nbWiPyCm4g0$_$1,rcg-fusion-a8-v1,nbWiPyCm4g0,1,0,0,False,False,0.7419448644796354,0.9223968021123894,-0.18045193763275402,0.4761868953704834,0.3975650135693109,0.3814297914505005,0.6774114370346069,1.0,-0.33969423174858093,False,"{""text"":0.6504,""audio"":0.554,""vision"":0.3539,""text+audio"":0.6688,""text+vision"":0.4456,""audio+vision"":0.3063,""text+audio+vision"":0.4762}","{""text"":[0.3496209979057312,0.6503790020942688],""audio"":[0.4459969997406006,0.5540030002593994],""vision"":[0.6461279988288879,0.35387200117111206],""text+audio"":[0.33118700981140137,0.6688129901885986],""text+vision"":[0.5544459819793701,0.4455539882183075],""audio+vision"":[0.6937360167503357,0.3062640130519867],""text+audio+vision"":[0.523813009262085,0.47618699073791504]}","{""text"":-0.1816,""audio"":-0.0607,""vision"":0.0275,""text+audio"":-0.2057,""text+vision"":0.0212,""audio+vision"":0.01,""text+audio+vision"":0.0}","{""text"":-0.1803,""audio"":-0.0403,""vision"":0.0237,""text+audio"":-0.1996,""text+vision"":0.0152,""audio+vision"":-0.0068,""text+audio+vision"":0.0}",vision>text+vision>audio+vision>text+audio+vision>audio>text>text+audio,vision>text+vision>text+audio+vision>audio+vision>audio>text>text+audio,"{""full"":0.1725,""posterior"":0.4153,""anchor"":0.1492,""support1"":0.1286,""support2"":0.1345}","{""text"":0.6503785848617554,""audio"":0.5540033578872681,""vision"":0.6461275815963745}","{""text"":0.953156590461731,""audio"":0.655142605304718,""vision"":0.5799588561058044}","{""text"":0.44136446714401245,""audio"":0.06649208068847656,""vision"":-0.33969423174858093}","[0.6774110198020935,0.3225890100002289]","[0.523813,0.476187]","[0.602435,0.397565]",high_reliability_harm,1,0.33969423174858093,vision,,0.6461275815963745,0.5799588561058044,-0.33969423174858093
mosi,0,cM3Yna7AavY$_$11,rcg-fusion-a8-v1,cM3Yna7AavY,1,1,1,True,True,0.3120785176613654,0.4505238937133209,-0.1384453760519555,0.7319240570068359,0.6372941897296085,0.07744711637496948,0.31622299551963806,1.0,-0.18809787929058075,False,"{""text"":0.8804,""audio"":0.3868,""vision"":0.3438,""text+audio"":0.8834,""text+vision"":0.7336,""audio+vision"":0.2693,""text+audio+vision"":0.7319}","{""text"":[0.11955299973487854,0.8804479837417603],""audio"":[0.6131680011749268,0.38683199882507324],""vision"":[0.656220018863678,0.3437800109386444],""text+audio"":[0.11660300195217133,0.8833969831466675],""text+vision"":[0.2664250135421753,0.7335749864578247],""audio+vision"":[0.7306780219078064,0.269322007894516],""text+audio+vision"":[0.26807600259780884,0.7319239974021912]}","{""text"":-0.0933,""audio"":-0.1852,""vision"":-0.2245,""text+audio"":-0.1033,""text+vision"":-0.0,""audio+vision"":-0.2414,""text+audio+vision"":0.0}","{""text"":-0.0879,""audio"":-0.2509,""vision"":-0.3054,""text+audio"":-0.0988,""text+vision"":0.0024,""audio+vision"":-0.3237,""text+audio+vision"":0.0}",text+audio+vision>text+vision>text>text+audio>audio>vision>audio+vision,text+vision>text+audio+vision>text>text+audio>audio>vision>audio+vision,"{""full"":0.2367,""posterior"":0.3591,""anchor"":0.1682,""support1"":0.1324,""support2"":0.1036}","{""text"":0.880447506904602,""audio"":0.6131678223609924,""vision"":0.6562196612358093}","{""text"":0.953156590461731,""audio"":0.655142605304718,""vision"":0.5799588561058044}","{""text"":0.9997678399085999,""audio"":-0.002252906560897827,""vision"":-0.18809787929058075}","[0.3488450050354004,0.6511549949645996]","[0.268076,0.731924]","[0.362706,0.637294]",high_reliability_harm,2,0.18809787929058075,vision,,0.6562196612358093,0.5799588561058044,-0.18809787929058075
mosi,0,nzpVDcQ0ywM$_$15,rcg-fusion-a8-v1,nzpVDcQ0ywM,0,1,1,False,False,1.5491290767947143,1.547925695623053,0.0012033811716614107,0.21243290603160858,0.21268869766751936,0.23367829620838165,0.4329752027988434,1.0,-1.0231666564941406,False,"{""text"":0.1774,""audio"":0.3082,""vision"":0.591,""text+audio"":0.1491,""text+vision"":0.244,""audio+vision"":0.579,""text+audio+vision"":0.2124}","{""text"":[0.17743900418281555,0.8225610256195068],""audio"":[0.30823999643325806,0.6917600035667419],""vision"":[0.5909860134124756,0.4090139865875244],""text+audio"":[0.14912399649620056,0.850875973701477],""text+vision"":[0.24400900304317474,0.7559900283813477],""audio+vision"":[0.5790299773216248,0.42096999287605286],""text+audio+vision"":[0.21243299543857574,0.7875670194625854]}","{""text"":-0.0134,""audio"":-0.0309,""vision"":-0.2753,""text+audio"":-0.032,""text+vision"":0.0038,""audio+vision"":-0.2585,""text+audio+vision"":0.0}","{""text"":-0.0189,""audio"":-0.0475,""vision"":-0.3252,""text+audio"":-0.0289,""text+vision"":-0.0032,""audio+vision"":-0.3149,""text+audio+vision"":0.0}",text+vision>text+audio+vision>text>audio>text+audio>audio+vision>vision,text+audio+vision>text+vision>text>text+audio>audio>audio+vision>vision,"{""full"":0.2085,""posterior"":0.3208,""anchor"":0.1803,""support1"":0.1562,""support2"":0.1342}","{""text"":0.8225607872009277,""audio"":0.6917600035667419,""vision"":0.5909863114356995}","{""text"":0.953156590461731,""audio"":0.655142605304718,""vision"":0.5799588561058044}","{""text"":-1.0027282238006592,""audio"":-0.1385807991027832,""vision"":0.3538464307785034}","[0.24949200451374054,0.7505080103874207]","[0.212433,0.787567]","[0.212689,0.787311]",high_reliability_harm,3,0.1385807991027832,audio,,0.6917600035667419,0.655142605304718,-0.1385807991027832
mosi,0,etzxEpPuc6I$_$13,rcg-fusion-a8-v1,etzxEpPuc6I,0,1,0,False,True,0.9038591211048012,0.6740784138586846,0.22978070724611654,0.4050036817789078,0.5096258683936037,0.14238722622394562,0.36890119314193726,1.0,-0.18192869424819946,False,"{""text"":0.4755,""audio"":0.4858,""vision"":0.3903,""text+audio"":0.4613,""text+vision"":0.4003,""audio+vision"":0.3607,""text+audio+vision"":0.405}","{""text"":[0.4755159914493561,0.5244839787483215],""audio"":[0.4858129918575287,0.5141860246658325],""vision"":[0.3903470039367676,0.6096529960632324],""text+audio"":[0.46129700541496277,0.5387030243873596],""text+vision"":[0.4003109931945801,0.5996890068054199],""audio+vision"":[0.36074098944664,0.6392589807510376],""text+audio+vision"":[0.40500399470329285,0.5949959754943848]}","{""text"":-0.0158,""audio"":-0.0428,""vision"":-0.0362,""text+audio"":-0.0111,""text+vision"":0.0004,""audio+vision"":-0.0362,""text+audio+vision"":0.0}","{""text"":-0.0162,""audio"":-0.0467,""vision"":-0.0392,""text+audio"":-0.0215,""text+vision"":0.0024,""audio+vision"":-0.0519,""text+audio+vision"":0.0}",text+vision>text+audio+vision>text+audio>text>vision>audio+vision>audio,text+vision>text+audio+vision>text>text+audio>vision>audio>audio+vision,"{""full"":0.2196,""posterior"":0.2925,""anchor"":0.1702,""support1"":0.1568,""support2"":0.1609}","{""text"":0.5244840383529663,""audio"":0.5141865015029907,""vision"":0.609653115272522}","{""text"":0.953156590461731,""audio"":0.655142605304718,""vision"":0.5799588561058044}","{""text"":0.11573660373687744,""audio"":0.011655092239379883,""vision"":-0.13014596700668335}","[0.3867489993572235,0.6132509708404541]","[0.405004,0.594996]","[0.509626,0.490374]",high_reliability_harm,4,0.13014596700668335,vision,,0.609653115272522,0.5799588561058044,-0.13014596700668335
mosi,0,nzpVDcQ0ywM$_$19,rcg-fusion-a8-v1,nzpVDcQ0ywM,0,1,1,False,False,1.9550729286419997,2.1236093340573095,-0.1685364054153098,0.14155415296554566,0.1195991751704765,0.14166538417339325,0.18284335732460022,1.0,-1.3280651569366455,False,"{""text"":0.1436,""audio"":0.281,""vision"":0.5342,""text+audio"":0.1201,""text+vision"":0.1612,""audio+vision"":0.4815,""text+audio+vision"":0.1416}","{""text"":[0.1435759961605072,0.8564239740371704],""audio"":[0.28104498982429504,0.7189549803733826],""vision"":[0.5341879725456238,0.46581199765205383],""text+audio"":[0.12011100351810455,0.8798890113830566],""text+vision"":[0.16116799414157867,0.8388320207595825],""audio+vision"":[0.4815090000629425,0.5184910297393799],""text+audio+vision"":[0.14155399799346924,0.8584460020065308]}","{""text"":-0.0004,""audio"":-0.1057,""vision"":-0.4268,""text+audio"":-0.0002,""text+vision"":-0.0043,""audio+vision"":-0.3405,""text+audio+vision"":0.0}","{""text"":-0.0149,""audio"":-0.143,""vision"":-0.5041,""text+audio"":-0.0018,""text+vision"":-0.0126,""audio+vision"":-0.415,""text+audio+vision"":0.0}",text+audio+vision>text+audio>text>text+vision>audio>audio+vision>vision,text+audio+vision>text+audio>text+vision>text>audio>audio+vision>vision,"{""full"":0.2206,""posterior"":0.2949,""anchor"":0.1744,""support1"":0.1579,""support2"":0.1522}","{""text"":0.8564237356185913,""audio"":0.718954861164093,""vision"":0.5341877937316895}","{""text"":0.953156590461731,""audio"":0.655142605304718,""vision"":0.5799588561058044}","{""text"":-1.2242424488067627,""audio"":-0.12976586818695068,""vision"":0.1642667055130005}","[0.12212400138378143,0.8778759837150574]","[0.141554,0.858446]","[0.119599,0.880401]",high_reliability_harm,5,0.12976586818695068,audio,,0.718954861164093,0.655142605304718,-0.12976586818695068
mosei,0,28006$_$0,rcg-fusion-a8-v1,28006,0,1,0,False,True,0.9740152169427809,0.674170779280066,0.29984443766271496,0.37756398916244505,0.5095787987593594,0.1452353298664093,0.37769532203674316,1.0,-0.5569554567337036,False,"{""text"":0.2959,""audio"":0.659,""vision"":0.4278,""text+audio"":0.3905,""text+vision"":0.2974,""audio+vision"":0.6407,""text+audio+vision"":0.3776}","{""text"":[0.29590699076652527,0.7040929794311523],""audio"":[0.65898197889328,0.3410179913043976],""vision"":[0.42783400416374207,0.5721660256385803],""text+audio"":[0.3904779851436615,0.6095219850540161],""text+vision"":[0.2973569929599762,0.7026429772377014],""audio+vision"":[0.6407129764556885,0.35928699374198914],""text+audio+vision"":[0.377564013004303,0.622435986995697]}","{""text"":-0.027,""audio"":-0.1439,""vision"":0.0106,""text+audio"":0.0024,""text+vision"":-0.0271,""audio+vision"":-0.1262,""text+audio+vision"":0.0}","{""text"":-0.0125,""audio"":-0.0436,""vision"":0.0141,""text+audio"":0.0072,""text+vision"":-0.0199,""audio+vision"":-0.0773,""text+audio+vision"":0.0}",vision>text+audio>text+audio+vision>text>text+vision>audio+vision>audio,vision>text+audio>text+audio+vision>text>text+vision>audio>audio+vision,"{""full"":0.0946,""posterior"":0.4346,""anchor"":0.1856,""support1"":0.2158,""support2"":0.0694}","{""text"":0.7040930390357971,""audio"":0.6589815020561218,""vision"":0.5721659660339355}","{""text"":0.9834562063217163,""audio"":0.6749393343925476,""vision"":0.8068818211555481}","{""text"":-0.5288417339324951,""audio"":0.2388058304786682,""vision"":-0.03363168239593506}","[0.40275299549102783,0.5972480177879333]","[0.377564,0.622436]","[0.509579,0.490421]",successful_correction,1,0.29984443766271496,,,,,
mosei,0,c5VEvmutmVg$_$15,rcg-fusion-a8-v1,c5VEvmutmVg,0,1,0,False,True,0.7686599292041525,0.5311440673913103,0.23751586181284223,0.4636339545249939,0.5879319509889601,0.17084184288978577,0.36722809076309204,1.0,-0.07583433389663696,False,"{""text"":0.5002,""audio"":0.439,""vision"":0.337,""text+audio"":0.4939,""text+vision"":0.4573,""audio+vision"":0.3833,""text+audio+vision"":0.4636}","{""text"":[0.5001609921455383,0.49983900785446167],""audio"":[0.43898600339889526,0.5610139966011047],""vision"":[0.33697599172592163,0.6630240082740784],""text+audio"":[0.493927001953125,0.506072998046875],""text+vision"":[0.45727699995040894,0.5427230000495911],""audio+vision"":[0.3833329975605011,0.6166669726371765],""text+audio+vision"":[0.46363401412963867,0.5363659858703613]}","{""text"":-0.0078,""audio"":0.0458,""vision"":0.0096,""text+audio"":-0.0082,""text+vision"":0.0019,""audio+vision"":0.0348,""text+audio+vision"":0.0}","{""text"":0.0009,""audio"":0.0387,""vision"":0.0081,""text+audio"":-0.0021,""text+vision"":0.0049,""audio+vision"":0.0177,""text+audio+vision"":0.0}",audio>audio+vision>vision>text+vision>text+audio+vision>text>text+audio,audio>audio+vision>vision>text+vision>text>text+audio+vision>text+audio,"{""full"":0.061,""posterior"":0.4444,""anchor"":0.1804,""support1"":0.1648,""support2"":0.1493}","{""text"":0.500160813331604,""audio"":0.5610142946243286,""vision"":0.6630235910415649}","{""text"":0.9834562063217163,""audio"":0.6749393343925476,""vision"":0.8068818211555481}","{""text"":0.1901916265487671,""audio"":0.013805568218231201,""vision"":-0.06329160928726196}","[0.482789009809494,0.5172110199928284]","[0.463634,0.536366]","[0.587932,0.412068]",successful_correction,2,0.23751586181284223,,,,,
mosei,0,46615$_$9,rcg-fusion-a8-v1,46615,0,1,0,False,True,0.795547248299063,0.6493041575010645,0.14624309079799847,0.45133417546749116,0.5224091648146392,0.2329796552658081,0.4651045799255371,1.0,-0.001412034034729004,False,"{""text"":0.4402,""audio"":0.452,""vision"":0.4494,""text+audio"":0.4468,""text+vision"":0.4473,""audio+vision"":0.4388,""text+audio+vision"":0.4513}","{""text"":[0.44018200039863586,0.5598180294036865],""audio"":[0.45197200775146484,0.5480279922485352],""vision"":[0.44936099648475647,0.5506389737129211],""text+audio"":[0.446821004152298,0.5531790256500244],""text+vision"":[0.4473170042037964,0.5526829957962036],""audio+vision"":[0.43878498673439026,0.5612149834632874],""text+audio+vision"":[0.45133399963378906,0.5486660003662109]}","{""text"":-0.0004,""audio"":0.0522,""vision"":0.0589,""text+audio"":-0.0001,""text+vision"":0.0019,""audio+vision"":0.0525,""text+audio+vision"":0.0}","{""text"":0.0052,""audio"":0.0337,""vision"":0.0455,""text+audio"":0.0047,""text+vision"":0.0062,""audio+vision"":0.0337,""text+audio+vision"":0.0}",vision>audio+vision>audio>text+vision>text+audio+vision>text+audio>text,vision>audio>audio+vision>text+vision>text>text+audio>text+audio+vision,"{""full"":0.0657,""posterior"":0.5269,""anchor"":0.1272,""support1"":0.1657,""support2"":0.1146}","{""text"":0.5598184466362,""audio"":0.5480281114578247,""vision"":0.5506387948989868}","{""text"":0.9834562063217163,""audio"":0.6749393343925476,""vision"":0.8068818211555481}","{""text"":0.028199434280395508,""audio"":0.008939921855926514,""vision"":0.010050058364868164}","[0.3876050114631653,0.6123949885368347]","[0.451334,0.548666]","[0.522409,0.477591]",successful_correction,3,0.14624309079799847,,,,,
mosei,0,ozA7pRW4gFM$_$9,rcg-fusion-a8-v1,ozA7pRW4gFM,1,0,1,False,True,0.7326929701959846,0.5950835463690256,0.13760942382695895,0.4806129693984985,0.5515164867430596,0.21162612736225128,0.4556923508644104,1.0,-0.5082176923751831,False,"{""text"":0.3979,""audio"":0.6702,""vision"":0.7989,""text+audio"":0.4529,""text+vision"":0.4497,""audio+vision"":0.755,""text+audio+vision"":0.4806}","{""text"":[0.6021239757537842,0.39787599444389343],""audio"":[0.32978299260139465,0.670216977596283],""vision"":[0.20106500387191772,0.7989349961280823],""text+audio"":[0.5470870137214661,0.45291298627853394],""text+vision"":[0.5503360033035278,0.44966399669647217],""audio+vision"":[0.24504199624061584,0.7549579739570618],""text+audio+vision"":[0.5193870067596436,0.48061299324035645]}","{""text"":-0.0105,""audio"":-0.0774,""vision"":-0.196,""text+audio"":-0.0006,""text+vision"":0.0009,""audio+vision"":-0.1739,""text+audio+vision"":0.0}","{""text"":0.0429,""audio"":-0.039,""vision"":-0.1589,""text+audio"":0.0057,""text+vision"":0.0166,""audio+vision"":-0.1198,""text+audio+vision"":0.0}",text+vision>text+audio+vision>text+audio>text>audio>audio+vision>vision,text>text+vision>text+audio>text+audio+vision>audio>audio+vision>vision,"{""full"":0.0994,""posterior"":0.4908,""anchor"":0.1388,""support1"":0.1581,""support2"":0.1129}","{""text"":0.6021237969398499,""audio"":0.6702165603637695,""vision"":0.7989354133605957}","{""text"":0.9834562063217163,""audio"":0.6749393343925476,""vision"":0.8068818211555481}","{""text"":-0.4516001045703888,""audio"":0.06656253337860107,""vision"":0.05936253070831299}","[0.5184230208396912,0.4815770089626312]","[0.519387,0.480613]","[0.448484,0.551516]",successful_correction,4,0.13760942382695895,,,,,
mosei,0,mgsvwAVQAQo$_$0,rcg-fusion-a8-v1,mgsvwAVQAQo,0,1,0,False,True,0.7683167593912034,0.6358770204018258,0.13243973898937755,0.4637930870056152,0.5294709278269535,0.3113371729850769,0.5489155054092407,1.0,-0.12191057205200195,False,"{""text"":0.5152,""audio"":0.3443,""vision"":0.4682,""text+audio"":0.4459,""text+vision"":0.5239,""audio+vision"":0.3552,""text+audio+vision"":0.4638}","{""text"":[0.5152050256729126,0.4847950041294098],""audio"":[0.3442870080471039,0.6557130217552185],""vision"":[0.46821901202201843,0.531781017780304],""text+audio"":[0.4458639919757843,0.5541359782218933],""text+vision"":[0.5239250063896179,0.4760749936103821],""audio+vision"":[0.355226993560791,0.644773006439209],""text+audio+vision"":[0.463793009519577,0.5362070202827454]}","{""text"":-0.0124,""audio"":0.0168,""vision"":-0.0046,""text+audio"":0.0054,""text+vision"":-0.0192,""audio+vision"":0.0133,""text+audio+vision"":0.0}","{""text"":0.0005,""audio"":0.0409,""vision"":0.0027,""text+audio"":0.0091,""text+vision"":-0.0128,""audio+vision"":0.0163,""text+audio+vision"":0.0}",audio>audio+vision>text+audio>text+audio+vision>vision>text>text+vision,audio>audio+vision>text+audio>vision>text>text+audio+vision>text+vision,"{""full"":0.0824,""posterior"":0.3875,""anchor"":0.1788,""support1"":0.1997,""support2"":0.1515}","{""text"":0.5152050852775574,""audio"":0.6557133197784424,""vision"":0.5317806005477905}","{""text"":0.9834562063217163,""audio"":0.6749393343925476,""vision"":0.8068818211555481}","{""text"":0.26668262481689453,""audio"":-0.12191057205200195,""vision"":0.03942549228668213}","[0.3984209895133972,0.6015790104866028]","[0.463793,0.536207]","[0.529471,0.470529]",successful_correction,5,0.13243973898937755,,,,,
mosei,0,221153$_$5,rcg-fusion-a8-v1,221153,1,1,0,True,False,0.42835136426103837,0.7080792764440957,-0.27972791218305737,0.6515824317932128,0.492589417514773,0.15959832072257996,0.39739006757736206,1.0,-0.034812718629837036,False,"{""text"":0.6747,""audio"":0.4735,""vision"":0.5653,""text+audio"":0.6458,""text+vision"":0.6714,""audio+vision"":0.5011,""text+audio+vision"":0.6516}","{""text"":[0.32533499598503113,0.6746649742126465],""audio"":[0.526485025882721,0.47351500391960144],""vision"":[0.4347350001335144,0.5652649998664856],""text+audio"":[0.35420000553131104,0.645799994468689],""text+vision"":[0.32857799530029297,0.671422004699707],""audio+vision"":[0.49891799688339233,0.5010820031166077],""text+audio+vision"":[0.3484179973602295,0.6515820026397705]}","{""text"":0.0033,""audio"":0.0337,""vision"":0.0576,""text+audio"":0.008,""text+vision"":-0.0059,""audio+vision"":0.0464,""text+audio+vision"":0.0}","{""text"":0.0112,""audio"":0.0824,""vision"":0.0692,""text+audio"":0.0115,""text+vision"":-0.0014,""audio+vision"":0.0597,""text+audio+vision"":0.0}",vision>audio+vision>audio>text+audio>text>text+audio+vision>text+vision,audio>vision>audio+vision>text+audio>text>text+audio+vision>text+vision,"{""full"":0.0677,""posterior"":0.4588,""anchor"":0.173,""support1"":0.1914,""support2"":0.1092}","{""text"":0.6746652126312256,""audio"":0.5264850854873657,""vision"":0.5652645826339722}","{""text"":0.9834562063217163,""audio"":0.6749393343925476,""vision"":0.8068818211555481}","{""text"":0.26263493299484253,""audio"":-0.02999335527420044,""vision"":0.008913666009902954}","[0.41737100481987,0.5826299786567688]","[0.348418,0.651582]","[0.507411,0.492589]",negative_flip,1,0.27972791218305737,,0.27972791218305737,,,
mosei,0,221153$_$13,rcg-fusion-a8-v1,221153,1,1,0,True,False,0.6468093858811755,0.8671370468909585,-0.22032766100978296,0.5237140834331513,0.4201527064960943,0.2756550908088684,0.5125009417533875,1.0,-0.10210120677947998,False,"{""text"":0.5767,""audio"":0.3755,""vision"":0.58,""text+audio"":0.522,""text+vision"":0.5677,""audio+vision"":0.3981,""text+audio+vision"":0.5237}","{""text"":[0.42332199215888977,0.5766779780387878],""audio"":[0.6244750022888184,0.37552499771118164],""vision"":[0.4199889898300171,0.5800110101699829],""text+audio"":[0.4780069887638092,0.5219929814338684],""text+vision"":[0.4322730004787445,0.5677270293235779],""audio+vision"":[0.6018519997596741,0.3981480002403259],""text+audio+vision"":[0.47628599405288696,0.523714005947113]}","{""text"":0.0055,""audio"":-0.0809,""vision"":0.0337,""text+audio"":0.004,""text+vision"":-0.0033,""audio+vision"":-0.0654,""text+audio+vision"":0.0}","{""text"":0.0131,""audio"":-0.0985,""vision"":0.0252,""text+audio"":0.0077,""text+vision"":0.0023,""audio+vision"":-0.0846,""text+audio+vision"":0.0}",vision>text>text+audio>text+audio+vision>text+vision>audio+vision>audio,vision>text>text+audio>text+vision>text+audio+vision>audio+vision>audio,"{""full"":0.1042,""posterior"":0.4327,""anchor"":0.1871,""support1"":0.1871,""support2"":0.089}","{""text"":0.5766777992248535,""audio"":0.6244751214981079,""vision"":0.5800110101699829}","{""text"":0.9834562063217163,""audio"":0.6749393343925476,""vision"":0.8068818211555481}","{""text"":0.2741228938102722,""audio"":-0.0806952714920044,""vision"":0.0032909512519836426}","[0.402756005525589,0.5972440242767334]","[0.476286,0.523714]","[0.579847,0.420153]",negative_flip,2,0.22032766100978296,,0.22032766100978296,,,
mosei,0,_q7DM8WkzAQ$_$9,rcg-fusion-a8-v1,_q7DM8WkzAQ,0,0,1,True,False,0.6311776047453509,0.8239397565779404,-0.1927621518325895,0.5319649875164032,0.43869987463360877,0.19437377154827118,0.43686380982398987,1.0,-0.07118028402328491,False,"{""text"":0.5712,""audio"":0.3466,""vision"":0.3685,""text+audio"":0.5198,""text+vision"":0.5705,""audio+vision"":0.3268,""text+audio+vision"":0.532}","{""text"":[0.5712109804153442,0.4287889897823334],""audio"":[0.3465679883956909,0.6534320116043091],""vision"":[0.36854198575019836,0.6314579844474792],""text+audio"":[0.5197970271110535,0.4802030026912689],""text+vision"":[0.5704889893531799,0.42951101064682007],""audio+vision"":[0.32679399847984314,0.6732059717178345],""text+audio+vision"":[0.5319650173187256,0.4680350124835968]}","{""text"":-0.0003,""audio"":-0.082,""vision"":-0.0663,""text+audio"":0.0004,""text+vision"":-0.0015,""audio+vision"":-0.102,""text+audio+vision"":0.0}","{""text"":0.0107,""audio"":-0.0542,""vision"":-0.0604,""text+audio"":0.003,""text+vision"":0.0058,""audio+vision"":-0.0849,""text+audio+vision"":0.0}",text+audio>text+audio+vision>text>text+vision>vision>audio>audio+vision,text>text+vision>text+audio>text+audio+vision>audio>vision>audio+vision,"{""full"":0.1064,""posterior"":0.4897,""anchor"":0.1547,""support1"":0.1606,""support2"":0.0887}","{""text"":0.5712105631828308,""audio"":0.6534322500228882,""vision"":0.6314576864242554}","{""text"":0.9834562063217163,""audio"":0.6749393343925476,""vision"":0.8068818211555481}","{""text"":0.4872477054595947,""audio"":-0.06991696357727051,""vision"":0.023139774799346924}","[0.5445510149002075,0.4554489850997925]","[0.531965,0.468035]","[0.4387,0.5613]",negative_flip,3,0.1927621518325895,,0.1927621518325895,,,
mosei,0,111881$_$17,rcg-fusion-a8-v1,111881,0,0,1,True,False,0.6179988176900045,0.7947367028536362,-0.17673788516363165,0.5390220403671264,0.4517001506274947,0.3342980742454529,0.5683066248893738,1.0,-0.11444079875946045,False,"{""text"":0.6044,""audio"":0.4432,""vision"":0.2772,""text+audio"":0.5755,""text+vision"":0.5365,""audio+vision"":0.374,""text+audio+vision"":0.539}","{""text"":[0.6043760180473328,0.3956240117549896],""audio"":[0.4431529939174652,0.5568469762802124],""vision"":[0.27723899483680725,0.7227609753608704],""text+audio"":[0.575518012046814,0.42448198795318604],""text+vision"":[0.5365020036697388,0.46349799633026123],""audio+vision"":[0.3740060031414032,0.6259940266609192],""text+audio+vision"":[0.5390220284461975,0.4609780013561249]}","{""text"":-0.0591,""audio"":0.0409,""vision"":0.0022,""text+audio"":-0.0277,""text+vision"":0.0021,""audio+vision"":0.038,""text+audio+vision"":0.0}","{""text"":-0.05,""audio"":0.0497,""vision"":0.0301,""text+audio"":-0.0255,""text+vision"":0.0048,""audio+vision"":0.0551,""text+audio+vision"":0.0}",audio>audio+vision>vision>text+vision>text+audio+vision>text+audio>text,audio+vision>audio>vision>text+vision>text+audio+vision>text+audio>text,"{""full"":0.0579,""posterior"":0.4587,""anchor"":0.1962,""support1"":0.1925,""support2"":0.0947}","{""text"":0.6043764352798462,""audio"":0.556847095489502,""vision"":0.7227611541748047}","{""text"":0.9834562063217163,""audio"":0.6749393343925476,""vision"":0.8068818211555481}","{""text"":0.3654834032058716,""audio"":0.004685938358306885,""vision"":-0.06551450490951538}","[0.4022580087184906,0.5977420210838318]","[0.539022,0.460978]","[0.4517,0.5483]",negative_flip,4,0.17673788516363165,,0.17673788516363165,,,
mosei,0,59673$_$7,rcg-fusion-a8-v1,59673,0,0,1,True,False,0.6082116967120614,0.7773113144375673,-0.16909961772550586,0.5443234145641327,0.45964017933094203,0.22653678059577942,0.4635063707828522,1.0,-0.2629013955593109,False,"{""text"":0.4916,""audio"":0.4523,""vision"":0.708,""text+audio"":0.5009,""text+vision"":0.5515,""audio+vision"":0.5486,""text+audio+vision"":0.5443}","{""text"":[0.4916149973869324,0.5083850026130676],""audio"":[0.4523029923439026,0.5476970076560974],""vision"":[0.7080010175704956,0.2919990122318268],""text+audio"":[0.5009239912033081,0.4990760087966919],""text+vision"":[0.5514940023422241,0.4485059976577759],""audio+vision"":[0.5486500263214111,0.45135000348091125],""text+audio+vision"":[0.5443230271339417,0.45567700266838074]}","{""text"":-0.0196,""audio"":-0.0429,""vision"":-0.0396,""text+audio"":-0.0151,""text+vision"":0.0018,""audio+vision"":-0.0366,""text+audio+vision"":0.0}","{""text"":-0.0172,""audio"":-0.0503,""vision"":-0.0162,""text+audio"":-0.0172,""text+vision"":0.0043,""audio+vision"":-0.0357,""text+audio+vision"":0.0}",text+vision>text+audio+vision>text+audio>text>audio+vision>vision>audio,text+vision>text+audio+vision>vision>text>text+audio>audio+vision>audio,"{""full"":0.1099,""posterior"":0.413,""anchor"":0.1812,""support1"":0.1677,""support2"":0.1281}","{""text"":0.508385181427002,""audio"":0.5476969480514526,""vision"":0.708000659942627}","{""text"":0.9834562063217163,""audio"":0.6749393343925476,""vision"":0.8068818211555481}","{""text"":-0.007916152477264404,""audio"":-0.013087749481201172,""vision"":0.0830884575843811}","[0.5937889814376831,0.4062109887599945]","[0.544323,0.455677]","[0.45964,0.54036]",negative_flip,5,0.16909961772550586,,0.16909961772550586,,,
mosei,0,252097$_$10,rcg-fusion-a8-v1,252097,1,0,0,False,False,4.17219807127606,4.332791242026637,-0.16059317075057766,0.015418332256376743,0.013130844924838226,0.00019584308029152453,0.008810949511826038,1.0,-3.8135809898376465,False,"{""text"":0.0111,""audio"":0.4811,""vision"":0.6986,""text+audio"":0.0125,""text+vision"":0.0152,""audio+vision"":0.5694,""text+audio+vision"":0.0154}","{""text"":[0.9888550043106079,0.011145000346004963],""audio"":[0.5189300179481506,0.48107001185417175],""vision"":[0.30135801434516907,0.6986420154571533],""text+audio"":[0.9874939918518066,0.012505999766290188],""text+vision"":[0.9848179817199707,0.015181999653577805],""audio+vision"":[0.43062999844551086,0.5693699717521667],""text+audio+vision"":[0.9845820069313049,0.01541799958795309]}","{""text"":-0.0032,""audio"":-0.6135,""vision"":-0.9611,""text+audio"":-0.0015,""text+vision"":-0.0001,""audio+vision"":-0.7952,""text+audio+vision"":0.0}","{""text"":0.0058,""audio"":-0.6216,""vision"":-0.8619,""text+audio"":0.0088,""text+vision"":0.0021,""audio+vision"":-0.7658,""text+audio+vision"":0.0}",text+audio+vision>text+vision>text+audio>text>audio>audio+vision>vision,text+audio>text>text+vision>text+audio+vision>audio>audio+vision>vision,"{""full"":0.1772,""posterior"":0.3165,""anchor"":0.1696,""support1"":0.1775,""support2"":0.1592}","{""text"":0.988854706287384,""audio"":0.5189304351806641,""vision"":0.6986419558525085}","{""text"":0.9834562063217163,""audio"":0.6749393343925476,""vision"":0.8068818211555481}","{""text"":-3.608973741531372,""audio"":0.01542806625366211,""vision"":0.20936918258666992}","[0.9805390238761902,0.019461000338196754]","[0.984582,0.015418]","[0.986869,0.013131]",high_reliability_harm,1,3.608973741531372,text,,0.988854706287384,0.9834562063217163,-3.608973741531372
mosei,0,1zXAYdPdzy8$_$2,rcg-fusion-a8-v1,1zXAYdPdzy8,0,1,1,False,False,4.3070008163090385,4.322102472828657,-0.0151016565196187,0.013473899755626916,0.013271950273430696,2.00037939066533e-05,0.0020001898519694805,1.0,-3.3453965187072754,False,"{""text"":0.01,""audio"":0.3299,""vision"":0.3823,""text+audio"":0.0113,""text+vision"":0.0134,""audio+vision"":0.3252,""text+audio+vision"":0.0135}","{""text"":[0.009975999593734741,0.9900239706039429],""audio"":[0.32989799976348877,0.6701020002365112],""vision"":[0.38227900862693787,0.6177210211753845],""text+audio"":[0.011335000395774841,0.988664984703064],""text+vision"":[0.013380000367760658,0.9866200089454651],""audio+vision"":[0.32523399591445923,0.6747660040855408],""text+audio+vision"":[0.013473999686539173,0.9865260124206543]}","{""text"":0.0005,""audio"":-0.3754,""vision"":-0.4591,""text+audio"":0.0004,""text+vision"":-0.0004,""audio+vision"":-0.3682,""text+audio+vision"":0.0}","{""text"":0.0061,""audio"":-0.5244,""vision"":-0.5877,""text+audio"":0.0057,""text+vision"":-0.0019,""audio+vision"":-0.5178,""text+audio+vision"":0.0}",text>text+audio>text+audio+vision>text+vision>audio+vision>audio>vision,text>text+audio>text+audio+vision>text+vision>audio+vision>audio>vision,"{""full"":0.1767,""posterior"":0.3167,""anchor"":0.1791,""support1"":0.174,""support2"":0.1536}","{""text"":0.990024209022522,""audio"":0.6701021790504456,""vision"":0.6177207231521606}","{""text"":0.9834562063217163,""audio"":0.6749393343925476,""vision"":0.8068818211555481}","{""text"":-3.1837897300720215,""audio"":0.007027149200439453,""vision"":0.1728959083557129}","[0.0088919997215271,0.9911080002784729]","[0.013474,0.986526]","[0.013272,0.986728]",high_reliability_harm,2,3.1837897300720215,text,,0.990024209022522,0.9834562063217163,-3.1837897300720215
mosei,0,cml9rShionM$_$3,rcg-fusion-a8-v1,cml9rShionM,0,1,1,False,False,3.926758424438824,4.149796110145371,-0.22303768570654725,0.019707452319562436,0.015767631017134014,0.1973188817501068,0.1986549198627472,1.0,-3.3410654067993164,False,"{""text"":0.0135,""audio"":0.3905,""vision"":0.5567,""text+audio"":0.0157,""text+vision"":0.0193,""audio+vision"":0.4168,""text+audio+vision"":0.0197}","{""text"":[0.013450000435113907,0.986549973487854],""audio"":[0.39049801230430603,0.6095020174980164],""vision"":[0.5567200183868408,0.44328001141548157],""text+audio"":[0.015673000365495682,0.9843270182609558],""text+vision"":[0.019324999302625656,0.9806749820709229],""audio+vision"":[0.41680800914764404,0.583191990852356],""text+audio+vision"":[0.019706999883055687,0.9802929759025574]}","{""text"":0.0012,""audio"":-0.4579,""vision"":-0.7593,""text+audio"":0.0013,""text+vision"":-0.0006,""audio+vision"":-0.5044,""text+audio+vision"":0.0}","{""text"":0.0053,""audio"":-0.5947,""vision"":-0.8316,""text+audio"":0.0074,""text+vision"":-0.0031,""audio+vision"":-0.6254,""text+audio+vision"":0.0}",text+audio>text>text+audio+vision>text+vision>audio>audio+vision>vision,text+audio>text>text+audio+vision>text+vision>audio>audio+vision>vision,"{""full"":0.1729,""posterior"":0.3137,""anchor"":0.1845,""support1"":0.1736,""support2"":0.1553}","{""text"":0.9865498542785645,""audio"":0.6095019578933716,""vision"":0.556719958782196}","{""text"":0.9834562063217163,""audio"":0.6749393343925476,""vision"":0.8068818211555481}","{""text"":-3.0516281127929688,""audio"":0.019580602645874023,""vision"":0.2290487289428711}","[0.012013000436127186,0.9879869818687439]","[0.019707,0.980293]","[0.015768,0.984232]",high_reliability_harm,3,3.0516281127929688,text,,0.9865498542785645,0.9834562063217163,-3.0516281127929688
mosei,0,92291$_$3,rcg-fusion-a8-v1,92291,1,0,0,False,False,3.279760539179786,3.7432863103577656,-0.46352577117797944,0.03763726837933064,0.023676167905954938,0.3629292845726013,0.3988419771194458,1.0,-3.116939067840576,False,"{""text"":0.016,""audio"":0.6485,""vision"":0.8497,""text+audio"":0.0216,""text+vision"":0.0308,""audio+vision"":0.7686,""text+audio+vision"":0.0376}","{""text"":[0.9839709997177124,0.016029000282287598],""audio"":[0.3514609932899475,0.6485390067100525],""vision"":[0.15025700628757477,0.8497430086135864],""text+audio"":[0.9783989787101746,0.021601000800728798],""text+vision"":[0.9692180156707764,0.030781999230384827],""audio+vision"":[0.23141199350357056,0.7685880064964294],""text+audio+vision"":[0.9623630046844482,0.037636999040842056]}","{""text"":-0.014,""audio"":-0.8905,""vision"":-0.9121,""text+audio"":-0.0072,""text+vision"":-0.0008,""audio+vision"":-0.9121,""text+audio+vision"":0.0}","{""text"":0.0541,""audio"":-0.796,""vision"":-0.7509,""text+audio"":0.0396,""text+vision"":0.023,""audio+vision"":-0.7485,""text+audio+vision"":0.0}",text+audio+vision>text+vision>text+audio>text>audio>vision>audio+vision,text>text+audio>text+vision>text+audio+vision>audio+vision>vision>audio,"{""full"":0.1671,""posterior"":0.3746,""anchor"":0.1751,""support1"":0.1376,""support2"":0.1456}","{""text"":0.9839712977409363,""audio"":0.6485387086868286,""vision"":0.8497428894042969}","{""text"":0.9834562063217163,""audio"":0.6749393343925476,""vision"":0.8068818211555481}","{""text"":-3.0165598392486572,""audio"":0.20105600357055664,""vision"":0.5552759170532227}","[0.9560409784317017,0.04395899921655655]","[0.962363,0.037637]","[0.976324,0.023676]",high_reliability_harm,4,3.0165598392486572,text,,0.9839712977409363,0.9834562063217163,-3.0165598392486572
mosei,0,ddWHTdJz2O8$_$1,rcg-fusion-a8-v1,ddWHTdJz2O8,0,1,1,False,False,2.558961110323415,2.8842889987058404,-0.32532788838242555,0.07738509327173233,0.05589451648541256,0.5552098155021667,0.5771623849868774,1.0,-1.39876127243042,False,"{""text"":0.16,""audio"":0.3134,""vision"":0.0496,""text+audio"":0.1318,""text+vision"":0.0753,""audio+vision"":0.1364,""text+audio+vision"":0.0774}","{""text"":[0.15998700261116028,0.8400130271911621],""audio"":[0.3134239912033081,0.6865760087966919],""vision"":[0.049570001661777496,0.9504299759864807],""text+audio"":[0.13181500136852264,0.8681849837303162],""text+vision"":[0.07527399808168411,0.9247260093688965],""audio+vision"":[0.13637100160121918,0.8636289834976196],""text+audio+vision"":[0.07738500088453293,0.9226149916648865]}","{""text"":-0.0706,""audio"":-0.251,""vision"":0.0137,""text+audio"":-0.0438,""text+vision"":0.0015,""audio+vision"":-0.0482,""text+audio+vision"":0.0}","{""text"":-0.0763,""audio"":-0.3236,""vision"":-0.001,""text+audio"":-0.077,""text+vision"":0.0057,""audio+vision"":-0.0733,""text+audio+vision"":0.0}",vision>text+vision>text+audio+vision>text+audio>audio+vision>text>audio,text+vision>text+audio+vision>vision>audio+vision>text>text+audio>audio,"{""full"":0.1436,""posterior"":0.3963,""anchor"":0.216,""support1"":0.1387,""support2"":0.1054}","{""text"":0.8400126695632935,""audio"":0.6865764856338501,""vision"":0.9504297375679016}","{""text"":0.9834562063217163,""audio"":0.6749393343925476,""vision"":0.8068818211555481}","{""text"":-0.5665827989578247,""audio"":0.027657032012939453,""vision"":-0.532606840133667}","[0.034828998148441315,0.9651709794998169]","[0.077385,0.922615]","[0.055895,0.944105]",high_reliability_harm,5,0.532606840133667,vision,,0.9504297375679016,0.8068818211555481,-0.532606840133667
cremad,3,1044_ITH_HAP_XX,rcg-fusion-a8-v1,1044,3,1,3,False,True,2.1350306213076182,1.3416236583011145,0.7934069630065037,0.11824096962809563,0.2614208656476531,0.17026427388191223,0.6448359489440918,1.0,-1.271500825881958,False,"{""visual"":0.0358,""audio"":0.4217,""visual+audio"":0.1182}","{""visual"":[0.23560300469398499,0.3162420094013214,0.09708400070667267,0.03582900017499924,0.06276299804449081,0.2524789869785309],""audio"":[0.05912499874830246,0.09303700178861618,0.08399800211191177,0.4216710031032562,0.26573899388313293,0.07643000036478043],""visual+audio"":[0.12481299787759781,0.34670400619506836,0.07450699806213379,0.11824099719524384,0.13369500637054443,0.20203900337219238]}","{""visual"":-0.0847,""audio"":-0.2528,""visual+audio"":0.0}","{""visual"":-0.1401,""audio"":-0.2455,""visual+audio"":0.0}",visual+audio>visual>audio,visual+audio>visual>audio,"{""full"":0.1986,""posterior"":0.5906,""anchor"":0.1327,""support1"":0.0781}","{""visual"":0.3162422180175781,""audio"":0.4216710925102234}","{""visual"":0.7455495774745943,""audio"":0.7656620442867279}","{""visual"":-1.271500825881958,""audio"":1.1939709186553955}","[0.1813420057296753,0.33674100041389465,0.07049500197172165,0.09269800037145615,0.2351830005645752,0.08354099839925766]","[0.124813,0.346704,0.074507,0.118241,0.133695,0.202039]","[0.061811,0.217873,0.054295,0.261421,0.145319,0.259281]",successful_correction,1,0.7934069630065037,,,,,
cremad,1,1036_MTI_FEA_XX,rcg-fusion-a8-v1,1036,2,3,2,False,True,1.685722554177684,1.005626915691985,0.6800956384856989,0.1853104867041111,0.3658152275954928,0.15706072747707367,0.5251354575157166,1.0,-0.8777406215667725,False,"{""visual"":0.0834,""audio"":0.4458,""visual+audio"":0.1853}","{""visual"":[0.2585909962654114,0.10309600085020065,0.08342199772596359,0.403672993183136,0.09654700011014938,0.05467100068926811],""audio"":[0.09694100171327591,0.14219099283218384,0.4457570016384125,0.2201319932937622,0.016847999766469002,0.07813099771738052],""visual+audio"":[0.19266700744628906,0.08347000181674957,0.1853100061416626,0.48650699853897095,0.027814000844955444,0.02423200011253357]}","{""visual"":-0.0259,""audio"":-0.2351,""visual+audio"":0.0}","{""visual"":-0.0368,""audio"":-0.1939,""visual+audio"":0.0}",visual+audio>visual>audio,visual+audio>visual>audio,"{""full"":0.1647,""posterior"":0.7132,""anchor"":0.0755,""support1"":0.0466}","{""visual"":0.4036731719970703,""audio"":0.4457567632198334}","{""visual"":0.6626030802726747,""audio"":0.7498136520385742}","{""visual"":-0.8777406215667725,""audio"":0.7981215715408325}","[0.256742000579834,0.04790699854493141,0.21966800093650818,0.43873900175094604,0.02044999971985817,0.016495000571012497]","[0.192667,0.08347,0.18531,0.486507,0.027814,0.024232]","[0.165869,0.06351,0.365815,0.36207,0.017895,0.024841]",successful_correction,2,0.6800956384856989,,,,,
cremad,3,1044_IOM_HAP_XX,rcg-fusion-a8-v1,1044,3,1,3,False,True,1.5781091452888774,0.9639109607153524,0.6141981845735249,0.2063649356365204,0.38139833141696766,0.13317357003688812,0.5435901880264282,1.0,-0.8420363664627075,False,"{""visual"":0.1088,""audio"":0.479,""visual+audio"":0.2064}","{""visual"":[0.12495099753141403,0.5424330234527588,0.11058700084686279,0.10880400240421295,0.012497000396251678,0.10072699934244156],""audio"":[0.13727299869060516,0.08931300044059753,0.2657240033149719,0.47899100184440613,0.009955000132322311,0.018743999302387238],""visual+audio"":[0.1303510069847107,0.4393239915370941,0.18577300012111664,0.20636500418186188,0.0023709998931735754,0.035815998911857605]}","{""visual"":-0.1964,""audio"":0.0943,""visual+audio"":0.0}","{""visual"":-0.1961,""audio"":0.0863,""visual+audio"":0.0}",audio>visual+audio>visual,audio>visual+audio>visual,"{""full"":0.2282,""posterior"":0.5318,""anchor"":0.1816,""support1"":0.0584}","{""visual"":0.5424332618713379,""audio"":0.4789912700653076}","{""visual"":0.7455495774745943,""audio"":0.7656620442867279}","{""visual"":-0.8420363664627075,""audio"":0.6400959491729736}","[0.15854699909687042,0.25194600224494934,0.15265800058841705,0.401513010263443,0.00851299986243248,0.026822000741958618]","[0.130351,0.439324,0.185773,0.206365,0.002371,0.035816]","[0.156051,0.306367,0.129033,0.381398,0.001043,0.026108]",successful_correction,3,0.6141981845735249,,,,,
cremad,3,1044_WSI_HAP_XX,rcg-fusion-a8-v1,1044,3,1,3,False,True,1.265292430206686,0.6558650913631461,0.6094273388435398,0.2821567729115486,0.5189928920598338,0.08702843636274338,0.46329793334007263,1.0,-0.04983532428741455,False,"{""visual"":0.1885,""audio"":0.2966,""visual+audio"":0.2822}","{""visual"":[0.16579000651836395,0.3141460120677948,0.12052199989557266,0.18849200010299683,0.05693399906158447,0.15411700308322906],""audio"":[0.15071900188922882,0.2556610107421875,0.09890399873256683,0.2965739965438843,0.13049499690532684,0.06764800101518631],""visual+audio"":[0.07598499953746796,0.5098909735679626,0.04663800075650215,0.2821570038795471,0.02077599987387657,0.06455200165510178]}","{""visual"":-0.0541,""audio"":-0.1482,""visual+audio"":0.0}","{""visual"":-0.0939,""audio"":-0.0805,""visual+audio"":0.0}",visual+audio>visual>audio,visual+audio>audio>visual,"{""full"":0.2564,""posterior"":0.633,""anchor"":0.0761,""support1"":0.0345}","{""visual"":0.3141455054283142,""audio"":0.2965744435787201}","{""visual"":0.7455495774745943,""audio"":0.7656620442867279}","{""visual"":-0.04983532428741455,""audio"":0.40340566635131836}","[0.06401100009679794,0.5789080262184143,0.06627299636602402,0.14233000576496124,0.06997399777173996,0.0785050019621849]","[0.075985,0.509891,0.046638,0.282157,0.020776,0.064552]","[0.04471,0.339036,0.037025,0.518993,0.014266,0.04597]",successful_correction,4,0.6094273388435398,,,,,
cremad,1,1032_IWL_FEA_XX,rcg-fusion-a8-v1,1032,2,3,2,False,True,1.4924720193543188,0.891824179370644,0.6006478399836749,0.2248162180185318,0.40990732583974626,0.28065618872642517,0.709237277507782,1.0,-0.7994638681411743,False,"{""visual"":0.0703,""audio"":0.5001,""visual+audio"":0.2248}","{""visual"":[0.5814970135688782,0.027643999084830284,0.0702579990029335,0.23939299583435059,0.06093699857592583,0.020270999521017075],""audio"":[0.010575000196695328,0.17795200645923615,0.5000699758529663,0.07152699679136276,0.03172700107097626,0.2081499993801117],""visual+audio"":[0.25558900833129883,0.03422499820590019,0.2248159945011139,0.40775901079177856,0.04322800040245056,0.034384001046419144]}","{""visual"":-0.5752,""audio"":-0.0478,""visual+audio"":0.0}","{""visual"":-0.538,""audio"":-0.0379,""visual+audio"":0.0}",visual+audio>audio>visual,visual+audio>audio>visual,"{""full"":0.1405,""posterior"":0.6965,""anchor"":0.1143,""support1"":0.0488}","{""visual"":0.5814967751502991,""audio"":0.5000695586204529}","{""visual"":0.6626030802726747,""audio"":0.7498136520385742}","{""visual"":-0.7994638681411743,""audio"":1.1631054878234863}","[0.0641459971666336,0.04510999843478203,0.37925100326538086,0.34226998686790466,0.0947989970445633,0.07442499697208405]","[0.255589,0.034225,0.224816,0.407759,0.043228,0.034384]","[0.089645,0.038897,0.409907,0.386438,0.03215,0.042963]",successful_correction,5,0.6006478399836749,,,,,
cremad,3,1050_IWW_NEU_XX,rcg-fusion-a8-v1,1050,4,4,3,True,False,1.0026586819239496,2.0322874612263533,-1.0296287793024037,0.36690266579389574,0.13103543957954739,0.18709392845630646,0.6826132535934448,1.0,-0.5966588258743286,False,"{""visual"":0.0963,""audio"":0.6663,""visual+audio"":0.3669}","{""visual"":[0.13199199736118317,0.09527499973773956,0.31054800748825073,0.146916002035141,0.09629999846220016,0.21896900236606598],""audio"":[0.017017999663949013,0.03867800161242485,0.029524000361561775,0.1637980043888092,0.6663100123405457,0.08467300236225128],""visual+audio"":[0.031184999272227287,0.03887299820780754,0.12281899899244308,0.2574160099029541,0.36690300703048706,0.18280400335788727]}","{""visual"":-0.3615,""audio"":0.245,""visual+audio"":0.0}","{""visual"":-0.3965,""audio"":0.272,""visual+audio"":0.0}",audio>visual+audio>visual,audio>visual+audio>visual,"{""full"":0.1604,""posterior"":0.5845,""anchor"":0.2324,""support1"":0.0227}","{""visual"":0.31054753065109253,""audio"":0.6663102507591248}","{""visual"":0.7455495774745943,""audio"":0.7656620442867279}","{""visual"":-0.5966588258743286,""audio"":1.337631344795227}","[0.03669099882245064,0.048243001103401184,0.05708400160074234,0.13327699899673462,0.6170200109481812,0.10768499970436096]","[0.031185,0.038873,0.122819,0.257416,0.366903,0.182804]","[0.011787,0.023069,0.133076,0.52984,0.131035,0.171193]",negative_flip,1,1.0296287793024037,,1.0296287793024037,,,
cremad,1,1023_ITS_NEU_XX,rcg-fusion-a8-v1,1023,4,4,2,True,False,1.1412815194447947,1.9452867995486145,-0.8040052801038198,0.31940943002700806,0.14294622054705391,0.15519683063030243,0.5008648633956909,1.0,-0.15084409713745117,False,"{""visual"":0.1563,""audio"":0.3714,""visual+audio"":0.3194}","{""visual"":[0.2735080122947693,0.08500800281763077,0.24764099717140198,0.09789899736642838,0.15625,0.1396940052509308],""audio"":[0.02911899983882904,0.0731080025434494,0.15739600360393524,0.30949100852012634,0.3714140057563782,0.059470999985933304],""visual+audio"":[0.12068799883127213,0.03849700093269348,0.2787019908428192,0.16357499361038208,0.31940901279449463,0.07912900298833847]}","{""visual"":-0.1088,""audio"":-0.0393,""visual+audio"":0.0}","{""visual"":-0.0724,""audio"":0.0315,""visual+audio"":0.0}",visual+audio>audio>visual,audio>visual+audio>visual,"{""full"":0.2379,""posterior"":0.5773,""anchor"":0.1226,""support1"":0.0622}","{""visual"":0.2735082507133484,""audio"":0.3714141547679901}","{""visual"":0.6626030802726747,""audio"":0.7498136520385742}","{""visual"":-0.15084409713745117,""audio"":0.7150150537490845}","[0.10860700160264969,0.05935100093483925,0.24315300583839417,0.1844410002231598,0.3207240104675293,0.0837239995598793]","[0.120688,0.038497,0.278702,0.163575,0.319409,0.079129]","[0.079938,0.035964,0.457069,0.220005,0.142946,0.064078]",negative_flip,2,0.8040052801038198,,0.8040052801038198,,,
cremad,3,1079_IEO_FEA_HI,rcg-fusion-a8-v1,1079,2,2,0,True,False,0.7045340613794965,1.394513050961053,-0.6899789895815566,0.4943388521671295,0.2479537478138833,0.11071968078613281,0.49578946828842163,1.0,0.2089252471923828,True,"{""visual"":0.3706,""audio"":0.4011,""visual+audio"":0.4943}","{""visual"":[0.2789370119571686,0.09509000182151794,0.3705799877643585,0.1600639969110489,0.007884000428020954,0.08744599670171738],""audio"":[0.25765401124954224,0.01397900003939867,0.40113401412963867,0.32493600249290466,0.00036700000055134296,0.0019280000124126673],""visual+audio"":[0.3110690116882324,0.014608999714255333,0.4943389892578125,0.17410199344158173,0.00034100000630132854,0.005541000049561262]}","{""visual"":-0.045,""audio"":-0.221,""visual+audio"":0.0}","{""visual"":-0.0147,""audio"":-0.2176,""visual+audio"":0.0}",visual+audio>visual>audio,visual+audio>visual>audio,"{""full"":0.2859,""posterior"":0.4944,""anchor"":0.1332,""support1"":0.0864}","{""visual"":0.3705800473690033,""audio"":0.4011341631412506}","{""visual"":0.7455495774745943,""audio"":0.7656620442867279}","{""visual"":0.2089252471923828,""audio"":0.28815168142318726}","[0.2787329852581024,0.034154001623392105,0.5439590215682983,0.13287000358104706,0.0007600000244565308,0.009523999877274036]","[0.311069,0.014609,0.494339,0.174102,0.000341,0.005541]","[0.41063,0.009705,0.247954,0.327428,0.00027,0.004013]",negative_flip,3,0.6899789895815566,,0.6899789895815566,,,
cremad,3,1007_ITH_DIS_XX,rcg-fusion-a8-v1,1007,1,1,3,True,False,1.1747371238025728,1.853977768273332,-0.6792406444707593,0.30890017151832583,0.1566129556079021,0.1836014688014984,0.6857393383979797,1.0,-0.7183257341384888,False,"{""visual"":0.0627,""audio"":0.6336,""visual+audio"":0.3089}","{""visual"":[0.1956380009651184,0.06274700164794922,0.08804000169038773,0.4249210059642792,0.10180699825286865,0.12684699892997742],""audio"":[0.0051369997672736645,0.6335530281066895,0.04333699867129326,0.018787000328302383,0.020022999495267868,0.2791630029678345],""visual+audio"":[0.04165099933743477,0.30889999866485596,0.06738100200891495,0.2168930023908615,0.07417699694633484,0.29099899530410767]}","{""visual"":-0.7104,""audio"":0.2854,""visual+audio"":0.0}","{""visual"":-0.6835,""audio"":0.3249,""visual+audio"":0.0}",audio>visual+audio>visual,audio>visual+audio>visual,"{""full"":0.0533,""posterior"":0.6806,""anchor"":0.2562,""support1"":0.0099}","{""visual"":0.4249207377433777,""audio"":0.633553147315979}","{""visual"":0.7455495774745943,""audio"":0.7656620442867279}","{""visual"":-0.7183257341384888,""audio"":1.5939043760299683}","[0.008740999735891819,0.5600640177726746,0.09518499672412872,0.033973000943660736,0.01271700020879507,0.28932100534439087]","[0.041651,0.3089,0.067381,0.216893,0.074177,0.290999]","[0.044287,0.156613,0.03975,0.374327,0.071564,0.31346]",negative_flip,4,0.6792406444707593,,0.6792406444707593,,,
cremad,1,1082_MTI_NEU_XX,rcg-fusion-a8-v1,1082,4,4,0,True,False,0.7728851512864968,1.4355764272210987,-0.6626912759346019,0.4616791307926178,0.23797814738860576,0.3781472146511078,0.8244965672492981,1.0,-0.03152745962142944,False,"{""visual"":0.4765,""audio"":0.1428,""visual+audio"":0.4617}","{""visual"":[0.09329500049352646,0.05179699882864952,0.12098599970340729,0.026649000123143196,0.4764670133590698,0.23080700635910034],""audio"":[0.6602429747581482,0.06138300150632858,0.012817000038921833,0.11930499970912933,0.14276200532913208,0.0034910000395029783],""visual+audio"":[0.4444209933280945,0.03079400025308132,0.022406000643968582,0.018074000254273415,0.46167901158332825,0.022624999284744263]}","{""visual"":-0.6518,""audio"":0.2426,""visual+audio"":0.0}","{""visual"":-0.6787,""audio"":0.218,""visual+audio"":0.0}",audio>visual+audio>visual,audio>visual+audio>visual,"{""full"":0.1109,""posterior"":0.8032,""anchor"":0.0767,""support1"":0.0092}","{""visual"":0.4764665961265564,""audio"":0.6602425575256348}","{""visual"":0.6626030802726747,""audio"":0.7498136520385742}","{""visual"":1.173692226409912,""audio"":-0.03152745962142944}","[0.8061779737472534,0.01377199962735176,0.020246999338269234,0.008754000067710876,0.14410699903964996,0.006940999999642372]","[0.444421,0.030794,0.022406,0.018074,0.461679,0.022625]","[0.709337,0.020241,0.010657,0.01172,0.237978,0.010066]",negative_flip,5,0.6626912759346019,,0.6626912759346019,,,
cremad,2,1043_DFA_FEA_XX,rcg-fusion-a8-v1,1043,2,1,1,False,False,4.094816913912572,4.094816913912572,0.0,0.01665879599750042,0.01665879599750042,0.04445002228021622,0.2837710380554199,0.0,-3.73903489112854,False,"{""visual"":0.0102,""audio"":0.7006,""visual+audio"":0.0167}","{""visual"":[0.00923100020736456,0.9164149761199951,0.010173999704420567,0.01451599970459938,0.00120599998626858,0.0484590008854866],""audio"":[0.02347099967300892,0.03422800078988075,0.7006250023841858,0.21754899621009827,0.005828999914228916,0.01829800009727478],""visual+audio"":[0.005727000068873167,0.9232000112533569,0.016659000888466835,0.020325999706983566,0.0006070000235922635,0.03348200023174286]}","{""visual"":-0.0769,""audio"":-0.4351,""visual+audio"":0.0}","{""visual"":-0.2215,""audio"":-0.5415,""visual+audio"":0.0}",visual+audio>visual>audio,visual+audio>visual>audio,"{""full"":0.4556,""posterior"":0.3075,""anchor"":0.2174,""support1"":0.0195}","{""visual"":0.9164150357246399,""audio"":0.7006251811981201}","{""visual"":0.7703669905662537,""audio"":0.8393852889537812}","{""visual"":-3.73903489112854,""audio"":0.49314069747924805}","[0.01154400035738945,0.7019929885864258,0.04573800042271614,0.2216780036687851,0.0015450000064447522,0.017501000314950943]","[0.005727,0.9232,0.016659,0.020326,0.000607,0.033482]","[0.005727,0.9232,0.016659,0.020326,0.000607,0.033482]",high_reliability_harm,1,3.73903489112854,visual,,0.9164150357246399,0.7703669905662537,-3.73903489112854
cremad,2,1006_IEO_ANG_HI,rcg-fusion-a8-v1,1006,0,1,1,False,False,3.593414123263948,3.593414123263948,0.0,0.027504266984760762,0.027504266984760762,0.03382328897714615,0.2507926821708679,0.0,-3.427086114883423,False,"{""visual"":0.0181,""audio"":0.8468,""visual+audio"":0.0275}","{""visual"":[0.018093999475240707,0.832260012626648,0.023747000843286514,0.020725000649690628,0.003961999900639057,0.1012130007147789],""audio"":[0.8467680215835571,0.08718699961900711,0.026878999546170235,0.038651999086141586,6.299999949987978e-05,0.000450999999884516],""visual+audio"":[0.027504000812768936,0.9385430216789246,0.008197999559342861,0.00994499959051609,0.000195999993593432,0.015614000149071217]}","{""visual"":0.0009,""audio"":-0.5565,""visual+audio"":0.0}","{""visual"":-0.0764,""audio"":-0.5175,""visual+audio"":0.0}",visual>visual+audio>audio,visual+audio>visual>audio,"{""full"":0.5856,""posterior"":0.2402,""anchor"":0.1027,""support1"":0.0715}","{""visual"":0.8322601318359375,""audio"":0.8467684984207153}","{""visual"":0.7703669905662537,""audio"":0.8393852889537812}","{""visual"":-3.427086114883423,""audio"":0.4187781810760498}","[0.08376400172710419,0.7492070198059082,0.04974900186061859,0.10081499814987183,0.001436999998986721,0.01502699963748455]","[0.027504,0.938543,0.008198,0.009945,0.000196,0.015614]","[0.027504,0.938543,0.008198,0.009945,0.000196,0.015614]",high_reliability_harm,2,3.427086114883423,visual,,0.8322601318359375,0.7703669905662537,-3.427086114883423
cremad,2,1043_TSI_FEA_XX,rcg-fusion-a8-v1,1043,2,1,1,False,False,4.585823371915865,4.585823371915865,0.0,0.010195351764559745,0.010195351764559745,0.12297049909830093,0.4758967459201813,0.0,-3.350846767425537,False,"{""visual"":0.012,""audio"":0.2908,""visual+audio"":0.0102}","{""visual"":[0.01065600011497736,0.90733802318573,0.012024999596178532,0.03841499984264374,0.0007529999711550772,0.03081200085580349],""audio"":[0.060408998280763626,0.08469299972057343,0.2908419966697693,0.5289660096168518,0.0095210000872612,0.025567999109625816],""visual+audio"":[0.005237000063061714,0.8854770064353943,0.010195000097155571,0.08337000012397766,0.00025099999038502574,0.015469999983906746]}","{""visual"":-0.2457,""audio"":-0.0411,""visual+audio"":0.0}","{""visual"":-0.339,""audio"":-0.1168,""visual+audio"":0.0}",visual+audio>audio>visual,visual+audio>audio>visual,"{""full"":0.4586,""posterior"":0.3652,""anchor"":0.0379,""support1"":0.1382}","{""visual"":0.9073384404182434,""audio"":0.5289663672447205}","{""visual"":0.7703669905662537,""audio"":0.8393852889537812}","{""visual"":-3.350846767425537,""audio"":-0.1650686264038086}","[0.015073999762535095,0.5184419751167297,0.03404799848794937,0.42216798663139343,0.0007730000070296228,0.009494000114500523]","[0.005237,0.885477,0.010195,0.08337,0.000251,0.01547]","[0.005237,0.885477,0.010195,0.08337,0.000251,0.01547]",high_reliability_harm,3,3.350846767425537,visual,,0.9073384404182434,0.7703669905662537,-3.350846767425537
cremad,2,1083_IWL_HAP_XX,rcg-fusion-a8-v1,1083,3,1,1,False,False,4.573667807514074,4.573667807514074,0.0,0.010320038301870227,0.010320038301870227,0.029140476137399673,0.21305663883686066,0.0,-3.2730512619018555,False,"{""visual"":0.0144,""audio"":0.2724,""visual+audio"":0.0103}","{""visual"":[0.033236999064683914,0.8492969870567322,0.02568499930202961,0.014391000382602215,0.0038870000280439854,0.07350199669599533],""audio"":[0.2354779988527298,0.26177600026130676,0.05123699828982353,0.2723639905452728,0.12046600133180618,0.058678001165390015],""visual+audio"":[0.016473999246954918,0.9368249773979187,0.00609100004658103,0.010320000350475311,0.0017259999876841903,0.028564000502228737]}","{""visual"":0.0689,""audio"":-0.5289,""visual+audio"":0.0}","{""visual"":-0.0526,""audio"":-0.6247,""visual+audio"":0.0}",visual>visual+audio>audio,visual+audio>visual>audio,"{""full"":0.5929,""posterior"":0.288,""anchor"":0.1165,""support1"":0.0026}","{""visual"":0.8492974042892456,""audio"":0.2723637521266937}","{""visual"":0.7703669905662537,""audio"":0.8393852889537812}","{""visual"":-3.2730512619018555,""audio"":-0.3325352668762207}","[0.039744000881910324,0.7815260291099548,0.018619999289512634,0.13230100274085999,0.007079999893903732,0.02072799950838089]","[0.016474,0.936825,0.006091,0.01032,0.001726,0.028564]","[0.016474,0.936825,0.006091,0.01032,0.001726,0.028564]",high_reliability_harm,4,3.2730512619018555,visual,,0.8492974042892456,0.7703669905662537,-3.2730512619018555
cremad,2,1083_WSI_HAP_XX,rcg-fusion-a8-v1,1083,3,1,1,False,False,4.612665528534946,4.612665528534946,0.0,0.009925326774828136,0.009925326774828136,0.09320516884326935,0.2911045253276825,0.0,-3.1911535263061523,False,"{""visual"":0.0132,""audio"":0.2413,""visual+audio"":0.0099}","{""visual"":[0.03652000054717064,0.8736469745635986,0.018828000873327255,0.01319199986755848,0.002722000004723668,0.055091001093387604],""audio"":[0.2567949891090393,0.15423400700092316,0.1521340012550354,0.241348996758461,0.0877240002155304,0.10776299983263016],""visual+audio"":[0.028508000075817108,0.9106929898262024,0.011474999599158764,0.009925000369548798,0.0014979999978095293,0.03790200129151344]}","{""visual"":0.0269,""audio"":-0.6898,""visual+audio"":0.0}","{""visual"":-0.2092,""audio"":-0.7768,""visual+audio"":0.0}",visual>visual+audio>audio,visual+audio>visual>audio,"{""full"":0.4604,""posterior"":0.3911,""anchor"":0.147,""support1"":0.0015}","{""visual"":0.8736469149589539,""audio"":0.25679534673690796}","{""visual"":0.7703669905662537,""audio"":0.8393852889537812}","{""visual"":-3.1911535263061523,""audio"":-0.28452396392822266}","[0.03012000024318695,0.8427159786224365,0.02124599926173687,0.0781719982624054,0.00508800009265542,0.02265699952840805]","[0.028508,0.910693,0.011475,0.009925,0.001498,0.037902]","[0.028508,0.910693,0.011475,0.009925,0.001498,0.037902]",high_reliability_harm,5,3.1911535263061523,visual,,0.8736469149589539,0.7703669905662537,-3.1911535263061523
avmnist,0,2328,rcg-fusion-a8-v1,2328,4,9,4,False,True,1.9204471524988,0.29640568455698313,1.624041467941817,0.14654142111539842,0.7434857461449301,0.37204644083976746,0.44403696060180664,1.0,-1.1142315864562988,False,"{""image"":0.0056,""audio"":0.4465,""image+audio"":0.1465}","{""image"":[0.003278000047430396,0.0030799999367445707,0.000699999975040555,0.03305299952626228,0.00559299997985363,0.012184999883174896,0.00018099999579135329,0.30834901332855225,0.004416999872773886,0.62916499376297],""audio"":[0.00108299998100847,0.3407379984855652,0.0003819999983534217,5.500000042957254e-05,0.4465450048446655,0.15160199999809265,4.3000000005122274e-05,0.00060299999313429,8.900000102585182e-05,0.058859001845121384],""image+audio"":[7.79999973019585e-05,0.009266999550163746,7.000000096013537e-06,3.400000059627928e-05,0.14654099941253662,0.035241998732089996,9.999999974752427e-07,0.02508700080215931,2.8000000384054147e-05,0.783715009689331]}","{""image"":-0.3792,""audio"":-0.7175,""image+audio"":0.0}","{""image"":-0.3983,""audio"":-0.7393,""image+audio"":0.0}",image+audio>image>audio,image+audio>image>audio,"{""full"":0.2706,""posterior"":0.6731,""anchor"":0.0542,""support1"":0.0022}","{""image"":0.6291646957397461,""audio"":0.4465448260307312}","{""image"":0.9983906209468841,""audio"":0.982382357120514}","{""image"":-1.1142315864562988,""audio"":3.265845537185669}","[0.00035799999022856355,0.008708000183105469,0.00023799999326001853,0.0007430000114254653,0.18185000121593475,0.015382000245153904,7.000000186963007e-05,0.06369899958372116,5.2999999752501026e-05,0.7288979887962341]","[7.8e-05,0.009267,7e-06,3.4e-05,0.146541,0.035242,1e-06,0.025087,2.8e-05,0.783715]","[0.000158,0.014458,6.9e-05,0.000132,0.743486,0.043262,1e-05,0.015495,1.4e-05,0.182916]",successful_correction,1,1.624041467941817,,,,,
avmnist,0,9918,rcg-fusion-a8-v1,9918,4,7,4,False,True,1.4225265995353078,0.1381393110519788,1.284387288483329,0.2411040732404217,0.8709773465232354,0.17474867403507233,0.2972645163536072,1.0,-0.9181721806526184,False,"{""image"":0.0037,""audio"":0.6039,""image+audio"":0.2411}","{""image"":[1.9999999949504854e-06,0.0001340000017080456,9.999999747378752e-06,0.0002680000034160912,0.003734000027179718,7.000000096013537e-06,0.0,0.9946439862251282,7.000000096013537e-06,0.0011919999960809946],""audio"":[0.19129499793052673,0.02584500052034855,0.0011549999471753836,0.0010560000082477927,0.6038950085639954,0.14654499292373657,0.002061000093817711,0.013562999665737152,0.0013680000556632876,0.013217000290751457],""image+audio"":[4.999999873689376e-06,2.9000000722589903e-05,9.999999974752427e-07,3.000000106112566e-06,0.24110400676727295,6.800000119255856e-05,0.0,0.757660984992981,0.0,0.0011279999744147062]}","{""image"":-0.1014,""audio"":-0.6442,""image+audio"":0.0}","{""image"":-0.108,""audio"":-0.6706,""image+audio"":0.0}",image+audio>image>audio,image+audio>image>audio,"{""full"":0.2766,""posterior"":0.5148,""anchor"":0.1937,""support1"":0.0149}","{""image"":0.9946438074111938,""audio"":0.6038952469825745}","{""image"":0.9983906209468841,""audio"":0.982382357120514}","{""image"":-0.9181721806526184,""audio"":4.167636394500732}","[0.00021399999968707561,0.015021000057458878,0.0007859999896027148,0.00047599998652003706,0.21369299292564392,0.0014430000446736813,0.0008149999775923789,0.7649549841880798,5.199999941396527e-05,0.0025450000539422035]","[5e-06,2.9e-05,1e-06,3e-06,0.241104,6.8e-05,0.0,0.757661,0.0,0.001128]","[0.000223,0.000185,3e-05,3e-05,0.870977,0.000502,5e-06,0.128025,2e-06,2.2e-05]",successful_correction,2,1.284387288483329,,,,,
avmnist,0,14872,rcg-fusion-a8-v1,14872,6,0,6,False,True,1.1529827503656775,0.11513526680036267,1.0378474835653149,0.3156937280669808,0.8912455798149368,0.6820613145828247,0.8200293779373169,1.0,-0.952643096446991,False,"{""image"":0.8185,""audio"":0.0116,""image+audio"":0.3157}","{""image"":[0.07391399890184402,0.0006150000263005495,0.01901100017130375,0.02727000042796135,0.007091999985277653,0.04897399991750717,0.8184530138969421,0.0020719999447464943,0.0016690000193193555,0.0009309999877586961],""audio"":[0.19985300302505493,0.00036100001307204366,0.6873530149459839,0.043637000024318695,0.0002809999859891832,0.00018200000340584666,0.011610999703407288,0.00317799998447299,0.05333099886775017,0.00021399999968707561],""image+audio"":[0.3345339894294739,0.00011600000289035961,0.2822349965572357,0.060187000781297684,0.000994000001810491,0.0015160000184550881,0.31569400429725647,0.001888000057078898,0.002684999955818057,0.0001500000071246177]}","{""image"":0.4339,""audio"":-0.7711,""image+audio"":0.0}","{""image"":0.4215,""audio"":-0.7937,""image+audio"":0.0}",image>image+audio>audio,image>image+audio>audio,"{""full"":0.0141,""posterior"":0.8923,""anchor"":0.0906,""support1"":0.0029}","{""image"":0.8184526562690735,""audio"":0.6873525977134705}","{""image"":0.9983906209468841,""audio"":0.982382357120514}","{""image"":3.3028035163879395,""audio"":-0.952643096446991}","[0.06970100104808807,8.600000001024455e-05,0.10936100035905838,0.00036899998667649925,7.79999973019585e-05,0.00010900000052060932,0.818323016166687,0.0014230000087991357,0.0005380000220611691,1.2999999853491317e-05]","[0.334534,0.000116,0.282235,0.060187,0.000994,0.001516,0.315694,0.001888,0.002685,0.00015]","[0.055049,6.2e-05,0.051187,0.000755,0.001002,0.000397,0.891246,0.000148,0.000111,4.3e-05]",successful_correction,3,1.0378474835653149,,,,,
avmnist,0,8588,rcg-fusion-a8-v1,8588,3,8,3,False,True,1.244983118722502,0.231983269154468,1.012999849568034,0.287945768982172,0.7929593900767697,0.3638272285461426,0.4337218403816223,1.0,-0.578335702419281,False,"{""image"":0.0241,""audio"":0.5134,""image+audio"":0.2879}","{""image"":[0.0009219999774359167,0.0004140000091865659,0.0013259999686852098,0.024085000157356262,0.00032900000223889947,0.03659500181674957,0.000783999974373728,0.0006580000044777989,0.9163119792938232,0.018574999645352364],""audio"":[0.06884899735450745,0.017772000283002853,0.3582859933376312,0.5134270191192627,0.004224000032991171,0.0016220000106841326,0.000375000003259629,0.0016280000563710928,0.01922599971294403,0.014589999802410603],""image+audio"":[0.01854800060391426,0.0015279999934136868,0.038603998720645905,0.2879459857940674,0.0017999999690800905,0.001959000015631318,0.00022499999613501132,0.00016199999663513154,0.6309530138969421,0.018276000395417213]}","{""image"":-0.182,""audio"":-0.5587,""image+audio"":0.0}","{""image"":-0.2139,""audio"":-0.5454,""image+audio"":0.0}",image+audio>image>audio,image+audio>image>audio,"{""full"":0.1301,""posterior"":0.7696,""anchor"":0.0992,""support1"":0.001}","{""image"":0.9163123965263367,""audio"":0.5134270191192627}","{""image"":0.9983906209468841,""audio"":0.982382357120514}","{""image"":-0.578335702419281,""audio"":2.4811911582946777}","[0.00016799999866634607,0.00015700000221841037,0.014003000222146511,0.3308109939098358,0.00039999998989515007,0.000375000003259629,0.00010900000052060932,8.70000003487803e-05,0.6512349843978882,0.0026549999602138996]","[0.018548,0.001528,0.038604,0.287946,0.0018,0.001959,0.000225,0.000162,0.630953,0.018276]","[0.000507,2.1e-05,0.00162,0.792959,1.2e-05,0.000689,3e-06,5e-06,0.196568,0.007615]",successful_correction,4,1.012999849568034,,,,,
avmnist,0,16578,rcg-fusion-a8-v1,16578,0,2,0,False,True,1.136675095726558,0.23899887983415916,0.8976762158923988,0.32088415920734403,0.7874157644084357,0.7379370927810669,0.8531133532524109,1.0,-0.02158939838409424,False,"{""image"":0.0468,""audio"":0.3279,""image+audio"":0.3209}","{""image"":[0.0467820018529892,0.0012619999470189214,0.01992800086736679,0.0010999999940395355,0.8586310148239136,0.0030789999291300774,0.007158000022172928,0.006266000214964151,0.0036520001012831926,0.052143000066280365],""audio"":[0.32788699865341187,0.0007009999826550484,0.6169090270996094,0.04378899931907654,0.00020900000527035445,0.00020599999697878957,0.00046999999904073775,0.006058000028133392,0.0027000000700354576,0.0010710000060498714],""image+audio"":[0.32088398933410645,0.0001250000059371814,0.653905987739563,0.0071310000494122505,0.01039000041782856,4.8000001697801054e-05,0.0007949999999254942,0.002125999890267849,0.0014570000348612666,0.003137999912723899]}","{""image"":-0.9056,""audio"":-0.2628,""image+audio"":0.0}","{""image"":-0.9023,""audio"":-0.2692,""image+audio"":0.0}",image+audio>audio>image,image+audio>audio>image,"{""full"":0.1401,""posterior"":0.81,""anchor"":0.0466,""support1"":0.0034}","{""image"":0.8586307764053345,""audio"":0.6169094443321228}","{""image"":0.9983906209468841,""audio"":0.982382357120514}","{""image"":-0.02158939838409424,""audio"":1.9255778789520264}","[0.14204399287700653,9.500000305706635e-05,0.80308997631073,0.008018000051379204,0.03080200031399727,7.999999797903001e-05,0.0005510000046342611,0.006409999914467335,0.003601999953389168,0.005307000130414963]","[0.320884,0.000125,0.653906,0.007131,0.01039,4.8e-05,0.000795,0.002126,0.001457,0.003138]","[0.787416,2.2e-05,0.199203,0.000804,0.009385,1.7e-05,0.000113,0.00128,0.000384,0.001377]",successful_correction,5,0.8976762158923988,,,,,
avmnist,0,18120,rcg-fusion-a8-v1,18120,2,2,7,True,False,0.914185437356841,2.967522124918659,-2.053336687561818,0.40084300488233565,0.051430591154045704,0.40021222829818726,0.5912896394729614,1.0,-0.26260197162628174,False,"{""image"":0.016,""audio"":0.5212,""image+audio"":0.4008}","{""image"":[0.00039500001003034413,0.0006220000213943422,0.016022000461816788,0.8266630172729492,6.000000212225132e-06,0.0003169999981764704,4.999999873689376e-06,0.1552940011024475,8.299999899463728e-05,0.0005939999828115106],""audio"":[0.28459998965263367,0.01413199957460165,0.5212200284004211,0.008364000357687473,0.023439999669790268,0.005363000091165304,0.004188999999314547,0.1251550018787384,0.0023900000378489494,0.011146999895572662],""image+audio"":[0.0039519998244941235,0.0005419999943114817,0.4008429944515228,0.29419299960136414,2.9000000722589903e-05,0.00027200000477023423,3.000000106112566e-06,0.2985289990901947,5.8000001445179805e-05,0.0015810000477358699]}","{""image"":-0.1254,""audio"":-0.5665,""image+audio"":0.0}","{""image"":-0.1285,""audio"":-0.5517,""image+audio"":0.0}",image+audio>image>audio,image+audio>image>audio,"{""full"":0.1447,""posterior"":0.7156,""anchor"":0.137,""support1"":0.0027}","{""image"":0.8266628980636597,""audio"":0.521219789981842}","{""image"":0.9983906209468841,""audio"":0.982382357120514}","{""image"":-0.26260197162628174,""audio"":3.2196121215820312}","[0.002437999937683344,0.00019799999427050352,0.3681040108203888,0.40034499764442444,4.70000013592653e-05,0.00022499999613501132,0.00018200000340584666,0.2274789959192276,0.000826000003144145,0.00015500000154133886]","[0.003952,0.000542,0.400843,0.294193,2.9e-05,0.000272,3e-06,0.298529,5.8e-05,0.001581]","[0.001833,0.00011,0.051431,0.048738,3e-06,6.3e-05,4e-06,0.89776,1.1e-05,4.7e-05]",negative_flip,1,2.053336687561818,,2.053336687561818,,,
avmnist,0,8205,rcg-fusion-a8-v1,8205,7,7,9,True,False,0.8463455709649096,2.2761287543353244,-1.4297831833704149,0.4289797469973564,0.10268094144066875,0.6205649971961975,0.7473024129867554,1.0,-0.361442506313324,False,"{""image"":0.2584,""audio"":0.6158,""image+audio"":0.429}","{""image"":[0.0010359999723732471,0.12702199816703796,0.001053999993018806,0.30944499373435974,0.05077999830245972,0.04269000142812729,0.00037399999564513564,0.25844401121139526,0.01764499954879284,0.19151000678539276],""audio"":[0.013903999701142311,0.029225999489426613,0.0005970000056549907,0.0004039999912492931,0.0022479998879134655,0.037602998316287994,0.0001049999991664663,0.6157569885253906,4.199999966658652e-05,0.3001149892807007],""image+audio"":[0.00019700000120792538,0.13691100478172302,4.999999873689376e-05,0.0012450000504031777,0.0009180000051856041,0.02865299955010414,7.000000096013537e-06,0.4289799928665161,0.0001429999974789098,0.402895987033844]}","{""image"":-0.6128,""audio"":-0.1263,""image+audio"":0.0}","{""image"":-0.6342,""audio"":-0.1455,""image+audio"":0.0}",image+audio>audio>image,image+audio>audio>image,"{""full"":0.1022,""posterior"":0.8126,""anchor"":0.0789,""support1"":0.0063}","{""image"":0.30944544076919556,""audio"":0.6157568693161011}","{""image"":0.9983906209468841,""audio"":0.982382357120514}","{""image"":-0.361442506313324,""audio"":0.506729781627655}","[0.0015490000369027257,0.012884000316262245,0.0004799999878741801,0.002366000087931752,0.024515999481081963,0.0033859999384731054,2.9000000722589903e-05,0.2441910058259964,0.00023999999393709004,0.7103580236434937]","[0.000197,0.136911,5e-05,0.001245,0.000918,0.028653,7e-06,0.42898,0.000143,0.402896]","[0.000252,0.0009,2e-05,0.000436,0.000183,0.01229,1e-06,0.102681,2.2e-05,0.883215]",negative_flip,2,1.4297831833704149,,1.4297831833704149,,,
avmnist,0,1005,rcg-fusion-a8-v1,1005,3,3,2,True,False,0.3606184893466311,1.789922877211508,-1.4293043878648768,0.6972449541091919,0.16697304659743856,0.3205682635307312,0.4405367374420166,1.0,-0.0253676176071167,False,"{""image"":0.2098,""audio"":0.7152,""image+audio"":0.6972}","{""image"":[4.5000000682193786e-05,3.300000025774352e-05,0.7848619818687439,0.20983000099658966,9.999999974752427e-07,0.00023999999393709004,3.000000106112566e-06,0.00011899999663000926,0.004813999868929386,5.500000042957254e-05],""audio"":[0.08205900341272354,0.0047240001149475574,0.027948999777436256,0.715158998966217,0.0003380000125616789,0.0034129999112337828,0.0001429999974789098,0.008709999732673168,0.0128370001912117,0.14466899633407593],""image+audio"":[1.8000000636675395e-05,9.999999974752427e-07,0.30238398909568787,0.6972450017929077,0.0,9.999999747378752e-06,0.0,1.4999999621068127e-05,0.00030899999546818435,1.8000000636675395e-05]}","{""image"":-0.5109,""audio"":-0.2992,""image+audio"":0.0}","{""image"":-0.511,""audio"":-0.3239,""image+audio"":0.0}",image+audio>audio>image,image+audio>audio>image,"{""full"":0.1548,""posterior"":0.7568,""anchor"":0.0856,""support1"":0.0029}","{""image"":0.7848618626594543,""audio"":0.7151586413383484}","{""image"":0.9983906209468841,""audio"":0.982382357120514}","{""image"":-0.0253676176071167,""audio"":1.200839638710022}","[9.200000204145908e-05,3.600000127335079e-05,0.2567470073699951,0.7394059896469116,3.999999989900971e-06,2.5999999706982635e-05,3.999999989900971e-06,4.8999998398358e-05,0.0034970000851899385,0.00014099999680183828]","[1.8e-05,1e-06,0.302384,0.697245,0.0,1e-05,0.0,1.5e-05,0.000309,1.8e-05]","[3.8e-05,1e-06,0.832828,0.166973,0.0,5e-06,0.0,1e-05,0.00013,1.5e-05]",negative_flip,3,1.4293043878648768,,1.4293043878648768,,,
avmnist,0,11933,rcg-fusion-a8-v1,11933,3,3,0,True,False,0.33920075949163386,1.0666355181136846,-0.7274347586220508,0.7123394258320331,0.34416450692483286,0.4384098947048187,0.5842853784561157,1.0,0.010794758796691895,True,"{""image"":0.3989,""audio"":0.7047,""image+audio"":0.7123}","{""image"":[0.20777000486850739,0.0022499999031424522,0.3597699999809265,0.3988890051841736,7.400000322377309e-05,0.02021699957549572,0.0006910000229254365,0.0068259998224675655,0.0004920000210404396,0.003020999953150749],""audio"":[0.18546099960803986,0.0004030000127386302,0.018456000834703445,0.7046909928321838,0.0003980000037699938,0.002839999971911311,0.00203000009059906,0.0054350001737475395,0.07573100179433823,0.0045540002174675465],""image+audio"":[0.2189449965953827,2.4000000848900527e-05,0.06700800359249115,0.7123389840126038,9.999999974752427e-07,0.0008730000117793679,2.300000051036477e-05,0.0005099999834783375,0.00015700000221841037,0.00011899999663000926]}","{""image"":-0.4513,""audio"":-0.2046,""image+audio"":0.0}","{""image"":-0.4532,""audio"":-0.213,""image+audio"":0.0}",image+audio>audio>image,image+audio>audio>image,"{""full"":0.2122,""posterior"":0.7494,""anchor"":0.0346,""support1"":0.0038}","{""image"":0.3988889455795288,""audio"":0.7046912312507629}","{""image"":0.9983906209468841,""audio"":0.982382357120514}","{""image"":0.010794758796691895,""audio"":0.579871416091919}","[0.08589600026607513,6.399999983841553e-05,0.08043000102043152,0.8317829966545105,1.1000000085914508e-05,0.00010900000052060932,4.8000001697801054e-05,0.0007750000222586095,0.0006430000066757202,0.0002410000015515834]","[0.218945,2.4e-05,0.067008,0.712339,1e-06,0.000873,2.3e-05,0.00051,0.000157,0.000119]","[0.631557,1.6e-05,0.022532,0.344165,8e-06,0.000402,3.3e-05,0.000602,0.000577,0.000108]",negative_flip,4,0.7274347586220508,,0.7274347586220508,,,
avmnist,0,15677,rcg-fusion-a8-v1,15677,2,2,3,True,False,0.4259562997228228,0.7538571256840061,-0.3279008259611833,0.6531448841094971,0.4705480848622607,0.7898362874984741,0.9055740237236023,1.0,-0.18566803634166718,False,"{""image"":0.7864,""audio"":0.0387,""image+audio"":0.6531}","{""image"":[0.012968000024557114,0.020385999232530594,0.7864009737968445,0.02585200034081936,0.10250899940729141,0.011203000321984291,0.007563999854028225,0.016777999699115753,0.0025100000202655792,0.013829000294208527],""audio"":[0.024011999368667603,0.00012199999764561653,0.038669999688863754,0.18562699854373932,0.00026500000967644155,0.00020399999630171806,0.0021460000425577164,0.0013909999979659915,0.747298002243042,0.0002640000020619482],""image+audio"":[0.015073999762535095,0.00013299999409355223,0.6531450152397156,0.2852869927883148,0.0004239999980200082,9.000000136438757e-05,0.0008410000009462237,0.0015510000521317124,0.04324499890208244,0.00021100000594742596]}","{""image"":0.075,""audio"":-0.9371,""image+audio"":0.0}","{""image"":0.0623,""audio"":-0.9593,""image+audio"":0.0}",image>image+audio>audio,image>image+audio>audio,"{""full"":0.1001,""posterior"":0.8117,""anchor"":0.0863,""support1"":0.0019}","{""image"":0.7864011526107788,""audio"":0.7472981810569763}","{""image"":0.9983906209468841,""audio"":0.982382357120514}","{""image"":2.82674241065979,""audio"":-0.18566803634166718}","[0.0005499999970197678,6.800000119255856e-05,0.8854249715805054,0.08799800276756287,0.00020599999697878957,3.400000059627928e-05,0.00043399998685345054,0.0031850000377744436,0.021947000175714493,0.00015199999324977398]","[0.015074,0.000133,0.653145,0.285287,0.000424,9e-05,0.000841,0.001551,0.043245,0.000211]","[0.003888,7.5e-05,0.470548,0.482689,0.000313,5.8e-05,0.000192,0.002029,0.040133,7.6e-05]",negative_flip,5,0.3279008259611833,,0.3279008259611833,,,
avmnist,0,21674,rcg-fusion-a8-v1,21674,6,6,6,True,True,6.4850063792153235e-06,2.4434876860007195e-06,4.041518693214604e-06,0.9999935150146484,0.9999975565152993,1.2831198603624472e-10,9.611739187675994e-06,1.0,0.005608617793768644,True,"{""image"":0.9912,""audio"":0.9944,""image+audio"":1.0}","{""image"":[7.400000322377309e-05,4.999999873689376e-06,0.007950999774038792,4.600000102072954e-05,0.00020900000527035445,0.00017800000205170363,0.9912480115890503,9.000000136438757e-05,0.00018600000475998968,1.2000000424450263e-05],""audio"":[9.899999713525176e-05,0.0,7.899999764049426e-05,4.999999873689376e-05,9.999999974752427e-07,1.9999999949504854e-06,0.9944009780883789,0.005332000087946653,3.7000001611886546e-05,0.0],""image+audio"":[0.0,0.0,4.999999873689376e-06,0.0,0.0,0.0,0.9999939799308777,9.999999974752427e-07,0.0,0.0]}","{""image"":-0.0089,""audio"":-0.0056,""image+audio"":0.0}","{""image"":-0.0147,""audio"":-0.012,""image+audio"":0.0}",image+audio>audio>image,image+audio>audio>image,"{""full"":0.2896,""posterior"":0.3054,""anchor"":0.245,""support1"":0.1599}","{""image"":0.9912482500076294,""audio"":0.9944006204605103}","{""image"":0.9983906209468841,""audio"":0.982382357120514}","{""image"":0.005608617793768644,""audio"":0.008783774450421333}","[3.000000106112566e-06,0.0,9.999999974752427e-07,0.0,0.0,0.0,0.9999899864196777,3.000000106112566e-06,1.9999999949504854e-06,0.0]","[0.0,0.0,5e-06,0.0,0.0,0.0,0.999994,1e-06,0.0,0.0]","[0.0,0.0,2e-06,0.0,0.0,0.0,0.999998,0.0,0.0,0.0]",full_retention,1,0.005608617793768644,,,,,
avmnist,0,6763,rcg-fusion-a8-v1,6763,5,5,5,True,True,4.2915353442476845e-07,1.616933933162368e-08,4.129841950931448e-07,0.9999995708465577,0.9999999838306608,1.9382602467477028e-10,1.0890983503486495e-05,1.0,0.0006748333689756691,True,"{""image"":0.9993,""audio"":0.9943,""image+audio"":1.0}","{""image"":[1.9999999949504854e-06,4.999999873689376e-06,0.0,0.00039500001003034413,9.999999974752427e-07,0.9993249773979187,4.999999873689376e-06,1.9999999949504854e-06,0.0002280000044265762,3.7000001611886546e-05],""audio"":[3.9999998989515007e-05,0.0005430000019259751,3.999999989900971e-06,3.999999989900971e-06,0.002463999902829528,0.9942950010299683,9.000000318337698e-06,0.0012179999612271786,3.000000106112566e-06,0.001420999993570149],""image+audio"":[0.0,0.0,0.0,0.0,0.0,1.0,0.0,0.0,0.0,0.0]}","{""image"":-0.0007,""audio"":-0.0057,""image+audio"":0.0}","{""image"":-0.0053,""audio"":-0.0205,""image+audio"":0.0}",image+audio>image>audio,image+audio>image>audio,"{""full"":0.3,""posterior"":0.29,""anchor"":0.2582,""support1"":0.1518}","{""image"":0.9993249177932739,""audio"":0.9942947626113892}","{""image"":0.9983906209468841,""audio"":0.982382357120514}","{""image"":0.0057210978120565414,""audio"":0.0006748333689756691}","[3.000000106112566e-06,1.9999999949504854e-06,0.0,0.0,1.9999999949504854e-06,0.9999889731407166,9.999999974752427e-07,9.999999974752427e-07,0.0,9.999999974752427e-07]","[0.0,0.0,0.0,0.0,0.0,1.0,0.0,0.0,0.0,0.0]","[0.0,0.0,0.0,0.0,0.0,1.0,0.0,0.0,0.0,0.0]",full_retention,2,0.0006748333689756691,,,,,
avmnist,0,2791,rcg-fusion-a8-v1,2791,7,7,7,True,True,1.3589868243454913e-06,2.9827776915829025e-08,1.3291590474296622e-06,0.9999986410140991,0.9999999701722235,2.2605810279241467e-10,1.2842424439440947e-05,1.0,0.0012701484374701977,True,"{""image"":0.9987,""audio"":0.9962,""image+audio"":1.0}","{""image"":[1.2999999853491317e-05,9.999999974752427e-07,1.2999999853491317e-05,0.00039400000241585076,9.999999974752427e-07,3.000000106112566e-06,9.999999974752427e-07,0.9987289905548096,1.4999999621068127e-05,0.0008290000259876251],""audio"":[0.002781999995931983,3.999999989900971e-06,2.4000000848900527e-05,1.9999999494757503e-05,0.0003220000071451068,0.00021800000104121864,0.0003969999961555004,0.9961559772491455,1.1000000085914508e-05,6.500000017695129e-05],""image+audio"":[0.0,0.0,0.0,0.0,0.0,0.0,0.0,0.9999989867210388,0.0,9.999999974752427e-07]}","{""image"":-0.0013,""audio"":-0.0038,""image+audio"":0.0}","{""image"":-0.005,""audio"":-0.0137,""image+audio"":0.0}",image+audio>image>audio,image+audio>image>audio,"{""full"":0.2821,""posterior"":0.29,""anchor"":0.2571,""support1"":0.1708}","{""image"":0.9987293481826782,""audio"":0.9961563348770142}","{""image"":0.9983906209468841,""audio"":0.982382357120514}","{""image"":0.0038497596979141235,""audio"":0.0012701484374701977}","[9.999999974752427e-07,0.0,1.9999999949504854e-06,3.000000106112566e-06,9.999999974752427e-07,0.0,9.999999974752427e-07,0.999987006187439,0.0,3.999999989900971e-06]","[0.0,0.0,0.0,0.0,0.0,0.0,0.0,0.999999,0.0,1e-06]","[0.0,0.0,0.0,0.0,0.0,0.0,0.0,1.0,0.0,0.0]",full_retention,3,0.0012701484374701977,,,,,
avmnist,0,4281,rcg-fusion-a8-v1,4281,7,7,7,True,True,8.511579497360187e-06,3.801799572862081e-07,8.13139954007398e-06,0.999991488456726,0.999999619820115,2.6266813724085125e-10,1.4686532267660368e-05,1.0,0.002050431678071618,True,"{""image"":0.9979,""audio"":0.9701,""image+audio"":1.0}","{""image"":[2.4000000848900527e-05,3.999999989900971e-06,8.099999831756577e-05,0.0012839999981224537,9.999999974752427e-07,1.9999999949504854e-06,1.9999999949504854e-06,0.9979429841041565,1.4999999621068127e-05,0.000645000021904707],""audio"":[0.011455999687314034,6.000000212225132e-06,0.0004900000058114529,0.00028199999360367656,0.00011000000085914508,0.00013499999477062374,0.01730000041425228,0.9701460003852844,2.4000000848900527e-05,5.199999941396527e-05],""image+audio"":[3.000000106112566e-06,0.0,0.0,3.000000106112566e-06,0.0,0.0,0.0,0.9999920129776001,0.0,9.999999974752427e-07]}","{""image"":-0.002,""audio"":-0.0305,""image+audio"":0.0}","{""image"":-0.0057,""audio"":-0.0504,""image+audio"":0.0}",image+audio>image>audio,image+audio>image>audio,"{""full"":0.3209,""posterior"":0.3158,""anchor"":0.2734,""support1"":0.0899}","{""image"":0.9979432225227356,""audio"":0.9701458811759949}","{""image"":0.9983906209468841,""audio"":0.982382357120514}","{""image"":0.030300362035632133,""audio"":0.002050431678071618}","[1.9999999949504854e-06,0.0,3.000000106112566e-06,3.000000106112566e-06,9.999999974752427e-07,0.0,9.999999974752427e-07,0.9999849796295166,0.0,3.000000106112566e-06]","[3e-06,0.0,0.0,3e-06,0.0,0.0,0.0,0.999991,0.0,1e-06]","[0.0,0.0,0.0,0.0,0.0,0.0,0.0,1.0,0.0,0.0]",full_retention,4,0.002050431678071618,,,,,
avmnist,0,2704,rcg-fusion-a8-v1,2704,7,7,7,True,True,9.727525339520546e-06,3.3225943531843007e-07,9.395265904202115e-06,0.9999902725219727,0.9999996677406199,2.837236556807454e-10,1.4636704690929037e-05,1.0,0.0031522978097200394,True,"{""image"":0.9968,""audio"":0.9913,""image+audio"":1.0}","{""image"":[4.5000000682193786e-05,4.999999873689376e-06,9.999999747378752e-05,0.0019570000004023314,1.9999999949504854e-06,5.0999999075429514e-05,3.000000106112566e-06,0.9968429803848267,4.8999998398358e-05,0.0009459999855607748],""audio"":[0.006308999843895435,4.999999873689376e-05,9.500000305706635e-05,5.199999941396527e-05,0.0003549999964889139,0.0007229999755509198,0.00011000000085914508,0.9912999868392944,4.8999998398358e-05,0.000957000011112541],""image+audio"":[1.9999999949504854e-06,0.0,0.0,1.9999999949504854e-06,0.0,0.0,0.0,0.9999899864196777,0.0,4.999999873689376e-06]}","{""image"":-0.0031,""audio"":-0.0087,""image+audio"":0.0}","{""image"":-0.0059,""audio"":-0.0307,""image+audio"":0.0}",image+audio>image>audio,image+audio>image>audio,"{""full"":0.3112,""posterior"":0.3061,""anchor"":0.2342,""support1"":0.1485}","{""image"":0.9968429803848267,""audio"":0.9913004636764526}","{""image"":0.9983906209468841,""audio"":0.982382357120514}","{""image"":0.008727882988750935,""audio"":0.0031522978097200394}","[9.999999974752427e-07,9.999999974752427e-07,3.000000106112566e-06,3.000000106112566e-06,9.999999974752427e-07,0.0,1.9999999949504854e-06,0.9999849796295166,9.999999974752427e-07,1.9999999949504854e-06]","[2e-06,0.0,0.0,2e-06,0.0,0.0,0.0,0.99999,0.0,5e-06]","[0.0,0.0,0.0,0.0,0.0,0.0,0.0,1.0,0.0,0.0]",full_retention,5,0.0031522978097200394,,,,,
