controller,strength,train_seed,n_test,selection_nll,selection_clipped_harm,selection_mean_alpha,accuracy,macro_f1,nll,brier,ece,accuracy_gain,macro_f1_gain,nll_gain,relative_nll_reduction,negative_flip_rate,correction_rate,clipped_harm,harmful_action_rate,regret_reduction,mean_alpha,activation_rate,full_nll,full_accuracy,dataset
analytic_pi_g1,0.0,11,656,0.49013951420783985,0.0,0.0,0.7713414634146342,0.7702115734902619,0.4843716025352478,0.3154360657133892,0.0366393766570382,0.0,0.0,0.0,0.0,0.0,0.0,0.0,0.0,0.0,0.0,0.0,0.4843716025352478,0.7713414634146342,MOSI
analytic_pi_g1,0.0,22,656,0.49171182513237,0.0,0.0,0.7835365853658537,0.7762984736270808,0.45556265115737904,0.2952313149693906,0.0453338435873753,0.0,0.0,0.0,0.0,0.0,0.0,0.0,0.0,0.0,0.0,0.0,0.45556265115737904,0.7835365853658537,MOSI
analytic_pi_g1,0.0,33,656,0.465569406747818,0.0,0.0,0.7728658536585366,0.7686067019400353,0.46653491258621205,0.3015010910018489,0.038253350228798,0.0,0.0,0.0,0.0,0.0,0.0,0.0,0.0,0.0,0.0,0.0,0.46653491258621205,0.7728658536585366,MOSI
analytic_pi_g1,0.0,44,656,0.4787047803401947,0.0,0.0,0.7667682926829268,0.7647340107591154,0.4792282283306122,0.3154959841045333,0.0196703209927896,0.0,0.0,0.0,0.0,0.0,0.0,0.0,0.0,0.0,0.0,0.0,0.4792282283306122,0.7667682926829268,MOSI
analytic_pi_g1,0.0,55,656,0.45368221402168263,0.0,0.0,0.7987804878048781,0.7900189145933363,0.4431804120540619,0.2817417798809198,0.0401765288012783,0.0,0.0,0.0,0.0,0.0,0.0,0.0,0.0,0.0,0.0,0.0,0.4431804120540619,0.7987804878048781,MOSI
analytic_pi_g1,0.1,11,656,0.48786526918411244,0.0025263663846999,0.0444459989666938,0.7789634146341463,0.7777232523630926,0.4816722869873047,0.312920735898357,0.0314379019163003,0.0076219512195121,0.0075116788728306,0.0026993155479431,0.0055728195745056,0.0015243902439024,0.0091463414634146,0.0024729473516345,0.4268292682926829,0.0172454713346769,0.0502182804048061,0.9253048780487804,0.4843716025352478,0.7713414634146342,MOSI
analytic_pi_g1,0.1,22,656,0.4903377592563629,0.0025612530298531,0.0464207120239734,0.7820121951219512,0.7748501729281623,0.45515766739845265,0.2948092707349036,0.048349894674086,-0.0015243902439024,-0.0014483006989185,0.00040498375892629993,0.0008889748926904,0.0030487804878048,0.0015243902439024,0.0019083278020843,0.49847560975609745,0.0023300844353394,0.0418023131787776,0.8612804878048781,0.45556265115737904,0.7835365853658537,MOSI
analytic_pi_g1,0.1,33,656,0.4654892683029175,0.0008574755047447001,0.0294452011585235,0.7759146341463414,0.7719027265609661,0.4661937355995178,0.301221623810297,0.0352672464782144,0.0030487804878048,0.0032960246209308005,0.0003411769866943,0.0007313000109746,0.0,0.0030487804878048,0.0007199574029073,0.4695121951219512,0.0019392344961174,0.0341967083513736,0.8109756097560976,0.46653491258621205,0.7728658536585366,MOSI
analytic_pi_g1,0.1,44,656,0.477446973323822,0.0021209260448813,0.0372530408203601,0.7652439024390244,0.7628433259777454,0.4777148962020874,0.3141761546106186,0.0203884856366529,-0.0015243902439023,-0.00189068478137,0.0015133321285247,0.003157852645276,0.0060975609756097,0.0045731707317073,0.001459669554606,0.4603658536585366,0.008577787233949,0.0401416160166263,0.8490853658536586,0.4792282283306122,0.7667682926829268,MOSI
analytic_pi_g1,0.1,55,656,0.45369842648506153,0.0010977947385981,0.0319499894976615,0.8003048780487805,0.7914736563692791,0.4430055320262909,0.2815764476137538,0.0363086684629684,0.0015243902439023,0.0014547417759428,0.0001748800277709,0.0003946023402985,0.0,0.0015243902439024,0.0009263261454179002,0.5289634146341463,0.0010239577852986,0.0333922393620014,0.823170731707317,0.4431804120540619,0.7987804878048781,MOSI
analytic_pi_g1,0.25,11,656,0.48473110795021046,0.006427239160984701,0.11111500859260551,0.7865853658536586,0.7851293809367836,0.47793859243392933,0.309481556912633,0.0369468066932224,0.0152439024390244,0.0149178074465216,0.0064330101013182995,0.0132811462679631,0.0015243902439024,0.0167682926829268,0.0062746508046984,0.4268292682926829,0.0410994519914398,0.1255456805229187,0.9253048780487804,0.4843716025352478,0.7713414634146342,MOSI
analytic_pi_g1,0.25,22,656,0.4885135591030121,0.006491391453891899,0.11605177074670789,0.7804878048780488,0.7731477479035187,0.4546571969985962,0.2942768950027388,0.0465253654231385,-0.0030487804878048,-0.0031507257235621005,0.0009054541587829001,0.0019875513422415,0.0060975609756097,0.0030487804878048,0.0048148594796657,0.49847560975609745,0.0052095537062686,0.10450576990842811,0.8612804878048781,0.45556265115737904,0.7835365853658537,MOSI
analytic_pi_g1,0.25,33,656,0.4653949141502379,0.002154465066269,0.0736130028963089,0.7759146341463414,0.7719027265609661,0.4657079577445984,0.3008249972817466,0.0334896657888482,0.0030487804878048,0.0032960246209308005,0.0008269548416136999,0.0017725465325404,0.0,0.0030487804878048,0.0018086556810885,0.4695121951219512,0.0046999632106093,0.0854917764663696,0.8109756097560976,0.46653491258621205,0.7728658536585366,MOSI
analytic_pi_g1,0.25,44,656,0.4757758378982544,0.0053689628839492,0.0931326001882553,0.7652439024390244,0.7625400765332506,0.4755822122097014,0.3123098525750509,0.0204574803753597,-0.0015243902439023,-0.0021939342258647,0.0036460161209106,0.0076080996597623,0.010670731707317,0.0091463414634146,0.0036812801845371,0.4603658536585366,0.0206665581590714,0.1003540456295013,0.8490853658536586,0.4792282283306122,0.7667682926829268,MOSI
analytic_pi_g1,0.25,55,656,0.45376208424568165,0.0027613735292106,0.0798749774694442,0.8003048780487805,0.7914736563692791,0.44277769327163685,0.2813656883107451,0.0394951772035622,0.0015243902439023,0.0014547417759428,0.00040271878242490003,0.0009087016742423,0.0015243902439024,0.0030487804878048,0.002331857336685,0.5289634146341463,0.0023584358294486,0.083480603992939,0.823170731707317,0.4431804120540619,0.7987804878048781,MOSI
analytic_pi_g1,0.5,11,656,0.4802541732788086,0.0132647166028618,0.2222300171852111,0.7957317073170732,0.7942322097378277,0.4725179076194763,0.3046397607329013,0.0416286773979664,0.024390243902439,0.0240206362475657,0.0118536949157714,0.024472315994017998,0.0060975609756097,0.0304878048780487,0.0128827476873993,0.4268292682926829,0.0757317689310381,0.2510913610458374,0.9253048780487804,0.4843716025352478,0.7713414634146342,MOSI
analytic_pi_g1,0.5,22,656,0.48609277606010426,0.013298577629029699,0.23210354149341578,0.7804878048780488,0.7731477479035187,0.45410361886024464,0.2936581209255167,0.0467241969777316,-0.0030487804878048,-0.0031507257235621005,0.0014590322971343,0.0032027039385859,0.0091463414634146,0.0060975609756097,0.0097839022055268,0.49847560975609745,0.008394408243173,0.2090115398168563,0.8612804878048781,0.45556265115737904,0.7835365853658537,MOSI
analytic_pi_g1,0.5,33,656,0.4653063714504242,0.0043457178398966,0.1472260057926178,0.7774390243902439,0.7733605936695441,0.4649656414985657,0.3002241445220412,0.0270808189198738,0.0045731707317073,0.0047538917295087,0.0015692710876464,0.0033636734257406,0.0,0.0045731707317073,0.0036473220679908,0.4695121951219512,0.0089190558880302,0.1709835529327392,0.8109756097560976,0.46653491258621205,0.7728658536585366,MOSI
analytic_pi_g1,0.5,44,656,0.47353532910346974,0.0109736723825335,0.1862652003765106,0.7698170731707317,0.766768461377266,0.47236815094947804,0.309501856777469,0.0235807015219839,0.0030487804878048,0.0020344506181505,0.006860077381134001,0.0143148441088937,0.0137195121951219,0.0167682926829268,0.0074744820594787,0.4603658536585366,0.0388846849469023,0.2007080912590026,0.8490853658536586,0.4792282283306122,0.7667682926829268,MOSI
analytic_pi_g1,0.5,55,656,0.453971892595291,0.0055808946490287,0.1597499549388885,0.801829268292683,0.7932004461904069,0.44248926639556874,0.2811137269695791,0.0473383387050977,0.0030487804878048,0.0031815315970706,0.000691145658493,0.0015595131005218998,0.0030487804878048,0.0060975609756097,0.0047195893712341,0.5289634146341463,0.004047233281071,0.166961207985878,0.823170731707317,0.4431804120540619,0.7987804878048781,MOSI
analytic_pi_g1,0.75,11,656,0.4767493903636931,0.0206067059189081,0.3333450257778168,0.7911585365853658,0.789336990026136,0.46806856989860524,0.3009106817042183,0.0360091093291596,0.0198170731707316,0.019125416535874,0.0163030326366424,0.0336581099125357,0.015243902439024301,0.0350609756097561,0.0198830869048833,0.4268292682926829,0.1041579934107214,0.3766370713710785,0.9253048780487804,0.4843716025352478,0.7713414634146342,MOSI
analytic_pi_g1,0.75,22,656,0.4844422638416289,0.0204691719263792,0.3481553196907043,0.7835365853658537,0.7762984736270808,0.4538975656032562,0.2933749898302377,0.0419864348340325,0.0,0.0,0.0016650855541229,0.0036550089211499,0.010670731707317,0.010670731707317,0.0149226365610957,0.49847560975609745,0.0095801981403391,0.3135173320770263,0.8612804878048781,0.45556265115737904,0.7835365853658537,MOSI
analytic_pi_g1,0.75,33,656,0.46530237793922413,0.0065754717215895,0.2208390086889267,0.7804878048780488,0.7766491700950489,0.4643045365810393,0.2996985312881903,0.0221142783397581,0.0076219512195122,0.0080424681550135,0.0022303760051727,0.0047807268973907,0.0,0.0076219512195121,0.0055176261812448,0.4695121951219512,0.0126763333105234,0.2564752995967865,0.8109756097560976,0.46653491258621205,0.7728658536585366,MOSI
analytic_pi_g1,0.75,44,656,0.4719445705413817,0.0168428812175989,0.2793977856636047,0.7698170731707317,0.7664296914606397,0.46955034136772145,0.307072003048469,0.0246970059304702,0.0030487804878048,0.0016956807015242,0.0096778869628906,0.0201947347646933,0.0167682926829268,0.0198170731707317,0.011389753781259,0.4603658536585366,0.0548566707296482,0.3010621070861816,0.8490853658536586,0.4792282283306122,0.7667682926829268,MOSI
analytic_pi_g1,0.75,55,656,0.4543100893497467,0.0084624039009213,0.23962493240833277,0.8033536585365854,0.794657264668985,0.44231554865837086,0.2809858926142795,0.0384612439609155,0.0045731707317072,0.0046383500756486,0.0008648633956909001,0.0019514928281293,0.0045731707317073,0.0091463414634146,0.0071682049892842,0.5289634146341463,0.0050640366237661,0.2504418194293976,0.823170731707317,0.4431804120540619,0.7987804878048781,MOSI
analytic_pi_g1,1.0,11,656,0.4743172824382782,0.028598377481102902,0.44446003437042225,0.7896341463414634,0.7878594728356642,0.46459653973579396,0.2982943165771865,0.0245803207522485,0.0182926829268292,0.0176478993454022,0.0197750627994537,0.0408262224621533,0.0213414634146341,0.0396341463414634,0.027357107028365104,0.4268292682926829,0.1263400448189757,0.5021827220916748,0.9253048780487804,0.4843716025352478,0.7713414634146342,MOSI
analytic_pi_g1,1.0,22,656,0.4835793673992157,0.028065118938684398,0.46420708298683155,0.7896341463414634,0.7835480446446502,0.4540412127971649,0.2934274977491803,0.0438089231710608,0.0060975609756097,0.007249571017569501,0.0015214383602142,0.003339690723875,0.0137195121951219,0.0198170731707317,0.0202497243881225,0.49847560975609745,0.0087535488605708,0.41802307963371266,0.8612804878048781,0.45556265115737904,0.7835365853658537,MOSI
analytic_pi_g1,1.0,33,656,0.4653821885585785,0.008845567703247,0.2944520115852356,0.7896341463414634,0.7855985752043882,0.46372246742248524,0.2992481606234389,0.024014017203959,0.0167682926829269,0.0169918732643528,0.0028124451637268,0.0060283701987835,0.0,0.0167682926829268,0.007421372923999999,0.4695121951219512,0.0159845836870557,0.3419671058654785,0.8109756097560976,0.46653491258621205,0.7728658536585366,MOSI
analytic_pi_g1,1.0,44,656,0.4709878861904143,0.023011652752757,0.3725304007530212,0.7759146341463414,0.7724452834641025,0.46710720658302296,0.3050202859700356,0.0207517882127587,0.0091463414634146,0.007711272704987,0.0121210217475891,0.025292795855979898,0.0182926829268292,0.027439024390243896,0.015438989736139698,0.4603658536585366,0.0687049877540423,0.40141618251800526,0.8490853658536586,0.4792282283306122,0.7667682926829268,MOSI
analytic_pi_g1,1.0,55,656,0.4547762870788574,0.0114101944491267,0.3194999098777771,0.8048780487804879,0.7963819777874777,0.4422588348388672,0.2809821895292294,0.0361636408218523,0.0060975609756097,0.0063630631941413,0.0009215772151947,0.0020794628781614,0.0045731707317073,0.010670731707317,0.009683696553111,0.5289634146341463,0.0053963692076279,0.333922415971756,0.823170731707317,0.4431804120540619,0.7987804878048781,MOSI
analytic_pi_g2,0.0,11,656,0.49013951420783985,0.0,0.0,0.7713414634146342,0.7702115734902619,0.4843716025352478,0.3154360657133892,0.0366393766570382,0.0,0.0,0.0,0.0,0.0,0.0,0.0,0.0,0.0,0.0,0.0,0.4843716025352478,0.7713414634146342,MOSI
analytic_pi_g2,0.0,22,656,0.49171182513237,0.0,0.0,0.7835365853658537,0.7762984736270808,0.45556265115737904,0.2952313149693906,0.0453338435873753,0.0,0.0,0.0,0.0,0.0,0.0,0.0,0.0,0.0,0.0,0.0,0.45556265115737904,0.7835365853658537,MOSI
analytic_pi_g2,0.0,33,656,0.465569406747818,0.0,0.0,0.7728658536585366,0.7686067019400353,0.46653491258621205,0.3015010910018489,0.038253350228798,0.0,0.0,0.0,0.0,0.0,0.0,0.0,0.0,0.0,0.0,0.0,0.46653491258621205,0.7728658536585366,MOSI
analytic_pi_g2,0.0,44,656,0.4787047803401947,0.0,0.0,0.7667682926829268,0.7647340107591154,0.4792282283306122,0.3154959841045333,0.0196703209927896,0.0,0.0,0.0,0.0,0.0,0.0,0.0,0.0,0.0,0.0,0.0,0.4792282283306122,0.7667682926829268,MOSI
analytic_pi_g2,0.0,55,656,0.45368221402168263,0.0,0.0,0.7987804878048781,0.7900189145933363,0.4431804120540619,0.2817417798809198,0.0401765288012783,0.0,0.0,0.0,0.0,0.0,0.0,0.0,0.0,0.0,0.0,0.0,0.4431804120540619,0.7987804878048781,MOSI
analytic_pi_g2,0.1,11,656,0.4882945418357849,0.001627194113098,0.030638381838798502,0.7774390243902439,0.7762410287081339,0.4822061061859131,0.3134472728431796,0.0321852439423886,0.0060975609756097,0.006029455217872,0.0021654963493347,0.0044707334988267,0.0015243902439024,0.0076219512195121,0.0016018721507862,0.4268292682926829,0.013835066969039403,0.0351557396352291,0.9253048780487804,0.4843716025352478,0.7713414634146342,MOSI
analytic_pi_g2,0.1,22,656,0.4906546175479889,0.00152990501374,0.0323541313409805,0.7820121951219512,0.7748501729281623,0.45522961020469654,0.2949337389023294,0.0458158179208999,-0.0015243902439024,-0.0014483006989185,0.0003330409526824,0.0007310541192004,0.0030487804878048,0.0015243902439024,0.0011226172791793,0.49847560975609745,0.0019163311243913003,0.026886846870183903,0.8612804878048781,0.45556265115737904,0.7835365853658537,MOSI
analytic_pi_g2,0.1,33,656,0.4655209183692932,0.0004855670267715999,0.0168286394327878,0.7759146341463414,0.7719027265609661,0.4663151204586029,0.3013206228594519,0.0375884524205835,0.0030487804878048,0.0032960246209308005,0.0002197921276092,0.00047111614089249997,0.0,0.0030487804878048,0.00040532957063979996,0.4695121951219512,0.0012495181131852,0.0208508316427469,0.8109756097560976,0.46653491258621205,0.7728658536585366,MOSI
analytic_pi_g2,0.1,44,656,0.4777224659919739,0.0013180178357288,0.0237284358590841,0.7682926829268293,0.7660660660660661,0.47815555334091175,0.3145638616308689,0.0233623832464217,0.0015243902439024,0.0013320553069506,0.0010726749897003,0.0022383384915303,0.0015243902439024,0.0030487804878048,0.0008746444364078001,0.4603658536585366,0.0060801135731598,0.0259165558964014,0.8490853658536586,0.4792282283306122,0.7667682926829268,MOSI
analytic_pi_g2,0.1,55,656,0.4536795914173126,0.0006617038161493,0.0187796615064144,0.7987804878048781,0.7900189145933363,0.4430328011512755,0.2816187987969409,0.0394835103212333,0.0,0.0,0.0001476109027862,0.0003330718117754,0.0,0.0,0.0005415445775724,0.5289634146341463,0.0008648150620211,0.019837200641632,0.823170731707317,0.4431804120540619,0.7987804878048781,MOSI
analytic_pi_g2,0.25,11,656,0.4856737554073334,0.0041279564611613,0.0765959471464157,0.7820121951219512,0.7806866400925806,0.4791368246078491,0.3106582651242727,0.0330051252754723,0.010670731707317,0.0104750666023187,0.0052347779273986,0.0108073592671398,0.0015243902439024,0.0121951219512195,0.0040548765100538,0.4268292682926829,0.0334442970618998,0.0878893435001373,0.9253048780487804,0.4843716025352478,0.7713414634146342,MOSI
analytic_pi_g2,0.25,22,656,0.4891732931137085,0.0038639197591692,0.0808853209018707,0.7789634146341463,0.7717012242977869,0.45477592945098866,0.2945306366897733,0.0480169108728083,-0.0045731707317073,-0.0045972493292939,0.0007867217063903,0.0017269231891413,0.0060975609756097,0.0015243902439024,0.0028276110533624,0.49847560975609745,0.0045263377645061,0.0672171264886856,0.8612804878048781,0.45556265115737904,0.7835365853658537,MOSI
analytic_pi_g2,0.25,33,656,0.4654572606086731,0.0012179701589047,0.0420715995132923,0.7759146341463414,0.7719027265609661,0.4659939706325531,0.3010578881970986,0.0332231334433322,0.0030487804878048,0.0032960246209308005,0.000540941953659,0.0011594886879105,0.0,0.0030487804878048,0.0010164545383304,0.4695121951219512,0.0030743362496096,0.0521270781755447,0.8109756097560976,0.46653491258621205,0.7728658536585366,MOSI
analytic_pi_g2,0.25,44,656,0.47634992003440846,0.0033264425583183,0.059321079403162,0.7667682926829268,0.7641590788932621,0.4766080379486084,0.3132204686717106,0.0213362486442414,0.0,-0.0005749318658533,0.0026201903820037,0.0054675209578767,0.0076219512195121,0.0076219512195121,0.0022014656569808,0.4603658536585366,0.014851744811421002,0.0647913888096809,0.8490853658536586,0.4792282283306122,0.7667682926829268,MOSI
analytic_pi_g2,0.25,55,656,0.4536919891834259,0.0016622092807665,0.0469491519033908,0.7987804878048781,0.7897435897435899,0.4428251385688782,0.2814502815450727,0.0387434288859367,0.0,-0.0002753248497464,0.0003552734851837,0.0008016452792601,0.0015243902439024,0.0015243902439024,0.0013610009336844,0.5289634146341463,0.002080285060913,0.0495929941534996,0.823170731707317,0.4431804120540619,0.7987804878048781,MOSI
analytic_pi_g2,0.5,11,656,0.4817032516002655,0.008474126458168,0.1531918942928314,0.7896341463414634,0.7881989612091151,0.4744791090488434,0.3065277425027299,0.0357036557866305,0.0182926829268292,0.0179873877188532,0.0098924934864044,0.0204233556109114,0.0030487804878048,0.0213414634146341,0.0082890735939145,0.4268292682926829,0.0632016293170442,0.1757786870002746,0.9253048780487804,0.4843716025352478,0.7713414634146342,MOSI
analytic_pi_g2,0.5,22,656,0.4869799017906189,0.0078654261305928,0.1617706418037414,0.7804878048780488,0.7731477479035187,0.45414209365844715,0.2939741601738823,0.0432869738376722,-0.0030487804878048,-0.0031507257235621005,0.0014205574989318,0.0031182483799382,0.0060975609756097,0.0030487804878048,0.0057283034548163,0.49847560975609745,0.0081732139741622,0.1344342529773712,0.8612804878048781,0.45556265115737904,0.7835365853658537,MOSI
analytic_pi_g2,0.5,33,656,0.46537503600120533,0.002449630992487,0.0841431990265846,0.7759146341463414,0.7719027265609661,0.465481698513031,0.3006412555856844,0.0330124513768568,0.0030487804878048,0.0032960246209308005,0.0010532140731811,0.0022575246670023,0.0,0.0030487804878048,0.0020435322076082,0.4695121951219512,0.0059859827679307,0.1042541563510894,0.8109756097560976,0.46653491258621205,0.7728658536585366,MOSI
analytic_pi_g2,0.5,44,656,0.474322110414505,0.006762480828911,0.118642158806324,0.7682926829268293,0.7654674093030257,0.47418445348739613,0.3111275840606334,0.0229130749840561,0.0015243902439024,0.0007333985439103,0.0050437748432159,0.0105247866153166,0.010670731707317,0.0121951219512195,0.0044542616233229,0.4603658536585366,0.0285895834228999,0.1295827776193618,0.8490853658536586,0.4792282283306122,0.7667682926829268,MOSI
analytic_pi_g2,0.5,55,656,0.4537561237812042,0.0033515973482279994,0.0938983038067817,0.8003048780487805,0.7914736563692791,0.44251659512519825,0.2812119706990712,0.0370284958583552,0.0015243902439023,0.0014547417759428,0.0006638169288635,0.0014978480790404,0.0015243902439024,0.0030487804878048,0.0027465489692986,0.5289634146341463,0.0038870435661929,0.0991859883069992,0.823170731707317,0.4431804120540619,0.7987804878048781,MOSI
analytic_pi_g2,0.75,11,656,0.478249192237854,0.0130808167159557,0.22978785634040827,0.7957317073170732,0.7942322097378277,0.4703752100467682,0.3030444981902502,0.0371499183337862,0.024390243902439,0.0240206362475657,0.0139963924884796,0.0288959807206309,0.0045731707317073,0.028963414634146305,0.012729063630104,0.4268292682926829,0.0894209871579801,0.2636680006980896,0.9253048780487804,0.4843716025352478,0.7713414634146342,MOSI
analytic_pi_g2,0.75,22,656,0.4851291477680205,0.0120193650946021,0.2426559776067733,0.7804878048780488,0.7731477479035187,0.45366138219833363,0.2935618818852862,0.0436309066305799,-0.0030487804878048,-0.0031507257235621005,0.0019012689590454,0.0041734522226858,0.0091463414634146,0.0060975609756097,0.0087078874930739,0.49847560975609745,0.010938742476287,0.20165139436721796,0.8612804878048781,0.45556265115737904,0.7835365853658537,MOSI
analytic_pi_g2,0.75,33,656,0.4653225243091583,0.0036953671369701,0.126214787364006,0.7774390243902439,0.7733605936695441,0.4649973511695862,0.3002511869028259,0.0263720905271972,0.0045731707317073,0.0047538917295087,0.0015375614166259,0.0032957049411427,0.0,0.0045731707317073,0.0030815496575087005,0.4695121951219512,0.0087385812303646,0.1563812345266342,0.8109756097560976,0.46653491258621205,0.7728658536585366,MOSI
analytic_pi_g2,0.75,44,656,0.47260844707489,0.010318461805582,0.1779632568359375,0.7682926829268293,0.7653062185190416,0.4719451665878296,0.3092173342659672,0.0256587680338359,0.0015243902439024,0.0005722077599261,0.007283061742782499,0.0151974806829578,0.0137195121951219,0.015243902439024301,0.0067621162161231,0.4603658536585366,0.0412823536834626,0.1943741738796234,0.8490853658536586,0.4792282283306122,0.7667682926829268,MOSI
analytic_pi_g2,0.75,55,656,0.45387446880340565,0.0050693782977759,0.1408474445343017,0.8003048780487805,0.7914736563692791,0.44225525856018055,0.281026842896621,0.042302005628987,0.0015243902439023,0.0014547417759428,0.0009251534938812,0.0020875324556726,0.0030487804878048,0.0045731707317073,0.0041581648401916,0.5289634146341463,0.0054173090396382,0.1487789899110794,0.823170731707317,0.4431804120540619,0.7987804878048781,MOSI
analytic_pi_g2,1.0,11,656,0.4753534197807312,0.0180080514401197,0.3063837885856628,0.7926829268292683,0.7909339732293501,0.46682050824165333,0.3002085281280173,0.029137160629034,0.0213414634146341,0.0207223997390882,0.0175510942935943,0.0362347714063546,0.0121951219512195,0.0335365853658536,0.0174094624817371,0.4268292682926829,0.112131407050987,0.3515573740005493,0.9253048780487804,0.4843716025352478,0.7713414634146342,MOSI
analytic_pi_g2,1.0,22,656,0.4836239218711853,0.0163436755537986,0.3235412836074829,0.7835365853658537,0.7762984736270808,0.4533359110355377,0.2932938045055768,0.0420731635900532,0.0,0.0,0.0022267401218414,0.0048878899887519,0.0091463414634146,0.0091463414634146,0.0117731085047125,0.49847560975609745,0.0128114348863657,0.2688685059547424,0.8612804878048781,0.45556265115737904,0.7835365853658537,MOSI
analytic_pi_g2,1.0,33,656,0.4652995765209198,0.0049555981531739,0.1682863980531692,0.7774390243902439,0.7733605936695441,0.4645405411720276,0.2998876886293037,0.026102298461809403,0.0045731707317073,0.0047538917295087,0.0019943714141845,0.0042748599523428,0.0,0.0045731707317073,0.0041308468207716,0.4695121951219512,0.0113351804814328,0.2085083127021789,0.8109756097560976,0.46653491258621205,0.7728658536585366,MOSI
analytic_pi_g2,1.0,44,656,0.4712020456790924,0.0140064926818013,0.237284317612648,0.7698170731707317,0.766768461377266,0.4698822200298308,0.3074897194148077,0.0207273287744056,0.0030487804878048,0.0020344506181505,0.0093460083007812,0.0195022073998812,0.0137195121951219,0.0167682926829268,0.0091292886063456,0.4603658536585366,0.0529754970198279,0.2591655552387237,0.8490853658536586,0.4792282283306122,0.7667682926829268,MOSI
analytic_pi_g2,1.0,55,656,0.454047292470932,0.006816867273300801,0.1877966076135635,0.801829268292683,0.7932004461904069,0.4420419633388518,0.28089490140537,0.0397752835074575,0.0030487804878048,0.0031815315970706,0.0011384487152099,0.0025688155077374,0.0030487804878048,0.0060975609756097,0.0055975639261305,0.5289634146341463,0.0066660210218463,0.1983719766139984,0.823170731707317,0.4431804120540619,0.7987804878048781,MOSI
analytic_pi_g3,0.0,11,656,0.49013951420783985,0.0,0.0,0.7713414634146342,0.7702115734902619,0.4843716025352478,0.3154360657133892,0.0366393766570382,0.0,0.0,0.0,0.0,0.0,0.0,0.0,0.0,0.0,0.0,0.0,0.4843716025352478,0.7713414634146342,MOSI
analytic_pi_g3,0.0,22,656,0.49171182513237,0.0,0.0,0.7835365853658537,0.7762984736270808,0.45556265115737904,0.2952313149693906,0.0453338435873753,0.0,0.0,0.0,0.0,0.0,0.0,0.0,0.0,0.0,0.0,0.0,0.45556265115737904,0.7835365853658537,MOSI
analytic_pi_g3,0.0,33,656,0.465569406747818,0.0,0.0,0.7728658536585366,0.7686067019400353,0.46653491258621205,0.3015010910018489,0.038253350228798,0.0,0.0,0.0,0.0,0.0,0.0,0.0,0.0,0.0,0.0,0.0,0.46653491258621205,0.7728658536585366,MOSI
analytic_pi_g3,0.0,44,656,0.4787047803401947,0.0,0.0,0.7667682926829268,0.7647340107591154,0.4792282283306122,0.3154959841045333,0.0196703209927896,0.0,0.0,0.0,0.0,0.0,0.0,0.0,0.0,0.0,0.0,0.0,0.4792282283306122,0.7667682926829268,MOSI
analytic_pi_g3,0.0,55,656,0.45368221402168263,0.0,0.0,0.7987804878048781,0.7900189145933363,0.4431804120540619,0.2817417798809198,0.0401765288012783,0.0,0.0,0.0,0.0,0.0,0.0,0.0,0.0,0.0,0.0,0.0,0.4431804120540619,0.7987804878048781,MOSI
analytic_pi_g3,0.1,11,656,0.4886764883995056,0.0011309362016618,0.0230200812220573,0.7789634146341463,0.7778229357176725,0.48261404037475575,0.3138394680908482,0.0313896541370124,0.0076219512195121,0.0076113622274105,0.0017575621604919,0.0036285408791363,0.0,0.0076219512195121,0.0011186946649104,0.39939024390243905,0.0112284491109272,0.0266064200550317,0.9253048780487804,0.4843716025352478,0.7713414634146342,MOSI
analytic_pi_g3,0.1,22,656,0.4908875226974486,0.0009937117574736,0.025097116827964703,0.7804878048780488,0.7734024179620034,0.45530593395233143,0.2950217057501709,0.0462113174541694,-0.0030487804878048,-0.0028960556650774,0.0002567172050476,0.0005635167948808,0.0030487804878048,0.0,0.0007403292111121,0.49847560975609745,0.0014766860811791,0.0199112500995397,0.8612804878048781,0.45556265115737904,0.7835365853658537,MOSI
analytic_pi_g3,0.1,33,656,0.4655383229255676,0.0003012649249285,0.0113470945507287,0.774390243902439,0.770255944267757,0.46638113260269154,0.3013767512494721,0.0378601676443727,0.0015243902439024,0.0016492423277216,0.0001537799835205,0.000329621598238,0.0,0.0015243902439024,0.0002471172774676,0.4375,0.0008743408567524,0.0144295431673526,0.8109756097560976,0.46653491258621205,0.7728658536585366,MOSI
analytic_pi_g3,0.1,44,656,0.4779633581638336,0.0008797335904091001,0.0170487221330404,0.7682926829268293,0.7660660660660661,0.4784308075904846,0.3148078271950668,0.0196913069159519,0.0015243902439024,0.0013320553069506,0.0007974207401275,0.0016639686332864,0.0015243902439024,0.0030487804878048,0.000570181524381,0.43597560975609745,0.0045198171497802,0.0187597051262855,0.8490853658536586,0.4792282283306122,0.7667682926829268,MOSI
analytic_pi_g3,0.1,55,656,0.4536840617656708,0.0004433777648955,0.0129579436033964,0.7987804878048781,0.7900189145933363,0.4430590271949768,0.2816483461551648,0.0394363193432005,0.0,0.0,0.000121384859085,0.0002738949100265,0.0,0.0,0.0003481715975794,0.5,0.0007110817953462,0.013797921128571,0.823170731707317,0.4431804120540619,0.7987804878048781,MOSI
analytic_pi_g3,0.25,11,656,0.4865683615207672,0.0028639445081353,0.057550199329853,0.7804878048780488,0.77920511597902,0.48009052872657765,0.3115683941231316,0.0309553806919877,0.0091463414634146,0.008993542488758,0.00428107380867,0.0088384079212375,0.0015243902439024,0.010670731707317,0.0028272706549614,0.4146341463414634,0.0273510184135941,0.0665160492062568,0.9253048780487804,0.4843716025352478,0.7713414634146342,MOSI
analytic_pi_g3,0.25,22,656,0.48970383405685414,0.0025044076610356,0.0627427771687507,0.7820121951219512,0.7748501729281623,0.4549446702003479,0.2947298749712826,0.050246478853429206,-0.0015243902439024,-0.0014483006989185,0.0006179809570312,0.001356522435413,0.0030487804878048,0.0015243902439024,0.0018627037061378002,0.49847560975609745,0.0035554835388168,0.049778122454881606,0.8612804878048781,0.45556265115737904,0.7835365853658537,MOSI
analytic_pi_g3,0.25,33,656,0.4654952585697174,0.0007549347938038,0.0283677410334348,0.7759146341463414,0.7719027265609661,0.4661537706851959,0.3011935100255006,0.0362060090935811,0.0030487804878048,0.0032960246209308005,0.0003811419010162,0.0008169632984236,0.0,0.0030487804878048,0.0006191091961227,0.4557926829268293,0.0021663734129917,0.0360738560557365,0.8109756097560976,0.46653491258621205,0.7728658536585366,MOSI
analytic_pi_g3,0.25,44,656,0.476903200149536,0.0022164424881339,0.042621798813343,0.7682926829268293,0.7657759236291202,0.47726738452911366,0.3138063486066781,0.0270435843707584,0.0015243902439024,0.0010419128700047,0.0019608438014984,0.0040916700761326,0.0060975609756097,0.0076219512195121,0.0014334741281345,0.45121951219512196,0.0111148209409297,0.0468992590904235,0.8490853658536586,0.4792282283306122,0.7667682926829268,MOSI
analytic_pi_g3,0.25,55,656,0.4536948800086975,0.0011126834433525,0.0323948599398136,0.8003048780487805,0.7914736563692791,0.44288355112075795,0.2815162465535837,0.0371049666186658,0.0015243902439023,0.0014547417759428,0.0002968609333038,0.0006698421799102,0.0,0.0015243902439024,0.0008740279008634001,0.510670731707317,0.0017386168019467,0.0344948060810565,0.823170731707317,0.4431804120540619,0.7987804878048781,MOSI
analytic_pi_g3,0.5,11,656,0.4832894504070282,0.0058594620786607,0.11510039865970609,0.7835365853658537,0.7821678452501215,0.47617414593696583,0.3081134629793023,0.0341368865494321,0.0121951219512195,0.0119562717598596,0.0081974565982818,0.0169239000704739,0.0030487804878048,0.015243902439024301,0.005762608256191,0.4222560975609756,0.052372455417838,0.1330320984125137,0.9253048780487804,0.4843716025352478,0.7713414634146342,MOSI
analytic_pi_g3,0.5,22,656,0.4878707528114319,0.0050787096843123,0.1254855543375015,0.7789634146341463,0.7717012242977869,0.4544059932231903,0.2943037097560531,0.0465946375596814,-0.0045731707317073,-0.0045972493292939,0.0011566579341888,0.0025389656751937,0.0060975609756097,0.0015243902439024,0.0037663541734218003,0.49847560975609745,0.0066548610655647,0.0995562449097633,0.8612804878048781,0.45556265115737904,0.7835365853658537,MOSI
analytic_pi_g3,0.5,33,656,0.46543315052986134,0.0015158355236053,0.0567354820668697,0.7759146341463414,0.7719027265609661,0.46578383445739735,0.3008968322475501,0.0341283615405966,0.0030487804878048,0.0032960246209308005,0.0007510781288146,0.0016099076586811,0.0,0.0030487804878048,0.0012426401954144,0.4634146341463415,0.0042684670206487,0.072147712111473,0.8109756097560976,0.46653491258621205,0.7728658536585366,MOSI
analytic_pi_g3,0.5,44,656,0.4752722680568695,0.004492265637964,0.0852435976266861,0.7652439024390244,0.7625400765332506,0.4754115641117096,0.3122192368977614,0.0242082884580624,-0.0015243902439023,-0.0021939342258647,0.0038166642189025,0.0079641890716619,0.010670731707317,0.0091463414634146,0.0028945368248969,0.45426829268292684,0.0216336665901707,0.0937985181808471,0.8490853658536586,0.4792282283306122,0.7667682926829268,MOSI
analytic_pi_g3,0.5,55,656,0.45373421907424916,0.0022397267166525,0.0647897198796272,0.8003048780487805,0.7914736563692791,0.4426089823246002,0.2813175508030593,0.0367752509873087,0.0015243902439023,0.0014547417759428,0.0005714297294616,0.0012893839933339,0.0015243902439024,0.0030487804878048,0.0017603570595383,0.5228658536585366,0.0033460979059295,0.0689896121621131,0.823170731707317,0.4431804120540619,0.7987804878048781,MOSI
analytic_pi_g3,0.75,11,656,0.4803144633769989,0.0090078515931963,0.1726505905389785,0.7865853658536586,0.7850187265917604,0.47260767221450795,0.3050712691939674,0.036237632992064,0.0152439024390244,0.0148071531014983,0.0117639303207397,0.0242869942398897,0.0045731707317073,0.0198170731707317,0.0088195223361253,0.4192073170731707,0.0751581797201131,0.19954814016819,0.9253048780487804,0.4843716025352478,0.7713414634146342,MOSI
analytic_pi_g3,0.75,22,656,0.4862116873264313,0.0077286264859139,0.188228353857994,0.7789634146341463,0.7717012242977869,0.4539473056793213,0.2939528170146346,0.046324773986892,-0.0045731707317073,-0.0045972493292939,0.0016153454780578,0.00354582508894,0.0060975609756097,0.0015243902439024,0.0057136509567499,0.49847560975609745,0.009293931603817,0.1493343710899353,0.8612804878048781,0.45556265115737904,0.7835365853658537,MOSI
analytic_pi_g3,0.75,33,656,0.4653829038143158,0.002282818313688,0.08510322868824,0.7759146341463414,0.7719027265609661,0.4654252231121063,0.3006110591586489,0.0338647132966576,0.0030487804878048,0.0032960246209308005,0.0011096894741058,0.0023785775601537,0.0,0.0030487804878048,0.0018706792034208,0.4649390243902439,0.0063071277242272,0.1082215681672096,0.8109756097560976,0.46653491258621205,0.7728658536585366,MOSI
analytic_pi_g3,0.75,44,656,0.4738079905509949,0.006832240149378701,0.1278654038906097,0.7667682926829268,0.764003809120728,0.4736557602882385,0.3107346454661192,0.0228850249110198,0.0,-0.0007302016383874,0.0055724680423736,0.0116280045976951,0.010670731707317,0.010670731707317,0.0043849181383848,0.4603658536585366,0.0315861836777943,0.1406977772712707,0.8490853658536586,0.4792282283306122,0.7667682926829268,MOSI
analytic_pi_g3,0.75,55,656,0.4538004398345947,0.0033816038630902004,0.0971845760941505,0.8003048780487805,0.7914736563692791,0.4423571228981018,0.2811456935962091,0.0376816648172169,0.0015243902439023,0.0014547417759428,0.00082328915596,0.0018576839895613998,0.0015243902439024,0.0030487804878048,0.0026595389936119,0.5259146341463414,0.0048208728245477,0.10348442196846,0.823170731707317,0.4431804120540619,0.7987804878048781,MOSI
analytic_pi_g3,1.0,11,656,0.47766292095184315,0.0123372664675116,0.23020079731941218,0.7942073170731707,0.7926417802461794,0.4693852365016937,0.3024418128969213,0.0331273333328526,0.0228658536585365,0.0224302067559174,0.014986366033554,0.0309398114074276,0.0045731707317073,0.027439024390243896,0.0120149366557598,0.4222560975609756,0.0957457959242892,0.2660641968250274,0.9253048780487804,0.4843716025352478,0.7713414634146342,MOSI
analytic_pi_g3,1.0,22,656,0.4847271144390106,0.0104607250541448,0.250971108675003,0.7789634146341463,0.7717012242977869,0.4535699784755707,0.2936771964260203,0.0472466008873974,-0.0045731707317073,-0.0045972493292939,0.0019926726818084,0.004374091415848,0.0091463414634146,0.0045731707317073,0.007707620505243501,0.49847560975609745,0.011464979074422,0.1991124898195266,0.8612804878048781,0.45556265115737904,0.7835365853658537,MOSI
analytic_pi_g3,1.0,33,656,0.46534463763237,0.0030560155864804003,0.1134709641337394,0.7759146341463414,0.7719027265609661,0.46507754921913136,0.3003361886805009,0.0305401502949435,0.0030487804878048,0.0032960246209308005,0.0014573633670806,0.0031238034448523,0.0,0.0030487804878048,0.0025033135898411,0.4634146341463415,0.0082828636644807,0.1442954242229461,0.8109756097560976,0.46653491258621205,0.7728658536585366,MOSI
analytic_pi_g3,1.0,44,656,0.47250837087631214,0.0092418771237134,0.1704871952533722,0.7698170731707317,0.7669308976087452,0.4719962477684021,0.3093525783025334,0.021862502686861,0.0030487804878048,0.0021968868496298,0.007231980562209999,0.0150908901744011,0.0121951219512195,0.015243902439024301,0.0059065618552267,0.4603658536585366,0.0409925590086065,0.1875970363616943,0.8490853658536586,0.4792282283306122,0.7667682926829268,MOSI
analytic_pi_g3,1.0,55,656,0.4538934528827667,0.0045387991704046,0.1295794397592544,0.7987804878048781,0.7900189145933363,0.4421282410621643,0.2810006728907254,0.0400998594193923,0.0,0.0,0.0010521709918975,0.0023741369502793,0.0030487804878048,0.0030487804878048,0.003572185523808,0.5259146341463414,0.006161022073200401,0.1379792243242263,0.823170731707317,0.4431804120540619,0.7987804878048781,MOSI
fixed,0.0,11,656,0.4901395392335581,6.449344945531236e-09,0.0,0.7713414634146342,0.7702115734902619,0.484371585379452,0.3154360657133892,0.0366393710236724,0.0,0.0,1.7155795783985184e-08,3.54186655332189e-08,0.0,0.0,5.5708912228183454e-09,0.5060975609756098,4.726613900274401e-08,0.0,0.0,0.4843716025352478,0.7713414634146342,MOSI
fixed,0.0,22,656,0.49171183863427326,6.383404483322343e-09,0.0,0.7835365853658537,0.7762984736270808,0.4555626374970058,0.2952313149693906,0.0453338585793972,0.0,0.0,1.366037333250247e-08,2.998571831513762e-08,0.0,0.0,6.838366572994723e-09,0.4832317073170731,3.9550953956357666e-08,0.0,0.0,0.45556265115737904,0.7835365853658537,MOSI
fixed,0.0,33,656,0.4655693890427019,5.227587767193772e-09,0.0,0.7728658536585366,0.7686067019400353,0.4665349186928413,0.3015010910018489,0.0382533590422897,0.0,0.0,-6.106629146795939e-09,-1.3089329398617046e-08,0.0,0.0,5.931686702864677e-09,0.4740853658536585,3.7928567064859926e-08,0.0,0.0,0.46653491258621205,0.7728658536585366,MOSI
fixed,0.0,44,656,0.47870475854655786,7.925848447481768e-09,0.0,0.7667682926829268,0.7647340107591154,0.4792282091828389,0.3154959841045333,0.0196703498865046,0.0,0.0,1.9147773255845383e-08,3.995543693773319e-08,0.0,0.0,7.537836706427296e-09,0.5228658536585366,3.606124743260608e-08,0.0,0.0,0.4792282283306122,0.7667682926829268,MOSI
fixed,0.0,55,656,0.45368222576257755,7.2092117265018385e-09,0.0,0.7987804878048781,0.7900189145933363,0.4431804430862539,0.2817417798809198,0.0401765458830973,0.0,0.0,-3.1032191982749424e-08,-7.002157843330838e-08,0.0,0.0,5.90020798325595e-09,0.4496951219512195,5.781605338928132e-08,0.0,0.0,0.4431804120540619,0.7987804878048781,MOSI
fixed,0.1,11,656,0.4873933307890831,0.0044019419280782,0.10000000000000002,0.7804878048780488,0.77920511597902,0.4808801409517532,0.3121726194015449,0.033813250096651,0.0091463414634146,0.008993542488758,0.0034914615834946003,0.0072082293124121,0.0015243902439024,0.010670731707317,0.0043320139892754,0.4451219512195122,0.0223064194245281,0.09999999999999991,1.0,0.4843716025352478,0.7713414634146342,MOSI
fixed,0.1,22,656,0.4896980747893703,0.00485778574879,0.10000000000000002,0.7804878048780488,0.7731477479035187,0.4552683290744279,0.2946981620668762,0.0465581988552358,-0.0030487804878048,-0.0031507257235621005,0.0002943220829512,0.0006460628021271,0.0045731707317073,0.0015243902439024,0.0039121430633445,0.5228658536585366,0.0016933506023802,0.09999999999999991,1.0,0.45556265115737904,0.7835365853658537,MOSI
fixed,0.1,33,656,0.4653423164701112,0.0019167445233518,0.10000000000000002,0.7759146341463414,0.7719027265609661,0.4658866514597148,0.3010026728078964,0.0338493219917503,0.0030487804878048,0.0032960246209308005,0.0006482611264973,0.0013895232897014,0.0,0.0030487804878048,0.0015407717355021,0.5228658536585366,0.0036844375995243,0.09999999999999991,1.0,0.46653491258621205,0.7728658536585366,MOSI
fixed,0.1,44,656,0.4771908142312145,0.0038583112476342,0.10000000000000002,0.7682926829268293,0.7657759236291202,0.47696049241803934,0.313507607568904,0.0169084885634663,0.0015243902439024,0.0010419128700047,0.0022677359125728,0.0047320582939625,0.0060975609756097,0.0076219512195121,0.0028382285961163,0.49847560975609745,0.0128540385817654,0.09999999999999991,1.0,0.4792282283306122,0.7667682926829268,MOSI
fixed,0.1,55,656,0.4535754941673432,0.0022319911242772,0.10000000000000002,0.7987804878048781,0.7897435897435899,0.4429414275262738,0.2815084893480309,0.0414745482048246,0.0,-0.0002753248497464,0.00023898452778800002,0.0005392488505537,0.0015243902439024,0.0015243902439024,0.0018959669196515997,0.573170731707317,0.0013995420600152,0.09999999999999991,1.0,0.4431804120540619,0.7987804878048781,MOSI
fixed,0.25,11,656,0.4838984818160366,0.0112653384251291,0.25,0.7942073170731707,0.7929559189685202,0.47634832253838677,0.3079869887302845,0.0463527066053867,0.0228658536585365,0.0227443454782583,0.008023279996861,0.0165643071453124,0.0030487804878048,0.0259146341463414,0.0110445418044626,0.4451219512195122,0.051259602033083905,0.25,1.0,0.4843716025352478,0.7713414634146342,MOSI
fixed,0.25,22,656,0.48734204522595975,0.012388753830335402,0.25,0.7820121951219512,0.77459482188983,0.455161370812496,0.294217488656499,0.0406293763392945,-0.0015243902439024,-0.0017036517372508,0.000401280344883,0.0008808455738492,0.0076219512195121,0.0060975609756097,0.0099054825360344,0.5228658536585366,0.0023087377033813,0.25,1.0,0.45556265115737904,0.7835365853658537,MOSI
fixed,0.25,33,656,0.4651058419207099,0.0048273385095148,0.25,0.7759146341463414,0.7719027265609661,0.46501450022336943,0.3003324955234979,0.0319985587763168,0.0030487804878048,0.0032960246209308005,0.0015204123628427,0.0032589465907586004,0.0,0.0030487804878048,0.0038816684196262006,0.5228658536585366,0.0086412726268302,0.25,1.0,0.46653491258621205,0.7728658536585366,MOSI
fixed,0.25,44,656,0.4754439398841989,0.0098196763348365,0.25,0.7682926829268293,0.7654674093030257,0.4739615211556978,0.3108264646935557,0.0212493012545675,0.0015243902439024,0.0007333985439103,0.0052667071749143,0.0109899769328299,0.0121951219512195,0.0137195121951219,0.0071848955737186,0.49847560975609745,0.029852979879667996,0.25,1.0,0.4792282283306122,0.7667682926829268,MOSI
fixed,0.25,55,656,0.4535538604382875,0.0056246197836975,0.25,0.7987804878048781,0.7900189145933363,0.4426930887019106,0.2812677878425199,0.0467639250521798,0.0,0.0,0.00048732335215120003,0.00109960489881,0.0030487804878048,0.0030487804878048,0.004784102128188,0.573170731707317,0.0028536158947446,0.25,1.0,0.4431804120540619,0.7987804878048781,MOSI
fixed,0.5,11,656,0.4797441213483233,0.0235133157876917,0.5,0.7896341463414634,0.7878594728356642,0.4705529324092727,0.302903041068867,0.0407826083871286,0.0182926829268292,0.0176478993454022,0.013818670125975001,0.028529067463176697,0.0182926829268292,0.0365853658536585,0.0228802836100664,0.4451219512195122,0.0882855755807359,0.5,1.0,0.4843716025352478,0.7713414634146342,MOSI
fixed,0.5,22,656,0.48513132073838633,0.0256826145942418,0.5,0.7850609756097561,0.7784882426053783,0.4558381126210469,0.2942671821549212,0.0372727161000778,0.0015243902439023,0.0021897689782974,-0.0002754614636678,-0.0006046620875701,0.0137195121951219,0.015243902439024301,0.020257838184795,0.5228658536585366,-0.0015849136347074,0.5,1.0,0.45556265115737904,0.7835365853658537,MOSI
fixed,0.5,33,656,0.4649810116999957,0.0097779956882236,0.5,0.7820121951219512,0.7782898577441852,0.4638123992699591,0.2994220667335815,0.0230140816193165,0.0091463414634146,0.0096831558041499,0.002722513316253,0.0058356046735301,0.0,0.0091463414634146,0.0078678071389184,0.5228658536585366,0.0154733630532447,0.5,1.0,0.46653491258621205,0.7728658536585366,MOSI
fixed,0.5,44,656,0.4738366585270532,0.0202736974880724,0.5,0.7682926829268293,0.7649698763942185,0.46991251862833505,0.3071616850428966,0.0289757040488283,0.0015243902439024,0.00023586563510310003,0.009315709702277,0.0194389836648985,0.0167682926829268,0.0182926829268292,0.0146880660899348,0.49847560975609745,0.0528037687525013,0.5,1.0,0.4792282283306122,0.7667682926829268,MOSI
fixed,0.5,55,656,0.4538711216067552,0.0114053121981436,0.5,0.8048780487804879,0.7963819777874777,0.4425658298500612,0.2811579101168612,0.0396609877622345,0.0060975609756097,0.0063630631941413,0.0006145822040006,0.0013867539884087,0.0045731707317073,0.010670731707317,0.0097255565846895,0.573170731707317,0.0035987421036103996,0.5,1.0,0.4431804120540619,0.7987804878048781,MOSI
fixed,0.75,11,656,0.4777977415367125,0.0370336483059567,0.75,0.7957317073170732,0.7935129853046189,0.4668825431339494,0.3001842227291368,0.0387748787520317,0.024390243902439,0.023301411814357,0.0174890594012983,0.0361066984723277,0.024390243902439,0.048780487804878,0.0356890382735143,0.4451219512195122,0.11173520247211388,0.75,1.0,0.4843716025352478,0.7713414634146342,MOSI
fixed,0.75,22,656,0.4850742714212411,0.0400987583632898,0.75,0.7942073170731707,0.7885826010356014,0.45755661521704943,0.2953803954646574,0.0421984449892145,0.010670731707317,0.012284127408520501,-0.0019939640596703,-0.0043769261035877,0.0182926829268292,0.028963414634146305,0.031122742531734703,0.5228658536585366,-0.0114723623601851,0.75,1.0,0.45556265115737904,0.7835365853658537,MOSI
fixed,0.75,33,656,0.46518287878971354,0.0148623750650189,0.75,0.7865853658536586,0.7824913081783647,0.46290856315160855,0.2987698046320997,0.0259024391700399,0.013719512195122,0.013884606238329301,0.0036263494346036,0.007772943324865199,0.0045731707317073,0.0182926829268292,0.0119698458730335,0.5228658536585366,0.020610277780508,0.75,1.0,0.46653491258621205,0.7728658536585366,MOSI
fixed,0.75,44,656,0.473798222473088,0.0314868512708827,0.75,0.7728658536585366,0.7691706400092574,0.46693091560474276,0.3045016451525556,0.028168178981215396,0.0060975609756097,0.0044366292501419,0.0122973127258694,0.025660660200896305,0.0228658536585365,0.028963414634146305,0.0225542328331218,0.49847560975609745,0.0697042624011542,0.75,1.0,0.4792282283306122,0.7667682926829268,MOSI
fixed,0.75,55,656,0.4546119993543993,0.0173573751561233,0.75,0.8064024390243902,0.7978408729686906,0.4427944775578403,0.2814121467039438,0.0358476271375832,0.0076219512195121,0.0078219583753542,0.0003859344962215,0.0008708293185451,0.0060975609756097,0.0137195121951219,0.014846774474241398,0.573170731707317,0.0022599637224812,0.75,1.0,0.4431804120540619,0.7987804878048781,MOSI
fixed,1.0,11,656,0.4784271332728212,0.0523213487328607,1.0,0.7865853658536586,0.7842672980794527,0.4654182623279608,0.2998305337110939,0.029046387843242396,0.0152439024390244,0.014055724589190698,0.018953340207287,0.0391297510177793,0.0381097560975609,0.0533536585365853,0.0497464678477222,0.4451219512195122,0.12109029698361279,1.0,1.0,0.4843716025352478,0.7713414634146342,MOSI
fixed,1.0,22,656,0.4873354453709209,0.05596473805089059,1.0,0.788109756097561,0.7827540282135769,0.4603269564254903,0.2975571285857075,0.0404560804003622,0.0045731707317072,0.0064555545864961,-0.0047643052681111,-0.0104580681844905,0.0259146341463414,0.0304878048780487,0.0425860141426569,0.5228658536585366,-0.0274115914973733,1.0,1.0,0.45556265115737904,0.7835365853658537,MOSI
fixed,1.0,33,656,0.46570467819562733,0.0200925046177879,1.0,0.7911585365853658,0.7870609280780941,0.4622944015434655,0.2983757092190524,0.0358652457958314,0.0182926829268292,0.0184542261380588,0.0042405110427466,0.0090893755822894,0.0076219512195121,0.0259146341463414,0.0162019403981877,0.5228658536585366,0.0241008395601671,1.0,1.0,0.46653491258621205,0.7728658536585366,MOSI
fixed,1.0,44,656,0.47536011054659916,0.0436317563523167,1.0,0.7759146341463414,0.7719027265609661,0.4649494677599227,0.3028463450225329,0.0304326450497638,0.0091463414634146,0.0071687158018506995,0.014278760570689402,0.029795324495865805,0.0320121951219512,0.0411585365853658,0.030840500470435805,0.49847560975609745,0.0809356189739582,1.0,1.0,0.4792282283306122,0.7667682926829268,MOSI
fixed,1.0,55,656,0.455765161118637,0.0234992555672022,1.0,0.8064024390243902,0.7978408729686906,0.4433886919442744,0.2820304976037676,0.0357060399724216,0.0076219512195121,0.0078219583753542,-0.00020827989021239996,-0.0004699663715892,0.010670731707317,0.0182926829268292,0.0201775768013443,0.573170731707317,-0.0012192811911937,1.0,1.0,0.4431804120540619,0.7987804878048781,MOSI
max_confidence,0.0,11,656,0.4901395392335581,6.449344945531236e-09,0.0,0.7713414634146342,0.7702115734902619,0.484371585379452,0.3154360657133892,0.0366393710236724,0.0,0.0,1.7155795783985184e-08,3.54186655332189e-08,0.0,0.0,5.5708912228183454e-09,0.5060975609756098,4.726613900274401e-08,0.0,0.0,0.4843716025352478,0.7713414634146342,MOSI
max_confidence,0.0,22,656,0.49171183863427326,6.383404483322343e-09,0.0,0.7835365853658537,0.7762984736270808,0.4555626374970058,0.2952313149693906,0.0453338585793972,0.0,0.0,1.366037333250247e-08,2.998571831513762e-08,0.0,0.0,6.838366572994723e-09,0.4832317073170731,3.9550953956357666e-08,0.0,0.0,0.45556265115737904,0.7835365853658537,MOSI
max_confidence,0.0,33,656,0.4655693890427019,5.227587767193772e-09,0.0,0.7728658536585366,0.7686067019400353,0.4665349186928413,0.3015010910018489,0.0382533590422897,0.0,0.0,-6.106629146795939e-09,-1.3089329398617046e-08,0.0,0.0,5.931686702864677e-09,0.4740853658536585,3.7928567064859926e-08,0.0,0.0,0.46653491258621205,0.7728658536585366,MOSI
max_confidence,0.0,44,656,0.47870475854655786,7.925848447481768e-09,0.0,0.7667682926829268,0.7647340107591154,0.4792282091828389,0.3154959841045333,0.0196703498865046,0.0,0.0,1.9147773255845383e-08,3.995543693773319e-08,0.0,0.0,7.537836706427296e-09,0.5228658536585366,3.606124743260608e-08,0.0,0.0,0.4792282283306122,0.7667682926829268,MOSI
max_confidence,0.0,55,656,0.45368222576257755,7.2092117265018385e-09,0.0,0.7987804878048781,0.7900189145933363,0.4431804430862539,0.2817417798809198,0.0401765458830973,0.0,0.0,-3.1032191982749424e-08,-7.002157843330838e-08,0.0,0.0,5.90020798325595e-09,0.4496951219512195,5.781605338928132e-08,0.0,0.0,0.4431804120540619,0.7987804878048781,MOSI
max_confidence,0.1,11,656,0.4880784908447074,0.0029011876616845,0.0770002628927645,0.7789634146341463,0.7777232523630926,0.4816589440684545,0.3129423928235182,0.0320004288171486,0.0076219512195121,0.0075116788728306,0.0027126584667933,0.0056003664388973,0.0015243902439024,0.0091463414634146,0.0029152046133708,0.4451219512195122,0.0173307503228136,0.0763195549842061,1.0,0.4843716025352478,0.7713414634146342,MOSI
max_confidence,0.1,22,656,0.4901893413838543,0.0031703311549218,0.0765076765806778,0.7820121951219512,0.7748501729281623,0.4554071065067522,0.2949056585118615,0.0468368591916672,-0.0015243902439024,-0.0014483006989185,0.0001555446506269,0.000341434158906,0.0030487804878048,0.0015243902439024,0.0027087962378087,0.5228658536585366,0.0008948910891082999,0.0766163789462752,1.0,0.45556265115737904,0.7835365853658537,MOSI
max_confidence,0.1,33,656,0.46540727882531496,0.0013244297593286,0.0785113513987997,0.7759146341463414,0.7719027265609661,0.466075132711738,0.3011602378682375,0.0355268168079238,0.0030487804878048,0.0032960246209308005,0.0004597798744741,0.0009855208304248,0.0,0.0030487804878048,0.0010172063384478,0.5228658536585366,0.0026132122969793,0.0762310593956854,1.0,0.46653491258621205,0.7728658536585366,MOSI
max_confidence,0.1,44,656,0.47775083018590464,0.0024697367014528,0.0765815493853195,0.7637195121951219,0.7613767304763313,0.4777232905466639,0.3141876299364327,0.0178541431998489,-0.0030487804878048,-0.0033572802827841,0.0015049377839482,0.0031403362635598997,0.0060975609756097,0.0030487804878048,0.0018608751030462,0.49847560975609745,0.0085303023814671,0.0760386293526829,1.0,0.4792282283306122,0.7667682926829268,MOSI
max_confidence,0.1,55,656,0.4535983874100331,0.001549577946622,0.0782148082878278,0.8003048780487805,0.7914736563692791,0.4429983217391357,0.2815803572456244,0.0385203446682356,0.0015243902439023,0.0014547417759428,0.000182090314926,0.00041087175780640003,0.0,0.0015243902439024,0.0012853453442952,0.573170731707317,0.001066414984608,0.0773406973517522,1.0,0.4431804120540619,0.7987804878048781,MOSI
max_confidence,0.25,11,656,0.4852663264112771,0.0073687824645113,0.1925006572319113,0.7865853658536586,0.7851293809367836,0.47794045809293956,0.3095551698054588,0.0383712255615364,0.0152439024390244,0.0149178074465216,0.0064311444423082,0.013277294557829101,0.0015243902439024,0.0167682926829268,0.007386322902819001,0.4451219512195122,0.0410876606082953,0.1907988874605152,1.0,0.4843716025352478,0.7713414634146342,MOSI
max_confidence,0.25,22,656,0.4881806732466197,0.0080198040933597,0.1912691914516946,0.7804878048780488,0.7731477479035187,0.4553194409319611,0.2945514501547269,0.0470394061611647,-0.0030487804878048,-0.0031507257235621005,0.000243210225418,0.0005338677892056,0.0060975609756097,0.0030487804878048,0.0068255354192461,0.5228658536585366,0.0013992772202399,0.1915409473656881,1.0,0.45556265115737904,0.7835365853658537,MOSI
max_confidence,0.25,33,656,0.46520917240096055,0.0033245747245231,0.19627837849699933,0.7759146341463414,0.7719027265609661,0.4654262626302101,0.3006766731007107,0.0341403206942233,0.0030487804878048,0.0032960246209308005,0.001108649956002,0.0023763493922809,0.0,0.0030487804878048,0.0025533152806689,0.5228658536585366,0.00630103823158,0.1905776484892135,1.0,0.46653491258621205,0.7728658536585366,MOSI
max_confidence,0.25,44,656,0.4765121384501987,0.0062371492186845,0.1914538734632989,0.7637195121951219,0.7610761910356576,0.4756283762339584,0.3123426375061592,0.025073469036544695,-0.0030487804878048,-0.0036578197234577994,0.0035998520966536002,0.0075117697244039,0.010670731707317,0.0076219512195121,0.004685902035036,0.49847560975609745,0.020404816109888,0.1900965733817074,1.0,0.4792282283306122,0.7667682926829268,MOSI
max_confidence,0.25,55,656,0.4535363135823283,0.0038913233380087997,0.1955370207195696,0.8003048780487805,0.7914736563692791,0.44277214926903213,0.2813805591601214,0.0404414611707444,0.0015243902439023,0.0014547417759428,0.0004082627850296,0.0009212112582715001,0.0015243902439024,0.0030487804878048,0.0032298860963696,0.573170731707317,0.0023907003506072,0.1933517433793806,1.0,0.4431804120540619,0.7987804878048781,MOSI
max_confidence,0.5,11,656,0.48133089739283785,0.0151613729912651,0.3850013144638227,0.7942073170731707,0.7927504791592074,0.4726279370837741,0.3048518949533521,0.0430240973832952,0.0228658536585365,0.0225389056689453,0.0117436654514737,0.0242451567969844,0.0060975609756097,0.028963414634146305,0.0151254783783611,0.4451219512195122,0.0750286478368413,0.3815977749210305,1.0,0.4843716025352478,0.7713414634146342,MOSI
max_confidence,0.5,22,656,0.48554585493436453,0.016372874944859,0.3825383829033893,0.7820121951219512,0.77459482188983,0.4555494480920867,0.2943191731039266,0.0403665344361507,-0.0015243902439024,-0.0017036517372508,1.3203065292455296e-05,2.8981887033347147e-05,0.0076219512195121,0.0060975609756097,0.0138370746186643,0.5228658536585366,7.592513015586277e-05,0.3830818947313762,1.0,0.45556265115737904,0.7835365853658537,MOSI
max_confidence,0.5,33,656,0.4649960418603532,0.006695137516701901,0.39255675699399867,0.7759146341463414,0.7719027265609661,0.4644486613218602,0.2999446383092065,0.0305002356031451,0.0030487804878048,0.0032960246209308005,0.0020862512643519,0.0044718009479439,0.0,0.0030487804878048,0.0051418324783848,0.5228658536585366,0.011857194327022,0.3811552969784271,1.0,0.46653491258621205,0.7728658536585366,MOSI
max_confidence,0.5,44,656,0.47493774289755475,0.012694448693657202,0.3829077469265979,0.7667682926829268,0.7638438896300531,0.4725340692013193,0.3095810869807098,0.0244310984458837,0.0,-0.0008901211290622,0.0066941591292928,0.0139686244122385,0.0137195121951219,0.0137195121951219,0.0094885289649165,0.49847560975609745,0.0379441451011405,0.3801931467634148,1.0,0.4792282283306122,0.7667682926829268,MOSI
max_confidence,0.5,55,656,0.4535960141531036,0.0078419470175297,0.3910740414391393,0.8003048780487805,0.7914736563692791,0.44251683023753535,0.2811604579974561,0.0495317665612524,0.0015243902439023,0.0014547417759428,0.0006635818165264,0.0014973175674683,0.0030487804878048,0.0045731707317073,0.0065167659902555,0.573170731707317,0.0038856447039924994,0.3867034867587613,1.0,0.4431804120540619,0.7987804878048781,MOSI
max_confidence,0.75,11,656,0.4783710426503938,0.0234675944724833,0.5775019716957341,0.7926829268292683,0.7909339732293501,0.46837532824253725,0.3013262411570693,0.0398232312057611,0.0213414634146341,0.0207223997390882,0.0159962742927105,0.0330247979216463,0.0137195121951219,0.0350609756097561,0.0232739583917398,0.4451219512195122,0.10219799777812259,0.5723966623815459,1.0,0.4843716025352478,0.7713414634146342,MOSI
max_confidence,0.75,22,656,0.4837841615239292,0.0251024897716387,0.573807574355084,0.7835365853658537,0.7762984736270808,0.45623596835012226,0.2945344838169897,0.0376915382755793,0.0,0.0,-0.0006733171927431,-0.0014779903291731,0.010670731707317,0.010670731707317,0.0210501386386271,0.5228658536585366,-0.0038739867676309,0.5746228420970644,1.0,0.45556265115737904,0.7835365853658537,MOSI
max_confidence,0.75,33,656,0.4649248292366503,0.0101136308573832,0.588835135490998,0.7804878048780488,0.7766491700950489,0.46359440664881896,0.2993049866273363,0.0244826418005765,0.0076219512195122,0.0080424681550135,0.002940505937393,0.0063028636401347,0.0,0.0076219512195121,0.0077672941097335,0.5228658536585366,0.0167123149862705,0.5717329454676408,1.0,0.46653491258621205,0.7728658536585366,MOSI
max_confidence,0.75,44,656,0.4739516848869108,0.0193943943015107,0.5743616203898969,0.7667682926829268,0.7635100269316952,0.4698943684138711,0.307211332528185,0.028424913937578396,0.0,-0.0012239838274201,0.009333859916741,0.0194768575074458,0.0167682926829268,0.0167682926829268,0.014416745459591698,0.49847560975609745,0.05290664884144759,0.5702897201451224,1.0,0.4792282283306122,0.7667682926829268,MOSI
max_confidence,0.75,55,656,0.4538504618661523,0.011854584567151,0.586611062158709,0.801829268292683,0.7932004461904069,0.4424092316311829,0.2810814763929241,0.0447847534618239,0.0030487804878048,0.0031815315970706,0.0007711804228789,0.0017401049367337003,0.0045731707317073,0.0076219512195121,0.0098645630382011,0.573170731707317,0.0045156562156918,0.580055230138142,1.0,0.4431804120540619,0.7987804878048781,MOSI
max_confidence,1.0,11,656,0.4764785718256201,0.0324227185641708,0.7700026289276455,0.7896341463414634,0.7878594728356642,0.4651724590294112,0.2989782084166102,0.0304141213672288,0.0182926829268292,0.0176478993454022,0.0191991435058366,0.0396372194516492,0.0198170731707317,0.0381097560975609,0.0319084146459528,0.4451219512195122,0.12266070143046852,0.7631955498420611,1.0,0.4843716025352478,0.7713414634146342,MOSI
max_confidence,1.0,22,656,0.4828957367424775,0.0342631986122259,0.7650767658067786,0.788109756097561,0.7818642871667286,0.4573708685593029,0.2951973822939162,0.0325319952878472,0.0045731707317072,0.0055658135396476,-0.0018082174019237,-0.0039691958884906,0.0137195121951219,0.0182926829268292,0.0284828317271007,0.5228658536585366,-0.0104036642047848,0.7661637894627524,1.0,0.45556265115737904,0.7835365853658537,MOSI
max_confidence,1.0,33,656,0.46499129979619575,0.0135821442002504,0.7851135139879973,0.7835365853658537,0.7797512649548399,0.46285778530758814,0.2987577180551002,0.024628244039488902,0.0106707317073171,0.0111445630148045,0.0036771272786239,0.0078817837195504,0.0,0.010670731707317,0.0104316206925698,0.5228658536585366,0.0208988715304926,0.7623105939568543,1.0,0.46653491258621205,0.7728658536585366,MOSI
max_confidence,1.0,44,656,0.47353985801383724,0.0263636074910243,0.7658154938531958,0.7728658536585366,0.7693493009261991,0.46767635648664796,0.3052333741485848,0.024455294872056,0.0060975609756097,0.0046152901670837,0.0115518718439642,0.0241051573364221,0.0167682926829268,0.0228658536585365,0.0194806929547766,0.49847560975609745,0.0654789115444506,0.7603862935268297,1.0,0.4792282283306122,0.7667682926829268,MOSI
max_confidence,1.0,55,656,0.4542909921010431,0.0159321840884713,0.7821480828782786,0.8048780487804879,0.7963819777874777,0.4424463866649903,0.2811436143465251,0.0388819944414241,0.0060975609756097,0.0063630631941413,0.0007340253890715,0.0016562676713745,0.0045731707317073,0.010670731707317,0.013277787642817,0.573170731707317,0.0042981060093294,0.7734069735175226,1.0,0.4431804120540619,0.7987804878048781,MOSI
negative_entropy,0.0,11,656,0.49013951420783985,0.0,0.0,0.7713414634146342,0.7702115734902619,0.4843716025352478,0.3154360657133892,0.0366393766570382,0.0,0.0,0.0,0.0,0.0,0.0,0.0,0.0,0.0,0.0,0.0,0.4843716025352478,0.7713414634146342,MOSI
negative_entropy,0.0,22,656,0.49171182513237,0.0,0.0,0.7835365853658537,0.7762984736270808,0.45556265115737904,0.2952313149693906,0.0453338435873753,0.0,0.0,0.0,0.0,0.0,0.0,0.0,0.0,0.0,0.0,0.0,0.45556265115737904,0.7835365853658537,MOSI
negative_entropy,0.0,33,656,0.465569406747818,0.0,0.0,0.7728658536585366,0.7686067019400353,0.46653491258621205,0.3015010910018489,0.038253350228798,0.0,0.0,0.0,0.0,0.0,0.0,0.0,0.0,0.0,0.0,0.0,0.46653491258621205,0.7728658536585366,MOSI
negative_entropy,0.0,44,656,0.4787047803401947,0.0,0.0,0.7667682926829268,0.7647340107591154,0.4792282283306122,0.3154959841045333,0.0196703209927896,0.0,0.0,0.0,0.0,0.0,0.0,0.0,0.0,0.0,0.0,0.0,0.4792282283306122,0.7667682926829268,MOSI
negative_entropy,0.0,55,656,0.45368221402168263,0.0,0.0,0.7987804878048781,0.7900189145933363,0.4431804120540619,0.2817417798809198,0.0401765288012783,0.0,0.0,0.0,0.0,0.0,0.0,0.0,0.0,0.0,0.0,0.0,0.4431804120540619,0.7987804878048781,MOSI
negative_entropy,0.1,11,656,0.4895287752151489,0.0005896387738175,0.030927810817956904,0.7728658536585366,0.7716939132547118,0.4834633469581604,0.3146605277697713,0.0353066453301325,0.0015243902439023,0.0014823397644498,0.0009082555770874,0.0018751214405086998,0.0,0.0015243902439024,0.0006024584290571,0.4451219512195122,0.0058027235824563,0.028774674981832497,1.0,0.4843716025352478,0.7713414634146342,MOSI
negative_entropy,0.1,22,656,0.4912126958370209,0.0005376020562835,0.0277356412261724,0.7835365853658537,0.7762984736270808,0.4555854797363281,0.2952084197131818,0.0450003519654274,0.0,0.0,-2.282857894897461e-05,-5.011073425571102e-05,0.0,0.0,0.0005997453117743,0.5228658536585366,-0.0001311733455762,0.027280505746603,1.0,0.45556265115737904,0.7835365853658537,MOSI
negative_entropy,0.1,33,656,0.4654937982559204,0.0003224940155632,0.0314265899360179,0.7728658536585366,0.7686067019400353,0.4664326310157776,0.3014405120524741,0.0383285341284623,0.0,0.0,0.00010228157043449999,0.0002192366909211,0.0,0.0,0.0002066748565994,0.5228658536585366,0.0005816517826593,0.0279516912996768,1.0,0.46653491258621205,0.7728658536585366,MOSI
negative_entropy,0.1,44,656,0.47862058877944935,0.00040566566167390006,0.0297614950686693,0.7667682926829268,0.7647340107591154,0.47900956869125355,0.3153048426452283,0.0199915183390059,0.0,0.0,0.0002186596393585,0.0004562745398371,0.0,0.0,0.0003466357302386,0.4969512195121951,0.0012395036005573,0.0280413255095481,1.0,0.4792282283306122,0.7667682926829268,MOSI
negative_entropy,0.1,55,656,0.45354023575782765,0.0003808280162047,0.0326413176953792,0.7987804878048781,0.7900189145933363,0.44311580061912526,0.2817100521414511,0.0415221298249756,0.0,0.0,6.461143493652344e-05,0.0001457903670359,0.0,0.0,0.0002826240961439,0.573170731707317,0.0003785747128843,0.0299599282443523,1.0,0.4431804120540619,0.7987804878048781,MOSI
negative_entropy,0.25,11,656,0.4886350333690642,0.0014832798624411,0.0773195251822471,0.774390243902439,0.7731758373205742,0.48213517665863026,0.3135306925951758,0.0353964209193136,0.0030487804878048,0.0029642638303122,0.0022364258766174,0.0046171696790475,0.0,0.0030487804878048,0.0015135378343984,0.44359756097560965,0.0142881310445235,0.0719366893172264,1.0,0.4843716025352478,0.7713414634146342,MOSI
negative_entropy,0.25,22,656,0.4904798865318297,0.001347440178506,0.0693391039967536,0.7820121951219512,0.7748501729281623,0.4556266963481903,0.2951803252585804,0.0440347897025143,-0.0015243902439024,-0.0014483006989185,-6.404519081115723e-05,-0.0001405848145111,0.0015243902439024,0.0,0.0015020190039649,0.5213414634146342,-0.0003685713808052,0.0682012662291526,1.0,0.45556265115737904,0.7835365853658537,MOSI
negative_entropy,0.25,33,656,0.4653865098953247,0.0008068031165748,0.0785664767026901,0.774390243902439,0.770255944267757,0.4662818908691406,0.3013504994406342,0.0369179006211641,0.0015243902439024,0.0016492423277216,0.0002530217170715,0.00054234251338,0.0,0.0015243902439024,0.0005169791402295,0.5228658536585366,0.0014382077130346,0.069879226386547,1.0,0.46653491258621205,0.7728658536585366,MOSI
negative_entropy,0.25,44,656,0.47849902510642994,0.0010159945813938,0.074403740465641,0.7667682926829268,0.7647340107591154,0.4786869287490845,0.315022376565657,0.0181848762057176,0.0,0.0,0.0005412995815277,0.0011295235746302,0.0,0.0,0.0008678455487824,0.49847560975609745,0.0030678875488547004,0.0701033174991607,1.0,0.4792282283306122,0.7667682926829268,MOSI
negative_entropy,0.25,55,656,0.4533422589302063,0.0009528571972623,0.0816032886505127,0.7987804878048781,0.7900189145933363,0.4430235028266907,0.2816643239911856,0.0417108975532578,0.0,0.0,0.0001569092273712,0.0003540527133046,0.0,0.0,0.0007071592845022,0.573170731707317,0.0009190841266474999,0.074899822473526,1.0,0.4431804120540619,0.7987804878048781,MOSI
negative_entropy,0.5,11,656,0.4872055947780609,0.0029984547290951,0.1546390503644943,0.774390243902439,0.773071924756215,0.48001015186309803,0.3117368991875934,0.0383694032888586,0.0030487804878048,0.002860351265953,0.0043614506721496,0.0090043484162188,0.0015243902439024,0.0045731707317073,0.0030525682959705,0.44359756097560965,0.027864725862913695,0.1438733786344528,1.0,0.4843716025352478,0.7713414634146342,MOSI
negative_entropy,0.5,22,656,0.4892999529838562,0.0027065055910497,0.1386782079935073,0.7820121951219512,0.7748501729281623,0.4557140767574309,0.2951501638634765,0.045128693576993,-0.0015243902439024,-0.0014483006989185,-0.0001514256000518,-0.0003323924814011,0.0015243902439024,0.0,0.0030129919759929,0.5213414634146342,-0.0008712310704217,0.1364025324583053,1.0,0.45556265115737904,0.7835365853658537,MOSI
negative_entropy,0.5,33,656,0.46522316336631764,0.0016155008925124999,0.1571329534053802,0.774390243902439,0.770255944267757,0.46603789925575245,0.3012027713596805,0.0383272428156398,0.0015243902439024,0.0016492423277216,0.0004970133304595,0.0010653293398867,0.0,0.0015243902439024,0.001034919754602,0.5228658536585366,0.0028250085198265,0.1397584527730941,1.0,0.46653491258621205,0.7728658536585366,MOSI
negative_entropy,0.5,44,656,0.4783093333244324,0.0020381466019898,0.148807480931282,0.7682926829268293,0.7662042898811701,0.47816357016563404,0.3145629273685804,0.0152610110618719,0.0015243902439024,0.0014702791220546,0.001064658164978,0.0022216098761267,0.0,0.0015243902439024,0.0017399451462551,0.49847560975609745,0.0060349255372963,0.1402066349983215,1.0,0.4792282283306122,0.7667682926829268,MOSI
negative_entropy,0.5,55,656,0.45304980874061573,0.0019083735533058,0.1632065773010254,0.7987804878048781,0.7900189145933363,0.4428815543651581,0.281593071444749,0.0401961139244277,0.0,0.0,0.0002988576889038,0.0006743476940207,0.0,0.0,0.0014163053128868,0.573170731707317,0.0017499592109521999,0.149799644947052,1.0,0.4431804120540619,0.7987804878048781,MOSI
negative_entropy,0.75,11,656,0.485851913690567,0.0045479745604097,0.231958582997322,0.7759146341463414,0.7745520006546109,0.4779919981956482,0.3100546869560227,0.040285411858704,0.0045731707317072,0.004340427164349,0.0063796043395996,0.013170888438149802,0.0015243902439024,0.0060975609756097,0.0046188062988221,0.4451219512195122,0.0407584401153346,0.21581007540225977,1.0,0.4843716025352478,0.7713414634146342,MOSI
negative_entropy,0.75,22,656,0.4881699979305266,0.0040775560773909,0.2080173045396804,0.7820121951219512,0.7748501729281623,0.4558244049549103,0.295140830829745,0.0481805507911414,-0.0015243902439024,-0.0014483006989185,-0.0002617537975311,-0.0005745725573993,0.0015243902439024,0.0,0.004533096216619,0.5228658536585366,-0.0015062643845933,0.2046037763357162,1.0,0.45556265115737904,0.7835365853658537,MOSI
negative_entropy,0.75,33,656,0.46507856249809254,0.0024261018261313,0.2356994301080703,0.774390243902439,0.770255944267757,0.4658025503158568,0.3010578986582515,0.0397357788027786,0.0015243902439024,0.0016492423277216,0.0007323622703552,0.0015697909215312,0.0,0.0015243902439024,0.0015538322040811,0.5228658536585366,0.0041623502932649,0.2096376866102218,1.0,0.46653491258621205,0.7728658536585366,MOSI
negative_entropy,0.75,44,656,0.4781354069709778,0.003066606586799,0.2232112437486648,0.7682926829268293,0.7662042898811701,0.4776574969291687,0.314117634494622,0.0194891485862615,0.0015243902439024,0.0014702791220546,0.0015707314014434,0.0032776270440393,0.0,0.0015243902439024,0.0026163968723267,0.49847560975609745,0.0089032255557853,0.2103099375963211,1.0,0.4792282283306122,0.7667682926829268,MOSI
negative_entropy,0.75,55,656,0.4528009295463562,0.0028665531426668,0.2448098510503769,0.7987804878048781,0.7900189145933363,0.4427538514137268,0.2815280237736852,0.040509654617891,0.0,0.0,0.000426560640335,0.0009624988576504,0.0,0.0,0.002127467887476,0.573170731707317,0.0024978602109164,0.224699467420578,1.0,0.4431804120540619,0.7987804878048781,MOSI
negative_entropy,1.0,11,656,0.484575480222702,0.0061346665024757,0.3092781007289886,0.7774390243902439,0.7760317282149137,0.47607719898223866,0.3084840502855774,0.038929936998501,0.0060975609756097,0.0058201547246518,0.008294403553009,0.0171240500260447,0.0015243902439024,0.0076219512195121,0.0062141991220414005,0.44359756097560965,0.0529917413625794,0.2877467572689056,1.0,0.4843716025352478,0.7713414634146342,MOSI
negative_entropy,1.0,22,656,0.48708847165107716,0.0054609579965472,0.2773564159870147,0.7820121951219512,0.7748501729281623,0.4559574723243712,0.295152323866888,0.0505538086702184,-0.0015243902439024,-0.0014483006989185,-0.0003948211669921,-0.0008666671115139001,0.0015243902439024,0.0,0.0060625136829912,0.5213414634146342,-0.0022716994364262,0.2728050649166107,1.0,0.45556265115737904,0.7835365853658537,MOSI
negative_entropy,1.0,33,656,0.464951753616333,0.0032386344391852,0.3142659068107605,0.774390243902439,0.770255944267757,0.4655756950378418,0.3009158886090912,0.0399241392932286,0.0015243902439024,0.0016492423277216,0.0009592175483702999,0.002056046659087,0.0,0.0015243902439024,0.0020737196318805,0.5228658536585366,0.0054517574556105,0.2795169055461883,1.0,0.46653491258621205,0.7728658536585366,MOSI
negative_entropy,1.0,44,656,0.47797727584838856,0.0041015478782355,0.2976149618625641,0.7667682926829268,0.7645971662910123,0.47716856002807606,0.3136864976074354,0.0191627656359498,0.0,-0.0001368444681031,0.002059668302536,0.0042978860191747,0.0015243902439024,0.0015243902439024,0.0034973134752362,0.49847560975609745,0.0116745613403091,0.280413269996643,1.0,0.4792282283306122,0.7667682926829268,MOSI
negative_entropy,1.0,55,656,0.4525921940803528,0.0038274272810667003,0.3264131546020508,0.7987804878048781,0.7900189145933363,0.4426394999027252,0.2814691791503176,0.0408231857709768,0.0,0.0,0.0005409121513366,0.0012205235985716,0.0,0.0,0.0028406684286892,0.573170731707317,0.0031671495915423994,0.299599289894104,1.0,0.4431804120540619,0.7987804878048781,MOSI
analytic_pi_g1,0.0,11,3634,0.3505404889583587,0.0,0.0,0.8384700055035773,0.8225331290632681,0.3673743903636932,0.2291006392871129,0.0194848422729909,0.0,0.0,0.0,0.0,0.0,0.0,0.0,0.0,0.0,0.0,0.0,0.3673743903636932,0.8384700055035773,MOSEI
analytic_pi_g1,0.0,22,3634,0.3546566069126129,0.0,0.0,0.8379196477710512,0.8223127011088387,0.3663288950920105,0.2299003387017825,0.0104087162752629,0.0,0.0,0.0,0.0,0.0,0.0,0.0,0.0,0.0,0.0,0.0,0.3663288950920105,0.8379196477710512,MOSEI
analytic_pi_g1,0.0,33,3634,0.3527730703353882,0.0,0.0,0.8362685745734728,0.8233990915249974,0.3716815412044525,0.2339579760904716,0.0194552281300445,0.0,0.0,0.0,0.0,0.0,0.0,0.0,0.0,0.0,0.0,0.0,0.3716815412044525,0.8362685745734728,MOSEI
analytic_pi_g1,0.0,44,3634,0.339856743812561,0.0,0.0,0.8403962575674189,0.8273768807608743,0.3627355992794037,0.2278481778713651,0.022365787131614405,0.0,0.0,0.0,0.0,0.0,0.0,0.0,0.0,0.0,0.0,0.0,0.3627355992794037,0.8403962575674189,MOSEI
analytic_pi_g1,0.0,55,3634,0.3595159649848938,0.0,0.0,0.8384700055035773,0.8251502240132682,0.3699228763580322,0.2322010220421067,0.0086957606792975,0.0,0.0,0.0,0.0,0.0,0.0,0.0,0.0,0.0,0.0,0.0,0.3699228763580322,0.8384700055035773,MOSEI
analytic_pi_g1,0.1,11,3634,0.3498062491416931,0.0008095494122244,0.0331692844629287,0.8403962575674189,0.8245539265352655,0.3668223321437835,0.2287724270408403,0.017459797445863,0.0019262520638415,0.0020207974719974,0.0005520582199096,0.0015027128574834,0.0008255365987892,0.0027517886626307,0.000910612870939,0.3651623555310952,0.0035168371342462,0.0326783321797847,0.6890478811227297,0.3673743903636932,0.8384700055035773,MOSEI
analytic_pi_g1,0.1,22,3634,0.3537400066852569,0.0007677145767956,0.0318827368319034,0.8379196477710512,0.8222490733255188,0.365637332201004,0.229392209855376,0.010768354529526198,0.0,-6.362778331991947e-05,0.0006915628910064001,0.0018878196622539,0.0005503577325261,0.0005503577325261,0.0009268201538361,0.3552559163456246,0.0043128787708416,0.0327515825629234,0.6890478811227297,0.3663288950920105,0.8379196477710512,MOSEI
analytic_pi_g1,0.1,33,3634,0.3514162898063659,0.0010092720622196,0.03621364757418629,0.837369290038525,0.8244735847821434,0.3704167604446411,0.23303158325511716,0.0196419926416631,0.0011007154650521,0.001074493257146,0.0012647807598114,0.0034028613735102,0.0005503577325261,0.0016510731975784,0.0015458380803465,0.3238855255916346,0.0075431753676519,0.0367526076734066,0.6807925151348376,0.3716815412044525,0.8362685745734728,MOSEI
analytic_pi_g1,0.1,44,3634,0.3394624888896942,0.000783562019933,0.0255027748644351,0.8406714364336819,0.8274194512802633,0.3622429370880127,0.2274632895978804,0.0205494061104202,0.000275178866263,4.25705193889403e-05,0.0004926621913909,0.0013581853900463,0.0011007154650522,0.0013758943313153,0.0009321780526079,0.4801871216290589,0.0029168657102869,0.0252051912248134,0.7278481012658228,0.3627355992794037,0.8403962575674189,MOSEI
analytic_pi_g1,0.1,55,3634,0.3584921658039093,0.0009231938747689,0.0321693830192089,0.841221794166208,0.8279586884506118,0.3689775168895721,0.2314746797953301,0.011385231472071999,0.0027517886626307,0.0028084644373436,0.00094535946846,0.0025555582768152,0.0005503577325261,0.0033021463951568,0.0011635704431682,0.3734177215189873,0.0061173299310347,0.0318019613623619,0.6981287837094111,0.3699228763580322,0.8384700055035773,MOSEI
analytic_pi_g1,0.25,11,3634,0.3487992882728576,0.0020416378974914,0.0829232186079025,0.8398458998348927,0.8236915840638295,0.3660561740398407,0.2283224277231841,0.0168787174882243,0.0013758943313153,0.0011584550005614,0.0013182163238525,0.0035882096260098995,0.0022014309301045,0.0035773252614199,0.0022977008484303,0.3654375343973582,0.0083971617741285,0.0816958248615264,0.6890478811227297,0.3673743903636932,0.8384700055035773,MOSEI
analytic_pi_g1,0.25,22,3634,0.3524155020713806,0.0019376847194507,0.0797068402171135,0.8379196477710512,0.8224394666048149,0.3646601140499115,0.2286811778988151,0.0106614476616197,0.0,0.0001267654959762,0.0016687810420989001,0.0045554174526141,0.0019262520638414,0.0019262520638414,0.0023442732635885,0.3552559163456246,0.0104075033868318,0.0818789675831794,0.6890478811227297,0.3663288950920105,0.8379196477710512,MOSEI
analytic_pi_g1,0.25,33,3634,0.3495308756828308,0.0025513127911835,0.0905341133475303,0.8390203632361035,0.8260305909038423,0.368729829788208,0.2317738882640827,0.0171323602154941,0.0027517886626307,0.0026314993788449,0.0029517114162445,0.0079415066098772,0.0013758943313153,0.004127682993946,0.0039226706139743,0.3238855255916346,0.017603764095964,0.09188152104616158,0.6807925151348376,0.3716815412044525,0.8362685745734728,MOSEI
analytic_pi_g1,0.25,44,3634,0.3389171361923218,0.0019797526765614,0.0637569278478622,0.8417721518987342,0.8283840206390893,0.3615783751010895,0.2269405325968151,0.0202885304890823,0.0013758943313153,0.0010071398782149,0.0011572241783142,0.0031902691123041,0.0024766097963676,0.0038525041276829,0.002355033531785,0.4804623004953219,0.0068511585992798,0.0630129799246788,0.7278481012658228,0.3627355992794037,0.8403962575674189,MOSEI
analytic_pi_g1,0.25,55,3634,0.3570300936698913,0.0023361691273748,0.0804234594106674,0.8420473307649973,0.8284238873836304,0.3676660358905792,0.23047321420046793,0.012169476452933998,0.0035773252614199,0.0032736633703620995,0.002256840467453,0.0061008405040317,0.0033021463951568,0.0068794716565767,0.0029491118621081,0.37369290038525044,0.014603470359929501,0.079504907131195,0.6981287837094111,0.3699228763580322,0.8384700055035773,MOSEI
analytic_pi_g1,0.5,11,3634,0.3473255932331085,0.004145220387727,0.165846437215805,0.8398458998348927,0.8235619171879197,0.3649366199970245,0.2276852799914266,0.0162064777866587,0.0013758943313153,0.0010287881246516,0.0024377703666687,0.006635656786678399,0.0035773252614199,0.0049532195927352,0.0046697929501533,0.3654375343973582,0.015529177246731,0.1633916497230529,0.6890478811227297,0.3673743903636932,0.8384700055035773,MOSEI
analytic_pi_g1,0.5,22,3634,0.3503412008285522,0.0039399787783622,0.159413680434227,0.8395707209686296,0.8243107277893575,0.3631925582885742,0.2276325491435052,0.0117016093345152,0.0016510731975784,0.0019980266805188,0.0031363368034362,0.0085615326703849,0.0027517886626307,0.0044028618602091,0.0047854781150817,0.3552559163456246,0.0195594302799588,0.1637579351663589,0.6890478811227297,0.3663288950920105,0.8379196477710512,MOSEI
analytic_pi_g1,0.5,33,3634,0.346742182970047,0.0052031395025551,0.1810682266950607,0.8403962575674189,0.8272637033812296,0.3664329648017883,0.2300294455218718,0.0163078596287529,0.004127682993946,0.0038646118562322,0.0052485764026641,0.014121165085723399,0.0035773252614199,0.0077050082553659,0.0080552520230412,0.3238855255916346,0.0313021471020064,0.1837630420923233,0.6807925151348376,0.3716815412044525,0.8362685745734728,MOSEI
analytic_pi_g1,0.5,44,3634,0.3381306529045105,0.0040332158096134,0.1275138556957245,0.840946615299945,0.8270529176646036,0.3606583178043365,0.2262148064100058,0.0194000093308397,0.000550357732526,-0.0003239630962706,0.0020772814750671,0.005726709700381699,0.0049532195927352,0.0055035773252614,0.0047967452555894,0.4804623004953219,0.012298403548865,0.1260259598493576,0.7278481012658228,0.3627355992794037,0.8403962575674189,MOSEI
analytic_pi_g1,0.5,55,3634,0.3547884225845337,0.004772719461470801,0.1608469188213348,0.8425976884975234,0.8286733494551071,0.3657580316066742,0.2290388990240159,0.0103018774425976,0.004127682993946,0.0035231254418388,0.004164844751358,0.0112586839515355,0.0057787561915244,0.0099064391854705,0.0060426020063459,0.37369290038525044,0.0269497874270515,0.1590098142623901,0.6981287837094111,0.3699228763580322,0.8384700055035773,MOSEI
analytic_pi_g1,0.75,11,3634,0.3460664451122284,0.0063163940794765,0.2487696409225464,0.8390203632361035,0.8223567493346599,0.3640063405036926,0.227189195789435,0.0181882451639505,0.0005503577325262001,-0.0001763797286081,0.0033680498600006,0.0091678950638511,0.0060539350577875,0.0066042927903137,0.007124471478164101,0.3654375343973582,0.0214551840337928,0.2450874745845794,0.6890478811227297,0.3673743903636932,0.8384700055035773,MOSEI
analytic_pi_g1,0.75,22,3634,0.3484334051609039,0.0060138502158224,0.2391204982995987,0.8390203632361035,0.8235824393537406,0.3619316220283508,0.2267544540093306,0.0150550103935489,0.0011007154650523002,0.0012697382449018,0.0043972730636596,0.0120036205785929,0.004127682993946,0.0052283984589983,0.0073372754268348,0.3552559163456246,0.0274234410583457,0.2456368803977966,0.6890478811227297,0.3663288950920105,0.8379196477710512,MOSEI
analytic_pi_g1,0.75,33,3634,0.3443490266799927,0.0079704523086547,0.2716023325920105,0.841221794166208,0.8277295952970123,0.364740639925003,0.2287246483849856,0.0133040547534929,0.0049532195927352,0.0043305037720149,0.0069409012794494,0.0186743233386224,0.0066042927903137,0.0115575123830489,0.0124356178566813,0.3238855255916346,0.0413950844187069,0.2756445407867431,0.6807925151348376,0.3716815412044525,0.8362685745734728,MOSEI
analytic_pi_g1,0.75,44,3634,0.33749920129776,0.0061694467440247,0.1912707984447479,0.8425976884975234,0.8285560074283533,0.3599623143672943,0.22567099891354964,0.0184387806423693,0.0022014309301044,0.0011791266674789,0.0027732849121093004,0.0076454721224458,0.0060539350577875,0.0082553659878921,0.007335266098380001,0.4804623004953219,0.0164187498428602,0.1890389174222946,0.7278481012658228,0.3627355992794037,0.8403962575674189,MOSEI
analytic_pi_g1,0.75,55,3634,0.3527925312519073,0.0073236706666648,0.241270363330841,0.8425976884975234,0.8286733494551071,0.3641963303089142,0.2278980772733218,0.0088263763197844,0.004127682993946,0.0035231254418388,0.005726546049118,0.015480378249372,0.0088057237204182,0.0129334067143643,0.0093039721250534,0.37369290038525044,0.0370552465965765,0.238514706492424,0.6981287837094111,0.3699228763580322,0.8384700055035773,MOSEI
analytic_pi_g1,1.0,11,3634,0.3449977040290832,0.0085617406293749,0.3316928744316101,0.8395707209686296,0.8228320207267492,0.3632628321647644,0.2268341746909845,0.0136165800137905,0.0011007154650523002,0.0002988916634811,0.0041115581989288,0.01119173874602,0.0066042927903137,0.0077050082553659,0.0096719907596707,0.3654375343973582,0.0261916039773131,0.3267832994461059,0.6890478811227297,0.3673743903636932,0.8384700055035773,MOSEI
analytic_pi_g1,1.0,22,3634,0.3466941714286804,0.0081678219139575,0.318827360868454,0.8395707209686296,0.8241855763132149,0.3608879446983337,0.2260468913650968,0.0167035040910518,0.0016510731975784,0.0018728752043761,0.0054409503936767,0.0148526377978187,0.0057787561915244,0.0074298293891029,0.010017625987529699,0.3552559163456246,0.0339321615115018,0.3275158703327179,0.6890478811227297,0.3663288950920105,0.8379196477710512,MOSEI
analytic_pi_g1,1.0,33,3634,0.3423232734203338,0.0108730569481849,0.3621364533901214,0.8428728673637864,0.8290603233398965,0.3636491596698761,0.2278594974560508,0.0131610735438981,0.0066042927903136,0.0056612318148991,0.0080323815345764,0.0216109239876349,0.009080902586681299,0.015685195376995,0.0170983355492353,0.3238855255916346,0.0479045268739009,0.3675260841846466,0.6807925151348376,0.3716815412044525,0.8362685745734728,MOSEI
analytic_pi_g1,1.0,44,3634,0.3370280563831329,0.0083996970206499,0.255027711391449,0.8414969730324711,0.8268782431629947,0.3594864904880523,0.225309110250209,0.0177693586134293,0.0011007154650521,-0.0004986375978796,0.0032491087913513,0.008957237166150402,0.0093560814529444,0.0104567969179966,0.009983333759009798,0.4804623004953219,0.0192356636764911,0.2520519196987152,0.7278481012658228,0.3627355992794037,0.8403962575674189,MOSEI
analytic_pi_g1,1.0,55,3634,0.3510498404502868,0.0100068897008895,0.3216938376426697,0.8439735828288387,0.8300837797753421,0.3629930913448334,0.22705074840172,0.0090659003239381,0.0055035773252614,0.0049335557620738,0.0069297850131988,0.0187330534446099,0.0099064391854705,0.0154100165107319,0.0127652995288372,0.37369290038525044,0.0448409742987869,0.3180196285247803,0.6981287837094111,0.3699228763580322,0.8384700055035773,MOSEI
analytic_pi_g2,0.0,11,3634,0.3505404889583587,0.0,0.0,0.8384700055035773,0.8225331290632681,0.3673743903636932,0.2291006392871129,0.0194848422729909,0.0,0.0,0.0,0.0,0.0,0.0,0.0,0.0,0.0,0.0,0.0,0.3673743903636932,0.8384700055035773,MOSEI
analytic_pi_g2,0.0,22,3634,0.3546566069126129,0.0,0.0,0.8379196477710512,0.8223127011088387,0.3663288950920105,0.2299003387017825,0.0104087162752629,0.0,0.0,0.0,0.0,0.0,0.0,0.0,0.0,0.0,0.0,0.0,0.3663288950920105,0.8379196477710512,MOSEI
analytic_pi_g2,0.0,33,3634,0.3527730703353882,0.0,0.0,0.8362685745734728,0.8233990915249974,0.3716815412044525,0.2339579760904716,0.0194552281300445,0.0,0.0,0.0,0.0,0.0,0.0,0.0,0.0,0.0,0.0,0.0,0.3716815412044525,0.8362685745734728,MOSEI
analytic_pi_g2,0.0,44,3634,0.339856743812561,0.0,0.0,0.8403962575674189,0.8273768807608743,0.3627355992794037,0.2278481778713651,0.022365787131614405,0.0,0.0,0.0,0.0,0.0,0.0,0.0,0.0,0.0,0.0,0.0,0.3627355992794037,0.8403962575674189,MOSEI
analytic_pi_g2,0.0,55,3634,0.3595159649848938,0.0,0.0,0.8384700055035773,0.8251502240132682,0.3699228763580322,0.2322010220421067,0.0086957606792975,0.0,0.0,0.0,0.0,0.0,0.0,0.0,0.0,0.0,0.0,0.0,0.3699228763580322,0.8384700055035773,MOSEI
analytic_pi_g2,0.1,11,3634,0.3501704037189483,0.00053246691823,0.0243393387645483,0.8398458998348927,0.8240128688511494,0.3670602440834045,0.2289011526207197,0.0182092972161288,0.0013758943313153,0.0014797397878813998,0.0003141462802886,0.0008551120832829,0.0005503577325261,0.0019262520638414,0.0005662955809384,0.3558062740781508,0.0020009967013929,0.023890266194939596,0.6890478811227297,0.3673743903636932,0.8384700055035773,MOSEI
analytic_pi_g2,0.1,22,3634,0.3540563583374023,0.0004903236404061,0.0229552127420902,0.8379196477710512,0.8222490733255188,0.3658682405948639,0.22956224355388233,0.010334692079416,0.0,-6.362778331991947e-05,0.0004606544971466,0.0012574888394509,0.0005503577325261,0.0005503577325261,0.0006355617078952,0.3381948266373142,0.0028731151251478,0.0239278338849544,0.6890478811227297,0.3663288950920105,0.8379196477710512,MOSEI
analytic_pi_g2,0.1,33,3634,0.351919412612915,0.0006239524227567,0.027001695707440296,0.837369290038525,0.8244735847821434,0.3709550201892853,0.2333881308803396,0.0197166127691442,0.0011007154650521,0.001074493257146,0.0007265210151672,0.0019546868343606,0.0005503577325261,0.0016510731975784,0.0010453815339133,0.3225096312603191,0.0043327557095924,0.0276196207851171,0.6807925151348376,0.3716815412044525,0.8362685745734728,MOSEI
analytic_pi_g2,0.1,44,3634,0.3396582007408142,0.0005163068999536,0.0168982706964015,0.8403962575674189,0.8272068890320825,0.3624435663223266,0.22760664964702762,0.0212013742132506,0.0,-0.0001699917287918,0.000292032957077,0.0008050849093862,0.0008255365987892,0.0008255365987892,0.0005920897237955999,0.4287286736378646,0.0017292645068063,0.0165669526904821,0.7278481012658228,0.3627355992794037,0.8403962575674189,MOSEI
analytic_pi_g2,0.1,55,3634,0.3587848246097564,0.0006211077561601,0.0232625789940357,0.8403962575674189,0.8270928077131446,0.369303435087204,0.231710409196085,0.0116255483459363,0.0019262520638415,0.0019425836998764002,0.0006194412708282,0.0016745146364743999,0.000275178866263,0.0022014309301045,0.0007977776695042,0.3313153549807375,0.0040082815319754,0.0228881724178791,0.6981287837094111,0.3699228763580322,0.8384700055035773,MOSEI
analytic_pi_g2,0.25,11,3634,0.3496431112289428,0.00134224712383,0.060848344117402996,0.8401210787011557,0.8241553982445641,0.3666120767593384,0.2286197964568135,0.0176239677786367,0.0016510731975784,0.0016222691812959,0.0007623136043548,0.0020750319683421,0.0013758943313153,0.0030269675288937,0.0014269253006204,0.360484314804623,0.0048559291867391,0.0597256682813167,0.6890478811227297,0.3673743903636932,0.8384700055035773,MOSEI
analytic_pi_g2,0.25,22,3634,0.3531793057918548,0.0012364718131721,0.0573880299925804,0.8381948266373143,0.8225826378759256,0.3652086555957794,0.2290833384406822,0.010081614021685401,0.000275178866263,0.0002699367670868,0.001120239496231,0.0030580156554391,0.0005503577325261,0.0008255365987892,0.0016063067596405,0.3472757292239956,0.0069864733029922,0.0598195865750312,0.6890478811227297,0.3663288950920105,0.8379196477710512,MOSEI
analytic_pi_g2,0.25,33,3634,0.3506961464881897,0.0015752093167975,0.0675042420625686,0.8379196477710512,0.8248979149410477,0.3699584007263183,0.2325991173904383,0.0194250952429868,0.0016510731975784,0.0014988234160504,0.0017231404781341,0.004636066866679,0.0011007154650522,0.0027517886626307,0.0026485726702958,0.3233351678591084,0.0102765422167296,0.0690490528941154,0.6807925151348376,0.3716815412044525,0.8362685745734728,MOSEI
analytic_pi_g2,0.25,44,3634,0.3393803536891937,0.0013023830251768,0.0422456711530685,0.840946615299945,0.8276890394106855,0.3620353639125824,0.2272681173525314,0.0210164676476259,0.000550357732526,0.0003121586498111,0.0007002353668212,0.0019304291285783,0.0016510731975784,0.0022014309301045,0.0014927611919119,0.4512933406714364,0.0041457533023596,0.0414173826575279,0.7278481012658228,0.3627355992794037,0.8403962575674189,MOSEI
analytic_pi_g2,0.25,55,3634,0.3577264845371246,0.0015696870395912998,0.0581564418971538,0.841221794166208,0.8277870954934864,0.3684269487857818,0.2310224850640282,0.011933215023989701,0.0027517886626307,0.002636871480218,0.0014959275722503,0.0040438904102879,0.0016510731975784,0.0044028618602091,0.0020186826586723,0.3439735828288387,0.0096797540224555,0.0572204254567623,0.6981287837094111,0.3699228763580322,0.8384700055035773,MOSEI
analytic_pi_g2,0.5,11,3634,0.3488355576992035,0.0027229147963225,0.12169668823480599,0.8395707209686296,0.8233562383090199,0.3659265637397766,0.2281985372312421,0.0174869281712901,0.0011007154650523002,0.000823109245752,0.0014478266239166002,0.0039410113004428,0.0024766097963676,0.0035773252614199,0.0028929682448506,0.3626857457347275,0.0092229051472507,0.1194513365626335,0.6890478811227297,0.3673743903636932,0.8384700055035773,MOSEI
analytic_pi_g2,0.5,22,3634,0.351780503988266,0.0025102335494011,0.1147760599851608,0.8387451843698404,0.8234380140511743,0.3641957938671112,0.2283604676805343,0.013536282617703298,0.0008255365987891,0.0011253129423356,0.0021331012248992,0.0058229128345541,0.0019262520638414,0.0027517886626307,0.0032744037453085,0.3486516235553109,0.013302735839009601,0.11963917315006249,0.6890478811227297,0.3663288950920105,0.8379196477710512,MOSEI
analytic_pi_g2,0.5,33,3634,0.3488016724586487,0.0032043813262134005,0.1350084841251373,0.8398458998348927,0.8268945941698751,0.3685389161109924,0.2314594383689167,0.0193429432469012,0.0035773252614197996,0.0034955026448777,0.0031426250934600006,0.0084551551397366,0.0016510731975784,0.0052283984589983,0.0054232194088399,0.3238855255916346,0.0187422744416914,0.1380981057882309,0.6807925151348376,0.3716815412044525,0.8362685745734728,MOSEI
analytic_pi_g2,0.5,44,3634,0.3389717936515808,0.0026453475002199,0.084491342306137,0.8417721518987342,0.8282692676736857,0.3614340126514435,0.2267672576988723,0.0204033943146352,0.0013758943313153,0.0008923869128113,0.0013015866279602,0.0035882516922681,0.0030269675288937,0.0044028618602091,0.0030293797608464,0.4642267473858008,0.0077059103494301,0.0828347653150558,0.7278481012658228,0.3627355992794037,0.8403962575674189,MOSEI
analytic_pi_g2,0.5,55,3634,0.3560660779476166,0.0031991363503038,0.1163128837943077,0.8420473307649973,0.8284238873836304,0.3671075403690338,0.2300039280397396,0.0115783491433815,0.0035773252614199,0.0032736633703620995,0.0028153359889984,0.0076106025577979,0.0038525041276829,0.0074298293891029,0.0041237156838178,0.3569069895432031,0.0182173840433176,0.1144408509135246,0.6981287837094111,0.3699228763580322,0.8384700055035773,MOSEI
analytic_pi_g2,0.75,11,3634,0.3481140434741974,0.004145068116486,0.1825450360774994,0.8398458998348927,0.8235619171879197,0.36531862616539,0.227836860845032,0.0164682169208568,0.0013758943313153,0.0010287881246516,0.0020557641983032,0.0055958288117689,0.0035773252614199,0.0049532195927352,0.0044020535424351,0.3629609246009906,0.013095517216829998,0.1791769862174987,0.6890478811227297,0.3673743903636932,0.8384700055035773,MOSEI
analytic_pi_g2,0.75,22,3634,0.3504620790481567,0.0038249692879617006,0.1721640825271606,0.8392955421023666,0.8240406146858119,0.3632964193820953,0.2277317236267699,0.0136519554032686,0.0013758943313153,0.0017279135769732,0.0030324757099151,0.0082780139665299,0.0027517886626307,0.004127682993946,0.0050126081332564,0.3516785910842047,0.018911615629850304,0.1794587820768356,0.6890478811227297,0.3663288950920105,0.8379196477710512,MOSEI
analytic_pi_g2,0.75,33,3634,0.3470783531665802,0.0048935688100755,0.2025127112865448,0.8403962575674189,0.8273203672043385,0.3674192428588867,0.23053893986907334,0.0175802718169359,0.004127682993946,0.0039212756793411,0.0042622983455657,0.0114676083502925,0.0030269675288937,0.0071546505228398,0.0083445431664586,0.3236103467253715,0.0254199473304549,0.2071471661329269,0.6807925151348376,0.3716815412044525,0.8362685745734728,MOSEI
analytic_pi_g2,0.75,44,3634,0.3386334478855133,0.0040327101014554,0.1267370283603668,0.8401210787011557,0.8262435554862073,0.3609311580657959,0.2263455982788144,0.0215878759397539,-0.00027517886626310004,-0.0011333252746669998,0.0018044412136077,0.0049745357698346,0.0049532195927352,0.0046780407264722,0.0046142791397869,0.469179966978536,0.0106828530482455,0.1242521405220031,0.7278481012658228,0.3627355992794037,0.8403962575674189,MOSEI
analytic_pi_g2,0.75,55,3634,0.354537695646286,0.0048954924568533,0.17446930706501,0.8423225096312603,0.8286360710733163,0.3659693598747253,0.2291453514958588,0.009937958741621,0.003852504127683,0.003485847060048,0.0039535164833068,0.0106874073921301,0.0052283984589983,0.009080902586681299,0.0063273441046476,0.3610346725371491,0.0255827098335864,0.1716612875461578,0.6981287837094111,0.3699228763580322,0.8384700055035773,MOSEI
analytic_pi_g2,1.0,11,3634,0.3474771380424499,0.0056122024543583,0.2433933764696121,0.8398458998348927,0.823496835443038,0.3647908270359039,0.227534768209926,0.0155235976226787,0.0013758943313153,0.0009637063797699,0.0025835633277893,0.0070325079688642,0.004127682993946,0.0055035773252614,0.0059591443277895,0.3637864611997798,0.0164579130971309,0.238902673125267,0.6890478811227297,0.3673743903636932,0.8384700055035773,MOSEI
analytic_pi_g2,1.0,22,3634,0.3492266833782196,0.005185108166188,0.2295521199703216,0.8398458998348927,0.8245809077255504,0.3625193238258362,0.227197109576608,0.0150550993248598,0.0019262520638414,0.0022682066167115994,0.0038095712661743,0.0103993196201939,0.0030269675288937,0.0049532195927352,0.0068317805416881995,0.35277930654925704,0.0237581910777215,0.2392783463001251,0.6890478811227297,0.3663288950920105,0.8379196477710512,MOSEI
analytic_pi_g2,1.0,33,3634,0.3455205261707306,0.0066501479595899,0.2700169682502746,0.841221794166208,0.8279586884506118,0.3666103482246399,0.2298376225132937,0.0162534729983036,0.0049532195927352,0.0045595969256144,0.0050711929798126,0.0136439193708118,0.0052283984589983,0.0101816180517336,0.0114420298486948,0.3238855255916346,0.0302445082272502,0.2761962115764618,0.6807925151348376,0.3716815412044525,0.8362685745734728,MOSEI
analytic_pi_g2,1.0,44,3634,0.3383685350418091,0.0054689585231244,0.1689826846122741,0.8414969730324711,0.8274752609897582,0.3605283200740814,0.2260031393541136,0.0195724621505349,0.0011007154650521,9.838022888386531e-05,0.0022072792053222,0.0060850912061213,0.0055035773252614,0.0066042927903137,0.0062530469149351,0.4708310401761145,0.0130678477396805,0.1656695306301117,0.7278481012658228,0.3627355992794037,0.8403962575674189,MOSEI
analytic_pi_g2,1.0,55,3634,0.3531463146209717,0.0066675329580903,0.2326257675886154,0.8423225096312603,0.8284031182891487,0.3650220334529876,0.228446755490147,0.0095128447358662,0.003852504127683,0.0032528942758804002,0.0049008429050445,0.0132482828672137,0.0068794716565767,0.0107319757842597,0.0086456406861543,0.3593835993395707,0.0317123818391001,0.2288817018270492,0.6981287837094111,0.3699228763580322,0.8384700055035773,MOSEI
analytic_pi_g3,0.0,11,3634,0.3505404889583587,0.0,0.0,0.8384700055035773,0.8225331290632681,0.3673743903636932,0.2291006392871129,0.0194848422729909,0.0,0.0,0.0,0.0,0.0,0.0,0.0,0.0,0.0,0.0,0.0,0.3673743903636932,0.8384700055035773,MOSEI
analytic_pi_g3,0.0,22,3634,0.3546566069126129,0.0,0.0,0.8379196477710512,0.8223127011088387,0.3663288950920105,0.2299003387017825,0.0104087162752629,0.0,0.0,0.0,0.0,0.0,0.0,0.0,0.0,0.0,0.0,0.0,0.3663288950920105,0.8379196477710512,MOSEI
analytic_pi_g3,0.0,33,3634,0.3527730703353882,0.0,0.0,0.8362685745734728,0.8233990915249974,0.3716815412044525,0.2339579760904716,0.0194552281300445,0.0,0.0,0.0,0.0,0.0,0.0,0.0,0.0,0.0,0.0,0.0,0.3716815412044525,0.8362685745734728,MOSEI
analytic_pi_g3,0.0,44,3634,0.339856743812561,0.0,0.0,0.8403962575674189,0.8273768807608743,0.3627355992794037,0.2278481778713651,0.022365787131614405,0.0,0.0,0.0,0.0,0.0,0.0,0.0,0.0,0.0,0.0,0.0,0.3627355992794037,0.8403962575674189,MOSEI
analytic_pi_g3,0.0,55,3634,0.3595159649848938,0.0,0.0,0.8384700055035773,0.8251502240132682,0.3699228763580322,0.2322010220421067,0.0086957606792975,0.0,0.0,0.0,0.0,0.0,0.0,0.0,0.0,0.0,0.0,0.0,0.3699228763580322,0.8384700055035773,MOSEI
analytic_pi_g3,0.1,11,3634,0.3503177762031555,0.000401803466957,0.0201583933085203,0.8384700055035773,0.8224687335501335,0.3671508133411407,0.22896047994327554,0.019666844498146697,0.0,-6.439551313452974e-05,0.00022357702255239997,0.0006085808603347001,0.0005503577325261,0.0005503577325261,0.0003989545803051,0.310126582278481,0.0014240489807542,0.0195092558860778,0.6887727022564667,0.3673743903636932,0.8384700055035773,MOSEI
analytic_pi_g3,0.1,22,3634,0.3542156815528869,0.0003514449927024,0.0185760930180549,0.8376444689047882,0.8220428313654012,0.365982323884964,0.22965346206072962,0.0105889664453402,-0.000275178866263,-0.0002698697434374,0.0003465712070465,0.0009460657122323,0.000275178866263,0.0,0.0004755027475766,0.2861860209135938,0.0021613646725325,0.0194882322102785,0.6890478811227297,0.3663288950920105,0.8379196477710512,MOSEI
analytic_pi_g3,0.1,33,3634,0.3521817922592163,0.0004370757669676,0.0225980728864669,0.837369290038525,0.8244735847821434,0.3712109923362732,0.2335743462552997,0.0188155632853573,0.0011007154650521,0.001074493257146,0.0004705488681793,0.0012660000995865,0.0005503577325261,0.0016510731975784,0.0007787768845446,0.3093010456796918,0.0028063289124484,0.0231244694441556,0.6807925151348376,0.3716815412044525,0.8362685745734728,MOSEI
analytic_pi_g3,0.1,44,3634,0.3397419154644012,0.00037210647133169994,0.0129551636055111,0.8403962575674189,0.8272637033812296,0.3625418543815613,0.2276836003725455,0.0208126957526755,0.0,-0.0001131773796447,0.0001937448978424,0.0005341215425982,0.0005503577325261,0.0005503577325261,0.0004112295282538,0.3252614199229499,0.0011471970026787,0.0126061215996742,0.7272977435332967,0.3627355992794037,0.8403962575674189,MOSEI
analytic_pi_g3,0.1,55,3634,0.3589544892311096,0.0004535990010481,0.0185607876628637,0.8395707209686296,0.8262271849678644,0.3694708347320556,0.2318438459333772,0.010951291583170798,0.0011007154650523002,0.0010769609545961,0.0004520416259765,0.0012219888383951,0.000275178866263,0.0013758943313153,0.0005896817310713,0.2669235002751788,0.0029251680739845005,0.0182059351354837,0.6959273527793065,0.3699228763580322,0.8384700055035773,MOSEI
analytic_pi_g3,0.25,11,3634,0.3499970138072967,0.0010125454282388,0.050395980477333,0.8403962575674189,0.8245539265352655,0.3668278753757477,0.228759881170446,0.0177759678073814,0.0019262520638415,0.0020207974719974,0.0005465149879455,0.0014876240758221998,0.0008255365987892,0.0027517886626307,0.0010047440882772,0.3241607044578976,0.0034814305038087,0.0487731359899044,0.6890478811227297,0.3673743903636932,0.8384700055035773,MOSEI
analytic_pi_g3,0.25,22,3634,0.3535680174827575,0.0008857050561346,0.0464402325451374,0.8379196477710512,0.8222490733255188,0.3654827773571014,0.2293010407461089,0.009760443266761998,0.0,-6.362778331991947e-05,0.000846117734909,0.0023097215268714,0.0005503577325261,0.0005503577325261,0.0012011710787191,0.3043478260869565,0.0052768410955548,0.048720583319664,0.6890478811227297,0.3663288950920105,0.8379196477710512,MOSEI
analytic_pi_g3,0.25,33,3634,0.3513220846652984,0.0011021218961104,0.0564951822161674,0.837369290038525,0.8243602403859718,0.3705574572086334,0.2330375604133151,0.0217016668652989,0.0011007154650521,0.0009611488609744,0.001124083995819,0.0030243202074992,0.0011007154650522,0.0022014309301045,0.0019714864902198,0.3145294441386901,0.006703889464517901,0.0578111708164215,0.6807925151348376,0.3716815412044525,0.8362685745734728,MOSEI
analytic_pi_g3,0.25,44,3634,0.3395804166793823,0.0009373689536005,0.0323879085481166,0.8406714364336819,0.8274194512802633,0.3622663021087646,0.2274489861180013,0.0209471198248876,0.000275178866263,4.25705193889403e-05,0.000469297170639,0.001293772024503,0.0011007154650522,0.0013758943313153,0.0010356933344155,0.3574573472757292,0.002778450445968,0.0315153039991855,0.7278481012658228,0.3627355992794037,0.8403962575674189,MOSEI
analytic_pi_g3,0.25,55,3634,0.3581355214118957,0.0011450845049694,0.0464019738137722,0.841221794166208,0.8279586884506118,0.3688242733478546,0.2313375089267887,0.012621803128201,0.0027517886626307,0.0028084644373436,0.0010986030101776,0.0029698163600845,0.0005503577325261,0.0033021463951568,0.0014904112322255,0.28673637864612,0.0071089384774585,0.0455148331820964,0.697578425976885,0.3699228763580322,0.8384700055035773,MOSEI
analytic_pi_g3,0.5,11,3634,0.349498301744461,0.0020528882741928,0.1007919609546661,0.8398458998348927,0.8238205908666076,0.3663234710693359,0.2284512598438321,0.0191190252608497,0.0013758943313153,0.0012874618033395999,0.0010509192943572,0.0028606220845086,0.0016510731975784,0.0030269675288937,0.0020352406427264,0.3326912493120528,0.0066945110230427,0.0975462719798088,0.6890478811227297,0.3673743903636932,0.8384700055035773,MOSEI
analytic_pi_g3,0.5,22,3634,0.3525261878967285,0.0017961299745365,0.0928804650902748,0.8379196477710512,0.8223761654347918,0.3647064864635467,0.2287613887268278,0.0116701480052467,0.0,6.34643259530554e-05,0.0016224086284636998,0.004428830622428,0.0011007154650522,0.0011007154650522,0.0024463760200887,0.3109521188772702,0.0101179336766413,0.097441166639328,0.6890478811227297,0.3663288950920105,0.8379196477710512,MOSEI
analytic_pi_g3,0.5,33,3634,0.3499602377414703,0.0022371506784111,0.1129903644323349,0.8392955421023666,0.826243128752884,0.3696082830429077,0.2322460108426309,0.019150513604111102,0.0030269675288937,0.0028440372278866,0.0020732581615448,0.0055780498402646,0.0011007154650522,0.004127682993946,0.004030805081129,0.3194826637314254,0.0123648035627527,0.115622341632843,0.6807925151348376,0.3716815412044525,0.8362685745734728,MOSEI
analytic_pi_g3,0.5,44,3634,0.3393405377864837,0.0018993240082636,0.0647758170962333,0.8406714364336819,0.8273051137018846,0.3618479073047638,0.2270906344393641,0.0226256060908637,0.000275178866263,-7.176705898981339e-05,0.0008876919746398,0.0024472149312153,0.0022014309301045,0.0024766097963676,0.0020980220288038,0.379746835443038,0.0052555455427241,0.0630306079983711,0.7278481012658228,0.3627355992794037,0.8403962575674189,MOSEI
analytic_pi_g3,0.5,55,3634,0.3568336963653564,0.0023290631361305,0.0928039476275444,0.8428728673637864,0.8294067134376863,0.3678323030471802,0.2305720863265057,0.0128851403196761,0.0044028618602091,0.0042564894244181,0.002090573310852,0.0056513761231372,0.0019262520638414,0.0063291139240506,0.003038233378902,0.298293891029169,0.0135275885862038,0.0910296663641929,0.6981287837094111,0.3699228763580322,0.8384700055035773,MOSEI
analytic_pi_g3,0.75,11,3634,0.3490456938743591,0.003123058238998,0.1511879563331604,0.8395707209686296,0.8233562383090199,0.365863174200058,0.2281747729434336,0.0187271375805713,0.0011007154650523002,0.000823109245752,0.0015112161636352,0.0041135588197619,0.0024766097963676,0.0035773252614199,0.003094159765169,0.3379196477710511,0.009626901445217002,0.1463194042444229,0.6890478811227297,0.3673743903636932,0.8384700055035773,MOSEI
analytic_pi_g3,0.75,22,3634,0.3515326678752899,0.0027335395570844,0.1393207013607025,0.8384700055035773,0.8231053125426293,0.3640049397945404,0.2282813812273639,0.0140798821774693,0.000550357732526,0.0007926114337906,0.00232395529747,0.0063439038760138,0.0019262520638414,0.0024766097963676,0.0037414361722767,0.3189323059988992,0.0144932613708617,0.146161749958992,0.6890478811227297,0.3663288950920105,0.8379196477710512,MOSEI
analytic_pi_g3,0.75,33,3634,0.3486855626106262,0.0034080992918461006,0.1694855391979217,0.8401210787011557,0.8271638895144382,0.3688386380672455,0.2315833246102365,0.019756973790282597,0.0038525041276828,0.0037647979894407995,0.002842903137207,0.0076487606244702,0.0013758943313153,0.0052283984589983,0.0061915908008813,0.3205833791964777,0.0169549260634798,0.1734335273504257,0.6807925151348376,0.3716815412044525,0.8362685745734728,MOSEI
analytic_pi_g3,0.75,44,3634,0.3391386270523071,0.0028877214062958,0.09716372191905968,0.841221794166208,0.8277295952970123,0.3614816963672638,0.226773123115861,0.019839019961060505,0.0008255365987891,0.0003527145361379,0.0012539029121398,0.0034567958442205,0.0030269675288937,0.0038525041276829,0.0031896794680505,0.3830489818381948,0.0074234338189336,0.0945459008216857,0.7278481012658228,0.3627355992794037,0.8403962575674189,MOSEI
analytic_pi_g3,0.75,55,3634,0.3556126654148102,0.0035560170654207,0.1392059177160263,0.8417721518987342,0.8281539088971874,0.3669512867927551,0.2299047539006448,0.0106277905392266,0.0033021463951569,0.0030036848839192,0.002971589565277,0.0080329975656899,0.0038525041276829,0.0071546505228398,0.004650835879147,0.3026967528893781,0.0192285663484854,0.1365445107221603,0.6981287837094111,0.3699228763580322,0.8384700055035773,MOSEI
analytic_pi_g3,1.0,11,3634,0.3486405611038208,0.0042253430001437,0.2015839219093322,0.8398458998348927,0.8236268332906367,0.3654496073722839,0.2279304221963173,0.0171648570155467,0.0013758943313153,0.0010937042273686,0.0019247829914093,0.0052392955031617,0.0024766097963676,0.0038525041276829,0.0041849263943731,0.3398458998348926,0.0122614205367949,0.1950925439596176,0.6890478811227297,0.3673743903636932,0.8384700055035773,MOSEI
analytic_pi_g3,1.0,22,3634,0.3505894243717193,0.0037006188649684,0.1857609301805496,0.8387451843698404,0.8235005882971145,0.3633847236633301,0.2278610190112049,0.0152523556645256,0.0008255365987891,0.0011878871882757,0.0029441714286804,0.0080369620527502,0.0024766097963676,0.0033021463951568,0.0050939205102622,0.3238855255916346,0.0183612844925755,0.194882333278656,0.6890478811227297,0.3663288950920105,0.8379196477710512,MOSEI
analytic_pi_g3,1.0,33,3634,0.3474974930286407,0.0046185115352272,0.2259807288646698,0.8401210787011557,0.8271075038239193,0.3682603240013122,0.23104950404034963,0.0219082209226779,0.0038525041276828,0.0037084122989219,0.0034212172031402,0.0092047003250514,0.0022014309301045,0.0060539350577875,0.0084728235378861,0.3208585580627408,0.0204038721260301,0.231244683265686,0.6807925151348376,0.3716815412044525,0.8362685745734728,MOSEI
analytic_pi_g3,1.0,44,3634,0.3389764428138733,0.0039046637248246995,0.1295516341924667,0.841221794166208,0.8275561833629167,0.3611700534820556,0.2264964515712035,0.019050696851397497,0.0008255365987891,0.0001793026020423,0.001565545797348,0.0043159419711163,0.0038525041276829,0.0046780407264722,0.0043141567148268,0.3899284534947716,0.0092685295826236,0.1260612159967422,0.7278481012658228,0.3627355992794037,0.8403962575674189,MOSEI
analytic_pi_g3,1.0,55,3634,0.3544755578041076,0.0048308274708688,0.1856078952550888,0.8420473307649973,0.8284238873836304,0.3661879003047943,0.2293355117730503,0.0107817308680986,0.0035773252614199,0.0032736633703620995,0.0037349760532379,0.010096634439074199,0.0044028618602091,0.007980187121629,0.0063376459293067,0.3093010456796918,0.024168481658713097,0.1820593327283859,0.6981287837094111,0.3699228763580322,0.8384700055035773,MOSEI
fixed,0.0,11,3634,0.3505404726233163,4.9112338863403325e-09,0.0,0.8384700055035773,0.8225331290632681,0.36737439724721344,0.2291006392871129,0.0194848537051421,0.0,0.0,-6.8835203093087224e-09,-1.8737071744424468e-08,0.0,0.0,4.718058617211776e-09,0.4782608695652174,-6.346515157851229e-08,0.0,0.0,0.3673743903636932,0.8384700055035773,MOSEI
fixed,0.0,22,3634,0.3546565922572609,4.996367173498935e-09,0.0,0.8379196477710512,0.8223127011088387,0.3663289012048195,0.2299003387017825,0.0104087186699459,0.0,0.0,-6.112808981217911e-09,-1.668666890085905e-08,0.0,0.0,4.955898250857645e-09,0.4856906989543203,6.373223582212263e-08,0.0,0.0,0.3663288950920105,0.8379196477710512,MOSEI
fixed,0.0,33,3634,0.3527730751994756,4.478208825140948e-09,0.0,0.8362685745734728,0.8233990915249974,0.3716815396863872,0.2339579760904716,0.0194552066763088,0.0,0.0,1.5180652845891982e-09,4.084317127156308e-09,0.0,0.0,4.248640334833729e-09,0.4711062190423775,-1.5958531607296322e-08,0.0,0.0,0.3716815412044525,0.8362685745734728,MOSEI
fixed,0.0,44,3634,0.3398567269545541,3.7431777994711045e-09,0.0,0.8403962575674189,0.8273768807608743,0.3627356173147021,0.2278481778713651,0.0223658057150108,0.0,0.0,-1.803529847688168e-08,-4.9720232898865996e-08,0.0,0.0,4.3189959850848856e-09,0.4955971381397908,2.6305133293824667e-08,0.0,0.0,0.3627355992794037,0.8403962575674189,MOSEI
fixed,0.0,55,3634,0.35951597250509926,5.036203742702154e-09,0.0,0.8384700055035773,0.8251502240132682,0.3699228778495464,0.2322010220421067,0.0086957459011508,0.0,0.0,-1.4915142454441364e-09,-4.031960013201684e-09,0.0,0.0,4.3572645674759115e-09,0.480737479361585,2.63305988124074e-09,0.0,0.0,0.3699228763580322,0.8384700055035773,MOSEI
fixed,0.1,11,3634,0.3487314402181116,0.0017258455208174,0.0999999999999999,0.8401210787011557,0.8241553982445641,0.3659145329852217,0.2284270710732924,0.0156475706879884,0.0016510731975784,0.0016222691812959,0.0014598573784714998,0.0039737592406109,0.0013758943313153,0.0030269675288937,0.0020053501025251,0.4001100715465052,0.0092996192246582,0.1,1.0,0.3673743903636932,0.8384700055035773,MOSEI
fixed,0.1,22,3634,0.3528997174685561,0.0015949078090139002,0.0999999999999999,0.8379196477710512,0.8223761654347918,0.3649994531158524,0.2290001530903579,0.0101369380409664,0.0,6.34643259530554e-05,0.001329441976158,0.0036290939480056,0.0011007154650522,0.0011007154650522,0.0017231366440404001,0.3932305998899285,0.008291064470429,0.1,1.0,0.3663288950920105,0.8379196477710512,MOSEI
fixed,0.1,33,3634,0.3503173035383056,0.0021634647764308,0.0999999999999999,0.8376444689047882,0.8246857760364592,0.3690340981773126,0.2322459703223569,0.0172671494268427,0.0013758943313153,0.0012866845114618,0.0026474430271398,0.007122880029394699,0.0008255365987892,0.0022014309301045,0.0028347319566569,0.3445239405613648,0.0157891871473633,0.1,1.0,0.3716815412044525,0.8362685745734728,MOSEI
fixed,0.1,44,3634,0.3388999255381085,0.0015046669806784,0.0999999999999999,0.8406714364336819,0.8274194512802633,0.361714573802618,0.2271487705863867,0.0206063767773113,0.000275178866263,4.25705193889403e-05,0.0010210254767856,0.0028147925894618,0.0016510731975784,0.0019262520638414,0.0018312453918173,0.5266923500275179,0.006044871456081,0.1,1.0,0.3627355992794037,0.8403962575674189,MOSEI
fixed,0.1,55,3634,0.3577809364398878,0.0016910852348748,0.0999999999999999,0.841221794166208,0.8277870954934864,0.3681186586247503,0.2309712372706945,0.0122238046604982,0.0027517886626307,0.002636871480218,0.0018042177332818,0.004877280775508601,0.0016510731975784,0.0044028618602091,0.0020519884089355,0.4157952669235003,0.0116747471794086,0.1,1.0,0.3699228763580322,0.8384700055035773,MOSEI
fixed,0.25,11,3634,0.3464863773097112,0.0043586667267282,0.25,0.8398458998348927,0.8235619171879197,0.3640955579199812,0.2275670875583766,0.0137490307544212,0.0013758943313153,0.0010287881246516,0.0032788324437119,0.008925043578748,0.0030269675288937,0.0044028618602091,0.005075507095317,0.4001100715465052,0.0208869231732665,0.25,1.0,0.3673743903636932,0.8384700055035773,MOSEI
fixed,0.25,22,3634,0.3504549118640143,0.004032357120893,0.25,0.8387451843698404,0.8233752782253824,0.3632003627900655,0.2277737983294904,0.0115243311177981,0.0008255365987891,0.0010625771165436,0.0031285323019448995,0.008540228040595,0.0027517886626307,0.0035773252614199,0.0043629462854705,0.3932305998899285,0.0195109528910184,0.25,1.0,0.3663288950920105,0.8379196477710512,MOSEI
fixed,0.25,33,3634,0.3471628260280857,0.005480055861252,0.25,0.8401210787011557,0.8271638895144382,0.3657580455429125,0.23002655866132687,0.0113482278683025,0.0038525041276828,0.0037647979894407995,0.0059234956615399,0.015937018670189,0.0024766097963676,0.0063291139240506,0.0072147590712514,0.3445239405613648,0.0353273942249677,0.25,1.0,0.3716815412044525,0.8362685745734728,MOSEI
fixed,0.25,44,3634,0.3376224822336053,0.003806952053227,0.25,0.8406714364336819,0.8269001477623275,0.3604366853072521,0.2262586660530688,0.021275984062867,0.000275178866263,-0.00047673299854680004,0.0022989139721515,0.0063377125838171,0.0044028618602091,0.0046780407264722,0.004641138502855699,0.5266923500275179,0.0136103062130161,0.25,1.0,0.3627355992794037,0.8403962575674189,MOSEI
fixed,0.25,55,3634,0.3553968460069205,0.004285397143902,0.25,0.8434232250963126,0.829774724286384,0.3657552730623,0.2293310915703149,0.0137650124937804,0.0049532195927353,0.0046245002731157,0.0041676032957321,0.0112661410312417,0.004127682993946,0.009080902586681299,0.0052116024106902,0.4157952669235003,0.0269677461270581,0.25,1.0,0.3699228763580322,0.8384700055035773,MOSEI
fixed,0.5,11,3634,0.3435669560901991,0.0088733949634074,0.5,0.8392955421023666,0.8226274053569758,0.3618667356647198,0.22653476518235738,0.0138165411725435,0.0008255365987892,9.427629370772904e-05,0.0055076546989734,0.014991939676363702,0.0063291139240506,0.0071546505228398,0.0103744774241304,0.4001100715465052,0.0350850512359658,0.5,1.0,0.3673743903636932,0.8384700055035773,MOSEI
fixed,0.5,22,3634,0.3468528158922626,0.0082244713342645,0.5,0.8384700055035773,0.8229793023942662,0.3606839239894897,0.2260603368114294,0.013055464696707,0.000550357732526,0.0006666012854275,0.0056449711025207,0.0154095709570027,0.0055035773252614,0.0060539350577875,0.0089235017536264,0.3932305998899285,0.035204529892136,0.5,1.0,0.3663288950920105,0.8379196477710512,MOSEI
fixed,0.5,33,3634,0.3430132967908771,0.0112197300646818,0.5,0.8420473307649973,0.8285391970576601,0.3618190369137841,0.2272571312026561,0.0098053169286572,0.0057787561915244,0.0051401055326627,0.0098625042906684,0.0265348240289482,0.0071546505228398,0.0129334067143643,0.014900265620635598,0.3445239405613648,0.0588194362844428,0.5,1.0,0.3716815412044525,0.8362685745734728,MOSEI
fixed,0.5,44,3634,0.3358890555707496,0.0077766634978553,0.5,0.841221794166208,0.826728659724469,0.3588963144001539,0.225199175548605,0.0154839931491579,0.0008255365987891,-0.0006482210364053,0.0038392848792497,0.0105842516887691,0.0085305448541552,0.0093560814529444,0.0095101005373675,0.5266923500275179,0.0227297056296262,0.5,1.0,0.3627355992794037,0.8403962575674189,MOSEI
fixed,0.5,55,3634,0.3519651837065629,0.0087782995960685,0.5,0.8442487616951018,0.8303543709867972,0.3626129776865948,0.22714293262098478,0.0089232775705098,0.0057787561915244,0.005204146973529,0.0073098986714374,0.0197606018405915,0.0088057237204182,0.014584479911942701,0.0107205964005637,0.4157952669235003,0.0473009158973094,0.5,1.0,0.3699228763580322,0.8384700055035773,MOSEI
fixed,0.75,11,3634,0.3414101916173054,0.013564206794520701,0.75,0.837369290038525,0.8199269795447981,0.3604795377454493,0.2260036721590553,0.0127632468139233,-0.0011007154650523002,-0.0026061495184698997,0.006894852618243899,0.0187679185024797,0.0110071546505228,0.0099064391854705,0.0159340499344015,0.4001100715465052,0.0439218320333656,0.75,1.0,0.3673743903636932,0.8384700055035773,MOSEI
fixed,0.75,22,3634,0.3438024419193756,0.0125968234579317,0.75,0.8403962575674189,0.8251837224756344,0.3587367480495413,0.2247599541475997,0.0112598198243039,0.0024766097963676,0.0028710213667957,0.0075921470424691,0.0207249472924111,0.0074298293891029,0.0099064391854705,0.0137129051297264,0.3932305998899285,0.0473479428538627,0.75,1.0,0.3663288950920105,0.8379196477710512,MOSEI
fixed,0.75,33,3634,0.3399982439650971,0.017271033981914,0.75,0.8401210787011557,0.8254667815477483,0.359513510731633,0.2256496937144592,0.0124750536511281,0.0038525041276828,0.002067690022751,0.0121680304728195,0.0327377852378366,0.0148596587782058,0.0187121629058888,0.0231629373795676,0.3445239405613648,0.0725694742101779,0.75,1.0,0.3716815412044525,0.8362685745734728,MOSEI
fixed,0.75,44,3634,0.3346273646753564,0.0119357092605779,0.75,0.8406714364336819,0.8252042073887249,0.3580243900590804,0.2246697063579736,0.0158536183808243,0.000275178866263,-0.0021726733721494,0.0047112092203233,0.0129879979513519,0.0140341221794166,0.0143093010456796,0.0146473063393179,0.5266923500275179,0.0278917262122493,0.75,1.0,0.3627355992794037,0.8403962575674189,MOSEI
fixed,0.75,55,3634,0.3491727125976501,0.013512911694446,0.75,0.8442487616951018,0.8304704821531305,0.36037581163456,0.2256365451941165,0.005979718163765299,0.0057787561915244,0.0053202581398622,0.0095470647234722,0.025808257162858,0.011832691249312,0.0176114474408365,0.0165860813042529,0.4157952669235003,0.0617771734420219,0.75,1.0,0.3699228763580322,0.8384700055035773,MOSEI
fixed,1.0,11,3634,0.3398850362033919,0.0184565645512708,1.0,0.8357182168409466,0.8173292287733127,0.359849026691708,0.2259738084884703,0.013626306068129599,-0.0027517886626307,-0.0052039002899553,0.0075253636719852,0.0204841814491622,0.0165107319757842,0.0137589433131535,0.0218055179400998,0.4001100715465052,0.0479383374612135,1.0,1.0,0.3673743903636932,0.8384700055035773,MOSEI
fixed,1.0,22,3634,0.34127895925123797,0.0171753341931523,1.0,0.8403962575674189,0.8251837224756344,0.3573500983323468,0.22387265033800097,0.0110605548683863,0.0024766097963676,0.0028710213667957,0.0089787967596636,0.0245102062107562,0.0093560814529444,0.011832691249312,0.0187734463768723,0.3932305998899285,0.055995677146225,1.0,1.0,0.3663288950920105,0.8379196477710512,MOSEI
fixed,1.0,33,3634,0.3379988663884615,0.023715111969298,1.0,0.8439735828288387,0.8289495781472181,0.3587540886225367,0.2252042461967361,0.0093069369312689,0.0077050082553659,0.0055504866222207,0.0129274525819157,0.0347809916522184,0.019537699504678,0.027242707760044,0.0320834377685746,0.3445239405613648,0.0770986280677903,1.0,1.0,0.3716815412044525,0.8362685745734728,MOSEI
fixed,1.0,44,3634,0.3338325824571331,0.016320050857591,1.0,0.8398458998348927,0.8236268332906367,0.3578001066487285,0.2246702584811747,0.0173966775540145,-0.0005503577325262001,-0.0037500474702376,0.0049354926306751,0.0136063089492176,0.0187121629058888,0.018161805173362598,0.0201088526947687,0.5266923500275179,0.0292195427738921,1.0,1.0,0.3627355992794037,0.8403962575674189,MOSEI
fixed,1.0,55,3634,0.3470068656171192,0.018535464347408603,1.0,0.8439735828288387,0.8300254696416307,0.3590247429597991,0.2248119292897099,0.0066781552138404,0.0055035773252614,0.0048752456283625,0.010898133398233,0.0294605554150299,0.015685195376995,0.0211887727022564,0.022894737634453804,0.4157952669235003,0.0705196707093305,1.0,1.0,0.3699228763580322,0.8384700055035773,MOSEI
max_confidence,0.0,11,3634,0.3505404726233163,4.9112338863403325e-09,0.0,0.8384700055035773,0.8225331290632681,0.36737439724721344,0.2291006392871129,0.0194848537051421,0.0,0.0,-6.8835203093087224e-09,-1.8737071744424468e-08,0.0,0.0,4.718058617211776e-09,0.4782608695652174,-6.346515157851229e-08,0.0,0.0,0.3673743903636932,0.8384700055035773,MOSEI
max_confidence,0.0,22,3634,0.3546565922572609,4.996367173498935e-09,0.0,0.8379196477710512,0.8223127011088387,0.3663289012048195,0.2299003387017825,0.0104087186699459,0.0,0.0,-6.112808981217911e-09,-1.668666890085905e-08,0.0,0.0,4.955898250857645e-09,0.4856906989543203,6.373223582212263e-08,0.0,0.0,0.3663288950920105,0.8379196477710512,MOSEI
max_confidence,0.0,33,3634,0.3527730751994756,4.478208825140948e-09,0.0,0.8362685745734728,0.8233990915249974,0.3716815396863872,0.2339579760904716,0.0194552066763088,0.0,0.0,1.5180652845891982e-09,4.084317127156308e-09,0.0,0.0,4.248640334833729e-09,0.4711062190423775,-1.5958531607296322e-08,0.0,0.0,0.3716815412044525,0.8362685745734728,MOSEI
max_confidence,0.0,44,3634,0.3398567269545541,3.7431777994711045e-09,0.0,0.8403962575674189,0.8273768807608743,0.3627356173147021,0.2278481778713651,0.0223658057150108,0.0,0.0,-1.803529847688168e-08,-4.9720232898865996e-08,0.0,0.0,4.3189959850848856e-09,0.4955971381397908,2.6305133293824667e-08,0.0,0.0,0.3627355992794037,0.8403962575674189,MOSEI
max_confidence,0.0,55,3634,0.35951597250509926,5.036203742702154e-09,0.0,0.8384700055035773,0.8251502240132682,0.3699228778495464,0.2322010220421067,0.0086957459011508,0.0,0.0,-1.4915142454441364e-09,-4.031960013201684e-09,0.0,0.0,4.3572645674759115e-09,0.480737479361585,2.63305988124074e-09,0.0,0.0,0.3699228763580322,0.8384700055035773,MOSEI
max_confidence,0.1,11,3634,0.3493231661179274,0.0012813274295631,0.0847324029867441,0.8401210787011557,0.8242833631901664,0.3661968147701283,0.228607943602113,0.0161074524590375,0.0016510731975784,0.0017502341268982,0.0011775755935649,0.0032053829130526,0.0008255365987892,0.0024766097963676,0.0014462676886667,0.4001100715465052,0.0075014170923835,0.0848794050986253,1.0,0.3673743903636932,0.8384700055035773,MOSEI
max_confidence,0.1,22,3634,0.3533688457192622,0.0011643909461218,0.0852580796265262,0.8379196477710512,0.8222490733255188,0.3653312389470365,0.2292572875915982,0.0107616516464304,0.0,-6.362778331991947e-05,0.0009976561449739,0.0027233891684229,0.0005503577325261,0.0005503577325261,0.001271742980454,0.3932305998899285,0.0062219076570877,0.0851456812435805,1.0,0.3663288950920105,0.8379196477710512,MOSEI
max_confidence,0.1,33,3634,0.3511122298777049,0.0015989039863236,0.0850918340389212,0.837369290038525,0.8244735847821434,0.3697995802171236,0.2327933721200878,0.0183175837430373,0.0011007154650521,0.001074493257146,0.0018819609873288,0.0050633695212042,0.0005503577325261,0.0016510731975784,0.0020455109558658,0.3445239405613648,0.011223892178971,0.08525167905536399,1.0,0.3716815412044525,0.8362685745734728,MOSEI
max_confidence,0.1,44,3634,0.3391999770978409,0.0010848953231257,0.0855073900460887,0.8406714364336819,0.8274194512802633,0.3620076078017861,0.2273721936453278,0.0200903886013349,0.000275178866263,4.25705193889403e-05,0.0007279914776175,0.0020069479782622,0.0011007154650522,0.0013758943313153,0.0012840536961110998,0.5266923500275179,0.0043100333928934,0.0857242577388907,1.0,0.3627355992794037,0.8403962575674189,MOSEI
max_confidence,0.1,55,3634,0.3582076513141686,0.0012163910713462,0.0848362772999725,0.840946615299945,0.8276319693913994,0.3685825249395039,0.2313247283526051,0.0110012803188849,0.0024766097963676,0.0024817453781311,0.0013403514185282,0.0036233266558811,0.0005503577325261,0.0030269675288937,0.0014756078914536,0.4157952669235003,0.0086731603134798,0.08499991515211558,1.0,0.3699228763580322,0.8384700055035773,MOSEI
max_confidence,0.25,11,3634,0.3477129209214615,0.0032255799203812,0.2118310074668604,0.8398458998348927,0.8236915840638295,0.3646569604021221,0.2279330724720066,0.0158561338616932,0.0013758943313153,0.0011584550005614,0.002717429961571,0.0073968954637281,0.0022014309301045,0.0035773252614199,0.0036445282316866,0.4001100715465052,0.017310655789299,0.2121985127465634,1.0,0.3673743903636932,0.8384700055035773,MOSEI
max_confidence,0.25,22,3634,0.3515344868612655,0.0029340042109804,0.2131451990663155,0.8379196477710512,0.8224394666048149,0.363939352944126,0.2283539156757024,0.0100038272049543,0.0,0.0001267654959762,0.0023895421478845,0.0065229420335087,0.0019262520638414,0.0019262520638414,0.0032101018216229996,0.3932305998899285,0.0149022976425137,0.2128642031089513,1.0,0.3663288950920105,0.8379196477710512,MOSEI
max_confidence,0.25,33,3634,0.3488707922301937,0.0040344257513061,0.21272958509730297,0.8392955421023666,0.8262997302323145,0.3673175712119318,0.2312015231673251,0.0145580612482184,0.0030269675288937,0.0029006387073171,0.0043639699925206,0.0117411534034727,0.0011007154650522,0.004127682993946,0.0051785136258991,0.3445239405613648,0.0260264644583981,0.2131291976384101,1.0,0.3716815412044525,0.8362685745734728,MOSEI
max_confidence,0.25,44,3634,0.3382888333192008,0.0027343296477782995,0.2137684751152219,0.8414969730324711,0.8280568767096281,0.361030389391379,0.2267235072225524,0.0200218530486093,0.0011007154650521,0.0006799959487537,0.0017052098880246,0.0047009719790729,0.0027517886626307,0.0038525041276829,0.0032381770883701,0.5266923500275179,0.010095422457761898,0.2143106443472268,1.0,0.3627355992794037,0.8403962575674189,MOSEI
max_confidence,0.25,55,3634,0.3563630574772504,0.0030713501928395,0.2120906932499313,0.8425976884975234,0.829021713559994,0.3667532058735715,0.230109819320976,0.0119601611605625,0.004127682993946,0.0038714895467257,0.0031696704844607,0.008568463014958,0.0030269675288937,0.0071546505228398,0.0037314787551869,0.4157952669235003,0.020510320950618603,0.2124997878802892,1.0,0.3699228763580322,0.8384700055035773,MOSEI
max_confidence,0.5,11,3634,0.34546538588614,0.0065283190947899,0.4236620149337209,0.8401210787011557,0.8238326111347658,0.3625797078351791,0.22697941364821111,0.0127905223404344,0.0016510731975784,0.0012994820714977,0.0047946825285141,0.0130512160190792,0.0033021463951568,0.0049532195927352,0.0073900107157079,0.4001100715465052,0.0305432488749092,0.4243970254931268,1.0,0.3673743903636932,0.8384700055035773,MOSEI
max_confidence,0.5,22,3634,0.3487231468230424,0.0059483569168729,0.426290398132631,0.8392955421023666,0.8240406146858119,0.3618837435889863,0.2270115084808914,0.0113016718344096,0.0013758943313153,0.0017279135769732,0.0044451515030241,0.0121343185388301,0.0027517886626307,0.004127682993946,0.006529014817689,0.3932305998899285,0.0277219472567702,0.4257284062179026,1.0,0.3663288950920105,0.8379196477710512,MOSEI
max_confidence,0.5,33,3634,0.3456958339120636,0.0082003657028342,0.42545917019460594,0.8403962575674189,0.8272637033812296,0.36396989841690086,0.22896192692022127,0.0121293664112651,0.004127682993946,0.0038646118562322,0.0077116427875516,0.0207479843162555,0.0035773252614199,0.0077050082553659,0.0105890740949564,0.3445239405613648,0.04599181043928059,0.4262583952768202,1.0,0.3716815412044525,0.8362685745734728,MOSEI
max_confidence,0.5,44,3634,0.336960192565478,0.0055462588849357,0.4275369502304438,0.840946615299945,0.8270529176646036,0.3596805115583265,0.2258164696280078,0.0190525992544782,0.000550357732526,-0.0003239630962706,0.0030550877210771994,0.0084223542633982,0.0049532195927352,0.0055035773252614,0.0065749705259219,0.5266923500275179,0.0180870529582524,0.4286212886944536,1.0,0.3627355992794037,0.8403962575674189,MOSEI
max_confidence,0.5,55,3634,0.3535838600994134,0.0062501299756143,0.4241813864998626,0.8428728673637864,0.8289436446892471,0.3641345691448352,0.2283503882752569,0.0090544467929921,0.0044028618602091,0.0037934206759788,0.005788307213197001,0.0156473351153194,0.0057787561915244,0.0101816180517336,0.0076145586728727,0.4157952669235003,0.0374549995392956,0.4249995757605784,1.0,0.3699228763580322,0.8384700055035773,MOSEI
max_confidence,0.75,11,3634,0.3436453802796138,0.0099142713650373,0.6354930224005814,0.8387451843698404,0.8220199649643627,0.3610029369457094,0.2262396628157266,0.0132267239497868,0.000275178866263,-0.0005131640989053,0.0063714534179837,0.0173432160354895,0.0060539350577875,0.0063291139240506,0.0112465418372327,0.4001100715465052,0.0405876545969796,0.6365955382396903,1.0,0.3673743903636932,0.8384700055035773,MOSEI
max_confidence,0.75,22,3634,0.3462028194145363,0.0090506012936659,0.6394355971989465,0.8390203632361035,0.8235824393537406,0.3601441110607319,0.22587311711734956,0.0133257627341112,0.0011007154650523002,0.0012697382449018,0.006184784031278501,0.0168831454852206,0.004127682993946,0.0052283984589983,0.009970577730692,0.3932305998899285,0.0385710316968777,0.6385926093268539,1.0,0.3663288950920105,0.8379196477710512,MOSEI
max_confidence,0.75,33,3634,0.3431178100657706,0.012514561614747,0.6381887552919091,0.8414969730324711,0.827999400474887,0.361490972760753,0.2272391873491604,0.010400064835342,0.0052283984589982,0.0046003089498896,0.0101905684436995,0.0274174725241304,0.0063291139240506,0.0115575123830489,0.0162686096575908,0.3445239405613648,0.0607759937857953,0.6393875929152303,1.0,0.3716815412044525,0.8362685745734728,MOSEI
max_confidence,0.75,44,3634,0.3358608472107899,0.008444223818477,0.6413054253456657,0.8414969730324711,0.8271786945666388,0.358651288046816,0.2251270650877312,0.0153483706809791,0.0011007154650521,-0.0001981861942355,0.0040843112325876,0.0112597474322934,0.0071546505228398,0.0082553659878921,0.010021408736753298,0.5266923500275179,0.024180325849332905,0.6429319330416804,1.0,0.3627355992794037,0.8403962575674189,MOSEI
max_confidence,0.75,55,3634,0.3511533091672394,0.0095496899447344,0.6362720797497938,0.8431480462300496,0.8292140041581358,0.3620067259042213,0.2269227289049492,0.0069266787081798,0.0046780407264722,0.0040637801448676,0.0079161504538108,0.0213994617790255,0.0082553659878921,0.0129334067143643,0.0116717352966519,0.4157952669235003,0.0512238508670205,0.6374993636408676,1.0,0.3699228763580322,0.8384700055035773,MOSEI
max_confidence,1.0,11,3634,0.3421798424568814,0.0133904028554513,0.8473240298674418,0.8395707209686296,0.8228320207267492,0.3598526485086266,0.225713819974553,0.0096897862078764,0.0011007154650523002,0.0002988916634811,0.0075217418550666,0.0204743227953921,0.0066042927903137,0.0077050082553659,0.015226510265222,0.4001100715465052,0.0479152656257143,0.8487940509862537,1.0,0.3673743903636932,0.8384700055035773,MOSEI
max_confidence,1.0,22,3634,0.3439608408757953,0.0122498033652774,0.852580796265262,0.8387451843698404,0.8232493206442799,0.3587148371114566,0.22493874158507693,0.0138256690031922,0.0008255365987891,0.0009366195354412001,0.0076140579805539,0.0207847594949929,0.0060539350577875,0.0068794716565767,0.0135526993833039,0.3932305998899285,0.0474845887337154,0.8514568124358052,1.0,0.3663288950920105,0.8379196477710512,MOSEI
max_confidence,1.0,33,3634,0.3410692106165103,0.0169987635178362,0.8509183403892121,0.8431480462300496,0.8293306308087799,0.3598154433651018,0.2260333044541423,0.0093893390728306,0.0068794716565767,0.0059315392837825,0.0118660978393506,0.031925442950161,0.0088057237204182,0.015685195376995,0.0222691285374161,0.3445239405613648,0.0707687637288332,0.8525167905536404,1.0,0.3716815412044525,0.8362685745734728,MOSEI
max_confidence,1.0,44,3634,0.3349862413488036,0.011438579705182,0.8550739004608877,0.841221794166208,0.8265473718570564,0.3579253894838073,0.2246552936017229,0.0149722704767618,0.0008255365987891,-0.0008295089038178999,0.0048102097955963,0.0132609256029794,0.0096312603192074,0.0104567969179966,0.013591289924077,0.5266923500275179,0.028477835560477,0.8572425773889072,1.0,0.3627355992794037,0.8403962575674189,MOSEI
max_confidence,1.0,55,3634,0.3490597633230647,0.0129868031851132,0.8483627729997252,0.8436984039625757,0.8296964272513175,0.3603480005336062,0.2258268412100529,0.007218160249670899,0.0052283984589983,0.0045462032380492,0.009574875824425899,0.0258834379714296,0.0096312603192074,0.0148596587782058,0.0159332671443124,0.4157952669235003,0.0619571335570261,0.8499991515211568,1.0,0.3699228763580322,0.8384700055035773,MOSEI
negative_entropy,0.0,11,3634,0.3505404889583587,0.0,0.0,0.8384700055035773,0.8225331290632681,0.3673743903636932,0.2291006392871129,0.0194848422729909,0.0,0.0,0.0,0.0,0.0,0.0,0.0,0.0,0.0,0.0,0.0,0.3673743903636932,0.8384700055035773,MOSEI
negative_entropy,0.0,22,3634,0.3546566069126129,0.0,0.0,0.8379196477710512,0.8223127011088387,0.3663288950920105,0.2299003387017825,0.0104087162752629,0.0,0.0,0.0,0.0,0.0,0.0,0.0,0.0,0.0,0.0,0.0,0.3663288950920105,0.8379196477710512,MOSEI
negative_entropy,0.0,33,3634,0.3527730703353882,0.0,0.0,0.8362685745734728,0.8233990915249974,0.3716815412044525,0.2339579760904716,0.0194552281300445,0.0,0.0,0.0,0.0,0.0,0.0,0.0,0.0,0.0,0.0,0.0,0.3716815412044525,0.8362685745734728,MOSEI
negative_entropy,0.0,44,3634,0.339856743812561,0.0,0.0,0.8403962575674189,0.8273768807608743,0.3627355992794037,0.2278481778713651,0.022365787131614405,0.0,0.0,0.0,0.0,0.0,0.0,0.0,0.0,0.0,0.0,0.0,0.3627355992794037,0.8403962575674189,MOSEI
negative_entropy,0.0,55,3634,0.3595159649848938,0.0,0.0,0.8384700055035773,0.8251502240132682,0.3699228763580322,0.2322010220421067,0.0086957606792975,0.0,0.0,0.0,0.0,0.0,0.0,0.0,0.0,0.0,0.0,0.0,0.3699228763580322,0.8384700055035773,MOSEI
negative_entropy,0.1,11,3634,0.3502415716648102,0.00045310051064,0.0490147769451141,0.8384700055035773,0.8225331290632681,0.3668480217456817,0.2289611278063913,0.0185127949642492,0.0,0.0,0.0005263686180114,0.0014327852779568,0.0,0.0,0.000470852071885,0.3995597138139791,0.0033531882579083,0.0493436641991138,1.0,0.3673743903636932,0.8384700055035773,MOSEI
negative_entropy,0.1,22,3634,0.3542426228523254,0.00036377334618,0.0493927486240863,0.8379196477710512,0.8223127011088387,0.3659970164299011,0.2297314578191588,0.0103956942185636,0.0,0.0,0.0003318786621093,0.0009059581882723,0.0,0.0,0.0004226637247484,0.3921298844248762,0.0020697357462655,0.0494203865528106,0.999724821133737,0.3663288950920105,0.8379196477710512,MOSEI
negative_entropy,0.1,33,3634,0.3524033725261688,0.0004952344461344,0.0492300502955913,0.8365437534397359,0.8236676286299082,0.3712118864059448,0.2337341164431685,0.0188895849553057,0.000275178866263,0.0002685371049108,0.0004696547985076,0.0012635946272331,0.0,0.000275178866263,0.0006302407127805,0.3439735828288387,0.0028009967275492,0.0499074943363666,0.999724821133737,0.3716815412044525,0.8362685745734728,MOSEI
negative_entropy,0.1,44,3634,0.3396995663642883,0.0003130214172415,0.0508798882365226,0.8403962575674189,0.8273768807608743,0.3625442385673523,0.2277546183312002,0.0219911962960799,0.0,0.0,0.0001913607120513,0.0005275487501958,0.0,0.0,0.0003558760799933,0.5264171711612549,0.0011329055604737,0.0517114400863647,1.0,0.3627355992794037,0.8403962575674189,MOSEI
negative_entropy,0.1,55,3634,0.3590604960918426,0.0003476930141914,0.0493283607065677,0.8384700055035773,0.8251502240132682,0.3695055544376373,0.231982411175747,0.0092149394747314,0.0,0.0,0.0004173219203948,0.001128132232598,0.0,0.0,0.0004343930631875,0.4149697303247111,0.0027004073270268,0.0498505569994449,1.0,0.3699228763580322,0.8384700055035773,MOSEI
negative_entropy,0.25,11,3634,0.3498231172561645,0.001136248698458,0.1225369423627853,0.8387451843698404,0.8228033353037347,0.3661242723464966,0.228756967908137,0.0174525882033902,0.000275178866263,0.0002702062404666,0.0012501180171966,0.003402844754527,0.0,0.000275178866263,0.0011816662736237,0.3998348926802421,0.0079634542822563,0.12335917353630059,1.0,0.3673743903636932,0.8384700055035773,MOSEI
negative_entropy,0.25,22,3634,0.3536346554756164,0.0009125345968641,0.1234818622469902,0.8379196477710512,0.8223127011088387,0.365515261888504,0.2294849587176417,0.0097232624995032,0.0,0.0,0.0008136332035064001,0.002221045662538,0.0,0.0,0.0010630375472828,0.3921298844248762,0.0050742538143561,0.1235509663820266,1.0,0.3663288950920105,0.8379196477710512,MOSEI
negative_entropy,0.25,33,3634,0.3518652617931366,0.001243388862349,0.1230751052498817,0.8365437534397359,0.8236109726500895,0.37054243683815,0.2334092898511963,0.019614729437778197,0.000275178866263,0.0002118811250921,0.0011391043663024,0.0030647321430361,0.000275178866263,0.0005503577325261,0.0015867822803556,0.3445239405613648,0.0067934701708245,0.1247687339782714,1.0,0.3716815412044525,0.8362685745734728,MOSEI
negative_entropy,0.25,44,3634,0.3394712805747986,0.0007844973006285,0.1271997243165969,0.8403962575674189,0.8273203672043385,0.3622690439224243,0.2276173362805844,0.021429178474627802,0.0,-5.65135565357977e-05,0.0004665553569793,0.0012862133132403,0.000275178866263,0.000275178866263,0.0008926682639867,0.5258668134287287,0.002762218190624,0.1292785853147506,1.0,0.3627355992794037,0.8403962575674189,MOSEI
negative_entropy,0.25,55,3634,0.3583937585353851,0.0008727778913453,0.12332089990377419,0.8390203632361035,0.8256885841679491,0.3689044713973999,0.2316639243070682,0.0094284264347221,0.0005503577325262001,0.0005383601546808,0.0010184049606323,0.0027530196852347,0.0,0.0005503577325261,0.0010917271720245,0.4149697303247111,0.0065898963921416,0.12462638318538659,1.0,0.3699228763580322,0.8384700055035773,MOSEI
negative_entropy,0.5,11,3634,0.3491945564746856,0.0022843850310891,0.2450738847255706,0.8392955421023666,0.8232796408063205,0.3650620579719543,0.2284303175936895,0.0151284412820718,0.0008255365987892,0.0007465117430525,0.0023123323917388,0.006294212259732401,0.000275178866263,0.0011007154650522,0.0023790039122104,0.4001100715465052,0.014730202425306703,0.2467183470726013,1.0,0.3673743903636932,0.8384700055035773,MOSEI
negative_entropy,0.5,22,3634,0.3526547849178314,0.0018356660148128,0.2469637244939804,0.8379196477710512,0.8223127011088387,0.3647547364234924,0.229092319457019,0.010894269522035501,0.0,0.0,0.0015741586685180003,0.0042971184899915,0.0,0.0,0.0021483916789293,0.3926802421574023,0.0098173053029357,0.2471019327640533,1.0,0.3663288950920105,0.8379196477710512,MOSEI
negative_entropy,0.5,33,3634,0.3510113358497619,0.0025052265264093,0.2461502104997635,0.837369290038525,0.8244169882945149,0.3695166409015655,0.2328971488425989,0.0191725394721863,0.0011007154650521,0.0010178967695175,0.0021649003028869,0.0058246107564865,0.0005503577325261,0.0016510731975784,0.0032128971070051,0.3442487616951018,0.0129113525149205,0.2495374679565429,1.0,0.3716815412044525,0.8362685745734728,MOSEI
negative_entropy,0.5,44,3634,0.3391101360321045,0.001575585338287,0.2543994486331939,0.8406714364336819,0.827589826412831,0.3618409931659698,0.2273966868495777,0.020667219677008096,0.000275178866263,0.0002129456519566,0.0008946061134338,0.0024662760291822,0.000275178866263,0.0005503577325261,0.0017957058735191,0.5261419922949917,0.0052963908374211,0.2585571706295013,1.0,0.3627355992794037,0.8403962575674189,MOSEI
negative_entropy,0.5,55,3634,0.3573249280452728,0.0017577274702489003,0.2466417998075485,0.8398458998348927,0.8264965760156038,0.3679637908935547,0.2311582575202397,0.0109503354977695,0.0013758943313153,0.0013463520023355,0.0019590854644775,0.0052959294752602,0.0,0.0013758943313153,0.0022033681161701,0.4157952669235003,0.0126766604043494,0.2492527663707733,1.0,0.3699228763580322,0.8384700055035773,MOSEI
negative_entropy,0.75,11,3634,0.3486398458480835,0.0034448863007128,0.3676108419895172,0.8395707209686296,0.8235500811989342,0.3641455173492431,0.2281206881746652,0.015716266487743,0.0011007154650523002,0.0010169521356662,0.00322887301445,0.0087890530726803,0.0005503577325261,0.0016510731975784,0.0035931628663092,0.4001100715465052,0.020568594413726,0.370077520608902,1.0,0.3673743903636932,0.8384700055035773,MOSEI
negative_entropy,0.75,22,3634,0.3517154455184936,0.0027699337806552,0.3704455494880676,0.8376444689047882,0.8219791774605376,0.3640470504760742,0.2287224201050826,0.0112017150855549,-0.000275178866263,-0.000333523648301,0.0022818446159362,0.0062289506683963,0.0005503577325261,0.000275178866263,0.0032583193387836,0.3926802421574023,0.0142305484149217,0.3706529438495636,1.0,0.3663288950920105,0.8379196477710512,MOSEI
negative_entropy,0.75,33,3634,0.350210040807724,0.0037871836684644,0.3692253232002258,0.837369290038525,0.824303340798233,0.3685995936393738,0.2324215515955754,0.0205570940434703,0.0011007154650521,0.0009042492732356,0.0030819475650787,0.0082919037493536,0.0011007154650522,0.0022014309301045,0.0048827673308551,0.3442487616951018,0.018380307956784,0.3743062019348144,1.0,0.3716815412044525,0.8362685745734728,MOSEI
negative_entropy,0.75,44,3634,0.3387722671031952,0.0023735305294394,0.3815991580486297,0.8403962575674189,0.8272068890320825,0.3614498972892761,0.22718623180972292,0.020680070481066702,0.0,-0.0001699917287918,0.0012857019901275,0.0035444604628872,0.0008255365987892,0.0008255365987892,0.0027100904844701,0.5266923500275179,0.00761186913097,0.387835830450058,1.0,0.3627355992794037,0.8403962575674189,MOSEI
negative_entropy,0.75,55,3634,0.3563063740730285,0.0026555305812507,0.3699627518653869,0.840946615299945,0.8276319693913994,0.3670937418937683,0.2306840222817798,0.0120019843831584,0.0024766097963676,0.0024817453781311,0.0028291344642639,0.0076479035092864,0.0,0.0024766097963676,0.0033365082927048,0.4152449091909741,0.0183069605057473,0.3738791942596435,1.0,0.3699228763580322,0.8384700055035773,MOSEI
negative_entropy,1.0,11,3634,0.3481490015983581,0.0046182586811482,0.4901477694511413,0.8398458998348927,0.8238205908666076,0.3633491098880768,0.2278280801976986,0.0151302947503364,0.0013758943313153,0.0012874618033395999,0.0040252804756164,0.0109568891604869,0.0005503577325261,0.0019262520638414,0.0048254975117743,0.4001100715465052,0.0256418045041411,0.4934366941452026,1.0,0.3673743903636932,0.8384700055035773,MOSEI
negative_entropy,1.0,22,3634,0.3508152067661285,0.0037159423809498,0.4939274489879608,0.8376444689047882,0.8219791774605376,0.3633930087089538,0.2283752612360548,0.0110580019558532,-0.000275178866263,-0.000333523648301,0.0029358863830566,0.008014345639645,0.0005503577325261,0.000275178866263,0.0043955910950899,0.3926802421574023,0.0183094295829843,0.4942038655281067,1.0,0.3663288950920105,0.8379196477710512,MOSEI
negative_entropy,1.0,33,3634,0.3494609296321869,0.0050913104787468,0.492300420999527,0.837369290038525,0.824303340798233,0.3677899241447449,0.2319825007985041,0.0213902971215738,0.0011007154650521,0.0009042492732356,0.0038916170597076,0.0104702995125791,0.0011007154650522,0.0022014309301045,0.0066019403748214,0.3445239405613648,0.023209490080492,0.4990749359130859,1.0,0.3716815412044525,0.8362685745734728,MOSEI
negative_entropy,1.0,44,3634,0.3384568691253662,0.0031786125618964,0.5087988972663879,0.8401210787011557,0.8268804570967153,0.361094981431961,0.226985967928458,0.021373901464943,-0.00027517886626310004,-0.000496423664159,0.0016406178474426,0.0045229027718862,0.0011007154650522,0.0008255365987892,0.0036371045280247,0.5266923500275179,0.0097131522290018,0.5171143412590027,1.0,0.3627355992794037,0.8403962575674189,MOSEI
negative_entropy,1.0,55,3634,0.3553356826305389,0.0035669622011482,0.493283599615097,0.8414969730324711,0.8281713754899518,0.3662899732589721,0.2302412178143271,0.0121355680036361,0.0030269675288937,0.0030211514766835,0.00363290309906,0.0098207040743917,0.0,0.0030269675288937,0.0044930083677172,0.4155200880572372,0.023507794984257997,0.4985055327415466,1.0,0.3699228763580322,0.8384700055035773,MOSEI
analytic_pi_g1,0.0,11,7442,0.9707205923886364,0.0,0.0,0.6156947057242677,0.6135450734749938,1.0313087836592725,0.5163902780722165,0.060997592709263714,0.0,0.0,0.0,0.0,0.0,0.0,0.0,0.0,0.0,0.0,0.0,1.0313087836592725,0.6156947057242677,CREMA-D
analytic_pi_g1,0.0,22,7442,0.9818315601531488,0.0,0.0,0.5929857565170653,0.58809599107891,1.082764188005411,0.5397602679619382,0.06085939458287294,0.0,0.0,0.0,0.0,0.0,0.0,0.0,0.0,0.0,0.0,0.0,1.082764188005411,0.5929857565170653,CREMA-D
analytic_pi_g1,0.0,33,7442,0.9467453719931436,0.0,0.0,0.6154259607632356,0.6133516933079581,1.0268968398998386,0.516576781010254,0.060021990639360534,0.0,0.0,0.0,0.0,0.0,0.0,0.0,0.0,0.0,0.0,0.0,1.0268968398998386,0.6154259607632356,CREMA-D
analytic_pi_g1,0.0,44,7442,0.9797284607043416,0.0,0.0,0.6036011824778286,0.5997643878961805,1.0601779038436436,0.5313774060117172,0.06751086396880762,0.0,0.0,0.0,0.0,0.0,0.0,0.0,0.0,0.0,0.0,0.0,1.0601779038436436,0.6036011824778286,CREMA-D
analytic_pi_g1,0.0,55,7442,0.9434891454444974,0.0,0.0,0.6183821553345875,0.6152879260033033,1.0415383973643204,0.5134276414119666,0.06064990817403252,0.0,0.0,0.0,0.0,0.0,0.0,0.0,0.0,0.0,0.0,0.0,1.0415383973643204,0.6183821553345875,CREMA-D
analytic_pi_g1,0.1,11,7442,0.9648772100709004,0.004265488688657512,0.05028944653457637,0.6174415479709755,0.6153162248252939,1.0237298358899551,0.5133368901474921,0.06047581014886906,0.0017468422467078408,0.0017711513503000937,0.007578947769317235,0.007456737410865157,0.0030905670518677313,0.00483740929857561,0.004356245425932941,0.5165278151034668,0.023156037484125293,0.050321208029280584,1.0,1.0313087836592725,0.6156947057242677,CREMA-D
analytic_pi_g1,0.1,22,7442,0.9758502188804681,0.00493187602662327,0.053241999953028064,0.596748185971513,0.5922342811769397,1.072430257225703,0.535584929924798,0.056378851015219805,0.0037624294544476946,0.004138290098029568,0.01033393077970794,0.009282643494927837,0.0018812147272238347,0.005643644181671527,0.004413698615445659,0.4892502015587208,0.029615153266137353,0.052241236619697325,1.0,1.082764188005411,0.5929857565170653,CREMA-D
analytic_pi_g1,0.1,33,7442,0.9405936537507208,0.005042084143590847,0.05057628185620184,0.6185165278151035,0.6165556086780546,1.018393850845536,0.5129281056139404,0.0592161374278236,0.003090567051867704,0.003203915370096283,0.008502989054302815,0.008430980016256234,0.0016124697661918585,0.0047030368180596424,0.004864999455908113,0.5247245364149422,0.026051989996992084,0.05023703923375332,0.999865627519484,1.0268968398998386,0.6154259607632356,CREMA-D
analytic_pi_g1,0.1,44,7442,0.9727502706966488,0.00475078427697831,0.05229003393351308,0.6064230045686644,0.602732325159344,1.0499621253922178,0.5271756611375504,0.06611855601197571,0.002821822090835747,0.002967937263163617,0.01021577845142589,0.009555998864990893,0.0014780972856758556,0.004299919376511643,0.0045403017283528494,0.49596882558452027,0.028382274131438172,0.05131807080095842,1.0,1.0601779038436436,0.6036011824778286,CREMA-D
analytic_pi_g1,0.1,55,7442,0.9377330179273425,0.004930501602899387,0.049575385350500684,0.6224133297500671,0.6193995940886934,1.0306543053493997,0.509523182963436,0.05938804241933985,0.004031174415479676,0.004111668085389929,0.010884092014920629,0.010392832592414027,0.0016124697661918529,0.00564364418167157,0.004877709980965914,0.5364149422198333,0.029432343436694593,0.04943843488349958,0.999865627519484,1.0415383973643204,0.6183821553345875,CREMA-D
analytic_pi_g1,0.25,11,7442,0.9573766386451276,0.010883602592643532,0.12572361153641295,0.6206664875033593,0.6186178049663912,1.0140825882774307,0.5092488329108052,0.06018186641120675,0.004971781779091602,0.005072731491397376,0.017226195381841638,0.016955767255433643,0.005509271701155563,0.010481053480247207,0.011133962935570032,0.5166621875839827,0.05277725985543832,0.12580302308817373,1.0,1.0313087836592725,0.6156947057242677,CREMA-D
analytic_pi_g1,0.25,22,7442,0.9682231601352687,0.01258170312093811,0.13310499387790486,0.6002418704649288,0.5959881844143896,1.0590958199139662,0.529920795486315,0.053647753989558684,0.007256113947863447,0.00789219333547953,0.02366836809144482,0.021209496271394273,0.006315506584251495,0.013571620532114984,0.01127138815069849,0.4892502015587208,0.06777148996498161,0.13060308527727016,1.0,1.082764188005411,0.5929857565170653,CREMA-D
analytic_pi_g1,0.25,33,7442,0.9329731013626862,0.012886965817035216,0.12644070357152346,0.625100779360387,0.6232412008793269,1.0079975457112655,0.508063549971104,0.05688637383312214,0.009674818597151228,0.009889507571368744,0.01889929418857294,0.01866148408291285,0.0040311744154796665,0.013705993012630957,0.012442340106858229,0.5247245364149422,0.05778861997525277,0.12559259996354752,0.999865627519484,1.0268968398998386,0.6154259607632356,CREMA-D
analytic_pi_g1,0.25,44,7442,0.9639119483456436,0.012138455071118825,0.13072507140982279,0.612201021230852,0.6089675991907518,1.037460769025333,0.521544081710974,0.06287340283217652,0.008599838753023326,0.009203211294571337,0.02271713481831054,0.021303024662679828,0.005240526740123577,0.013840365493146963,0.011622265281240282,0.49596882558452027,0.06369212081120887,0.1282951759414242,1.0,1.0601779038436436,0.6036011824778286,CREMA-D
analytic_pi_g1,0.25,55,7442,0.9306502336137111,0.012579903977922312,0.12393846147781538,0.6271163665681269,0.624462531678029,1.0172797489377703,0.5043327895018285,0.057034665678127934,0.008734211233539358,0.009174605674725526,0.024258648426549984,0.02315795378697613,0.004971781779091592,0.01370599301263095,0.012476987801757464,0.5364149422198333,0.065488494022487,0.12359608234765064,0.999865627519484,1.0415383973643204,0.6183821553345875,CREMA-D
analytic_pi_g1,0.5,11,7442,0.9476259820277382,0.022598204697269222,0.251447223072826,0.625772641762967,0.6238697157495312,1.0015769648122645,0.5037474677070091,0.05350149680180302,0.01007793603869926,0.010324642274537412,0.029731818847007777,0.029297188362280846,0.011690405804891101,0.021768341843590378,0.023193076252436686,0.5166621875839827,0.09148859915919272,0.2516060461763475,1.0,1.0313087836592725,0.6156947057242677,CREMA-D
analytic_pi_g1,0.5,22,7442,0.9585358603639457,0.026101708745053746,0.2662099877558098,0.6076323568933083,0.6040176115648376,1.0412369300620077,0.5220775605457525,0.04742003606471665,0.014646600376242878,0.015921620485927532,0.04152725794340322,0.0370879401498213,0.012362268207471069,0.02700886858371403,0.023436445953588212,0.4892502015587208,0.11868823648950777,0.2612061705545404,1.0,1.082764188005411,0.5929857565170653,CREMA-D
analytic_pi_g1,0.5,33,7442,0.9236934363633771,0.02683546990972109,0.252881407143047,0.6273851115291589,0.6255238841803072,0.9949837578172742,0.5015785140592081,0.05488424625440936,0.011959150765923026,0.01217219087234896,0.031913082082564354,0.031375053149606154,0.012227895726955092,0.02418704649287822,0.025944828789894396,0.5247245364149422,0.09737578177044835,0.25118519992709515,0.999865627519484,1.0268968398998386,0.6154259607632356,CREMA-D
analytic_pi_g1,0.5,44,7442,0.9526479488513508,0.025261566185314045,0.2614501428196456,0.6193227626981994,0.6162783560942104,1.021604504341145,0.5139475484197431,0.06138765819128464,0.015721580220370877,0.01651396819802991,0.03857339950249865,0.0363013233988622,0.011824778285407107,0.027546358505777982,0.02428707030537471,0.49596882558452027,0.10922900562438452,0.25659035188284846,1.0,1.0601779038436436,0.6036011824778286,CREMA-D
analytic_pi_g1,0.5,55,7442,0.922115113386958,0.026108834586659094,0.24787692295563082,0.6311475409836066,0.6285854614600059,1.0004545652283292,0.49745892065407354,0.0554940461856131,0.012765385649019077,0.013297535456702578,0.041083832135991136,0.03921107643655947,0.014109110454178942,0.02687449610319804,0.02603249592509831,0.5365493147003494,0.11057752104161511,0.24719216469530136,0.999865627519484,1.0415383973643204,0.6183821553345875,CREMA-D
analytic_pi_g1,0.75,11,7442,0.9408944332368975,0.035404150832010886,0.3771708360989547,0.6284600913732867,0.6266116013327168,0.9928355757602598,0.499886184949789,0.05235503370868869,0.012765385649019032,0.013066527857723012,0.038473207899012575,0.03797078017447347,0.017602794947594695,0.030368180596613784,0.03647833328781202,0.5166621875839827,0.11895238511485222,0.3774090502185868,1.0,1.0313087836592725,0.6156947057242677,CREMA-D
analytic_pi_g1,0.75,22,7442,0.9521865659793581,0.04080250547176137,0.39931498064657783,0.6127385111529159,0.6094412544506157,1.0278031902106914,0.5162305630123856,0.046471078656623775,0.019752754635850526,0.021345263371705607,0.05496099779471947,0.0489292432177106,0.01773716742811067,0.037489922063961255,0.036762892116172494,0.4892502015587208,0.156717781928551,0.39180926748322914,1.0,1.082764188005411,0.5929857565170653,CREMA-D
analytic_pi_g1,0.75,33,7442,0.9181077430338604,0.04215748811496561,0.37932212104146373,0.6320881483472185,0.6302350646060327,0.9863053393184547,0.4971216741811514,0.054476846829437126,0.016662187583982704,0.0168833712980744,0.040591500581384006,0.03977159338339581,0.018005912389142648,0.03466809997312547,0.04083393503293825,0.5247245364149422,0.12362095685299104,0.376777786596332,0.999865627519484,1.0268968398998386,0.6154259607632356,CREMA-D
analytic_pi_g1,0.75,44,7442,0.9450967410452678,0.03966114643357491,0.3921752273515808,0.6275194840096748,0.6249424621850046,1.0105533678744372,0.5085878057815387,0.058417160571566526,0.02391830153184622,0.025178074288824077,0.049624535969206435,0.04688360259272138,0.017468422467078686,0.04138672399892499,0.03835906465536589,0.49596882558452027,0.1415930952475239,0.3848855187057712,1.0,1.0601779038436436,0.6036011824778286,CREMA-D
analytic_pi_g1,0.75,55,7442,0.9170564773726034,0.0408291431582885,0.3718153951117442,0.6350443429185703,0.6325403209427728,0.9889134561957867,0.49280603346232726,0.055628726276394085,0.01666218758398277,0.017252394939469434,0.05262494116853363,0.050224407281439114,0.02109647944101045,0.037758667024993246,0.0410301352074448,0.5364149422198333,0.14117744308020366,0.37078824118720816,0.999865627519484,1.0415383973643204,0.6183821553345875,CREMA-D
analytic_pi_g1,1.0,11,7442,0.9372521853677626,0.04909678814630853,0.502894446145652,0.6299381886589627,0.6284728509932779,0.9878183513983896,0.4976649820311743,0.05252945530049357,0.014243482934694929,0.014927777518284014,0.04349043226088284,0.043021021706739,0.023515184090298284,0.037758667024993225,0.050811821012663794,0.5166621875839827,0.1353159533089524,0.5032120923526952,1.0,1.0313087836592725,0.6156947057242677,CREMA-D
analytic_pi_g1,1.0,22,7442,0.9490921002374929,0.0569516269360473,0.5324199755116196,0.6160978231658156,0.6129398458334503,1.018460242931191,0.512379802568637,0.049362103221750275,0.02311206664875029,0.024843854754540144,0.06430394507421977,0.05705691898600846,0.024052674012362222,0.04716474066111259,0.051187757340586934,0.4892502015587208,0.18282229479942327,0.5224123411090807,1.0,1.082764188005411,0.5929857565170653,CREMA-D
analytic_pi_g1,1.0,33,7442,0.9161915835018153,0.05901278374735156,0.5057628142860942,0.6350443429185703,0.6332336504764895,0.9818021246852557,0.49469302970799245,0.05338960123523461,0.01961838215533452,0.01988195716853119,0.045094715214582914,0.04402998962774498,0.02485890889545818,0.04447729105079272,0.05711745069450069,0.5247245364149422,0.13704819236650598,0.5023703998541903,0.999865627519484,1.0268968398998386,0.6154259607632356,CREMA-D
analytic_pi_g1,1.0,44,7442,0.9412037745834967,0.055177086369564685,0.5229002856392913,0.6295350712174147,0.6273533281308846,1.004157329728545,0.5054648542504047,0.06025241366223407,0.02593388873958607,0.027588940234704033,0.05602057411509857,0.053234664450722495,0.024993281375974147,0.050927170115560305,0.053126434071474486,0.49596882558452027,0.16117548096606688,0.5131807037656969,1.0,1.0601779038436436,0.6036011824778286,CREMA-D
analytic_pi_g1,1.0,55,7442,0.9154076322100234,0.0569449043864005,0.4957538459112618,0.6374630475678581,0.6352596420767748,0.9822739644240898,0.49037413015227815,0.05668831467468288,0.01908089223327057,0.019971716073471393,0.059264432940230614,0.05657576365496329,0.02781510346680994,0.04689599570008058,0.05716809587694804,0.5364149422198333,0.15842598425438698,0.49438432939060273,0.999865627519484,1.0415383973643204,0.6183821553345875,CREMA-D
analytic_pi_g2,0.0,11,7442,0.9707205923886364,0.0,0.0,0.6156947057242677,0.6135450734749938,1.0313087836592725,0.5163902780722165,0.060997592709263714,0.0,0.0,0.0,0.0,0.0,0.0,0.0,0.0,0.0,0.0,0.0,1.0313087836592725,0.6156947057242677,CREMA-D
analytic_pi_g2,0.0,22,7442,0.9818315601531488,0.0,0.0,0.5929857565170653,0.58809599107891,1.082764188005411,0.5397602679619382,0.06085939458287294,0.0,0.0,0.0,0.0,0.0,0.0,0.0,0.0,0.0,0.0,0.0,1.082764188005411,0.5929857565170653,CREMA-D
analytic_pi_g2,0.0,33,7442,0.9467453719931436,0.0,0.0,0.6154259607632356,0.6133516933079581,1.0268968398998386,0.516576781010254,0.060021990639360534,0.0,0.0,0.0,0.0,0.0,0.0,0.0,0.0,0.0,0.0,0.0,1.0268968398998386,0.6154259607632356,CREMA-D
analytic_pi_g2,0.0,44,7442,0.9797284607043416,0.0,0.0,0.6036011824778286,0.5997643878961805,1.0601779038436436,0.5313774060117172,0.06751086396880762,0.0,0.0,0.0,0.0,0.0,0.0,0.0,0.0,0.0,0.0,0.0,1.0601779038436436,0.6036011824778286,CREMA-D
analytic_pi_g2,0.0,55,7442,0.9434891454444974,0.0,0.0,0.6183821553345875,0.6152879260033033,1.0415383973643204,0.5134276414119666,0.06064990817403252,0.0,0.0,0.0,0.0,0.0,0.0,0.0,0.0,0.0,0.0,0.0,1.0415383973643204,0.6183821553345875,CREMA-D
analytic_pi_g2,0.1,11,7442,0.9665632793433049,0.002772359605275347,0.03365563165503572,0.6175759204514916,0.6155583380531094,1.0262832197650278,0.5142113481792068,0.06127304026946616,0.0018812147272238397,0.0020132645781156394,0.005025563894244642,0.004957695683952865,0.0021499596882558147,0.004031174415479654,0.002892840144039689,0.5130341306100511,0.015398249731276523,0.03387679699212668,1.0,1.0313087836592725,0.6156947057242677,CREMA-D
analytic_pi_g2,0.1,22,7442,0.9774286418280208,0.003228129898971289,0.036559654406260064,0.5958075786079011,0.5911315203488821,1.0756463543826038,0.5367713119400577,0.05847613277197584,0.0028218220908357654,0.0030355292699720576,0.00711783362280705,0.006359555440185181,0.00161246976619186,0.004434291857027646,0.0029355171068041327,0.486562751948401,0.020408556074728516,0.035674746854601654,1.0,1.082764188005411,0.5929857565170653,CREMA-D
analytic_pi_g2,0.1,33,7442,0.9424933911218851,0.003327999062957746,0.033961056030083314,0.6177102929320075,0.615743272682169,1.0211994853816793,0.5140003362288602,0.05839570675588874,0.0022843321687717943,0.0023915793742107705,0.00569735451815938,0.005679760927974998,0.00107497984412788,0.0033593120128997153,0.0032536372164070114,0.5209621069604945,0.01759992487484024,0.0337500342500046,0.999865627519484,1.0268968398998386,0.6154259607632356,CREMA-D
analytic_pi_g2,0.1,44,7442,0.97469386540091,0.0031369447461470617,0.03550255254613824,0.6049449072829884,0.6012758121779342,1.0532253804433669,0.5283304693629497,0.06680652373854556,0.001343724805159887,0.0015114242817536375,0.006952523400276666,0.006500911996566067,0.0013437248051598684,0.0026874496103197567,0.0030187920278533045,0.4940876108572964,0.019430346639633923,0.03459206119267824,1.0,1.0601779038436436,0.6036011824778286,CREMA-D
analytic_pi_g2,0.1,55,7442,0.9393316674892443,0.0032004329630715552,0.03313213129480557,0.6213383499059393,0.6182265255288841,1.034293113441052,0.5106443837743452,0.0607724676819233,0.0029561945713517655,0.002938599525580665,0.007245283923268239,0.006932531030569007,0.0009406073636118911,0.0038968019349636556,0.003241460108606409,0.5341306100510615,0.019771327627249705,0.03301528038482557,0.999865627519484,1.0415383973643204,0.6183821553345875,CREMA-D
analytic_pi_g2,0.25,11,7442,0.9610470445509784,0.007062621291081519,0.08413907800653674,0.6195915076592314,0.6176329633808095,1.0196314594560463,0.5112415242643544,0.05925324614074912,0.0038968019349637103,0.004087889905815903,0.011677324203226175,0.01152518710130617,0.003896801934963666,0.0077936038699273754,0.007382303704846745,0.5154528352593389,0.03586926787752987,0.08469198908866071,1.0,1.0313087836592725,0.6156947057242677,CREMA-D
analytic_pi_g2,0.25,22,7442,0.9715568751809547,0.008213643748758668,0.09139913736920909,0.5987637731792529,0.5944639658068873,1.066107680931491,0.5326433739173483,0.05370446376840902,0.005778016662187533,0.006367974727977276,0.016656507073919805,0.014859794484799748,0.004031174415479635,0.009809191077667227,0.0074817080849626525,0.4872346143509809,0.047741607670523226,0.08918686770953912,1.0,1.082764188005411,0.5929857565170653,CREMA-D
analytic_pi_g2,0.25,33,7442,0.9369506376288137,0.008484888268077485,0.0849026379682818,0.6218758398280032,0.6199190802949038,1.0139091768850406,0.5104952103649403,0.05714063250275265,0.006449879064767483,0.0065673869869456265,0.012987663014798105,0.012903977288138612,0.003090567051867737,0.00954044611663528,0.008304584705068301,0.5232464391292663,0.040069389410119206,0.08437508415231551,0.999865627519484,1.0268968398998386,0.6154259607632356,CREMA-D
analytic_pi_g2,0.25,44,7442,0.9680494587048508,0.007994480932907775,0.08875638252643282,0.6093791991400161,0.6059305402500205,1.0443356577281957,0.5241695837418614,0.06459563280971607,0.005778016662187541,0.006166152353840027,0.015842246115447902,0.01485041014266539,0.0037624294544476786,0.00954044611663528,0.0077100178677722234,0.49502821822090837,0.04465714146011069,0.08648015748037662,1.0,1.0601779038436436,0.6036011824778286,CREMA-D
analytic_pi_g2,0.25,55,7442,0.9339459423046861,0.00814739489011578,0.08283032361669293,0.625772641762967,0.6228466350057377,1.024996426534153,0.5068730147927784,0.05758403050414141,0.007390486428379438,0.007558709002434255,0.016541970830167372,0.015827374673081613,0.0032249395323837187,0.010615425960763198,0.00827828092940822,0.5346680999731255,0.0451198282370983,0.08253820003825013,0.999865627519484,1.0415383973643204,0.6183821553345875,CREMA-D
analytic_pi_g2,0.5,11,7442,0.9534518613318095,0.014620676271775575,0.16827815601307355,0.623622682074711,0.6214612179236049,1.0105037280898745,0.5070880053015251,0.05883488914829463,0.007927976350443377,0.007916144448611013,0.020805055569397792,0.0205552266514141,0.00725611394786342,0.015184090298306838,0.0153311128515096,0.5155872077398549,0.06416460625940612,0.1693839781773215,1.0,1.0313087836592725,0.6156947057242677,CREMA-D
analytic_pi_g2,0.5,22,7442,0.9634678784925045,0.016954588480303734,0.18279827473841825,0.6042730448804084,0.6003092353281686,1.0526571531700724,0.5267114642667173,0.05182724717370728,0.011287288363343147,0.01221324424925856,0.030107034835338713,0.026802475636187796,0.008465466272507355,0.019752754635850543,0.0154973436839021,0.4881752217145929,0.08622545371674144,0.1783737354190783,1.0,1.082764188005411,0.5929857565170653,CREMA-D
analytic_pi_g2,0.5,33,7442,0.9295912357755516,0.01758416105365615,0.16980527593656367,0.6275194840096748,0.6255884632909955,1.004182286662653,0.5056121052467696,0.056930955632563944,0.012093523246439078,0.012236769983037145,0.022714553237185568,0.022492824831301307,0.0075248589088954205,0.019618382155334537,0.017249806812626188,0.5240526740123622,0.07002370911661401,0.16875016830463108,0.999865627519484,1.0268968398998386,0.6154259607632356,CREMA-D
analytic_pi_g2,0.5,44,7442,0.9589803721740726,0.016557287442823483,0.1775127650528657,0.6159634506852997,0.6126225732550381,1.0323873806291293,0.5183268262882549,0.06151734212014466,0.012362268207471066,0.012858185358857542,0.027790523214514473,0.026143596716727932,0.008062348830959352,0.020424617038430477,0.016040301979593198,0.4958344531040043,0.07915155395837721,0.17296031496075326,1.0,1.0601779038436436,0.6036011824778286,CREMA-D
analytic_pi_g2,0.5,55,7442,0.9268359041156323,0.01683757797715035,0.16566064723338594,0.6294006987368986,0.6268024811694366,1.0125958015604128,0.5016634431870105,0.05732147723788756,0.011018543402311207,0.011514555166133207,0.028942595803907397,0.027695857814117836,0.009406073636119273,0.020424617038430477,0.017218050025718808,0.5357430798172534,0.07887285270446404,0.16507640007650035,0.999865627519484,1.0415383973643204,0.6183821553345875,CREMA-D
analytic_pi_g2,0.75,11,7442,0.9476371902478892,0.0228213142126586,0.25241723830454516,0.6265788766460629,0.6247256560141679,1.0035310916700724,0.5039297206640567,0.05619507734091871,0.010884170921795184,0.011180582539174005,0.027777691989199976,0.027481209838629762,0.01169040580489112,0.022574576726686345,0.024017079019990558,0.5159903251814029,0.08604002289879399,0.25407597324486797,1.0,1.0313087836592725,0.6156947057242677,CREMA-D
analytic_pi_g2,0.75,22,7442,0.9572866042513771,0.02634179446464802,0.27419740900905887,0.6083042192958882,0.6045890925108399,1.041789280970998,0.5219645394833993,0.04975032101184311,0.015318462778822796,0.016493101431930005,0.04097490703441281,0.03640465586540979,0.013437248051598976,0.02875571083042189,0.02419220972245564,0.4881752217145929,0.11722860592506816,0.26756058836161073,1.0,1.082764188005411,0.5929857565170653,CREMA-D
analytic_pi_g2,0.75,33,7442,0.9243254321968962,0.027458853540590106,0.2547079081442112,0.6280569739317388,0.6261102253889428,0.9969745666245177,0.5019274667147433,0.05889307786639225,0.012631013168503034,0.012758532080984535,0.029922273275320987,0.02956378371557317,0.012227895726955066,0.02485890889545816,0.027020839578578402,0.5239183015318463,0.09223568290157556,0.2531252465511451,0.999865627519484,1.0268968398998386,0.6154259607632356,CREMA-D
analytic_pi_g2,0.75,44,7442,0.9521028795043041,0.025845554112152586,0.26626914020981146,0.6217414673474873,0.6187396940485236,1.0232875777553148,0.5138491342445002,0.062206506937365735,0.018140284869658664,0.018975306152343104,0.03689032608832887,0.034832834088384126,0.012093523246439064,0.03023380811609777,0.025195382886111433,0.49529696318194033,0.10597412118797353,0.25944045894258416,1.0,1.0601779038436436,0.6036011824778286,CREMA-D
analytic_pi_g2,0.75,55,7442,0.9217507160741518,0.02620536877101174,0.24849097823558453,0.6314162859446385,0.6287769243462583,1.0033080049882297,0.4977989269940992,0.05720636141264955,0.013034130610051058,0.013488998342954845,0.038230392376090536,0.036595670580577964,0.015452835259338826,0.028486965869389903,0.02702759607056555,0.5361461972588014,0.10409955987950635,0.24761459591591495,0.999865627519484,1.0415383973643204,0.6183821553345875,CREMA-D
analytic_pi_g2,1.0,11,7442,0.9436365521120724,0.031639397212395975,0.33655631202614716,0.6281913464122548,0.6265029030126918,0.9987155440769283,0.501766670000744,0.055086445524884065,0.012496640687987046,0.012957829537697987,0.032593239582344155,0.03230331111248724,0.01558720773985484,0.028083848427841944,0.033458970417537585,0.5159903251814029,0.10149470998890742,0.3387679563546431,1.0,1.0313087836592725,0.6156947057242677,CREMA-D
analytic_pi_g2,1.0,22,7442,0.9529529490864299,0.03653108376035501,0.3655965494768365,0.611394786347756,0.6080516525616618,1.0333282613876014,0.5184025982085657,0.050555153876278694,0.018409029830690607,0.01995566148275177,0.0494359266178097,0.04383105119591038,0.016796560064498728,0.03520558989518941,0.03365174498212802,0.4888470841171728,0.14124941007233674,0.35674747083815667,1.0,1.082764188005411,0.5929857565170653,CREMA-D
analytic_pi_g2,1.0,33,7442,0.9211381390126153,0.03827310852216862,0.3396105518731274,0.6320881483472185,0.630298525334765,0.9922093768188371,0.4994412944978613,0.05831423037813349,0.016662187583982732,0.016946832026806764,0.03468746308100152,0.034210075452729465,0.0158559527008868,0.03251814028486959,0.037684687239324895,0.5241870464928783,0.10698356765523771,0.3375003366092622,0.999865627519484,1.0268968398998386,0.6154259607632356,CREMA-D
analytic_pi_g2,1.0,44,7442,0.9473801898767281,0.03577126809930213,0.3550255301057315,0.6273851115291589,0.6248530991555258,1.0169146886934872,0.5107365072971312,0.06306304709745073,0.023783929051330272,0.025088711259345246,0.04326321515015648,0.041051018242790525,0.015587207739854834,0.03937113679118512,0.03495277320373938,0.4958344531040043,0.12542613453462284,0.3459206299215067,1.0,1.0601779038436436,0.6036011824778286,CREMA-D
analytic_pi_g2,1.0,55,7442,0.9186456383107587,0.0362798979836777,0.33132129446677194,0.6338349905939263,0.6314092330761195,0.9969359473799608,0.49527946651447674,0.05737114726728209,0.015452835259338852,0.016121307072816095,0.044602449984359485,0.04272122580634007,0.020155872077398492,0.035608707336737405,0.03763810808609418,0.5361461972588014,0.12139623193623071,0.33015280015300086,0.999865627519484,1.0415383973643204,0.6183821553345875,CREMA-D
analytic_pi_g3,0.0,11,7442,0.9707205923886364,0.0,0.0,0.6156947057242677,0.6135450734749938,1.0313087836592725,0.5163902780722165,0.060997592709263714,0.0,0.0,0.0,0.0,0.0,0.0,0.0,0.0,0.0,0.0,0.0,1.0313087836592725,0.6156947057242677,CREMA-D
analytic_pi_g3,0.0,22,7442,0.9818315601531488,0.0,0.0,0.5929857565170653,0.58809599107891,1.082764188005411,0.5397602679619382,0.06085939458287294,0.0,0.0,0.0,0.0,0.0,0.0,0.0,0.0,0.0,0.0,0.0,1.082764188005411,0.5929857565170653,CREMA-D
analytic_pi_g3,0.0,33,7442,0.9467453719931436,0.0,0.0,0.6154259607632356,0.6133516933079581,1.0268968398998386,0.516576781010254,0.060021990639360534,0.0,0.0,0.0,0.0,0.0,0.0,0.0,0.0,0.0,0.0,0.0,1.0268968398998386,0.6154259607632356,CREMA-D
analytic_pi_g3,0.0,44,7442,0.9797284607043416,0.0,0.0,0.6036011824778286,0.5997643878961805,1.0601779038436436,0.5313774060117172,0.06751086396880762,0.0,0.0,0.0,0.0,0.0,0.0,0.0,0.0,0.0,0.0,0.0,1.0601779038436436,0.6036011824778286,CREMA-D
analytic_pi_g3,0.0,55,7442,0.9434891454444974,0.0,0.0,0.6183821553345875,0.6152879260033033,1.0415383973643204,0.5134276414119666,0.06064990817403252,0.0,0.0,0.0,0.0,0.0,0.0,0.0,0.0,0.0,0.0,0.0,1.0415383973643204,0.6183821553345875,CREMA-D
analytic_pi_g3,0.1,11,7442,0.9675667154567916,0.00196330755168678,0.025218337521986125,0.6174415479709755,0.6153859251166879,1.0276425607868882,0.5147400520209364,0.0613596524980176,0.0017468422467078254,0.0018408516416940674,0.0036662228723842016,0.0036232529286601067,0.0014780972856758712,0.0032249395323837365,0.0020976016629786886,0.49905939263638804,0.01125022338601512,0.025600662246472564,0.999193765116904,1.0313087836592725,0.6156947057242677,CREMA-D
analytic_pi_g3,0.1,22,7442,0.9784169322426874,0.002277230077143524,0.02778027185735212,0.5948669712442892,0.5902549188625151,1.0775578339488812,0.5375205778137394,0.05910229370162163,0.0018812147272238373,0.0021589277836051046,0.005206354056529752,0.004631831437437581,0.0013437248051598701,0.0032249395323837057,0.0021151318575873953,0.47178177909164204,0.014932171149188761,0.02697571849581115,0.9982531577532922,1.082764188005411,0.5929857565170653,CREMA-D
analytic_pi_g3,0.1,33,7442,0.9436108913674082,0.0023744128984013236,0.025481652895684905,0.6166353130878796,0.6145996719386303,1.0228104487249716,0.5146600439853549,0.05858485464750515,0.0012093523246438766,0.0012479786306721133,0.004086391174866867,0.004087908063143152,0.0008062348830959097,0.002015587207739827,0.002363510451696753,0.5047030368180596,0.012673909698627367,0.025359432988151066,0.99932813759742,1.0268968398998386,0.6154259607632356,CREMA-D
analytic_pi_g3,0.1,44,7442,0.9758989162036278,0.0022314561275527975,0.02666395076181864,0.6048105348024725,0.6010207344658086,1.0550798465570626,0.5290574360633935,0.06606096879861198,0.0012093523246439013,0.0012563465696281734,0.00509805728658103,0.004762029715848986,0.0008062348830959153,0.0020155872077398168,0.0021706405809702903,0.4801128728836334,0.014277633270786844,0.025915699008550848,0.998925020155872,1.0601779038436436,0.6036011824778286,CREMA-D
analytic_pi_g3,0.1,55,7442,0.9403055611716519,0.0022558619810769086,0.024838328106717766,0.6210696049449073,0.6179649848180019,1.0363019598936785,0.5113299638916605,0.060656248524012114,0.0026874496103197936,0.002677058814698458,0.005236437470641848,0.005016416082452411,0.0005374899220639378,0.0032249395323837105,0.0023456502741665878,0.5161246976619188,0.014354795356903125,0.024766257795130007,0.999193765116904,1.0415383973643204,0.6183821553345875,CREMA-D
analytic_pi_g3,0.25,11,7442,0.9633030474378165,0.004996441252748845,0.06304584853741563,0.6183821553345875,0.6164444027396774,1.022689363090494,0.5124671575053722,0.06071228450887526,0.0026874496103197597,0.0028993292646835866,0.008619420568778291,0.008522488361422685,0.0034936844934156885,0.006181134103735487,0.005346753116415681,0.5026874496103199,0.0265094074612667,0.06400165797877744,0.9994625100779361,1.0313087836592725,0.6156947057242677,CREMA-D
analytic_pi_g3,0.25,22,7442,0.9737515879619253,0.005783559824196083,0.06945067928196422,0.597823165815641,0.5933674044866712,1.070425851231011,0.5343938985666302,0.05719812494296915,0.004837409298575614,0.005271413407761235,0.012338336774400011,0.010965474933755654,0.00255307712980378,0.007390486428379433,0.005383239228280105,0.47863477559795753,0.035381805306784385,0.06743929217084217,0.999193765116904,1.082764188005411,0.5929857565170653,CREMA-D
analytic_pi_g3,0.25,33,7442,0.9394072655050769,0.0060432079372397885,0.06370412888147035,0.6202633700618113,0.6183683800506508,1.0174480559235777,0.5120226000565296,0.05908896475910207,0.004837409298575601,0.005016686742692559,0.00944878397626085,0.009425506466889501,0.002418704649287788,0.00725611394786345,0.006024528646581802,0.5115560333243752,0.02928129802156964,0.06339858168897781,0.999731255038968,1.0268968398998386,0.6154259607632356,CREMA-D
analytic_pi_g3,0.25,44,7442,0.9707284434544595,0.0056777774844742656,0.06665987429954659,0.6079011018543402,0.6043031152296239,1.0484190465333287,0.5258543029482114,0.06437518933597218,0.004299919376511637,0.004538727333443249,0.011758857310314784,0.011011733262278051,0.002553077129803761,0.006852996506315459,0.005535648319205915,0.486428379467885,0.033214179687214115,0.06478924748308314,0.9990593926363881,1.0601779038436436,0.6036011824778286,CREMA-D
analytic_pi_g3,0.25,55,7442,0.9360611894395973,0.005733905373805884,0.06209581946412004,0.624697661918839,0.621735454040325,1.0294206535037695,0.5084562569338724,0.05888718546229766,0.006315506584251521,0.006447528037021607,0.01211774386055074,0.011609741909014003,0.0021499596882558034,0.008465466272507344,0.005983680826945902,0.5217683418435904,0.033231976519238315,0.06191564577731013,0.9994625100779361,1.0415383973643204,0.6183821553345875,CREMA-D
analytic_pi_g3,0.5,11,7442,0.9572451739854564,0.010323034356018052,0.12609169707483128,0.6217414673474873,0.6196444429268578,1.0156826739011993,0.509218848666538,0.0589176380475725,0.006046761623219547,0.006099369451864088,0.015626109758073055,0.015465040356834643,0.005374899220639577,0.011421660843859142,0.011078568531595214,0.5073904864283795,0.04823421103717179,0.12800331595755493,0.999596882558452,1.0313087836592725,0.6156947057242677,CREMA-D
analytic_pi_g3,0.5,22,7442,0.9670486342791619,0.011897372436909626,0.13890135856392843,0.6006449879064768,0.5965833451230486,1.0600616174563064,0.5298037171452253,0.0538020129166633,0.007659231389411374,0.008487354044138478,0.022702570549104493,0.020145928020646735,0.006315506584251505,0.013974737973662938,0.011120571216878178,0.48159097016930935,0.06507890178719224,0.13487858434168437,0.9994625100779361,1.082764188005411,0.5929857565170653,CREMA-D
analytic_pi_g3,0.5,33,7442,0.9335601209585015,0.012483028249724464,0.12740825776294074,0.6245632894383231,0.6225915070804093,1.0100419698335636,0.508260619492768,0.05846361933665001,0.009137328675087295,0.00923981377245115,0.016854870066274914,0.016767002827330867,0.005778016662187536,0.014915345337274873,0.01248147695414663,0.514780972856759,0.052227669817963396,0.12679716337795566,0.999731255038968,1.0268968398998386,0.6154259607632356,CREMA-D
analytic_pi_g3,0.5,44,7442,0.9634092166455194,0.011724935345340606,0.13331974859909324,0.6120666487503359,0.6087626365684393,1.0391848299395041,0.521253935823829,0.061391819956257074,0.008465466272507334,0.008998248672258853,0.020993073904139424,0.01972953730794446,0.005778016662187561,0.014243482934694915,0.011483528232189373,0.4892502015587208,0.059928393274754105,0.12957849496616627,0.9990593926363881,1.0601779038436436,0.6036011824778286,CREMA-D
analytic_pi_g3,0.5,55,7442,0.9301852327670118,0.011815732800384402,0.1241916389282401,0.6277882289707069,0.6251244535052889,1.0199383233093953,0.5043942340682586,0.05924053012611913,0.009406073636119273,0.009836527501985446,0.02160007405492507,0.020700541414057385,0.0064498790647674826,0.015855952700886817,0.012417748918968529,0.5260682612201021,0.05925697354547521,0.1238312915546203,0.9994625100779361,1.0415383973643204,0.6183821553345875,CREMA-D
analytic_pi_g3,0.75,11,7442,0.9523625642229427,0.016072762953240092,0.18913753519925464,0.625100779360387,0.6229326111559773,1.010082707117399,0.5066453532108718,0.05753322584002412,0.009406073636119264,0.009387537680983582,0.02122607654187342,0.021031886704174448,0.0075248589088954,0.016930932545014748,0.0173037708059926,0.5090029561945714,0.06577460891529013,0.19200497333664174,0.999596882558452,1.0313087836592725,0.6156947057242677,CREMA-D
analytic_pi_g3,0.75,22,7442,0.9615617812128356,0.018409074547689763,0.20835204153363981,0.6053480247245364,0.6013835241240858,1.0513525732868751,0.5259897219512345,0.05402560020704096,0.012362268207471066,0.01328753304517577,0.031411614718535805,0.027833366084323942,0.009406073636119287,0.021768341843590396,0.0173011599731794,0.48306906745498523,0.08999778367052898,0.2023178802718561,0.9994625100779361,1.082764188005411,0.5929857565170653,CREMA-D
analytic_pi_g3,0.75,33,7442,0.9290339004541719,0.01941606365417066,0.1911123755841734,0.6273851115291589,0.6254024992667788,1.0042627899437238,0.5052908385206585,0.05965244297105368,0.011959150765923058,0.012050805958820498,0.022634049956114826,0.02247803617453898,0.008465466272507344,0.020424617038430497,0.019488383016957694,0.5145122278957269,0.07018665505416194,0.1901957540582886,0.999731255038968,1.0268968398998386,0.6154259607632356,CREMA-D
analytic_pi_g3,0.75,44,7442,0.9575304057658344,0.018241263336099746,0.1999796288059431,0.6173071754904595,0.6138747020120668,1.031827470294188,0.5175763080013013,0.060287334887900015,0.013705993012630978,0.014110314115886327,0.02835043354945548,0.026739838889425008,0.008331093791991368,0.022037086804622383,0.01797249902403178,0.4908626713249127,0.08166247916973639,0.19436774481146987,0.9990593926363881,1.0601779038436436,0.6036011824778286,CREMA-D
analytic_pi_g3,0.75,55,7442,0.9256289808284336,0.018330293984243184,0.18628745779567302,0.6299381886589627,0.6272664118595397,1.0125060495558813,0.5012415718856889,0.05723152525104264,0.011556033324375119,0.011978485856236282,0.02903234780843906,0.02783587408881555,0.010749798441279192,0.02230583176565433,0.01943622808628134,0.527546358505778,0.07967920673605823,0.18574694331031558,0.999596882558452,1.0415383973643204,0.6183821553345875,CREMA-D
analytic_pi_g3,1.0,11,7442,0.9486686355867107,0.022289499901014816,0.2521833941496626,0.6269819940876109,0.6249576331552708,1.0058964951901435,0.504746670098745,0.05707919292073837,0.011287288363343166,0.011412559680277044,0.02541228846912898,0.02521700561033985,0.010481053480247188,0.021768341843590396,0.024056219264316257,0.5088685837140554,0.07910815194854746,0.2560066319151099,0.999596882558452,1.0313087836592725,0.6156947057242677,CREMA-D
analytic_pi_g3,1.0,22,7442,0.9572484752273919,0.025403609858498894,0.27780271712785704,0.6070948669712443,0.6032200590388315,1.044200918681517,0.5229519145195726,0.0564145024778765,0.014109110454178895,0.015124067959921437,0.03856326932389385,0.03411686440223725,0.013168503090566995,0.027277613544745966,0.024045270755266274,0.48360655737704916,0.11041084860250752,0.26975716868336885,0.9994625100779361,1.082764188005411,0.5929857565170653,CREMA-D
analytic_pi_g3,1.0,33,7442,0.9258253815208702,0.02698427071738299,0.2548165155258815,0.6285944638538027,0.6267112321566022,1.0000728259673526,0.5031132575648313,0.0595393175320803,0.013168503090566983,0.013359538848644053,0.02682401393248615,0.026608908086238618,0.01128728836334312,0.02445579145391018,0.027113545451236128,0.5173340499865627,0.08330922469346347,0.2535943267559115,0.999731255038968,1.0268968398998386,0.6154259607632356,CREMA-D
analytic_pi_g3,1.0,44,7442,0.9530728763628634,0.02521944428511004,0.26663949719818647,0.6213383499059393,0.6180991124379706,1.026255514217429,0.5148214163995912,0.06326569879497126,0.017737167428110715,0.018334724541790096,0.033922389626214605,0.03213760677711524,0.010346680999731208,0.02808384842784194,0.024911524062674318,0.4916689062080086,0.0986353837539646,0.25915698993233255,0.9990593926363881,1.0601779038436436,0.6036011824778286,CREMA-D
analytic_pi_g3,1.0,55,7442,0.9223637760278199,0.025241687341230976,0.24838327785648026,0.6315506584251546,0.6289618432359425,1.0070072889199855,0.4989982718006878,0.057902490145991574,0.01316850309056703,0.013673917232639157,0.03453110844433478,0.0331303185690302,0.014646600376242904,0.027815103466809935,0.027029367604284604,0.528083848427842,0.09485109776008614,0.24766258310924064,0.999596882558452,1.0415383973643204,0.6183821553345875,CREMA-D
fixed,0.0,11,7442,0.970720642522671,1.0711960175049244e-08,0.0,0.6156947057242677,0.6135450734749938,1.0313088167661135,0.5163902780722165,0.06099758744319895,0.0,0.0,-3.3106840991847777e-08,-3.344389887546892e-08,0.0,0.0,1.0985031488786906e-08,0.47164740661112603,-9.493837315675352e-09,0.0,0.0,1.0313087836592725,0.6156947057242677,CREMA-D
fixed,0.0,22,7442,0.9818315121443503,1.029498061051551e-08,0.0,0.5929857565170653,0.58809599107891,1.0827642220401807,0.5397602679619382,0.06085939449076685,0.0,0.0,-3.403476965407632e-08,-2.9280103583983505e-08,0.0,0.0,1.1518929527289242e-08,0.4759473259876377,2.7382689773264277e-11,0.0,0.0,1.082764188005411,0.5929857565170653,CREMA-D
fixed,0.0,33,7442,0.9467453482591737,1.0565162500061815e-08,0.0,0.6154259607632356,0.6133516933079581,1.0268968325237453,0.516576781010254,0.06002199454585952,0.0,0.0,7.376093205453218e-09,7.728911132258485e-09,0.0,0.0,1.0764856921225405e-08,0.46869121203977426,-1.876072444076837e-08,0.0,0.0,1.0268968398998386,0.6154259607632356,CREMA-D
fixed,0.0,44,7442,0.9797285175133601,1.022948071709106e-08,0.0,0.6036011824778286,0.5997643878961805,1.0601778583869323,0.5313774060117172,0.06751085549504866,0.0,0.0,4.5456711384316204e-08,4.311918843739515e-08,0.0,0.0,1.1285205478014748e-08,0.4735286213383499,2.054526152001584e-09,0.0,0.0,1.0601779038436436,0.6036011824778286,CREMA-D
fixed,0.0,55,7442,0.9434891284736113,9.857896188649606e-09,0.0,0.6183821553345875,0.6152879260033033,1.041538372123984,0.5134276414119666,0.06064989622226806,0.0,0.0,2.5240336411637456e-08,2.4837681529519373e-08,0.0,0.0,1.114548885178521e-08,0.46761623219564635,4.113216777555814e-09,0.0,0.0,1.0415383973643204,0.6183821553345875,CREMA-D
fixed,0.1,11,7442,0.9615033191866468,0.007682674194777292,0.0999999999999999,0.6179790378930395,0.6159821037032575,1.0181141696933298,0.511718218706985,0.06088176279415612,0.002284332168771827,0.002437030228263687,0.013194613965942719,0.012931797690153598,0.004031174415479666,0.006315506584251513,0.007778449929855584,0.5166621875839827,0.04011129708677153,0.09999999999999996,1.0,1.0313087836592725,0.6156947057242677,CREMA-D
fixed,0.1,22,7442,0.973053298320878,0.008630983191739864,0.0999999999999999,0.597554420854609,0.5931065814123669,1.0663599770590702,0.5335385262955845,0.05341121434036105,0.0045686643375436225,0.0050105903334568954,0.0164042109463409,0.014835379135683528,0.003224939532383724,0.007793603869927407,0.007734780580116549,0.4892502015587208,0.046946220256805435,0.09999999999999996,1.0,1.082764188005411,0.5929857565170653,CREMA-D
fixed,0.1,33,7442,0.9370331919405338,0.008820667947701057,0.0999999999999999,0.6206664875033593,0.6187717724927472,1.0129950593927197,0.5110105579192039,0.056593830772925596,0.005240526740123607,0.005420079184788853,0.01390178050711896,0.013659130253795925,0.0024187046492877883,0.0076592313894113945,0.008505090946608042,0.5247245364149422,0.04194761829267517,0.09999999999999996,1.0,1.0268968398998386,0.6154259607632356,CREMA-D
fixed,0.1,44,7442,0.9693432143931545,0.008245092878933446,0.0999999999999999,0.6084385917764042,0.6050431834861894,1.043516400439767,0.5251557991846139,0.06328084029941085,0.004837409298575619,0.005278795590008899,0.016661503403876534,0.015580732703572962,0.002956194571351759,0.007793603869927378,0.00790442127943174,0.49596882558452027,0.04579529636119096,0.09999999999999996,1.0,1.0601779038436436,0.6036011824778286,CREMA-D
fixed,0.1,55,7442,0.9348410783387003,0.008897477685755098,0.0999999999999999,0.624025799516259,0.6211562789796108,1.0229849797730814,0.5074729539085652,0.05612619095110251,0.005643644181671554,0.005868352976307395,0.01855341759123887,0.017660194571124367,0.002418704649287789,0.008062348830959385,0.008625316637134329,0.5365493147003494,0.04935152669752804,0.09999999999999996,1.0,1.0415383973643204,0.6183821553345875,CREMA-D
fixed,0.25,11,7442,0.9506763700474027,0.01967056642020732,0.25,0.6238914270357431,0.6218752905254347,1.0031980266008809,0.5057292571870071,0.053045926582870565,0.00819672131147535,0.008330217050440925,0.02811075705839152,0.027556823107957092,0.007927976350443405,0.016124697661918794,0.01994757236660362,0.5166621875839827,0.08570546356024145,0.25,1.0,1.0313087836592725,0.6156947057242677,CREMA-D
fixed,0.25,22,7442,0.9631326158574547,0.022121282725336797,0.25,0.6036011824778286,0.599607912677826,1.0469920194850804,0.5254217677176667,0.04883304129444005,0.010615425960763184,0.011511921598915918,0.03577216852033057,0.032188131806290765,0.009002956194571306,0.019618382155334534,0.01982717625779997,0.4892502015587208,0.10205760243300024,0.25,1.0,1.082764188005411,0.5929857565170653,CREMA-D
fixed,0.25,33,7442,0.926463075340283,0.022643949693360255,0.25,0.626175759204515,0.6243058963441657,0.9977544917901674,0.5039351400099141,0.05314551769798075,0.010749798441279159,0.010954203036207434,0.029142348109671163,0.028473794680118306,0.007927976350443403,0.01867777479172262,0.021841766874213134,0.5247245364149422,0.08766466061364211,0.25,1.0,1.0268968398998386,0.6154259607632356,CREMA-D
fixed,0.25,44,7442,0.9574786949311096,0.021167505415581853,0.25,0.6140822359580758,0.6109121459225699,1.0252458311467796,0.5171540632741815,0.0630266782258895,0.010481053480247214,0.011147758026389452,0.03493207269686412,0.03274224077791,0.008599838753023318,0.01908089223327057,0.020323475867108733,0.49596882558452027,0.09699081385120703,0.25,1.0,1.0601779038436436,0.6036011824778286,CREMA-D
fixed,0.25,55,7442,0.9255920071955834,0.022794736900737952,0.25,0.6288632088148347,0.6262732687108187,1.0026661380407922,0.4999067619289242,0.055679680336190605,0.01048105348024721,0.010985342707515328,0.038872259323528086,0.036967920740809346,0.008734211233539324,0.019215264713786595,0.022133015224257546,0.5365493147003494,0.10294365794041069,0.25,1.0,1.0415383973643204,0.6183821553345875,CREMA-D
fixed,0.5,11,7442,0.9387723402516217,0.04111209374094154,0.5,0.6280569739317388,0.6261100324986212,0.9868753591048532,0.4984653280613633,0.051513640804216734,0.012362268207471093,0.01256495902362736,0.04443342455441916,0.043613290840534245,0.018140284869658657,0.030502553077129773,0.041828828965317796,0.5166621875839827,0.13607008360445913,0.5,1.0,1.0313087836592725,0.6156947057242677,CREMA-D
fixed,0.5,22,7442,0.9532654315460646,0.04631168796609743,0.5,0.6124697661918839,0.6091191836702405,1.0241268187254842,0.5151361138787721,0.044838151052289804,0.019484009674818545,0.021023192591330515,0.058637369279926695,0.05237942470508785,0.017602794947594674,0.037086804622413275,0.041528630139316826,0.4892502015587208,0.16628376077228202,0.5,1.0,1.082764188005411,0.5929857565170653,CREMA-D
fixed,0.5,33,7442,0.9164373168043781,0.04756644230857584,0.5,0.6324912657887665,0.630546711691197,0.9817027067181495,0.495539888100525,0.04881080645077714,0.01706530502553075,0.017195018383238805,0.04519413318168905,0.043845249592217354,0.018005912389142648,0.035071217414673415,0.0459155621525333,0.5247245364149422,0.13522369057811162,0.5,1.0,1.0268968398998386,0.6154259607632356,CREMA-D
fixed,0.5,44,7442,0.9450018514649169,0.044465647934153106,0.5,0.6259070142434829,0.6234787768779052,1.0052177891946463,0.5073663016373874,0.05880392940143792,0.02230583176565434,0.023714388981724746,0.054960114648997464,0.05169307618004254,0.018274657350174642,0.040580489115829024,0.042847378332177354,0.49596882558452027,0.15388868725019497,0.5,1.0,1.0601779038436436,0.6036011824778286,CREMA-D
fixed,0.5,55,7442,0.9173707467694259,0.04768603875096507,0.5,0.6347755979575384,0.6321916886033262,0.9808531357634823,0.49093868003075286,0.05482836326124187,0.01639344262295081,0.01690376260002274,0.06068526160083781,0.057632983529184924,0.02015587207739849,0.03654931470034931,0.04646456210099544,0.5365493147003494,0.1593150564536001,0.5,1.0,1.0415383973643204,0.6183821553345875,CREMA-D
fixed,0.75,11,7442,0.9333361004140991,0.0649129999856712,0.75,0.6328943832303144,0.6314819679337568,0.9787348344737006,0.49459849069528455,0.05362383374775127,0.017199677506046698,0.017936894458762932,0.05257394918557186,0.0517231525526838,0.02794947594732594,0.04514915345337272,0.06628632540895991,0.5166621875839827,0.16186543283361085,0.75,1.0,1.0313087836592725,0.6156947057242677,CREMA-D
fixed,0.75,22,7442,0.9504496449045167,0.0732428952736391,0.75,0.6186509002956194,0.6158002010660497,1.0102188955577123,0.5089033064452546,0.047293077546375274,0.025665143778554087,0.02770420998713972,0.07254529244769863,0.06431531591480594,0.028218220908357922,0.05388336468691208,0.06572126784686731,0.4892502015587208,0.20415303209434266,0.75,1.0,1.082764188005411,0.5929857565170653,CREMA-D
fixed,0.75,33,7442,0.9142250112943234,0.07558669912905454,0.75,0.6358505778016662,0.633915174970204,0.9746013444942606,0.4913910252820866,0.05181513519647801,0.020424617038430477,0.02056348166224574,0.05229549540557791,0.050341771082225324,0.02996506315506579,0.050389680193496336,0.07295632619056369,0.5247245364149422,0.1552387132141527,0.75,1.0,1.0268968398998386,0.6154259607632356,CREMA-D
fixed,0.75,44,7442,0.9400991679106915,0.0706494597528346,0.75,0.6311475409836066,0.6293240822082532,0.9948135448203956,0.5020141211013351,0.05748392490232575,0.02754635850577794,0.02955969431207274,0.06536435902324794,0.06174803150805443,0.029830690674549812,0.057377049180327815,0.06830499608680857,0.49596882558452027,0.18379450801873126,0.75,1.0,1.0601779038436436,0.6036011824778286,CREMA-D
fixed,0.75,55,7442,0.9164858140069374,0.07530084053801951,0.75,0.639209889814566,0.6372958421649113,0.9697811123361183,0.48652339571745273,0.05423927907995901,0.02082773447997844,0.022007916161607865,0.071757285028202,0.06804672964223897,0.032652512765385604,0.053480247245364106,0.07376858312226797,0.5365493147003494,0.18621376916315321,0.75,1.0,1.0415383973643204,0.6183821553345875,CREMA-D
fixed,1.0,11,7442,0.9345194808442936,0.09022689991250717,1.0,0.6334318731523784,0.6322753069265058,0.9787255102348305,0.494128745088771,0.055835455722127655,0.017737167428110635,0.018730233451511962,0.05258327342444189,0.05194744324987913,0.038699274388605154,0.05643644181671587,0.09230956211204343,0.5166621875839827,0.163406067418024,1.0,1.0,1.0313087836592725,0.6156947057242677,CREMA-D
fixed,1.0,22,7442,0.9547455623935845,0.10285493283582156,1.0,0.6224133297500671,0.6198813691427087,1.0046533688837238,0.5067233454171141,0.05372630005456588,0.029427573233001835,0.031785378063798865,0.07811081912168723,0.06863008657500641,0.03883364686912115,0.06826122010212304,0.09180465937753841,0.4892502015587208,0.21748831661190002,1.0,1.0,1.082764188005411,0.5929857565170653,CREMA-D
fixed,1.0,33,7442,0.92007773989941,0.10608850057718539,1.0,0.637597420048374,0.6356530519082367,0.97637860744405,0.4914885515545989,0.05448304880605653,0.022171459285138393,0.0223013586002785,0.05051823245578871,0.04803522069764305,0.04192421392098892,0.06409567320612733,0.10245278724658638,0.5247245364149422,0.14783717264152613,1.0,1.0,1.0268968398998386,0.6154259607632356,CREMA-D
fixed,1.0,44,7442,0.9429254920808536,0.09916993006256052,1.0,0.6300725611394786,0.6285055084266609,0.9944142723907922,0.5010975216660248,0.05576585186357551,0.026471378661650013,0.028741120530480398,0.06576363145285137,0.06270783000610365,0.044208546089760756,0.07067992475141087,0.09462572277613313,0.49596882558452027,0.1857537555127938,1.0,1.0,1.0601779038436436,0.6036011824778286,CREMA-D
fixed,1.0,55,7442,0.9229785475478097,0.10559685924587596,1.0,0.6410911045417899,0.6395647220163674,0.9686740597557677,0.4866609089890238,0.050627918490973284,0.022708949207202348,0.02427679601306397,0.07286433760855264,0.06898362176947387,0.04514915345337267,0.06785810266057507,0.10274496827770635,0.5365493147003494,0.18590078666123658,1.0,1.0,1.0415383973643204,0.6183821553345875,CREMA-D
max_confidence,0.0,11,7442,0.970720642522671,1.0711960175049244e-08,0.0,0.6156947057242677,0.6135450734749938,1.0313088167661135,0.5163902780722165,0.06099758744319895,0.0,0.0,-3.3106840991847777e-08,-3.344389887546892e-08,0.0,0.0,1.0985031488786906e-08,0.47164740661112603,-9.493837315675352e-09,0.0,0.0,1.0313087836592725,0.6156947057242677,CREMA-D
max_confidence,0.0,22,7442,0.9818315121443503,1.029498061051551e-08,0.0,0.5929857565170653,0.58809599107891,1.0827642220401807,0.5397602679619382,0.06085939449076685,0.0,0.0,-3.403476965407632e-08,-2.9280103583983505e-08,0.0,0.0,1.1518929527289242e-08,0.4759473259876377,2.7382689773264277e-11,0.0,0.0,1.082764188005411,0.5929857565170653,CREMA-D
max_confidence,0.0,33,7442,0.9467453482591737,1.0565162500061815e-08,0.0,0.6154259607632356,0.6133516933079581,1.0268968325237453,0.516576781010254,0.06002199454585952,0.0,0.0,7.376093205453218e-09,7.728911132258485e-09,0.0,0.0,1.0764856921225405e-08,0.46869121203977426,-1.876072444076837e-08,0.0,0.0,1.0268968398998386,0.6154259607632356,CREMA-D
max_confidence,0.0,44,7442,0.9797285175133601,1.022948071709106e-08,0.0,0.6036011824778286,0.5997643878961805,1.0601778583869323,0.5313774060117172,0.06751085549504866,0.0,0.0,4.5456711384316204e-08,4.311918843739515e-08,0.0,0.0,1.1285205478014748e-08,0.4735286213383499,2.054526152001584e-09,0.0,0.0,1.0601779038436436,0.6036011824778286,CREMA-D
max_confidence,0.0,55,7442,0.9434891284736113,9.857896188649606e-09,0.0,0.6183821553345875,0.6152879260033033,1.041538372123984,0.5134276414119666,0.06064989622226806,0.0,0.0,2.5240336411637456e-08,2.4837681529519373e-08,0.0,0.0,1.114548885178521e-08,0.46761623219564635,4.113216777555814e-09,0.0,0.0,1.0415383973643204,0.6183821553345875,CREMA-D
max_confidence,0.1,11,7442,0.965385518301674,0.0043196941530974815,0.06370848650361588,0.6169040580489116,0.6148148971627813,1.0233160630335265,0.5137379242309753,0.060172600819414356,0.0012093523246438718,0.0012698236877873531,0.00799272062574591,0.007831323683560137,0.0024187046492878056,0.003628056973931677,0.004515598352948669,0.5166621875839827,0.02419428474303019,0.06398522958271571,1.0,1.0313087836592725,0.6156947057242677,CREMA-D
max_confidence,0.1,22,7442,0.9767978565678243,0.004740186376429229,0.06296477943634747,0.5954044611663531,0.5907513903903265,1.073401637002666,0.5362980342826117,0.05681323330343834,0.0024187046492878043,0.0026553993114165706,0.009362551002745138,0.008505170261526807,0.0017468422467078475,0.004165546895995651,0.00441444923626435,0.4892502015587208,0.02676727472491723,0.06341809738178107,1.0,1.082764188005411,0.5929857565170653,CREMA-D
max_confidence,0.1,33,7442,0.941251350818319,0.004961760211270672,0.06427155268103622,0.6171728030099436,0.6152576809659399,1.018651888212881,0.5134222796182891,0.059257255096975846,0.0017468422467078158,0.001905987657981629,0.008244951686957502,0.00811000868881066,0.0010749798441279138,0.0028218220908357294,0.0049132246282980645,0.5247245364149422,0.024670052566143016,0.0647323029637897,1.0,1.0268968398998386,0.6154259607632356,CREMA-D
max_confidence,0.1,44,7442,0.9737377277060734,0.004611640407062579,0.06358105406018451,0.6060198871271164,0.6022894978812287,1.0498364592346503,0.527750914942018,0.06690535768803148,0.0024187046492877896,0.002525109985048125,0.010341444608993312,0.009646173567118905,0.0009406073636118952,0.0033593120128997053,0.00451063927286885,0.49596882558452027,0.02809891623931105,0.06412271905997784,1.0,1.0601779038436436,0.6036011824778286,CREMA-D
max_confidence,0.1,55,7442,0.9385017540598537,0.004932471939747336,0.06370221973389874,0.6212039774254233,0.618078619519404,1.0304352103945056,0.5100960277451368,0.06013916292735348,0.002821822090835766,0.0027906935161006335,0.011103186969814589,0.01056460553846375,0.0012093523246438742,0.00403117441547966,0.0049269846420273685,0.5365493147003494,0.0292200083642889,0.0642147823873866,1.0,1.0415383973643204,0.6183821553345875,CREMA-D
max_confidence,0.25,11,7442,0.9584295926577138,0.010952532150099939,0.1592712162590397,0.6186509002956194,0.6166407525753507,1.013415048547482,0.510122124813843,0.057971751513057466,0.0029561945713517637,0.0030956791003569116,0.017893735111790425,0.017533638772174873,0.004703036818059634,0.007659231389411399,0.011472160497016791,0.5166621875839827,0.05426795127897105,0.15996307395678935,1.0,1.0313087836592725,0.6156947057242677,CREMA-D
max_confidence,0.25,22,7442,0.9703540726953496,0.012013170017011673,0.15741194859086868,0.5983606557377049,0.5939422422524169,1.0613509676384911,0.5315118631499832,0.05296400145758486,0.005374899220639564,0.005846251173506814,0.021413220366919748,0.01937874711524499,0.0047030368180595895,0.010077936038699232,0.011199908284376897,0.4892502015587208,0.061110062288494964,0.1585452434544528,1.0,1.082764188005411,0.5929857565170653,CREMA-D
max_confidence,0.25,33,7442,0.9344436811264071,0.012589910929672174,0.16067888170259065,0.6220102123085192,0.6199616596689091,1.0085912596058744,0.5091191242398182,0.056442699466248004,0.0065842515452834635,0.006609966360950825,0.018305580293964178,0.017945254968536734,0.0034936844934156945,0.010077936038699237,0.012481387879322983,0.5247245364149422,0.05473806229360856,0.1618307574094743,1.0,1.0268968398998386,0.6154259607632356,CREMA-D
max_confidence,0.25,44,7442,0.9660594216678889,0.011703777158110846,0.15895263515046132,0.610051061542596,0.6067529613940379,1.0374972081302298,0.5227955053347921,0.06266921929514074,0.006449879064767493,0.006988573497857522,0.02268069571341387,0.021194309203543593,0.003896801934963687,0.010346680999731198,0.011473822333348385,0.49596882558452027,0.062281744743286,0.1603067976499446,1.0,1.0601779038436436,0.6036011824778286,CREMA-D
max_confidence,0.25,55,7442,0.932351761927795,0.012495485820562403,0.15925554933474692,0.626175759204515,0.6233177918473499,1.0169774360883461,0.5055604824468168,0.05708418127332711,0.007793603869927387,0.008029865844046594,0.024560961275974305,0.023351881144143324,0.0029561945713517607,0.010749798441279188,0.012506720739509794,0.5365493147003494,0.0644888790952728,0.1605369559684665,1.0,1.0415383973643204,0.6183821553345875,CREMA-D
max_confidence,0.5,11,7442,0.9491559249413375,0.022468686321471972,0.31854243251807945,0.624294544477291,0.6221938382721841,1.0007667534937346,0.5050630760379016,0.05354918937213232,0.008599838753023302,0.008648764797190242,0.03054203016553798,0.02994466419395795,0.008062348830959376,0.016662187583982777,0.023626668364627422,0.5166621875839827,0.09288986756800435,0.3199261479135788,1.0,1.0313087836592725,0.6156947057242677,CREMA-D
max_confidence,0.5,22,7442,0.9620252737628467,0.02461560688227395,0.3148238971817374,0.6041386723998925,0.6001731408717639,1.0451036589194829,0.5246207229592327,0.05102213395294581,0.011152915882827128,0.012077149792853811,0.03766052908592795,0.03391099128291443,0.009137328675087285,0.02029024455791447,0.0229986321546963,0.4892502015587208,0.10713732369370611,0.3170904869089057,1.0,1.082764188005411,0.5929857565170653,CREMA-D
max_confidence,0.5,33,7442,0.9259651992022263,0.025856984049368682,0.3213577634051813,0.625369524321419,0.6234318252447124,0.9959175155182033,0.503090123167637,0.055308986584158004,0.009943563558183188,0.010080131936754253,0.030979324381635216,0.03024836866119187,0.00846546627250735,0.018409029830690617,0.02569311990215598,0.5247245364149422,0.09251629900442909,0.32366151481894867,1.0,1.0268968398998386,0.6154259607632356,CREMA-D
max_confidence,0.5,44,7442,0.956034673715458,0.024045778624626087,0.31790527030092264,0.6162321956463316,0.6127956653427112,1.021887056100898,0.5158280279822773,0.05789990026168612,0.012631013168503059,0.0130312774465307,0.03829084774274579,0.03588175939395516,0.008331093791991335,0.020962106960494453,0.02369015345244563,0.49596882558452027,0.10629438725138025,0.3206135952998892,1.0,1.0601779038436436,0.6036011824778286,CREMA-D
max_confidence,0.5,55,7442,0.9248324090176946,0.02558387473489731,0.3185110986694939,0.6289975812953507,0.626375865119749,1.0000300752433513,0.4992329074880828,0.056577507586758856,0.010615425960763234,0.011087939116445527,0.041508322120969006,0.039431442207670434,0.009406073636119276,0.020021499596882514,0.025712574708785237,0.5365493147003494,0.10856529072544728,0.32107391193693313,1.0,1.0415383973643204,0.6183821553345875,CREMA-D
max_confidence,0.75,11,7442,0.9423735225127422,0.03468253815584101,0.47781364877711935,0.6260413867239989,0.6240846907138021,0.9917885411746422,0.5012131317443917,0.05256481519664116,0.010346680999731213,0.01053961723880823,0.039520242484630236,0.03878455716080428,0.012227895726955082,0.022574576726686314,0.03664991388596197,0.5166621875839827,0.12055027213900331,0.4798892218703682,1.0,1.0313087836592725,0.6156947057242677,CREMA-D
max_confidence,0.75,22,7442,0.9562408478110459,0.03791872092459591,0.47223584577260613,0.6081698468153722,0.6046633011485515,1.0325635632187342,0.5190868473896867,0.049486420368515964,0.015184090298306842,0.016567310069641482,0.0502006247866768,0.04500115820707085,0.01303413061005104,0.028218220908357898,0.03552471376292266,0.4892502015587208,0.14231779440418793,0.4756357303633585,1.0,1.082764188005411,0.5929857565170653,CREMA-D
max_confidence,0.75,33,7442,0.9203975213939669,0.03994251210597778,0.482036645107772,0.6294006987368986,0.6274304104591357,0.9870879016325864,0.49848977779371045,0.053324317817001386,0.013974737973662934,0.01407871715117751,0.03980893826725228,0.0387411092767606,0.012093523246439098,0.026068261220102053,0.039800968779821505,0.5247245364149422,0.11867236318921008,0.485492272228423,1.0,1.0268968398998386,0.6154259607632356,CREMA-D
max_confidence,0.75,44,7442,0.9488918152975034,0.03716241682093788,0.476857905451384,0.6225477022305832,0.6195367206545268,1.0106698445402091,0.510474973954173,0.0595003869428407,0.018946519752754597,0.019772332758346323,0.04950805930343437,0.04653338091953148,0.012227895726955075,0.031174415479709696,0.03686954945820246,0.49596882558452027,0.13851194047195634,0.4809203929498339,1.0,1.0601779038436436,0.6036011824778286,CREMA-D
max_confidence,0.75,55,7442,0.9200598805954334,0.03937072320671461,0.47776664800424085,0.6322225208277344,0.6297589759199219,0.9879419957084409,0.49444491653576433,0.05536769742017585,0.013840365493146975,0.014471049916618586,0.05359640165587946,0.05088191033576644,0.014646600376242899,0.028486965869389914,0.0397906145779348,0.5365493147003494,0.13957773399921242,0.4816108679053997,1.0,1.0415383973643204,0.6183821553345875,CREMA-D
max_confidence,1.0,11,7442,0.9379440184779001,0.047530199051263045,0.637084865036159,0.6269819940876109,0.6249692408710094,0.9860477910075159,0.498572291933314,0.05000339375730523,0.011287288363343142,0.011424167396015535,0.04526099265175642,0.044479744932728514,0.016662187583982753,0.027949475947325948,0.05049999933087593,0.5166621875839827,0.13856102561858866,0.6398522958271576,1.0,1.0313087836592725,0.6156947057242677,CREMA-D
max_confidence,1.0,22,7442,0.9527655369025712,0.05206620018207603,0.6296477943634748,0.612201021230852,0.6086234454073384,1.0231740658142234,0.5149102364413451,0.049936104084595534,0.019215264713786564,0.020527454328428396,0.05959012219118745,0.0531823347977653,0.01652781510346675,0.03574307981725337,0.04890981592228028,0.4892502015587208,0.16827085856962123,0.6341809738178114,1.0,1.082764188005411,0.5929857565170653,CREMA-D
max_confidence,1.0,33,7442,0.9174481908431306,0.05505451250133627,0.6427155268103626,0.6315506584251546,0.6297102864188787,0.9815805710185206,0.4953180881180383,0.05290702057342312,0.016124697661918812,0.016358593110920524,0.045316268881317956,0.04395929609110929,0.01652781510346673,0.032652512765385604,0.054897355058971066,0.5247245364149422,0.13476862269048467,0.6473230296378973,1.0,1.0268968398998386,0.6154259607632356,CREMA-D
max_confidence,1.0,44,7442,0.9443638610124537,0.05112966840046717,0.6358105406018454,0.625100779360387,0.6222301594267011,1.003302129869051,0.506736343250479,0.0598668639868798,0.021499596882558394,0.022465771530520578,0.05687577397459268,0.05368294081927911,0.01733404998656272,0.038833646869121156,0.05054825278175837,0.49596882558452027,0.16033213889378264,0.6412271905997785,1.0,1.0601779038436436,0.6036011824778286,CREMA-D
max_confidence,1.0,55,7442,0.9176837512497819,0.05401158001894095,0.6370221973389878,0.6355818328406342,0.6329698256299212,0.9798282805964266,0.4911965095898618,0.05656827253714293,0.017199677506046743,0.017681899626617852,0.06171011676789375,0.05855695023273393,0.018812147272238577,0.036011824778285365,0.054659599348266294,0.5365493147003494,0.1599170729176808,0.6421478238738663,1.0,1.0415383973643204,0.6183821553345875,CREMA-D
negative_entropy,0.0,11,7442,0.9707205923886364,0.0,0.0,0.6156947057242677,0.6135450734749938,1.0313087836592725,0.5163902780722165,0.060997592709263714,0.0,0.0,0.0,0.0,0.0,0.0,0.0,0.0,0.0,0.0,0.0,1.0313087836592725,0.6156947057242677,CREMA-D
negative_entropy,0.0,22,7442,0.9818315601531488,0.0,0.0,0.5929857565170653,0.58809599107891,1.082764188005411,0.5397602679619382,0.06085939458287294,0.0,0.0,0.0,0.0,0.0,0.0,0.0,0.0,0.0,0.0,0.0,1.082764188005411,0.5929857565170653,CREMA-D
negative_entropy,0.0,33,7442,0.9467453719931436,0.0,0.0,0.6154259607632356,0.6133516933079581,1.0268968398998386,0.516576781010254,0.060021990639360534,0.0,0.0,0.0,0.0,0.0,0.0,0.0,0.0,0.0,0.0,0.0,1.0268968398998386,0.6154259607632356,CREMA-D
negative_entropy,0.0,44,7442,0.9797284607043416,0.0,0.0,0.6036011824778286,0.5997643878961805,1.0601779038436436,0.5313774060117172,0.06751086396880762,0.0,0.0,0.0,0.0,0.0,0.0,0.0,0.0,0.0,0.0,0.0,1.0601779038436436,0.6036011824778286,CREMA-D
negative_entropy,0.0,55,7442,0.9434891454444974,0.0,0.0,0.6183821553345875,0.6152879260033033,1.0415383973643204,0.5134276414119666,0.06064990817403252,0.0,0.0,0.0,0.0,0.0,0.0,0.0,0.0,0.0,0.0,0.0,1.0415383973643204,0.6183821553345875,CREMA-D
negative_entropy,0.1,11,7442,0.9673767345578271,0.002762054958772689,0.04422525547993449,0.6171728030099436,0.6151278142312928,1.0260946795652708,0.5146790745029279,0.06059625178967963,0.0014780972856758604,0.001582740756299048,0.005214104094001651,0.00510342746627693,0.0008062348830959377,0.0022843321687718177,0.0029470805856890575,0.5166621875839827,0.01571717898327664,0.0447105595737383,1.0,1.0313087836592725,0.6156947057242677,CREMA-D
negative_entropy,0.1,22,7442,0.9786543007084069,0.0029856693342182952,0.043496728452006105,0.5944638538027412,0.5897215005949425,1.0767555089446685,0.5375233287555632,0.05870579671263851,0.0014780972856758626,0.0016255095160325678,0.006008679060742415,0.005480442648066741,0.0012093523246438872,0.0026874496103197892,0.0028440533387950988,0.4892502015587208,0.017184137372183408,0.04407566006114419,1.0,1.082764188005411,0.5929857565170653,CREMA-D
negative_entropy,0.1,33,7442,0.9432990491646523,0.003186799034402923,0.044884769207938296,0.6156947057242677,0.6136728445077811,1.0215413549099517,0.5145246826880627,0.05986844905439607,0.00026874496103196024,0.0003211511998228964,0.005355484989886917,0.005249251978212299,0.0005374899220639465,0.0008062348830959276,0.0032199345785561967,0.5247245364149422,0.01581770219974685,0.04571577059182626,1.0,1.0268968398998386,0.6154259607632356,CREMA-D
negative_entropy,0.1,44,7442,0.9758266883170659,0.002927590480335275,0.04422437788824002,0.6049449072829884,0.6012104078007214,1.0531435549275203,0.5289757623960818,0.0667930044047584,0.0013437248051598614,0.0014460199045409855,0.00703434891612317,0.006558477277578298,0.0008062348830959081,0.0021499596882557895,0.0029080396568355936,0.49596882558452027,0.019012955212303746,0.044950901192042994,1.0,1.0601779038436436,0.6036011824778286,CREMA-D
negative_entropy,0.1,55,7442,0.9403744029585503,0.003124108778714952,0.044337740936360295,0.6202633700618113,0.6170177082569428,1.0342494398795992,0.5112738257818031,0.0612270036785873,0.0018812147272238634,0.0017297822536393964,0.007288957484721173,0.006934093759347123,0.0008062348830959209,0.0026874496103197645,0.003169722208408781,0.5365493147003494,0.01906990341602159,0.045144005288394684,1.0,1.0415383973643204,0.6183821553345875,CREMA-D
negative_entropy,0.25,11,7442,0.9628325211236118,0.006973723727707598,0.11056313388303891,0.6175759204514916,0.6155457015362514,1.0193336531860282,0.5122877711765975,0.05762325838364374,0.001881214727223821,0.0020006280612576413,0.011975130473244227,0.01172213989451622,0.0029561945713517503,0.00483740929857561,0.007455288213035658,0.5166621875839827,0.03614600485544765,0.11177640044458506,1.0,1.0313087836592725,0.6156947057242677,CREMA-D
negative_entropy,0.25,22,7442,0.9743694735531268,0.007533565114368106,0.1087418226187298,0.597151303413061,0.5926568116904797,1.0687366184833325,0.5343532507148646,0.05525675084010399,0.004165546895995676,0.004560820611569632,0.014027569522078459,0.012753750714123576,0.002687449610319756,0.0068529965063154705,0.007184012267148862,0.4892502015587208,0.0400717183752681,0.11018914718444195,1.0,1.082764188005411,0.5929857565170653,CREMA-D
negative_entropy,0.25,33,7442,0.9387996202994021,0.008047155290541681,0.11221192266969258,0.6191883902176835,0.6172157235751843,1.01463370762407,0.5116461898066208,0.058505671727051775,0.0037624294544476786,0.003864030267226059,0.012263132275768666,0.011997738921601726,0.0018812147272238371,0.005643644181671534,0.00814123344648945,0.5247245364149422,0.03624799272648816,0.11428942354543653,1.0,1.0268968398998386,0.6154259607632356,CREMA-D
negative_entropy,0.25,44,7442,0.9706124062180616,0.00739438237940993,0.11056094359455328,0.6074979844127922,0.6038089293517034,1.0444238669639696,0.5256106228606813,0.06227142276686383,0.0038968019349636856,0.00404454145552293,0.015754036879674003,0.014707379901704364,0.0017468422467078234,0.00564364418167155,0.007361390646066441,0.49596882558452027,0.04301852796666863,0.1123772519251426,1.0,1.0601779038436436,0.6036011824778286,CREMA-D
negative_entropy,0.25,55,7442,0.9362842949431163,0.007880208015982968,0.11084435210813277,0.6224133297500671,0.6194586788668565,1.0249642392250518,0.508258799665487,0.05890066598739007,0.004031174415479715,0.00417075286355298,0.016574158139268495,0.015757819151255566,0.002284332168771779,0.006315506584251495,0.008009664570858603,0.5365493147003494,0.04329583121743677,0.11286000804002003,1.0,1.0415383973643204,0.6183821553345875,CREMA-D
negative_entropy,0.5,11,7442,0.9563371438119591,0.014194244104523813,0.2211262677660779,0.6206664875033593,0.6184667777053607,1.0101089079000078,0.5087702742584886,0.057659099977268216,0.004971781779091615,0.004921704230367014,0.021199875759264655,0.02076021160109365,0.005509271701155546,0.0104810534802472,0.015229927069309495,0.5166621875839827,0.06411934469025753,0.22355280088917026,1.0,1.0313087836592725,0.6156947057242677,CREMA-D
negative_entropy,0.5,22,7442,0.9683252156293383,0.015313204044630763,0.21748364523745967,0.5993012631013168,0.5949225004016806,1.0573244216428652,0.5295640015971365,0.05438707345629596,0.006315506584251457,0.006826509322770713,0.025439766362545684,0.02303326923061319,0.006046761623219539,0.012362268207471057,0.01463220170913051,0.4892502015587208,0.07252996533149866,0.22037829436888395,1.0,1.082764188005411,0.5929857565170653,CREMA-D
negative_entropy,0.5,33,7442,0.93267655203625,0.016380044234702774,0.22442384533938525,0.6229508196721312,0.6209555691880428,1.0052685188497468,0.5073811156905483,0.05601129511276644,0.007524858908895433,0.007603875880084642,0.021628321050091836,0.02110834981335218,0.004568664337543625,0.012093523246439078,0.016611641473133043,0.5247245364149422,0.06396123150179799,0.22857884709087312,1.0,1.0268968398998386,0.6154259607632356,CREMA-D
negative_entropy,0.5,44,7442,0.9632972435937137,0.015058347634226253,0.2211218871891066,0.610991668906208,0.6076605724672319,1.0327559676871316,0.5206349302809491,0.06085432295403914,0.007390486428379433,0.007896184571051379,0.027421936156511964,0.025656691099888062,0.005374899220639565,0.01276538564901902,0.01505897349300792,0.49596882558452027,0.0757078908965333,0.2247545038502852,1.0,1.0601779038436436,0.6036011824778286,CREMA-D
negative_entropy,0.5,55,7442,0.9307403925508941,0.01600753114709174,0.2216887042162656,0.625369524321419,0.6223736798889917,1.0124573819869886,0.5038089499430468,0.05836416606748013,0.006987368986831456,0.0070857538856882625,0.029081015377331678,0.02763115005128531,0.004568664337543633,0.011556033324375128,0.016328216287728146,0.5365493147003494,0.07579256425100056,0.22572001608004016,1.0,1.0415383973643204,0.6183821553345875,CREMA-D
negative_entropy,0.75,11,7442,0.9510195478656798,0.021705412993182984,0.33168940912072165,0.6232195646331631,0.6209876491368611,1.0028525830292312,0.5058377861226709,0.056195496375507525,0.007524858908895385,0.007442575661867314,0.02845620063004133,0.027881806465607218,0.007927976350443391,0.015452835259338837,0.023390673771971075,0.5166621875839827,0.0862373515220405,0.33532921010786026,1.0,1.0313087836592725,0.6156947057242677,CREMA-D
negative_entropy,0.75,22,7442,0.9634682734994214,0.02337241167384296,0.32622545044113316,0.6027949475947326,0.5984837628713201,1.0478145908329057,0.5253925210830299,0.05269130905431877,0.009809191077667229,0.010387771792410162,0.03494959717250511,0.03153090967829603,0.008734211233539322,0.018543402311206606,0.022385605140865707,0.4892502015587208,0.09943694147188895,0.33056744000053756,1.0,1.082764188005411,0.5929857565170653,CREMA-D
negative_entropy,0.75,33,7442,0.927962305804665,0.02504085121940126,0.3366357828461653,0.625369524321419,0.6233899832103509,0.9979564126253576,0.5037815571116384,0.05579332354984367,0.009943563558183184,0.010038289902392547,0.028940427274480957,0.028186199142856718,0.007524858908895415,0.017468422467078703,0.02546915344821843,0.5247245364149422,0.08558175567540587,0.34286826614313504,1.0,1.0268968398998386,0.6154259607632356,CREMA-D
negative_entropy,0.75,44,7442,0.9574133169343477,0.023034322188676046,0.3316828246455909,0.6154259607632356,0.6119261933989842,1.0235691973035996,0.5164503284371406,0.06034650938128371,0.011824778285407105,0.012161805502803822,0.03660870654004385,0.03433152600778216,0.007793603869927404,0.01961838215533455,0.023174711693557767,0.49596882558452027,0.10189863054024376,0.33713176877740186,1.0,1.0601779038436436,0.6036011824778286,CREMA-D
negative_entropy,0.75,55,7442,0.9265182174219619,0.0244129962174963,0.33253305174112,0.6289975812953507,0.6261929480469683,1.0026223402819752,0.5000780926685755,0.05578271329434955,0.010615425960763205,0.01090502204366495,0.038916057082345044,0.036959726544904196,0.008196721311475388,0.01881214727223859,0.025014931428151272,0.5365493147003494,0.10119236664876928,0.3385800374784447,1.0,1.0415383973643204,0.6183821553345875,CREMA-D
negative_entropy,1.0,11,7442,0.9467897554281353,0.029527603718683626,0.4422525355321558,0.6233539371136791,0.6212425426870489,0.9972674917050248,0.5034903068328924,0.0544466219243744,0.007659231389411407,0.007697469212055147,0.03404129195424757,0.03337801705447072,0.010749798441279186,0.018409029830690614,0.03199490324339532,0.5166621875839827,0.10338462337098828,0.4471056017783405,1.0,1.0313087836592725,0.6156947057242677,CREMA-D
negative_entropy,1.0,22,7442,0.9596801458251505,0.03175822439788966,0.43496729047491933,0.6064230045686644,0.6023514879435823,1.0398950245120262,0.5218388089030453,0.05080585311462528,0.013437248051598953,0.014255496864672203,0.04286916349338475,0.03854616798882393,0.010749798441279169,0.02418704649287818,0.030502610959541078,0.4892502015587208,0.12169582486105987,0.4407565887377679,1.0,1.082764188005411,0.5929857565170653,CREMA-D
negative_entropy,1.0,33,7442,0.9244835128213282,0.03408881180184607,0.4488476906787705,0.6267132491265789,0.6246693457104877,0.9923628664599795,0.5008475146298569,0.05523571904245091,0.011287288363343112,0.011317652402529474,0.03453397343985911,0.033570747044388206,0.010346680999731218,0.02163396936307441,0.03475022198919185,0.5247245364149422,0.10208647972496357,0.45715769418174623,1.0,1.0268968398998386,0.6154259607632356,CREMA-D
negative_entropy,1.0,44,7442,0.9527913965995644,0.03138268259357685,0.4422437743782132,0.6201289975812954,0.6168352859264454,1.0163999960663432,0.5130568168808749,0.05687029236861046,0.016527815103466754,0.017070898030264983,0.04377790777730027,0.04116815376232748,0.009540446116635256,0.02606826122010207,0.031683860129925245,0.49596882558452027,0.12274532934184515,0.4495090077005705,1.0,1.0601779038436436,0.6036011824778286,CREMA-D
negative_entropy,1.0,55,7442,0.9234409754521679,0.033137827697671755,0.4433774084325312,0.6289975812953507,0.6262087655005952,0.9949054718257855,0.4970662277830116,0.05606493436338692,0.010615425960763212,0.010920839497291846,0.04663292553853486,0.044274898650825074,0.011824778285407095,0.02244020424617035,0.03412748055692256,0.5365493147003494,0.12096520722442207,0.45144003216008033,1.0,1.0415383973643204,0.6183821553345875,CREMA-D
analytic_pi_g1,0.0,11,3600,0.0447502546012401,0.0,0.0,0.9847222222222224,0.9847672724644113,0.0447639822959899,0.0214119501024444,0.0032878462307983,0.0,0.0,0.0,0.0,0.0,0.0,0.0,0.0,0.0,0.0,0.0,0.0447639822959899,0.9847222222222224,AV-MNIST
analytic_pi_g1,0.0,22,3600,0.0141422105953097,0.0,0.0,0.9927777777777778,0.9927749826446896,0.0248730815947055,0.0115168746911774,0.0038401593019565003,0.0,0.0,0.0,0.0,0.0,0.0,0.0,0.0,0.0,0.0,0.0,0.0248730815947055,0.9927777777777778,AV-MNIST
analytic_pi_g1,0.0,33,3600,0.0387246012687683,0.0,0.0,0.9880555555555556,0.9880480569870128,0.044461753219366,0.0200696246498153,0.0038582668287886,0.0,0.0,0.0,0.0,0.0,0.0,0.0,0.0,0.0,0.0,0.0,0.044461753219366,0.9880555555555556,AV-MNIST
analytic_pi_g1,0.0,44,3600,0.0346723869442939,0.0,0.0,0.9855555555555556,0.9855581330198279,0.049082301557064,0.0227870802210538,0.005516980919573,0.0,0.0,0.0,0.0,0.0,0.0,0.0,0.0,0.0,0.0,0.0,0.049082301557064,0.9855555555555556,AV-MNIST
analytic_pi_g1,0.0,55,3600,0.0451251082122325,0.0,0.0,0.9894444444444443,0.9894515280436519,0.0428329929709434,0.017477321575896,0.0042047356565793,0.0,0.0,0.0,0.0,0.0,0.0,0.0,0.0,0.0,0.0,0.0,0.0428329929709434,0.9894444444444443,AV-MNIST
analytic_pi_g1,0.1,11,3600,0.0408047698438167,0.0001728289644233,0.0060919499956071,0.985,0.985034418289543,0.0439638011157512,0.0210052162493268,0.0039501017663213,0.0002777777777777,0.0002671458251318,0.0008001811802387001,0.0178755584109505,0.0005555555555555,0.0008333333333333,0.0004085235123056,0.7261111111111112,0.036175679042921,0.0068138535134494,0.9997222222222222,0.0447639822959899,0.9847222222222224,AV-MNIST
analytic_pi_g1,0.1,22,3600,0.0135030997917056,9.886799671221524e-05,0.0020759245380759,0.9927777777777778,0.9927749826446896,0.023292139172554,0.0112694187732791,0.0034956048263444,0.0,0.0,0.0015809424221515,0.0635603761492939,0.0,0.0,0.0001391870755469,0.3930555555555555,0.0974096249965427,0.0021023584995418,0.9994444444444444,0.0248730815947055,0.9927777777777778,AV-MNIST
analytic_pi_g1,0.1,33,3600,0.0286822877824306,0.0001975635823328,0.0053538084030151,0.9888888888888888,0.98888026820056,0.0413170680403709,0.0196840766881172,0.0042421354353427,0.0008333333333333,0.0008322112135473,0.0031446851789951,0.0707278717391065,0.0,0.0008333333333333,0.0003383337752893,0.4780555555555555,0.1337159317579793,0.0052861752919852,0.9997222222222222,0.044461753219366,0.9880555555555556,AV-MNIST
analytic_pi_g1,0.1,44,3600,0.0303773283958435,0.0003633239830378,0.0047713289968669,0.9855555555555556,0.9855581330198279,0.0480692200362682,0.0224136044248368,0.005896224098072999,0.0,0.0,0.0010130815207958,0.0206404648652833,0.0,0.0,0.00033710477873679994,0.7836111111111111,0.0377376412664579,0.0047052670270204,1.0,0.049082301557064,0.9855555555555556,AV-MNIST
analytic_pi_g1,0.1,55,3600,0.0301637053489685,0.0002259696339024,0.0060040378011763,0.9888888888888888,0.9888982268878268,0.0364196002483367,0.0171283485441842,0.0035485548360479,-0.0005555555555555,-0.000553301155825,0.0064133927226066,0.1497302027658282,0.0005555555555555,0.0,0.0003567377862054,0.4752777777777778,0.268700525326257,0.0058472878299653,0.9988888888888889,0.0428329929709434,0.9894444444444443,AV-MNIST
analytic_pi_g1,0.25,11,3600,0.0379960872232914,0.0004451053682714,0.015229876153171,0.9852777777777778,0.9853058186845352,0.0430302843451499,0.020503160103342296,0.0037000203049845,0.0005555555555555,0.0005385462201239,0.0017336979508399,0.0387297524017496,0.0008333333333333,0.0013888888888888,0.0010789504740387,0.83,0.0783798379352888,0.0170346330851316,0.9997222222222222,0.0447639822959899,0.9847222222222224,AV-MNIST
analytic_pi_g1,0.25,22,3600,0.0129309874027967,0.000257036066614,0.0051898108795285,0.9927777777777778,0.9927749826446896,0.0224723443388938,0.010931529985135201,0.0037878977093431,0.0,0.0,0.0024007372558116,0.0965194942440387,0.0,0.0,0.0003626461548265,0.5305555555555556,0.14792118010410021,0.0052558961324393,0.9994444444444444,0.0248730815947055,0.9927777777777778,AV-MNIST
analytic_pi_g1,0.25,33,3600,0.0277432780712842,0.0005085749435238,0.0133845200762152,0.9894444444444443,0.9894378034699276,0.0405332259833812,0.0191908014840296,0.0040814284897513,0.0013888888888888,0.0013897464829148,0.0039285272359848,0.0883574522264602,0.0,0.0013888888888888,0.0008803770761005,0.6319444444444444,0.1670457142019864,0.0132154375314712,0.9997222222222222,0.044461753219366,0.9880555555555556,AV-MNIST
analytic_pi_g1,0.25,44,3600,0.0292519461363554,0.0009476903942413,0.0119283217936754,0.9863888888888888,0.9863927024609961,0.04718592762947079,0.0219273249989934,0.0052575795352458,0.0008333333333333,0.0008345694411682,0.0018963739275932,0.0386366137575775,0.0,0.0008333333333333,0.0008768840343691,0.8708333333333333,0.0706407918692688,0.011763167567551101,1.0,0.049082301557064,0.9855555555555556,AV-MNIST
analytic_pi_g1,0.25,55,3600,0.0283693857491016,0.000585711270105,0.0150100942701101,0.9891666666666666,0.9891763650268232,0.0353440977632999,0.0166915615109132,0.0048113548672861,-0.0002777777777778,-0.0002751630168287,0.0074888952076435,0.1748394097214672,0.0005555555555555,0.0002777777777777,0.0009386991150677,0.6277777777777778,0.31376077599325486,0.014618219807744,0.9988888888888889,0.0428329929709434,0.9894444444444443,AV-MNIST
analytic_pi_g1,0.5,11,3600,0.0346884168684482,0.0009411957580596,0.0304597523063421,0.9863888888888888,0.9864118640885764,0.04202482476830479,0.019954518615667,0.0021090763476159,0.0016666666666665002,0.0016445916241654,0.0027391575276851,0.0611911047049659,0.0011111111111111,0.0027777777777777,0.0024104176554828,0.8613888888888889,0.1238360025104561,0.0340692661702632,0.9997222222222222,0.0447639822959899,0.9847222222222224,AV-MNIST
analytic_pi_g1,0.5,22,3600,0.0123150283470749,0.0005550071364268,0.010379621759057,0.9933333333333332,0.9933305469614488,0.021732093766331603,0.01045717031954,0.0033609814610745,0.0005555555555555,0.0005555643167591001,0.0031409878283739003,0.1262806064626303,0.0,0.0005555555555555,0.0007872023852542,0.6338888888888888,0.1935317403799441,0.010511792264878701,0.9994444444444444,0.0248730815947055,0.9927777777777778,AV-MNIST
analytic_pi_g1,0.5,33,3600,0.0267434157431125,0.0010735342511907,0.0267690401524305,0.9894444444444443,0.9894420878028009,0.03972908854484549,0.0185954700586171,0.003663835707638,0.0013888888888888,0.001394030815788,0.0047326646745204,0.1064435010281848,0.0002777777777777,0.0016666666666666,0.0019009495154023,0.7272222222222222,0.2012387983632116,0.0264308750629425,0.9997222222222222,0.044461753219366,0.9880555555555556,AV-MNIST
analytic_pi_g1,0.5,44,3600,0.0282033886760473,0.0020555783994495,0.0238566435873508,0.9869444444444444,0.9869532543881099,0.046331413090229,0.0213140177264458,0.0034354156255722,0.0013888888888888,0.0013951213682817,0.002750888466835,0.0560464440249767,0.0,0.0013888888888888,0.0018926378106698,0.9086111111111111,0.102471885477031,0.023526335135102203,1.0,0.049082301557064,0.9855555555555556,AV-MNIST
analytic_pi_g1,0.5,55,3600,0.0265096072107553,0.0012558763846755,0.0300201885402202,0.9894444444444443,0.989454158220062,0.0343759693205356,0.0161947088513658,0.0040791836546526,0.0,2.630176410001184e-06,0.0084570236504077,0.197441809778382,0.0011111111111111,0.0011111111111111,0.0020758609753102,0.7244444444444444,0.3543222045785075,0.029236439615488,0.9988888888888889,0.0428329929709434,0.9894444444444443,AV-MNIST
analytic_pi_g1,0.75,11,3600,0.0321645215153694,0.0015091061359271,0.0456896238029003,0.9863888888888888,0.9864134344319149,0.0417618639767169,0.0197660260453937,0.0025205598606002997,0.0016666666666665002,0.0016461619675036,0.0030021183192729005,0.0670654880395198,0.0013888888888888,0.0030555555555555,0.004044362809509,0.8752777777777778,0.1357243746238463,0.051103897392749696,0.9997222222222222,0.0447639822959899,0.9847222222222224,AV-MNIST
analytic_pi_g1,0.75,22,3600,0.0119308438152074,0.0009191741119138,0.0155694326385855,0.9933333333333332,0.9933305469614488,0.0213579554110765,0.0100937955050623,0.0030887151757876,0.0005555555555555,0.0005555643167591001,0.003515126183629,0.1413225044208939,0.0,0.0005555555555555,0.0013110016006975997,0.6822222222222222,0.2165840557224199,0.0157676897943019,0.9994444444444444,0.0248730815947055,0.9927777777777778,AV-MNIST
analytic_pi_g1,0.75,33,3600,0.0260389912873506,0.0017141458811238,0.04015356302261349,0.9894444444444443,0.9894413199205212,0.0393652692437171,0.0182836296400816,0.0032458301550812,0.0013888888888888,0.0013932629335083,0.0050964839756488,0.1146262485535325,0.0005555555555555,0.0019444444444444,0.0031033400446176,0.7772222222222223,0.2167087691257961,0.0396463125944137,0.9997222222222222,0.044461753219366,0.9880555555555556,AV-MNIST
analytic_pi_g1,0.75,44,3600,0.0277652852237224,0.0034090240951627,0.0357849672436714,0.9877777777777778,0.9877863985038212,0.0459975972771644,0.020947159058970405,0.0047734315776162,0.0022222222222222,0.0022282654839932,0.0030847042798995,0.0628475882760562,0.0002777777777777,0.0025,0.0030854095239192,0.9219444444444445,0.1149065948400275,0.0352894999086856,1.0,0.049082301557064,0.9855555555555556,AV-MNIST
analytic_pi_g1,0.75,55,3600,0.025235824286937696,0.0020558023825287,0.0450302809476852,0.99,0.99000822138164,0.0340717695653438,0.0159867635243967,0.0029062213003635,0.0005555555555555,0.0005566933379879,0.0087612234055995,0.2045438060222159,0.0011111111111111,0.0016666666666666,0.0035059468355029,0.7616666666666667,0.36706711777278406,0.043854657560586895,0.9988888888888889,0.0428329929709434,0.9894444444444443,AV-MNIST
analytic_pi_g1,1.0,11,3600,0.0301640108227729,0.0021119599696248,0.0609195046126842,0.9872222222222222,0.9872367227821308,0.043096184730529695,0.0199376817170405,0.0036102242353889,0.0024999999999999,0.0024694503177198,0.0016677975654602,0.0372575780776682,0.0013888888888888,0.0038888888888888,0.0047636423259973,0.8844444444444445,0.0754003344636223,0.0681385323405265,0.9997222222222222,0.0447639822959899,0.9847222222222224,AV-MNIST
analytic_pi_g1,1.0,22,3600,0.0117734335362911,0.0011878411751239997,0.020759243518114,0.9938888888888887,0.9938872431536214,0.021364187821745803,0.0098414058156306,0.0026477859748733996,0.0011111111111111,0.0011122605089317,0.0035088937729597005,0.1410719359239589,0.0,0.0011111111111111,0.0016641082474961,0.7058333333333333,0.2162000465263981,0.0210235845297575,0.9994444444444444,0.0248730815947055,0.9927777777777778,AV-MNIST
analytic_pi_g1,1.0,33,3600,0.0255607850849628,0.0024637135211378,0.053538080304861,0.9894444444444443,0.9894428545866872,0.0395956560969352,0.0182552804919742,0.0044980722417433,0.0013888888888888,0.0013947975996746,0.0048660971224308,0.1094445623505303,0.0008333333333333,0.0022222222222222,0.0043343640863895,0.8005555555555556,0.2069125122911591,0.052861750125885,0.9997222222222222,0.044461753219366,0.9880555555555556,AV-MNIST
analytic_pi_g1,1.0,44,3600,0.0279871020466089,0.0047013810835778,0.0477132871747016,0.9880555555555556,0.988064581888781,0.0463034063577652,0.0208267479488357,0.0046108241834574,0.0025,0.002506448868953,0.0027788951992988,0.0566170515876901,0.0008333333333333,0.0033333333333333,0.0043527302332222,0.9252777777777778,0.1035151479828593,0.0470526702702045,1.0,0.049082301557064,0.9855555555555556,AV-MNIST
analytic_pi_g1,1.0,55,3600,0.0244402438402175,0.0028469944372773,0.0600403770804405,0.99,0.99000890870984,0.0347489528357982,0.0160677252041926,0.0033907752732435,0.0005555555555555,0.000557380666188,0.0080840401351451,0.1887339542354452,0.0013888888888888,0.0019444444444444,0.004532076884061,0.7855555555555556,0.338695277994639,0.0584728792309761,0.9988888888888889,0.0428329929709434,0.9894444444444443,AV-MNIST
analytic_pi_g2,0.0,11,3600,0.0447502546012401,0.0,0.0,0.9847222222222224,0.9847672724644113,0.0447639822959899,0.0214119501024444,0.0032878462307983,0.0,0.0,0.0,0.0,0.0,0.0,0.0,0.0,0.0,0.0,0.0,0.0447639822959899,0.9847222222222224,AV-MNIST
analytic_pi_g2,0.0,22,3600,0.0141422105953097,0.0,0.0,0.9927777777777778,0.9927749826446896,0.0248730815947055,0.0115168746911774,0.0038401593019565003,0.0,0.0,0.0,0.0,0.0,0.0,0.0,0.0,0.0,0.0,0.0,0.0248730815947055,0.9927777777777778,AV-MNIST
analytic_pi_g2,0.0,33,3600,0.0387246012687683,0.0,0.0,0.9880555555555556,0.9880480569870128,0.044461753219366,0.0200696246498153,0.0038582668287886,0.0,0.0,0.0,0.0,0.0,0.0,0.0,0.0,0.0,0.0,0.0,0.044461753219366,0.9880555555555556,AV-MNIST
analytic_pi_g2,0.0,44,3600,0.0346723869442939,0.0,0.0,0.9855555555555556,0.9855581330198279,0.049082301557064,0.0227870802210538,0.005516980919573,0.0,0.0,0.0,0.0,0.0,0.0,0.0,0.0,0.0,0.0,0.0,0.049082301557064,0.9855555555555556,AV-MNIST
analytic_pi_g2,0.0,55,3600,0.0451251082122325,0.0,0.0,0.9894444444444443,0.9894515280436519,0.0428329929709434,0.017477321575896,0.0042047356565793,0.0,0.0,0.0,0.0,0.0,0.0,0.0,0.0,0.0,0.0,0.0,0.0428329929709434,0.9894444444444443,AV-MNIST
analytic_pi_g2,0.1,11,3600,0.04173684120178219,0.0001227665779879,0.0054497169330716,0.9847222222222224,0.9847558016708028,0.0441202372312545,0.021071223500663698,0.0040700260384215,0.0,-1.1470793608414633e-05,0.0006437450647354,0.0143808712209476,0.0005555555555555,0.0005555555555555,0.0003469268558546,0.0608333333333333,0.0291032529909349,0.0062499037012457,0.5741666666666667,0.0447639822959899,0.9847222222222224,AV-MNIST
analytic_pi_g2,0.1,22,3600,0.0135190347209572,7.45363868190907e-05,0.0018038799753412,0.9927777777777778,0.9927749826446896,0.0237036049365997,0.0113393496022548,0.0034463251382112,0.0,0.0,0.0011694766581058,0.04701776310478481,0.0,0.0,0.00010708679474189999,0.0261111111111111,0.0720570991605623,0.0017879753140732,0.1758333333333333,0.0248730815947055,0.9927777777777778,AV-MNIST
analytic_pi_g2,0.1,33,3600,0.0291237011551857,0.0001401890767738,0.0048344349488615,0.9888888888888888,0.98888026820056,0.0415099449455738,0.0197211783248151,0.0041394818325837,0.0008333333333333,0.0008322112135473,0.0029518082737922,0.0663898308109576,0.0,0.0008333333333333,0.0002783193194773,0.03916666666666661,0.1255145654444083,0.004790722392499401,0.2769444444444444,0.044461753219366,0.9880555555555556,AV-MNIST
analytic_pi_g2,0.1,44,3600,0.0309474430978298,0.0003065806522499,0.004180934280157,0.9855555555555556,0.9855581330198279,0.0483502447605133,0.022492251663248,0.0059235898322529,0.0,0.0,0.0007320567965507,0.014914883233412403,0.0,0.0,0.0002677300944924,0.0669444444444444,0.02726942205644,0.0040825274772942,0.6019444444444444,0.049082301557064,0.9855555555555556,AV-MNIST
analytic_pi_g2,0.1,55,3600,0.0311911012977361,0.0001780224411049,0.00542654376477,0.9888888888888888,0.9888982268878268,0.0368915162980556,0.0171781009496448,0.0035918486035531995,-0.0005555555555555,-0.000553301155825,0.0059414766728878,0.1387126198936953,0.0005555555555555,0.0,0.0003118491149507,0.0341666666666666,0.248928760839985,0.005411924328655,0.2444444444444444,0.0428329929709434,0.9894444444444443,AV-MNIST
analytic_pi_g2,0.25,11,3600,0.039247579872608095,0.0003162792127113,0.0136242918670177,0.985,0.9850328473766623,0.0433329083025455,0.0206493009972065,0.0040004049075974,0.0002777777777777,0.000265574912251,0.0014310739934444,0.0319693181893837,0.0008333333333333,0.0011111111111111,0.0009171589044854,0.0783333333333333,0.064698138538743,0.0156247587874531,0.7011111111111111,0.0447639822959899,0.9847222222222224,AV-MNIST
analytic_pi_g2,0.25,22,3600,0.0129487924277782,0.0001947827113326,0.0045096999965608,0.9927777777777778,0.9927749826446896,0.0229758229106664,0.0110954733649609,0.0038723362899488,0.0,0.0,0.0018972586840391,0.0762775885575417,0.0,0.0,0.0002805921249091,0.0327777777777777,0.1168994688943944,0.0044699381105601,0.2419444444444444,0.0248730815947055,0.9927777777777778,AV-MNIST
analytic_pi_g2,0.25,33,3600,0.0282104797661304,0.0003609255945775,0.0120860859751701,0.9891666666666666,0.9891576649798528,0.040738046169281,0.0192673797551716,0.003777044788003,0.001111111111111,0.0011096079928401,0.003723707050085,0.0837507920956914,0.0,0.0011111111111111,0.0007243480067699999,0.0463888888888888,0.1583365839151049,0.0119768055155873,0.3605555555555556,0.044461753219366,0.9880555555555556,AV-MNIST
analytic_pi_g2,0.25,44,3600,0.0299075692892074,0.0007999867666512,0.0104523347690701,0.9861111111111112,0.9861155860870304,0.0476378872990608,0.022106301431740298,0.0058326955387989,0.0005555555555556,0.0005574530672023,0.0014444142580031997,0.0294284133421072,0.0,0.0005555555555555,0.0006970954127608999,0.0883333333333333,0.0538048968671596,0.01020632032305,0.7380555555555556,0.049082301557064,0.9855555555555556,AV-MNIST
analytic_pi_g2,0.25,55,3600,0.0294651370495557,0.0004632661002688,0.0135663580149412,0.9891666666666666,0.9891763650268232,0.035881619900465,0.0168004135571733,0.0038779236790206,-0.0002777777777778,-0.0002751630168287,0.006951373070478399,0.1622901550492638,0.0005555555555555,0.0002777777777777,0.0008209719671867,0.0416666666666666,0.2912403274759461,0.013529809191823,0.32972222222222225,0.0428329929709434,0.9894444444444443,AV-MNIST
analytic_pi_g2,0.5,11,3600,0.0362173616886138,0.0006692860624752,0.0272485837340354,0.9861111111111112,0.9861377767951136,0.0424322187900543,0.0201838786981041,0.0026847134861680004,0.0013888888888888,0.0013705043307025,0.0023317635059356,0.0520901713015053,0.0011111111111111,0.0025,0.002051449380815,0.0947222222222222,0.1054181035277668,0.0312495175749063,0.7894444444444444,0.0447639822959899,0.9847222222222224,AV-MNIST
analytic_pi_g2,0.5,22,3600,0.0123184733092784,0.0004249514604452,0.0090193999931216,0.9930555555555556,0.9930535514358894,0.022291654720902398,0.0107487755131353,0.0036667980584833,0.0002777777777778,0.0002785687911996,0.0025814268738031,0.1037839587336301,0.0,0.0002777777777777,0.0006159788463264,0.0366666666666666,0.1590544054726245,0.0089398762211203,0.2969444444444444,0.0248730815947055,0.9927777777777778,AV-MNIST
analytic_pi_g2,0.5,33,3600,0.0272196680307388,0.000762011099141,0.0241721719503402,0.9894444444444443,0.9894420878028009,0.0399088189005851,0.018694705048736302,0.0035640890647967,0.0013888888888888,0.001394030815788,0.0045529343187808,0.10240114231028091,0.0002777777777777,0.0016666666666666,0.0015645164530724,0.055,0.1935962021060602,0.0239536110311746,0.4455555555555555,0.044461753219366,0.9880555555555556,AV-MNIST
analytic_pi_g2,0.5,44,3600,0.0289245434105396,0.0017362151993438003,0.0209046695381402,0.9869444444444444,0.9869498664528116,0.0468926765024662,0.0216131652719327,0.0040753238565391,0.0013888888888888,0.0013917334329834,0.0021896250545978,0.0446112954188212,0.0,0.0013888888888888,0.0015069678192958,0.1111111111111111,0.08156479662070638,0.0204126406461,0.8188888888888889,0.049082301557064,0.9855555555555556,AV-MNIST
analytic_pi_g2,0.5,55,3600,0.0276646986603736,0.0010011594276875,0.0271327160298824,0.9897222222222222,0.9897319205823788,0.0349444113671779,0.0163606502980776,0.00456753861573,0.0002777777777777,0.0002803925387268,0.0078885816037654,0.1841706837791338,0.0005555555555555,0.0008333333333333,0.0018168025417253,0.0516666666666666,0.3305063503325859,0.027059618383646,0.4105555555555555,0.0428329929709434,0.9894444444444443,AV-MNIST
analytic_pi_g2,0.75,11,3600,0.0338292196393013,0.0010744094615802,0.0408728756010532,0.9863888888888888,0.9864118640885764,0.0421262271702289,0.0200156822394331,0.0026839639412032,0.0016666666666665002,0.0016445916241654,0.002637755125761,0.0589258370338808,0.0011111111111111,0.0027777777777777,0.0034817301202565,0.11444444444444439,0.1192516328027653,0.0468742698431015,0.8341666666666666,0.0447639822959899,0.9847222222222224,AV-MNIST
analytic_pi_g2,0.75,22,3600,0.0119043476879596,0.0007134836050681,0.0135291013866662,0.9933333333333332,0.9933305469614488,0.0219261460006237,0.0104767816578651,0.0033453158868684,0.0005555555555555,0.0005555643167591001,0.0029469355940818,0.1184789099356774,0.0,0.0005555555555555,0.0010403868509456,0.0425,0.1815749495629284,0.0134098157286643,0.3416666666666667,0.0248730815947055,0.9927777777777778,AV-MNIST
analytic_pi_g2,0.75,33,3600,0.0264816656708717,0.0012168448884040002,0.036258265376091,0.9891666666666666,0.989164691541534,0.03946023806929579,0.0183516007688055,0.0040297071470154,0.001111111111111,0.0011166345545212,0.0050015151500701,0.1124902818247773,0.0005555555555555,0.0016666666666666,0.0025619030930101,0.0588888888888888,0.2126708139469956,0.0359304212033748,0.4966666666666666,0.044461753219366,0.9880555555555556,AV-MNIST
analytic_pi_g2,0.75,44,3600,0.028467696160078,0.0028804095927625,0.031357005238533,0.9869444444444444,0.9869532543881099,0.0465418696403503,0.0213076716286325,0.0043711262693007,0.0013888888888888,0.0013951213682817,0.0025404319167137,0.0517586143298548,0.0,0.0013888888888888,0.0024740356020629,0.1216666666666666,0.0946322215191278,0.0306189600378274,0.8597222222222223,0.049082301557064,0.9855555555555556,AV-MNIST
analytic_pi_g2,0.75,55,3600,0.0264001879841089,0.0016555943293496,0.0406990759074687,0.9894444444444443,0.989454158220062,0.0345894619822502,0.0161580316774452,0.0038552081916067,0.0,2.630176410001184e-06,0.0082435309886932,0.1924575056962605,0.0011111111111111,0.0011111111111111,0.0030746455304324002,0.0536111111111111,0.34537750976812154,0.0405894294381141,0.4602777777777778,0.0428329929709434,0.9894444444444443,AV-MNIST
analytic_pi_g2,1.0,11,3600,0.0318687558174133,0.0015169355319812,0.054497167468070894,0.9863888888888888,0.9864118640885764,0.0430544763803482,0.0201447122490855,0.0042898525049289,0.0016666666666665002,0.0016445916241654,0.0017095059156417,0.0381893171241586,0.0011111111111111,0.0027777777777777,0.0041411882266402,0.1344444444444444,0.0772861238690968,0.0624990351498127,0.8608333333333333,0.0447639822959899,0.9847222222222224,AV-MNIST
analytic_pi_g2,1.0,22,3600,0.0116985468193888,0.0009069724474102,0.0180387999862432,0.9933333333333332,0.9933305469614488,0.0218973439186811,0.010279491434972398,0.0034692927367157,0.0005555555555555,0.0005555643167591001,0.0029757376760244,0.119636871880718,0.0,0.0005555555555555,0.0013094189343973,0.0452777777777777,0.1833497583530894,0.017879752442240698,0.3747222222222222,0.0248730815947055,0.9927777777777778,AV-MNIST
analytic_pi_g2,1.0,33,3600,0.0259211510419845,0.0017484916606917,0.0483443439006805,0.9894444444444443,0.9894413199205212,0.0394998267292976,0.0182380663222102,0.004063849416044,0.0013888888888888,0.0013932629335083,0.0049619264900684,0.1115998837379895,0.0005555555555555,0.0019444444444444,0.0035552270710468,0.0622222222222222,0.2109873755984205,0.0479072220623493,0.5358333333333334,0.044461753219366,0.9880555555555556,AV-MNIST
analytic_pi_g2,1.0,44,3600,0.0285660084336996,0.003993900027126,0.0418093390762805,0.9872222222222222,0.9872307692396536,0.0466711521148681,0.0211898205265905,0.0045193476064338,0.0016666666666667,0.0016726362198256,0.0024111494421958,0.0491246206006179,0.0002777777777777,0.0019444444444444,0.0034736066590994,0.1388888888888889,0.0898166033881746,0.0408252812922,0.8808333333333334,0.049082301557064,0.9855555555555556,AV-MNIST
analytic_pi_g2,1.0,55,3600,0.0255680456757545,0.0022946514654904,0.0542654320597648,0.99,0.99000822138164,0.0350842848420143,0.016192557748482,0.0025845155616601,0.0005555555555555,0.0005566933379879,0.0077487081289291,0.1809051292349712,0.0011111111111111,0.0016666666666666,0.0039925877936184,0.0555555555555555,0.32464617970222254,0.054119236767292,0.4986111111111111,0.0428329929709434,0.9894444444444443,AV-MNIST
analytic_pi_g3,0.0,11,3600,0.0447502546012401,0.0,0.0,0.9847222222222224,0.9847672724644113,0.0447639822959899,0.0214119501024444,0.0032878462307983,0.0,0.0,0.0,0.0,0.0,0.0,0.0,0.0,0.0,0.0,0.0,0.0447639822959899,0.9847222222222224,AV-MNIST
analytic_pi_g3,0.0,22,3600,0.0141422105953097,0.0,0.0,0.9927777777777778,0.9927749826446896,0.0248730815947055,0.0115168746911774,0.0038401593019565003,0.0,0.0,0.0,0.0,0.0,0.0,0.0,0.0,0.0,0.0,0.0,0.0248730815947055,0.9927777777777778,AV-MNIST
analytic_pi_g3,0.0,33,3600,0.0387246012687683,0.0,0.0,0.9880555555555556,0.9880480569870128,0.044461753219366,0.0200696246498153,0.0038582668287886,0.0,0.0,0.0,0.0,0.0,0.0,0.0,0.0,0.0,0.0,0.0,0.044461753219366,0.9880555555555556,AV-MNIST
analytic_pi_g3,0.0,44,3600,0.0346723869442939,0.0,0.0,0.9855555555555556,0.9855581330198279,0.049082301557064,0.0227870802210538,0.005516980919573,0.0,0.0,0.0,0.0,0.0,0.0,0.0,0.0,0.0,0.0,0.0,0.049082301557064,0.9855555555555556,AV-MNIST
analytic_pi_g3,0.0,55,3600,0.0451251082122325,0.0,0.0,0.9894444444444443,0.9894515280436519,0.0428329929709434,0.017477321575896,0.0042047356565793,0.0,0.0,0.0,0.0,0.0,0.0,0.0,0.0,0.0,0.0,0.0,0.0428329929709434,0.9894444444444443,AV-MNIST
analytic_pi_g3,0.1,11,3600,0.0425060428678989,9.916600538417696e-05,0.0051608351059257,0.985,0.985034418289543,0.0442144274711608,0.0211150965075506,0.0038045839220285,0.0002777777777777,0.0002671458251318,0.0005495548248291,0.0122767188405025,0.0002777777777777,0.0005555555555555,0.0003111918631475,0.0244444444444444,0.0248450269988554,0.0059948423877358,0.1244444444444444,0.0447639822959899,0.9847222222222224,AV-MNIST
analytic_pi_g3,0.1,22,3600,0.0135391252115368,6.31849470664747e-05,0.0017047825967893,0.9927777777777778,0.9927749826446896,0.0240529626607894,0.0113833234898554,0.0034610675772031,0.0,0.0,0.000820118933916,0.0329721482556733,0.0,0.0,9.367187885800377e-05,0.0122222222222222,0.050531409737238304,0.001655786531046,0.0480555555555555,0.0248730815947055,0.9927777777777778,AV-MNIST
analytic_pi_g3,0.1,33,3600,0.0295578520745039,0.00011357663606749999,0.0046005337499082,0.9886111111111112,0.98860286074893,0.0417036674916744,0.0197516387806686,0.0038659173084629,0.0005555555555555,0.0005548037619171,0.0027580857276916,0.06203277036971,0.0,0.0005555555555555,0.0002442706027068,0.0213888888888888,0.1172771622242929,0.0045418082736432,0.0875,0.044461753219366,0.9880555555555556,AV-MNIST
analytic_pi_g3,0.1,44,3600,0.0314921699464321,0.0002740811905823,0.0039281342178583,0.9855555555555556,0.9855581330198279,0.0485303327441215,0.0225400989389708,0.0056010112331973,0.0,0.0,0.0005519688129425,0.0112457809726134,0.0,0.0,0.0002318095066584,0.0277777777777777,0.0205611386798107,0.0038282070308923,0.1122222222222222,0.049082301557064,0.9855555555555556,AV-MNIST
analytic_pi_g3,0.1,55,3600,0.0322055481374263,0.0001548059517517,0.0051344893872737,0.9888888888888888,0.9888982268878268,0.0373325943946838,0.0172098242792295,0.0035962121685345003,-0.0005555555555555,-0.000553301155825,0.0055003985762596,0.1284149949547282,0.0005555555555555,0.0,0.0002842198591679,0.0197222222222222,0.2304490073927754,0.005204790737479901,0.0911111111111111,0.0428329929709434,0.9894444444444443,AV-MNIST
analytic_pi_g3,0.25,11,3600,0.0403301119804382,0.0002557965926826,0.0129020875319838,0.985,0.9850328473766623,0.04352876916527739,0.020747745848790095,0.0041316050456629,0.0002777777777777,0.000265574912251,0.0012352131307125,0.0275939062468792,0.0008333333333333,0.0011111111111111,0.0008227757061831,0.0258333333333333,0.0558435850781628,0.0149871064350008,0.1394444444444444,0.0447639822959899,0.9847222222222224,AV-MNIST
analytic_pi_g3,0.25,22,3600,0.0129791256040334,0.0001656822714721,0.0042619565501809,0.9927777777777778,0.9927749826446896,0.0234311427921056,0.0112004826425769,0.0034097181095017,0.0,0.0,0.0014419388025999,0.0579718599446412,0.0,0.0,0.0002463029813952,0.0136111111111111,0.0888449919221496,0.0041394662111997,0.0516666666666666,0.0248730815947055,0.9927777777777778,AV-MNIST
analytic_pi_g3,0.25,33,3600,0.0286678690463304,0.0002925734152086,0.0115013346076011,0.9891666666666666,0.9891576649798528,0.0409514531493186,0.0193335397226173,0.0040675062851773,0.001111111111111,0.0011096079928401,0.0035103000700473,0.07895100430988869,0.0,0.0011111111111111,0.0006359214312396,0.0225,0.1492621740392501,0.0113545209169387,0.0952777777777777,0.044461753219366,0.9880555555555556,AV-MNIST
analytic_pi_g3,0.25,44,3600,0.0305186081677675,0.0007150975870899,0.0098203355446457,0.9861111111111112,0.9861155860870304,0.047938924282789196,0.0222173880311078,0.0059204075568252,0.0005555555555556,0.0005574530672023,0.0011433772742748002,0.0232951030820246,0.0,0.0005555555555555,0.0006038160645402,0.0308333333333333,0.0425914207686671,0.0095705185085535,0.1261111111111111,0.049082301557064,0.9855555555555556,AV-MNIST
analytic_pi_g3,0.25,55,3600,0.030545035377144796,0.0004039976047351,0.0128362206742167,0.9891666666666666,0.9891763650268232,0.0363729335367679,0.0168700268510263,0.0038370403399069,-0.0002777777777778,-0.0002751630168287,0.0064600594341754,0.1508197066349715,0.0005555555555555,0.0002777777777777,0.0007481114007532,0.0202777777777777,0.2706556323908634,0.0130119770765304,0.0988888888888888,0.0428329929709434,0.9894444444444443,AV-MNIST
analytic_pi_g3,0.5,11,3600,0.0375857390463352,0.0005426259012892,0.0258041750639677,0.9855555555555556,0.9855865236477024,0.0427225567400455,0.0203433071136155,0.0034669022758801,0.0008333333333332,0.0008192511832911,0.0020414255559444,0.0456041989840416,0.0011111111111111,0.0019444444444444,0.0018394399667158,0.0297222222222222,0.0922921031705497,0.0299742128700017,0.1541666666666666,0.0447639822959899,0.9847222222222224,AV-MNIST
analytic_pi_g3,0.5,22,3600,0.0123522635549306,0.0003639125498011,0.0085239131003618,0.9930555555555556,0.9930535514358894,0.0228231251239776,0.0109423777888132,0.0038591969013214,0.0002777777777778,0.0002785687911996,0.0020499564707279,0.0824166665044137,0.0,0.0002777777777777,0.0005441759712994,0.0161111111111111,0.1263078089635734,0.0082789324223995,0.0586111111111111,0.0248730815947055,0.9927777777777778,AV-MNIST
analytic_pi_g3,0.5,33,3600,0.02770228497684,0.0006182026118039999,0.0230026692152023,0.9897222222222222,0.989718716181788,0.0401260107755661,0.0187937197719988,0.0037546156346798,0.0016666666666665002,0.0016706591947751,0.0043357424437999,0.0975162275407409,0.0,0.0016666666666666,0.0013740936992689,0.0244444444444444,0.18436101218562254,0.0227090418338775,0.1016666666666666,0.044461753219366,0.9880555555555556,AV-MNIST
analytic_pi_g3,0.5,44,3600,0.0296002868562936,0.001551445107907,0.019640671089291503,0.9866666666666668,0.9866693271517208,0.0472888089716434,0.021806900963868597,0.0051447667843765,0.0011111111111111,0.0011111941318928,0.0017934925854206,0.0365405151862216,0.0,0.0011111111111111,0.0013058867771178,0.0361111111111111,0.0668085575834277,0.019141037017107,0.1441666666666666,0.049082301557064,0.9855555555555556,AV-MNIST
analytic_pi_g3,0.5,55,3600,0.0288239624351263,0.0008778858464211,0.0256724413484334,0.9894444444444443,0.9894552959275388,0.0354713834822177,0.0164675589707619,0.0039989763912227,0.0,3.767883886673928e-06,0.0073616094887256,0.171867735082616,0.0005555555555555,0.0005555555555555,0.0016548350686207,0.023333333333333296,0.3084278357675728,0.026023954153060896,0.1036111111111111,0.0428329929709434,0.9894444444444443,AV-MNIST
analytic_pi_g3,0.75,11,3600,0.0353749990463256,0.0008737207972444,0.03870626166462889,0.9863888888888888,0.9864118640885764,0.04241893440485,0.020198634423936195,0.0030681639413039,0.0016666666666665002,0.0016445916241654,0.0023450478911398996,0.0523869363461448,0.0011111111111111,0.0027777777777777,0.0031495292205363,0.0294444444444444,0.1060187704845073,0.0449613183736801,0.1666666666666666,0.0447639822959899,0.9847222222222224,AV-MNIST
analytic_pi_g3,0.75,22,3600,0.0119311520829796,0.0006163241923786,0.0127858687192201,0.9930555555555556,0.9930535514358894,0.0224927775561809,0.0107425600239463,0.0035956742697291996,0.0002777777777778,0.0002785687911996,0.0023803040385246,0.0956979950176858,0.0,0.0002777777777777,0.0009258596110157,0.0163888888888888,0.1466619604690879,0.0124183986335992,0.0611111111111111,0.0248730815947055,0.9927777777777778,AV-MNIST
analytic_pi_g3,0.75,33,3600,0.0269713718444108,0.000987651059404,0.0345040038228035,0.9894444444444443,0.9894420878028009,0.0396438017487525,0.0184501653945373,0.0036666374156872,0.0013888888888888,0.001394030815788,0.0048179514706134,0.108361706899919,0.0002777777777777,0.0016666666666666,0.0022602335084229,0.0247222222222222,0.20486521998947402,0.0340635627508163,0.105,0.044461753219366,0.9880555555555556,AV-MNIST
analytic_pi_g3,0.75,44,3600,0.029157090932130796,0.0025717883836477,0.029461009427905,0.9869444444444444,0.9869498664528116,0.04696049913764,0.0215556192961819,0.0045873397919867,0.0013888888888888,0.0013917334329834,0.002121802419424,0.043229480935347,0.0,0.0013888888888888,0.0021575388964265,0.0352777777777777,0.0790382363063123,0.0287115518003702,0.1558333333333333,0.049082301557064,0.9855555555555556,AV-MNIST
analytic_pi_g3,0.75,55,3600,0.0276110116392374,0.0014616105472669,0.0385086648166179,0.9894444444444443,0.9894537824433826,0.0350996516644954,0.0162699182514066,0.0049748640590244,0.0,2.254399730561296e-06,0.007733341306447901,0.1805463678826748,0.0008333333333333,0.0008333333333333,0.0028032797854393,0.0241666666666666,0.3240021251536975,0.0390359312295913,0.1061111111111111,0.0428329929709434,0.9894444444444443,AV-MNIST
analytic_pi_g3,1.0,11,3600,0.0335265584290027,0.0012595960870384999,0.0516083501279354,0.9863888888888888,0.9864118640885764,0.043122760951519,0.0203137271435125,0.004775752176841,0.0016666666666665002,0.0016445916241654,0.0016412213444708997,0.036663881546973,0.0011111111111111,0.0027777777777777,0.0037782853469252,0.0305555555555555,0.074198916340558,0.059948425740003496,0.1755555555555555,0.0447639822959899,0.9847222222222224,AV-MNIST
analytic_pi_g3,1.0,22,3600,0.0117064202204346,0.0007790802046656,0.0170478262007236,0.9933333333333332,0.9933305469614488,0.0224669389426708,0.0106010295156862,0.0032818491425779,0.0005555555555555,0.0005555643167591001,0.0024061426520347,0.0967368133648114,0.0,0.0005555555555555,0.0011704532662405998,0.0186111111111111,0.1482540607595279,0.016557864844799,0.0627777777777777,0.0248730815947055,0.9927777777777778,AV-MNIST
analytic_pi_g3,1.0,33,3600,0.0263955984264612,0.0014185437466949,0.0460053384304046,0.9891666666666666,0.989164691541534,0.0395833924412727,0.0183028760604875,0.0043858406113253,0.001111111111111,0.0011166345545212,0.0048783607780933,0.1097203871836633,0.0005555555555555,0.0016666666666666,0.0031328704208135,0.0269444444444444,0.2074341366131405,0.04541808366775509,0.1083333333333333,0.044461753219366,0.9880555555555556,AV-MNIST
analytic_pi_g3,1.0,44,3600,0.0292019098997116,0.0036081802099942996,0.0392813421785831,0.9869444444444444,0.9869532543881099,0.0470211096107959,0.021463542845280497,0.0055832709537611,0.0013888888888888,0.0013951213682817,0.002061191946268,0.0419946066276394,0.0,0.0013888888888888,0.003021657699719,0.0383333333333333,0.07678040142987179,0.038282074034214,0.1683333333333333,0.049082301557064,0.9855555555555556,AV-MNIST
analytic_pi_g3,1.0,55,3600,0.0268027894198894,0.0020316937007009,0.0513448826968669,0.9894444444444443,0.989454158220062,0.0354876033961772,0.0162771047207358,0.0035168585346804994,0.0,2.630176410001184e-06,0.0073453895747661,0.1714890570394891,0.0011111111111111,0.0011111111111111,0.0036266082897782,0.0255555555555555,0.3077482735467373,0.05204790830612179,0.1083333333333333,0.0428329929709434,0.9894444444444443,AV-MNIST
fixed,0.0,11,3600,0.0447502530046119,4.3572997473847475e-10,0.0,0.9847222222222224,0.9847672724644113,0.0447639767303611,0.0214119501024444,0.0032879097925293,0.0,0.0,5.565628811987633e-09,1.243327453573363e-07,0.0,0.0,5.72207515433654e-10,0.5222222222222223,4.0428119185698115e-08,0.0,0.0,0.0447639822959899,0.9847222222222224,AV-MNIST
fixed,0.0,22,3600,0.0141422101720877,2.111474542848813e-10,0.0,0.9927777777777778,0.9927749826446896,0.0248730793405629,0.0115168746911774,0.0038401348309384,0.0,0.0,2.254142667662551e-09,9.062578993599096e-08,0.0,0.0,1.6662918790554732e-10,0.4847222222222222,8.690708652725476e-08,0.0,0.0,0.0248730815947055,0.9927777777777778,AV-MNIST
fixed,0.0,33,3600,0.0387246002712254,4.085351151873122e-10,0.0,0.9880555555555556,0.9880480569870128,0.0444617515178319,0.0200696246498153,0.0038582557357019,0.0,0.0,1.701534087239498e-09,3.8269612960254696e-08,0.0,0.0,3.313113072064394e-10,0.5561111111111111,1.3425151546009316e-08,0.0,0.0,0.044461753219366,0.9880555555555556,AV-MNIST
fixed,0.0,44,3600,0.0346723843284896,3.6922175472490936e-10,0.0,0.9855555555555556,0.9855581330198279,0.0490823048594762,0.0227870802210538,0.0055169218695826,0.0,0.0,-3.302412170114177e-09,-6.728315635880946e-08,0.0,0.0,7.082348234717348e-10,0.5641666666666667,-3.8509000432895846e-09,0.0,0.0,0.049082301557064,0.9855555555555556,AV-MNIST
fixed,0.0,55,3600,0.0451251059518205,2.9529959255063844e-10,0.0,0.9894444444444443,0.9894515280436519,0.0428329931525394,0.017477321575896,0.0042046850423017,0.0,0.0,-1.8159598130784715e-10,-4.23962858329877e-09,0.0,0.0,3.7641800330836124e-10,0.5125,3.4474867405265286e-08,0.0,0.0,0.0428329929709434,0.9894444444444443,AV-MNIST
fixed,0.1,11,3600,0.0400983338766438,0.0007269338980606,0.1,0.985,0.985034418289543,0.0440199320409371,0.0208963984491661,0.0036153653624157,0.0002777777777777,0.0002671458251318,0.0007440502550528,0.0166216278554706,0.0005555555555555,0.0008333333333333,0.000944882594284,0.8972222222222223,0.0336380595542902,0.1,1.0,0.0447639822959899,0.9847222222222224,AV-MNIST
fixed,0.1,22,3600,0.0137310982889454,0.0005159209830105,0.1,0.9927777777777778,0.9927749826446896,0.0229551550775331,0.0111422917326133,0.0031538970644275,0.0,0.0,0.0019179265171724,0.0771085203041608,0.0,0.0,0.0005786445759201,0.9647222222222224,0.1181727480735661,0.1,1.0,0.0248730815947055,0.9927777777777778,AV-MNIST
fixed,0.1,33,3600,0.0285255319473216,0.0006532942547892,0.1,0.9888888888888888,0.98888026820056,0.0406233408796831,0.019632095862037,0.0041574521520071,0.0008333333333333,0.0008322112135473,0.0038384123396829,0.0863306563901089,0.0,0.0008333333333333,0.0007786145749744,0.9072222222222224,0.1632140160153313,0.1,1.0,0.044461753219366,0.9880555555555556,AV-MNIST
fixed,0.1,44,3600,0.0301578540596407,0.0009056684330852,0.1,0.9855555555555556,0.9855581330198279,0.04791328929549849,0.022269330982337004,0.0048695811772809,0.0,0.0,0.0011690122615654,0.0238173888444566,0.0,0.0,0.0009256678602889,0.93,0.0435463151708693,0.1,1.0,0.049082301557064,0.9855555555555556,AV-MNIST
fixed,0.1,55,3600,0.0294351627723012,0.0006545478537394,0.1,0.9888888888888888,0.9888982268878268,0.0362432455106844,0.0170411889091303,0.0041385531384601,-0.0005555555555555,-0.000553301155825,0.006589747460259,0.1538474667116846,0.0005555555555555,0.0,0.0008169105036421,0.8836111111111111,0.2760892636425205,0.1,1.0,0.0428329929709434,0.9894444444444443,AV-MNIST
fixed,0.25,11,3600,0.0375568767790192,0.0018460675627085,0.25,0.9858333333333332,0.9858580878008764,0.0434164157090144,0.0202762119686271,0.0045235957229872,0.001111111111111,0.0010908153364653,0.0013475665869755,0.0301038137774498,0.0008333333333333,0.0019444444444444,0.0024370789834086,0.8972222222222223,0.0609228372090958,0.25,1.0,0.0447639822959899,0.9847222222222224,AV-MNIST
fixed,0.25,22,3600,0.0135697000636536,0.0013044839064241,0.25,0.9930555555555556,0.9930535514358894,0.0223824747674603,0.010648668553888999,0.0015564670620693,0.0002777777777778,0.0002785687911996,0.0024906068272451,0.1001326199876793,0.0,0.0002777777777777,0.0014699375997609,0.9647222222222224,0.1534583730293919,0.25,1.0,0.0248730815947055,0.9927777777777778,AV-MNIST
fixed,0.25,33,3600,0.0280284534201018,0.0016643993148994,0.25,0.9891666666666666,0.9891611750909408,0.039831301154698,0.0190959431424113,0.0030034823226742,0.001111111111111,0.001113118103928,0.004630452064668,0.10414461260270712,0.0002777777777777,0.0013888888888888,0.0019991216878206,0.9072222222222224,0.1968925319199231,0.25,1.0,0.044461753219366,0.9880555555555556,AV-MNIST
fixed,0.25,44,3600,0.0295403080170314,0.0023181897413247,0.25,0.9866666666666668,0.9866766296973852,0.04736444247776711,0.0216187769422245,0.0024831248115353,0.0011111111111111,0.0011184966775572,0.0017178590792969,0.0349995624654994,0.0,0.0011111111111111,0.0023694363242522,0.93,0.0639910888381211,0.25,1.0,0.049082301557064,0.9855555555555556,AV-MNIST
fixed,0.25,55,3600,0.028066982010058295,0.0016657439792405,0.25,0.9897222222222222,0.9897304017965831,0.035623034074161,0.0165079196988099,0.004972100970594,0.0002777777777777,0.000278873752931,0.0072099588967824,0.1683272262032543,0.0005555555555555,0.0008333333333333,0.0021051249227769,0.8836111111111111,0.3020741278189721,0.25,1.0,0.0428329929709434,0.9894444444444443,AV-MNIST
fixed,0.5,11,3600,0.0350736446074423,0.0038106956296492,0.5,0.9863888888888888,0.9864134344319149,0.04327293997266899,0.0196509438327383,0.0040464469604194,0.0016666666666665002,0.0016461619675036,0.0014910423233209,0.0333089740198238,0.0013888888888888,0.0030555555555555,0.005202212853493101,0.8972222222222223,0.0674093287222142,0.5,1.0,0.0447639822959899,0.9847222222222224,AV-MNIST
fixed,0.5,22,3600,0.0137349542198656,0.0026682351194290002,0.5,0.9933333333333332,0.9933305469614488,0.0223233458770289,0.010007966613674,0.0024688312245738,0.0005555555555555,0.0005555643167591001,0.0025497357176766,0.1025098441448996,0.0,0.0005555555555555,0.0030356384218407,0.9647222222222224,0.1571015921433037,0.5,1.0,0.0248730815947055,0.9927777777777778,AV-MNIST
fixed,0.5,33,3600,0.0278944056146321,0.0034523108979132,0.5,0.9894444444444443,0.9894413199205212,0.0394985692011359,0.0185227298418136,0.0027589622305499,0.0013888888888888,0.0013932629335083,0.0049631840182301,0.11162816710674321,0.0005555555555555,0.0019444444444444,0.0042151492262725,0.9072222222222224,0.211040709134416,0.5,1.0,0.044461753219366,0.9880555555555556,AV-MNIST
fixed,0.5,44,3600,0.0295212257758451,0.0048560452025613,0.5,0.9880555555555556,0.9880629970028114,0.0474687477445731,0.0208707063899374,0.0018659514975216,0.0025,0.0025048639829834,0.0016135538124908,0.0328744529352381,0.0,0.0025,0.004964486051334199,0.93,0.06010567399511129,0.5,1.0,0.049082301557064,0.9855555555555556,AV-MNIST
fixed,0.5,55,3600,0.0270352071020203,0.0034486820395205,0.5,0.9897222222222222,0.9897307699924064,0.0355868548858667,0.0159416171211511,0.005637204210377299,0.0002777777777777,0.0002792419487542,0.0072461380850766,0.1691718832254433,0.0011111111111111,0.0013888888888888,0.0044741502526688,0.8836111111111111,0.3035899194320886,0.5,1.0,0.0428329929709434,0.9894444444444443,AV-MNIST
fixed,0.75,11,3600,0.0336745643490317,0.0058955531307904,0.75,0.9875,0.9875111714381476,0.0441727047286338,0.019536145694778,0.004474996458739,0.0027777777777777,0.0027438989737363006,0.0005912775673561,0.0132087794031934,0.0013888888888888,0.0041666666666666,0.0082773019984206,0.8972222222222223,0.026731255885449,0.75,1.0,0.0447639822959899,0.9847222222222224,AV-MNIST
fixed,0.75,22,3600,0.014215905678635,0.0041227370025347,0.75,0.9941666666666666,0.9941654309467736,0.0228056165805262,0.0095947688705324,0.0028978003595127,0.0013888888888888,0.001390448302084,0.0020674650141793,0.0831205818349201,0.0,0.0013888888888888,0.0047485438968588,0.9647222222222224,0.1273865436747715,0.75,1.0,0.0248730815947055,0.9927777777777778,AV-MNIST
fixed,0.75,33,3600,0.0282223136598625,0.0054185269997224,0.75,0.9891666666666666,0.9891654283311436,0.039942397113793895,0.0183499847480219,0.0044969258685079,0.001111111111111,0.0011173713441308,0.004519356105572,0.101645926629893,0.0011111111111111,0.0022222222222222,0.0066918655554418,0.9072222222222224,0.1921685933252787,0.75,1.0,0.044461753219366,0.9880555555555556,AV-MNIST
fixed,0.75,44,3600,0.0302977849138051,0.007730831516645599,0.75,0.9880555555555556,0.9880591848907868,0.04839961959083959,0.0205428685641926,0.0031780603229223,0.0025,0.0025010518709588994,0.0006826819662244,0.0139089232690267,0.0011111111111111,0.0036111111111111,0.0078499255923361,0.93,0.0254303081274618,0.75,1.0,0.049082301557064,0.9855555555555556,AV-MNIST
fixed,0.75,55,3600,0.026693739811751202,0.0054052003594617,0.75,0.9897222222222222,0.9897311639909704,0.036388125025045896,0.0157784138429196,0.0068213529843537,0.0002777777777777,0.0002796359473182,0.0064448679458974,0.15046503872072323,0.0016666666666666,0.0019444444444444,0.0072292277936219,0.8836111111111111,0.2700192780199739,0.75,1.0,0.0428329929709434,0.9894444444444443,AV-MNIST
fixed,1.0,11,3600,0.0333091290166485,0.0077881790551067,1.0,0.9872222222222222,0.987234220199634,0.0474535924379093,0.0199318175547462,0.0039316950986782,0.0024999999999999,0.0024669477352228,-0.0026896101419193,-0.0600842463955741,0.0016666666666666,0.0041666666666666,0.010272921276458,0.8972222222222223,-0.1215966135075397,1.0,1.0,0.0447639822959899,0.9847222222222224,AV-MNIST
fixed,1.0,22,3600,0.014998721086269198,0.0055048379302058,1.0,0.9947222222222222,0.994722169244724,0.023825507903082,0.009409075324464099,0.004447521062360801,0.0019444444444444,0.0019471866000343,0.0010475736916234,0.0421167633626255,0.0002777777777777,0.0022222222222222,0.0063003048302324,0.9647222222222224,0.0645460686830015,1.0,1.0,0.0248730815947055,0.9927777777777778,AV-MNIST
fixed,1.0,33,3600,0.0290022784238959,0.0075684701102062,1.0,0.9886111111111112,0.9886137426856342,0.0414712983144806,0.0185777078610364,0.0040442323022419,0.0005555555555555,0.0005656856986214,0.0029904549048854,0.0672590414986803,0.0019444444444444,0.0025,0.0090788621202145,0.9072222222222224,0.1271578094219313,1.0,1.0,0.044461753219366,0.9880555555555556,AV-MNIST
fixed,1.0,44,3600,0.0319588248244634,0.0105589122138914,1.0,0.9883333333333332,0.988338192143549,0.0504025081400877,0.0206352634649899,0.0029799928267796,0.0027777777777777,0.002780059123721,-0.0013202065830237,-0.026897813287929,0.0011111111111111,0.0038888888888888,0.0107111120145375,0.93,-0.0491781285932988,1.0,1.0,0.049082301557064,0.9855555555555556,AV-MNIST
fixed,1.0,55,3600,0.0269316460852083,0.007403846678715899,1.0,0.9897222222222222,0.9897281136397768,0.038437142174969394,0.0160183098641154,0.005663028351134599,0.0002777777777777,0.0002765855961247,0.0043958507959739,0.1026276823325416,0.0019444444444444,0.0022222222222222,0.0094837254119267,0.8836111111111111,0.1841720504447414,1.0,1.0,0.0428329929709434,0.9894444444444443,AV-MNIST
max_confidence,0.0,11,3600,0.0447502530046119,4.3572997473847475e-10,0.0,0.9847222222222224,0.9847672724644113,0.0447639767303611,0.0214119501024444,0.0032879097925293,0.0,0.0,5.565628811987633e-09,1.243327453573363e-07,0.0,0.0,5.72207515433654e-10,0.5222222222222223,4.0428119185698115e-08,0.0,0.0,0.0447639822959899,0.9847222222222224,AV-MNIST
max_confidence,0.0,22,3600,0.0141422101720877,2.111474542848813e-10,0.0,0.9927777777777778,0.9927749826446896,0.0248730793405629,0.0115168746911774,0.0038401348309384,0.0,0.0,2.254142667662551e-09,9.062578993599096e-08,0.0,0.0,1.6662918790554732e-10,0.4847222222222222,8.690708652725476e-08,0.0,0.0,0.0248730815947055,0.9927777777777778,AV-MNIST
max_confidence,0.0,33,3600,0.0387246002712254,4.085351151873122e-10,0.0,0.9880555555555556,0.9880480569870128,0.0444617515178319,0.0200696246498153,0.0038582557357019,0.0,0.0,1.701534087239498e-09,3.8269612960254696e-08,0.0,0.0,3.313113072064394e-10,0.5561111111111111,1.3425151546009316e-08,0.0,0.0,0.044461753219366,0.9880555555555556,AV-MNIST
max_confidence,0.0,44,3600,0.0346723843284896,3.6922175472490936e-10,0.0,0.9855555555555556,0.9855581330198279,0.0490823048594762,0.0227870802210538,0.0055169218695826,0.0,0.0,-3.302412170114177e-09,-6.728315635880946e-08,0.0,0.0,7.082348234717348e-10,0.5641666666666667,-3.8509000432895846e-09,0.0,0.0,0.049082301557064,0.9855555555555556,AV-MNIST
max_confidence,0.0,55,3600,0.0451251059518205,2.9529959255063844e-10,0.0,0.9894444444444443,0.9894515280436519,0.0428329931525394,0.017477321575896,0.0042046850423017,0.0,0.0,-1.8159598130784715e-10,-4.23962858329877e-09,0.0,0.0,3.7641800330836124e-10,0.5125,3.4474867405265286e-08,0.0,0.0,0.0428329929709434,0.9894444444444443,AV-MNIST
max_confidence,0.1,11,3600,0.041160842834722405,0.0006394089250727,0.0984860741280847,0.985,0.985034418289543,0.044220397937632695,0.021001118746313205,0.0035801727562501,0.0002777777777777,0.0002671458251318,0.0005435843583572,0.0121433422693042,0.0005555555555555,0.0008333333333333,0.0008131644815058,0.8972222222222223,0.0245750613728104,0.0985755602642893,1.0,0.0447639822959899,0.9847222222222224,AV-MNIST
max_confidence,0.1,22,3600,0.0137591783347748,0.0004683190632062,0.09923959921631538,0.9927777777777778,0.9927749826446896,0.0232907639383545,0.0112556579569902,0.003112668761302,0.0,0.0,0.001582317656351,0.0636156662103282,0.0,0.0,0.0005151462614265,0.9647222222222224,0.0974942505130526,0.0991661754159463,1.0,0.0248730815947055,0.9927777777777778,AV-MNIST
max_confidence,0.1,33,3600,0.0288833952188029,0.0005466417709619,0.0987731640405125,0.9886111111111112,0.98860286074893,0.0408572336483917,0.0196983926582179,0.0036141723797478,0.0005555555555555,0.0005548037619171,0.0036045195709743,0.0810701177974323,0.0,0.0005555555555555,0.0006552056807453,0.9072222222222224,0.15326860408404572,0.09872467738721098,1.0,0.044461753219366,0.9880555555555556,AV-MNIST
max_confidence,0.1,44,3600,0.0305436500093423,0.0008016146836749,0.09875521097580592,0.9855555555555556,0.9855581330198279,0.0482519484023354,0.0224040969671456,0.0054710438911373,0.0,0.0,0.0008303531547285,0.0169175676035323,0.0,0.0,0.0007944074007716,0.93,0.0309311217034975,0.0986414640082253,1.0,0.049082301557064,0.9855555555555556,AV-MNIST
max_confidence,0.1,55,3600,0.0298531934285894,0.0005705970984563,0.0986325199438466,0.9888888888888888,0.9888982268878268,0.0365113337667203,0.0171304690550356,0.0038270834925283,-0.0005555555555555,-0.000553301155825,0.0063216592042231,0.1475885471863135,0.0005555555555555,0.0,0.0007264415803321999,0.8836111111111111,0.264857228065355,0.0987705527800652,1.0,0.0428329929709434,0.9894444444444443,AV-MNIST
max_confidence,0.25,11,3600,0.0390597906926256,0.0016135683453104,0.2462151853202117,0.9852777777777778,0.9853098236706462,0.0437250899033045,0.0204875590932459,0.004414771554523,0.0005555555555555,0.0005425512062352,0.0010388923926854,0.0232082209714061,0.0008333333333333,0.0013888888888888,0.0020832534376237,0.8972222222222223,0.04696777698371671,0.2464389006607234,1.0,0.0447639822959899,0.9847222222222224,AV-MNIST
max_confidence,0.25,22,3600,0.0135987334118343,0.0011803444586890998,0.2480989980407887,0.9927777777777778,0.9927749826446896,0.0227934790085195,0.010898625633854,0.0028423621936051,0.0,0.0,0.002079602586186,0.0836085620620755,0.0,0.0,0.0013013944806994,0.9647222222222224,0.1281343986405656,0.2479154385398659,1.0,0.0248730815947055,0.9927777777777778,AV-MNIST
max_confidence,0.25,33,3600,0.0283869380872709,0.0013816981902734,0.2469329101012812,0.9891666666666666,0.9891576649798528,0.0400436674929488,0.0192185021508744,0.0030858185126927,0.001111111111111,0.0011096079928401,0.0044180857264172,0.0993682301419646,0.0,0.0011111111111111,0.0016702907752598,0.9072222222222224,0.1878624506313678,0.2468116934680276,1.0,0.044461753219366,0.9880555555555556,AV-MNIST
max_confidence,0.25,44,3600,0.0299923730915402,0.0020403674173973,0.2468880274395148,0.9861111111111112,0.9861157266833012,0.0477976507367506,0.0219024326722115,0.0030758780977788,0.0005555555555556,0.0005575936634732,0.0012846508203134,0.0261734022154583,0.0,0.0005555555555555,0.0020208605415287,0.93,0.0478538998819944,0.2466036600205633,1.0,0.049082301557064,0.9855555555555556,AV-MNIST
max_confidence,0.25,55,3600,0.028575459707697204,0.0014469702293264002,0.2465812998596165,0.9888888888888888,0.9888982268878268,0.035970064423266494,0.0166903317001278,0.005591278104303899,-0.0005555555555555,-0.000553301155825,0.0068629285476768,0.1602252859689838,0.0005555555555555,0.0,0.0018630456615515,0.8836111111111111,0.28753467247264397,0.2469263819501631,1.0,0.0428329929709434,0.9894444444444443,AV-MNIST
max_confidence,0.5,11,3600,0.0369150515759052,0.0032845940363227005,0.4924303706404235,0.9863888888888888,0.9864081062907134,0.043492658825422296,0.0199054593544791,0.0040572879951295,0.0016666666666665002,0.0016408338263023,0.0012713234705676,0.0284005891647743,0.0008333333333333,0.0025,0.004381711613781,0.8972222222222223,0.0574759106408101,0.4928778013214469,1.0,0.0447639822959899,0.9847222222222224,AV-MNIST
max_confidence,0.5,22,3600,0.0137194437264258,0.0023994328174247,0.4961979960815774,0.9933333333333332,0.9933305469614488,0.0227111274696118,0.010396352503679502,0.0021700335295273,0.0005555555555555,0.0005555643167591001,0.0021619541250937,0.0869194320318518,0.0,0.0005555555555555,0.0026567352888569,0.9647222222222224,0.1332084783065198,0.4958308770797319,1.0,0.0248730815947055,0.9927777777777778,AV-MNIST
max_confidence,0.5,33,3600,0.028144543109592,0.0028202256212084,0.4938658202025625,0.9894444444444443,0.9894420878028009,0.0395486532218888,0.0186239045854416,0.0032211920261255,0.0013888888888888,0.001394030815788,0.0049130999974771,0.1105017153335555,0.0002777777777777,0.0016666666666666,0.0034693962425745,0.9072222222222224,0.20891107417257487,0.4936233869360553,1.0,0.044461753219366,0.9880555555555556,AV-MNIST
max_confidence,0.5,44,3600,0.0299142691185781,0.004224948646011,0.4937760548790296,0.9869444444444444,0.9869532543881099,0.0477826594505281,0.0212604870764627,0.0017458489512944,0.0013888888888888,0.0013951213682817,0.0012996421065358,0.0264788338221038,0.0,0.0013888888888888,0.0041806604306841,0.93,0.0484123315680256,0.4932073200411266,1.0,0.049082301557064,0.9855555555555556,AV-MNIST
max_confidence,0.5,55,3600,0.0275745654727297,0.0029755191260593,0.493162599719233,0.9894444444444443,0.9894522636575868,0.0358904098847645,0.0161704799123021,0.0063392825916544,0.0,7.356139347658441e-07,0.0069425830861789,0.1620849397773479,0.0008333333333333,0.0008333333333333,0.003920156507763,0.8836111111111111,0.2908719414137263,0.4938527639003263,1.0,0.0428329929709434,0.9894444444444443,AV-MNIST
max_confidence,0.75,11,3600,0.0355415327858408,0.0050328100807016,0.7386455559606353,0.9866666666666668,0.9866923733700717,0.0439591983659269,0.0196656508861441,0.0045798221968999,0.0019444444444444,0.0019251009056605,0.000804783930063,0.0179783810283377,0.0011111111111111,0.0030555555555555,0.006963651341896,0.8972222222222223,0.0363838093064714,0.7393167019821704,1.0,0.0447639822959899,0.9847222222222224,AV-MNIST
max_confidence,0.75,22,3600,0.0141054157195335,0.0036788884045251004,0.7442969941223662,0.9933333333333332,0.9933305469614488,0.0230457771427361,0.0100100553006539,0.0034190705399113,0.0005555555555555,0.0005555643167591001,0.0018273044519694,0.0734651412215207,0.0,0.0005555555555555,0.0040935770215556,0.9647222222222224,0.1125890809747837,0.7437463156195978,1.0,0.0248730815947055,0.9927777777777778,AV-MNIST
max_confidence,0.75,33,3600,0.028212957648153295,0.0043318680132657,0.7407987303038438,0.9894444444444443,0.9894413199205212,0.0396264582775973,0.0182858319535169,0.0043282026075374,0.0013888888888888,0.0013932629335083,0.0048352949417687,0.1087517830867418,0.0005555555555555,0.0019444444444444,0.0054546324914642,0.9072222222222224,0.2056027062669324,0.7404350804040829,1.0,0.044461753219366,0.9880555555555556,AV-MNIST
max_confidence,0.75,44,3600,0.0304303998275935,0.0066191214371027,0.7406640823185444,0.9880555555555556,0.9880629970028114,0.0483482711011265,0.0208612434338075,0.0026349841250704,0.0025,0.0025048639829834,0.0007340304559375,0.0149550944566879,0.0,0.0025,0.0065202565107396,0.93,0.027343060859961,0.73981098006169,1.0,0.049082301557064,0.9855555555555556,AV-MNIST
max_confidence,0.75,55,3600,0.0271492780481455,0.0046244698856688,0.7397438995788495,0.9897222222222222,0.9897323407354264,0.0364511720712433,0.0159177662124187,0.0063380282764476,0.0002777777777777,0.0002808126917742,0.0063818208997,0.1489931115490643,0.0011111111111111,0.0013888888888888,0.0062645199292022,0.8836111111111111,0.267377809585677,0.7407791458504895,1.0,0.0428329929709434,0.9894444444444443,AV-MNIST
max_confidence,1.0,11,3600,0.0346834344585581,0.0068405198938428,0.9848607412808472,0.9866666666666668,0.9866923733700717,0.0456583518081801,0.0197681336882409,0.005535993556986,0.0019444444444444,0.0019251009056605,-0.0008943695121901,-0.0199796681688494,0.0011111111111111,0.0030555555555555,0.0089298664410124,0.8972222222222223,-0.0404343668074649,0.9857556026428936,1.0,0.0447639822959899,0.9847222222222224,AV-MNIST
max_confidence,1.0,22,3600,0.0147257510565014,0.0048820381601079,0.9923959921631548,0.9933333333333332,0.9933305469614488,0.0237144937306035,0.0097397340247773,0.0043001707649326,0.0005555555555555,0.0005555643167591001,0.0011585878641019998,0.0465799888803755,0.0,0.0005555555555555,0.0054752316535077,0.9647222222222224,0.0713861928953435,0.9916617541594638,1.0,0.0248730815947055,0.9927777777777778,AV-MNIST
max_confidence,1.0,33,3600,0.0285113257373116,0.0059433415450675,0.9877316404051252,0.9891666666666666,0.9891627393812664,0.04027341413086541,0.0182042842551004,0.005528851897583,0.001111111111111,0.0011146823942537,0.0041883390885005,0.0942009431754995,0.0008333333333333,0.0019444444444444,0.0074507107364498,0.9072222222222224,0.1780933373469972,0.9872467738721106,1.0,0.044461753219366,0.9880555555555556,AV-MNIST
max_confidence,1.0,44,3600,0.0315231854921924,0.0090899199575744,0.9875521097580592,0.9886111111111112,0.9886167009288906,0.0495393558385319,0.0207047017442459,0.0036515666254668,0.0030555555555555,0.0030585679090626,-0.0004570542814678,-0.0093119977460003,0.0,0.0030555555555555,0.0089505003578805,0.93,-0.0170253441085197,0.9864146400822532,1.0,0.049082301557064,0.9855555555555556,AV-MNIST
max_confidence,1.0,55,3600,0.0271693949784248,0.0063004938396376,0.986325199438466,0.99,0.9900074070848928,0.0378622672251795,0.0159321906004777,0.0057314715836488,0.0005555555555555,0.0005558790412407998,0.0049707257457638,0.1160489940344786,0.0013888888888888,0.0019444444444444,0.0083859168686999,0.8836111111111111,0.2082574616594582,0.9877055278006528,1.0,0.0428329929709434,0.9894444444444443,AV-MNIST
negative_entropy,0.0,11,3600,0.0447502546012401,0.0,0.0,0.9847222222222224,0.9847672724644113,0.0447639822959899,0.0214119501024444,0.0032878462307983,0.0,0.0,0.0,0.0,0.0,0.0,0.0,0.0,0.0,0.0,0.0,0.0447639822959899,0.9847222222222224,AV-MNIST
negative_entropy,0.0,22,3600,0.0141422105953097,0.0,0.0,0.9927777777777778,0.9927749826446896,0.0248730815947055,0.0115168746911774,0.0038401593019565003,0.0,0.0,0.0,0.0,0.0,0.0,0.0,0.0,0.0,0.0,0.0,0.0248730815947055,0.9927777777777778,AV-MNIST
negative_entropy,0.0,33,3600,0.0387246012687683,0.0,0.0,0.9880555555555556,0.9880480569870128,0.044461753219366,0.0200696246498153,0.0038582668287886,0.0,0.0,0.0,0.0,0.0,0.0,0.0,0.0,0.0,0.0,0.0,0.044461753219366,0.9880555555555556,AV-MNIST
negative_entropy,0.0,44,3600,0.0346723869442939,0.0,0.0,0.9855555555555556,0.9855581330198279,0.049082301557064,0.0227870802210538,0.005516980919573,0.0,0.0,0.0,0.0,0.0,0.0,0.0,0.0,0.0,0.0,0.0,0.049082301557064,0.9855555555555556,AV-MNIST
negative_entropy,0.0,55,3600,0.0451251082122325,0.0,0.0,0.9894444444444443,0.9894515280436519,0.0428329929709434,0.017477321575896,0.0042047356565793,0.0,0.0,0.0,0.0,0.0,0.0,0.0,0.0,0.0,0.0,0.0,0.0428329929709434,0.9894444444444443,AV-MNIST
negative_entropy,0.1,11,3600,0.0411049984395504,0.0006252625025808,0.0970952436327934,0.985,0.985034418289543,0.0442084670066833,0.0210076227626463,0.0035937450991736,0.0002777777777777,0.0002671458251318,0.0005555152893066,0.012409871973262798,0.0005555555555555,0.0008333333333333,0.0007788404473103,0.8972222222222223,0.0251144134554114,0.0971715822815895,1.0,0.0447639822959899,0.9847222222222224,AV-MNIST
negative_entropy,0.1,22,3600,0.0137854488566517,0.0004590953176375,0.09831368178129189,0.9927777777777778,0.9927749826446896,0.023266589269041998,0.0112495561270367,0.0031246379762888,0.0,0.0,0.0016064923256635,0.0645875871691556,0.0,0.0,0.0005063654389232,0.9647222222222224,0.0989837643069535,0.0982592403888702,1.0,0.0248730815947055,0.9927777777777778,AV-MNIST
negative_entropy,0.1,33,3600,0.0288929194211959,0.0005288773681968,0.0975842773914337,0.9886111111111112,0.98860286074893,0.0409188009798526,0.0197269237445332,0.0037739983614947,0.0005555555555555,0.0005548037619171,0.0035429522395133,0.0796853921174256,0.0,0.0005555555555555,0.0006349282339215,0.9072222222222224,0.15065098097607743,0.0975731760263443,1.0,0.044461753219366,0.9880555555555556,AV-MNIST
negative_entropy,0.1,44,3600,0.0305029898881912,0.00076783192344,0.09737347066402428,0.9855555555555556,0.9855581330198279,0.0482568703591823,0.022404495199860902,0.0050304066141446,0.0,0.0,0.0008254311978816,0.0168172879367125,0.0,0.0,0.0007654035580344,0.93,0.030748004507204798,0.0973168164491653,1.0,0.049082301557064,0.9855555555555556,AV-MNIST
negative_entropy,0.1,55,3600,0.0299371350556612,0.0005512982024811,0.0973566845059394,0.9888888888888888,0.9888982268878268,0.0365399084985256,0.0171370713870521,0.0042150742643409,-0.0005555555555555,-0.000553301155825,0.0062930844724178,0.1469214275240317,0.0005555555555555,0.0,0.0006962264887988,0.8836111111111111,0.2636599185961249,0.0975056886672973,1.0,0.0428329929709434,0.9894444444444443,AV-MNIST
negative_entropy,0.25,11,3600,0.03899171575903889,0.001577427261509,0.2427380979061126,0.985,0.9850328473766623,0.043697316199541,0.0204927268709993,0.0045685975584718,0.0002777777777777,0.000265574912251,0.0010666660964488,0.0238286685352489,0.0008333333333333,0.0011111111111111,0.0019897047895938,0.8972222222222223,0.0482233756876659,0.242928922176361,1.0,0.0447639822959899,0.9847222222222224,AV-MNIST
negative_entropy,0.25,22,3600,0.01363764423877,0.0011565091554075,0.2457842379808426,0.9927777777777778,0.9927749826446896,0.0227593649178743,0.0108834698800066,0.0028460228029224,0.0,0.0,0.0021137166768312,0.0849800885661536,0.0,0.0,0.0012786390725523,0.9647222222222224,0.1302363860075128,0.2456480860710144,1.0,0.0248730815947055,0.9927777777777778,AV-MNIST
negative_entropy,0.25,33,3600,0.0283948313444852,0.0013355975970625,0.2439607083797454,0.9891666666666666,0.9891576649798528,0.0401353240013122,0.019280194432626,0.0032314827789863,0.001111111111111,0.0011096079928401,0.0043264292180538,0.0973067615374503,0.0,0.0011111111111111,0.001616102294065,0.9072222222222224,0.1839652398295731,0.2439329177141189,1.0,0.044461753219366,0.9880555555555556,AV-MNIST
negative_entropy,0.25,44,3600,0.0299595054239034,0.0019508942496031,0.2434336692094802,0.9858333333333332,0.9858386165041664,0.047786459326744,0.0218975778683191,0.0034809284491671,0.0002777777777778,0.0002804834843385,0.0012958422303199,0.0264014153617756,0.0,0.0002777777777777,0.0019440120086073,0.93,0.0482708041919225,0.2432920485734939,1.0,0.049082301557064,0.9855555555555556,AV-MNIST
negative_entropy,0.25,55,3600,0.0286703743040561,0.0013965719845145002,0.2433917224407196,0.9888888888888888,0.9888982268878268,0.035979863256216,0.0166995232070958,0.0052674947347905,-0.0005555555555555,-0.000553301155825,0.0068531297147274,0.1599965176231403,0.0005555555555555,0.0,0.001781077706255,0.8836111111111111,0.2871240127696515,0.2437642216682434,1.0,0.0428329929709434,0.9894444444444443,AV-MNIST
negative_entropy,0.5,11,3600,0.0368417277932167,0.0032090479508042,0.4854761958122253,0.9863888888888888,0.9864081062907134,0.0434067361056804,0.0198788213498266,0.0039635662734508,0.0016666666666665002,0.0016408338263023,0.0013572461903095,0.030320050198731005,0.0008333333333333,0.0025,0.0041567184962332,0.8972222222222223,0.0613604917098612,0.4858578443527221,1.0,0.0447639822959899,0.9847222222222224,AV-MNIST
negative_entropy,0.5,22,3600,0.0137619972229003,0.0023482348769903,0.4915684759616852,0.9933333333333332,0.9933305469614488,0.0226593390107154,0.0103663694485534,0.0021542134881019,0.0005555555555555,0.0005555643167591001,0.00221374258399,0.0890015407042008,0.0,0.0005555555555555,0.0026073635090142,0.9647222222222224,0.136399354873732,0.4912961721420288,1.0,0.0248730815947055,0.9927777777777778,AV-MNIST
negative_entropy,0.5,33,3600,0.0281411539763212,0.00272111245431,0.4879214167594909,0.9894444444444443,0.9894420878028009,0.0396579317748546,0.0187151709368086,0.0037391538255744,0.0013888888888888,0.001394030815788,0.0048038214445114,0.1080439050797265,0.0002777777777777,0.0016666666666666,0.0033453893847763,0.9072222222222224,0.2042644728770797,0.4878658354282379,1.0,0.044461753219366,0.9880555555555556,AV-MNIST
negative_entropy,0.5,44,3600,0.029851485043764097,0.0040243742987513,0.4868673384189605,0.9872222222222222,0.9872288162066102,0.047721043229103,0.0212312761036064,0.0022904460380474,0.0016666666666667,0.0016706831867822,0.0013612583279609,0.027734199187426898,0.0,0.0016666666666666,0.0040075751021504,0.93,0.0507075118230866,0.4865840971469879,1.0,0.049082301557064,0.9855555555555556,AV-MNIST
negative_entropy,0.5,55,3600,0.0276780705899,0.0028655333444476006,0.4867834448814392,0.9894444444444443,0.9894522636575868,0.0358396060764789,0.016164481994812,0.0057042879197332,0.0,7.356139347658441e-07,0.0069933868944644,0.1632710303295542,0.0008333333333333,0.0008333333333333,0.0037266344297677,0.8836111111111111,0.2930003374399452,0.4875284433364868,1.0,0.0428329929709434,0.9894444444444443,AV-MNIST
negative_entropy,0.75,11,3600,0.0354626253247261,0.0049124103970825,0.7282143235206604,0.9861111111111112,0.9861317493239944,0.0437205098569393,0.019570233657707402,0.006170988645818501,0.0013888888888888,0.0013644768595831,0.0010434724390506,0.0233105364073953,0.0011111111111111,0.0025,0.006599078886210901,0.8972222222222223,0.0471748821676355,0.728786826133728,1.0,0.0447639822959899,0.9847222222222224,AV-MNIST
negative_entropy,0.75,22,3600,0.014137414284050399,0.0035934664774686,0.737352728843689,0.9933333333333332,0.9933305469614488,0.0229676980525255,0.0099655734203236,0.0033986658106247,0.0005555555555555,0.0005555643167591001,0.00190538354218,0.0766042412125418,0.0,0.0005555555555555,0.0040092668496072,0.9647222222222224,0.11739985146900732,0.736944317817688,1.0,0.0248730815947055,0.9927777777777778,AV-MNIST
negative_entropy,0.75,33,3600,0.0281849708408117,0.0041692769154906,0.7318820357322693,0.9897222222222222,0.989718716181788,0.0397089123725891,0.018374554073372903,0.0052467831638124,0.0016666666666665002,0.0016706591947751,0.0047528408467769,0.1068972881777136,0.0002777777777777,0.0019444444444444,0.005236514378339,0.9072222222222224,0.2020965559409612,0.7317987680435181,1.0,0.044461753219366,0.9880555555555556,AV-MNIST
negative_entropy,0.75,44,3600,0.0302828885614871,0.0062703364528714995,0.7303009629249573,0.9880555555555556,0.9880629970028114,0.0481939017772674,0.0207881751350046,0.0019618019875552,0.0025,0.0025048639829834,0.0008883997797966,0.0181002062171784,0.0,0.0025,0.0062413662672042,0.93,0.0330933330002886,0.7298761606216431,1.0,0.049082301557064,0.9855555555555556,AV-MNIST
negative_entropy,0.75,55,3600,0.0272410195320844,0.0044390698894858,0.7301751971244812,0.9897222222222222,0.9897307699924064,0.0362749993801116,0.0158721979543925,0.0067598160935772,0.0002777777777777,0.0002792419487542,0.0065579935908317,0.1531061253478245,0.0011111111111111,0.0013888888888888,0.0059256446547806,0.8836111111111111,0.2747589146108374,0.7312926650047302,1.0,0.0428329929709434,0.9894444444444443,AV-MNIST
negative_entropy,1.0,11,3600,0.0345872119069099,0.0067092850804328,0.9709523916244508,0.9872222222222222,0.9872428245683345,0.0448757298290729,0.0195669635624399,0.0050140444354878,0.0024999999999999,0.0024755521039233,-0.0001117475330829,-0.0024963715771322,0.0011111111111111,0.0036111111111111,0.0086763892322778,0.8972222222222223,-0.0050523223613578,0.9717156887054444,1.0,0.0447639822959899,0.9847222222222224,AV-MNIST
negative_entropy,1.0,22,3600,0.0147242499515414,0.0047994465567171,0.9831369519233704,0.9936111111111112,0.99360870028959,0.0235816072672605,0.009681081651526001,0.0047193083829349,0.0008333333333333,0.0008337176449001999,0.001291474327445,0.051922570290604,0.0,0.0008333333333333,0.0053748548962175,0.9647222222222224,0.079574027527698,0.9825923442840576,1.0,0.0248730815947055,0.9927777777777778,AV-MNIST
negative_entropy,1.0,33,3600,0.0284387283027172,0.0056996559724211,0.975842833518982,0.9891666666666666,0.9891627393812664,0.0402343571186065,0.0182583437552639,0.004547323203749,0.001111111111111,0.0011146823942537,0.0042273961007595,0.09507938384485899,0.0008333333333333,0.0019444444444444,0.0071973069570958,0.9072222222222224,0.17975399069138978,0.9757316708564758,1.0,0.044461753219366,0.9880555555555556,AV-MNIST
negative_entropy,1.0,44,3600,0.0312028396874666,0.0086483927443623,0.9737346768379213,0.9886111111111112,0.9886167009288906,0.0491683818399906,0.020568274780794895,0.0041912293268574,0.0030555555555555,0.0030585679090626,-8.608028292655945e-05,-0.0017537947528088,0.0,0.0030555555555555,0.008568718098104,0.93,-0.0032063184129309,0.9731681942939758,1.0,0.049082301557064,0.9855555555555556,AV-MNIST
negative_entropy,1.0,55,3600,0.0272094812244176,0.0060646692290902,0.9735668897628784,0.9897222222222222,0.9897300391212152,0.0373757593333721,0.015822671515576,0.0068117490907509,0.0002777777777777,0.0002785110775631,0.0054572336375713,0.1274072451876839,0.0016666666666666,0.0019444444444444,0.008056097663939,0.8836111111111111,0.2286406133478257,0.9750568866729736,1.0,0.0428329929709434,0.9894444444444443,AV-MNIST
