dataset_label,method,corruption_type,affected_modality,corruption_level,n_test_fold_sum,n_corruption_seeds,accuracy,macro_f1,nll,brier,ece,accuracy_gain,nll_gain,negative_flip_rate,correction_rate,clipped_harm,mean_a7_alpha,mean_full_weight,mean_posterior_weight,contribution_auroc
AV-MNIST,A7_equal_ensemble,clean,none,0.0,3600,1,0.9958333333333332,0.9958336886202996,0.0140521451830863,0.0070964187925481,0.0015304958571989,0.0005555555555555,-0.0002924809232354,0.0,0.0005555555555555,0.0007662056596018,0.0055283769033849,0.3008509874343872,0.3801557719707489,0.9906654699320424
AV-MNIST,A7_equal_ensemble,gaussian,audio,0.25,3600,3,0.9934259259259259,0.9934276783215741,0.020998521397511134,0.010245947501171599,0.0019846767076739,0.00037037037037036667,-0.00023932941257950136,0.0001851851851851667,0.0005555555555555,0.0011457425619785333,0.007740878344823867,0.30132800340652455,0.39059534668922424,0.9886861135631191
AV-MNIST,A7_equal_ensemble,gaussian,audio,0.5,3600,3,0.9875,0.987500968256474,0.0390518431862195,0.018654001859343766,0.0024820310042963332,-0.00027777777777776666,-0.0009317956864833333,0.0003703703703703334,9.259259259256666e-05,0.0025437213480472335,0.013012942858040298,0.3004932701587677,0.41094215710957843,0.9785070306622445
AV-MNIST,A7_equal_ensemble,gaussian,audio,1.0,3600,3,0.9794444444444445,0.9794443282576554,0.06994317968686417,0.032271526801832436,0.004417671387394234,0.0004629629629629334,0.00011640538771946666,0.0015740740740740333,0.002037037037037,0.0040112180480112326,0.02006293771167593,0.2916594048341115,0.4456861714522044,0.9679389318770414
AV-MNIST,A7_equal_ensemble,gaussian,audio,2.0,3600,3,0.9714814814814815,0.9714717071301158,0.10443249841531112,0.045674597404550904,0.007864732044162534,0.0018518518518518335,0.002434827387332867,0.0008333333333333001,0.0026851851851851334,0.007021395644793833,0.02226678344110643,0.2665950258572896,0.48885567982991535,0.9444517205931605
AV-MNIST,A7_equal_ensemble,gaussian,image,0.25,3600,3,0.9951851851851852,0.995185529390443,0.0148475573708613,0.0073249311797338665,0.0017999211671175,3.33272504243959e-17,-0.00019017917414505546,9.259259259256666e-05,9.259259259256666e-05,0.0007213573165548,0.006051087907204999,0.3015658458073934,0.38200830419858295,0.9906150233505452
AV-MNIST,A7_equal_ensemble,gaussian,image,0.5,3600,3,0.9949074074074075,0.9949078825253839,0.016460553432504268,0.0080393542966501,0.0026184550755553,-0.0001851851851851667,6.874464452263333e-05,0.0001851851851851667,0.0,0.0007414497667923333,0.0071326394875844005,0.30366479357083637,0.3880908091862996,0.989004175383369
AV-MNIST,A7_equal_ensemble,gaussian,image,1.0,3600,3,0.9925925925925926,0.9925949674285937,0.0258628204464912,0.012371404722060999,0.004851857506566533,-9.259259259259999e-05,0.0008682838330665669,0.0005555555555555,0.0004629629629629334,0.0012629165430552668,0.013212786987423866,0.3095482389132182,0.41280362010002136,0.9780743113698998
AV-MNIST,A7_equal_ensemble,gaussian,image,2.0,3600,3,0.9771296296296297,0.9771513061066259,0.07217750449975327,0.03517185237617114,0.017769976821210565,-9.259259259260001e-05,0.0042257780830065005,0.0015740740740740001,0.0014814814814814335,0.0034246962362279336,0.04109690959254896,0.2983423670132955,0.4794899920622508,0.9297921809912458
AV-MNIST,A7_equal_ensemble,mask,audio,0.25,3600,3,0.9908333333333331,0.9908422202919492,0.03154511066774523,0.014624772803540699,0.0023134311012647335,-0.00046296296296296667,-0.0007830696801343999,0.0006481481481481,0.00018518518518513332,0.0018737047212198002,0.010377808474004234,0.30308504899342853,0.4042123556137085,0.9795317642530245
AV-MNIST,A7_equal_ensemble,mask,audio,0.5,3600,3,0.9837037037037037,0.983709700387328,0.05431600287556643,0.025451459448934233,0.005409623483816733,-0.0003703703703703333,-0.0015308397511640333,0.0012037037037036333,0.0008333333333333001,0.0036265460463861,0.015591705838839134,0.2989713152249654,0.43239035209019977,0.9690688786426028
AV-MNIST,A7_equal_ensemble,mask,audio,0.75,3600,3,0.9738888888888889,0.9739045511262459,0.08620266864697136,0.04047298246381407,0.006051690393575833,-0.0012037037037036999,-0.0037251710891723,0.0022222222222222,0.0010185185185184666,0.006873758664975534,0.022276644905408198,0.28373591105143225,0.46633802851041156,0.9556343376281561
AV-MNIST,A7_equal_ensemble,mask,image,0.25,3600,3,0.9949074074074076,0.9949090288270442,0.016536314040422398,0.008509452696823601,0.0028868992019582336,9.259259259256669e-05,-0.00021576229482885915,0.00018518518518513332,0.0002777777777777334,0.0009051015367731,0.007456296744445899,0.301622877518336,0.39182281494140625,0.9910436852757034
AV-MNIST,A7_equal_ensemble,mask,image,0.5,3600,3,0.9938888888888889,0.9938910249525482,0.0208945808311303,0.010225386962818866,0.003628096964072234,0.0002777777777777334,0.0006090632329384,9.259259259256666e-05,0.00037037037037030004,0.0009634447245237334,0.010414263233542366,0.30550722281138104,0.41731078426043194,0.9846942748875877
AV-MNIST,A7_equal_ensemble,mask,image,0.75,3600,3,0.9889814814814815,0.9889854355575771,0.04165201385815934,0.019431021862993267,0.012136520718534733,-9.259259259259999e-05,-0.0007079330583413333,0.0010185185185185,0.0009259259259258668,0.003720767407988433,0.0302754938602447,0.3142397999763489,0.47475525736808777,0.9599986576889298
AV-MNIST,A8_safe_fallback,clean,none,0.0,3600,1,0.9958333333333332,0.995833298494524,0.0133098021755284,0.0067618940802594,0.002123522158242,0.0005555555555555,0.0004498620843225,0.0002777777777777,0.0008333333333333,0.0010634021726043,0.0055283769033849,0.3008509874343872,0.3801557719707489,0.9906654699320424
AV-MNIST,A8_safe_fallback,gaussian,audio,0.25,3600,3,0.9935185185185185,0.9935198935476385,0.02014899794833723,0.009827757723374034,0.0024387344091245,0.0004629629629629334,0.0006101940365942667,0.0007407407407407,0.001203703703703667,0.0014351229398572999,0.007740878344823867,0.30132800340652455,0.39059534668922424,0.9886861135631191
AV-MNIST,A8_safe_fallback,gaussian,audio,0.5,3600,3,0.9881481481481481,0.988146485618105,0.037969114270912235,0.01835092312863673,0.002870004910937833,0.0003703703703703334,0.00015093322882383332,0.0012962962962962334,0.0016666666666666002,0.0028724866360653996,0.013012942858040298,0.3004932701587677,0.41094215710957843,0.9785070306622445
AV-MNIST,A8_safe_fallback,gaussian,audio,1.0,3600,3,0.9781481481481481,0.9781367041461094,0.06993534587396334,0.032792964318454236,0.004626446052081868,-0.0008333333333333001,0.00012423920062029685,0.0026851851851851668,0.0018518518518517999,0.004826984479543534,0.02006293771167593,0.2916594048341115,0.4456861714522044,0.9679389318770414
AV-MNIST,A8_safe_fallback,gaussian,audio,2.0,3600,3,0.9687962962962963,0.9687783273231717,0.10479160428847963,0.0462395854805129,0.008112411686592066,-0.0008333333333332667,0.0020757215141643335,0.0029629629629629,0.002129629629629567,0.006175820058348133,0.02226678344110643,0.2665950258572896,0.48885567982991535,0.9444517205931605
AV-MNIST,A8_safe_fallback,gaussian,image,0.25,3600,3,0.9956481481481482,0.9956479948967729,0.014166697568706468,0.006999862489841402,0.0017042741736056665,0.0004629629629629334,0.0004906806280097334,0.0003703703703703334,0.0008333333333333001,0.0011139385323683001,0.006051087907204999,0.3015658458073934,0.38200830419858295,0.9906150233505452
AV-MNIST,A8_safe_fallback,gaussian,image,0.5,3600,3,0.9955555555555555,0.9955551384960676,0.015868728123096504,0.0076240113033101,0.002134488285740467,0.0004629629629629,0.0006605699539304332,0.0002777777777777,0.0007407407407407,0.0012292796662981666,0.0071326394875844005,0.30366479357083637,0.3880908091862996,0.989004175383369
AV-MNIST,A8_safe_fallback,gaussian,image,1.0,3600,3,0.9934259259259259,0.9934264994031317,0.02522039066724597,0.011892813802100298,0.005475891103988367,0.0007407407407407,0.0015107136123117665,0.0010185185185184666,0.0017592592592592337,0.0020217220251643,0.013212786987423866,0.3095482389132182,0.41280362010002136,0.9780743113698998
AV-MNIST,A8_safe_fallback,gaussian,image,2.0,3600,3,0.9782407407407407,0.9782609818950688,0.07216008371194386,0.03489461786994946,0.01696209158623393,0.0010185185185185,0.0042431988708159,0.0032407407407407,0.004259259259259233,0.006087326108140834,0.04109690959254896,0.2983423670132955,0.4794899920622508,0.9297921809912458
AV-MNIST,A8_safe_fallback,mask,audio,0.25,3600,3,0.9909259259259259,0.9909305497192936,0.03049103698198517,0.013976610041894967,0.002921839171241533,-0.00037037037037036667,0.0002710040056255671,0.0011111111111110998,0.0007407407407407,0.0022231363971814,0.010377808474004234,0.30308504899342853,0.4042123556137085,0.9795317642530245
AV-MNIST,A8_safe_fallback,mask,audio,0.5,3600,3,0.9841666666666666,0.9841701266757172,0.052756461050820366,0.024879084780214833,0.005251507737895467,9.259259259259999e-05,2.8702073581981576e-05,0.0021296296296295664,0.0022222222222221663,0.003722351085038867,0.015591705838839134,0.2989713152249654,0.43239035209019977,0.9690688786426028
AV-MNIST,A8_safe_fallback,mask,audio,0.75,3600,3,0.9737037037037037,0.9737074724312321,0.08294461641371646,0.039337628125918796,0.0058470705118012336,-0.0013888888888888666,-0.0004671188559174517,0.003611111111111067,0.0022222222222221997,0.005801752299412367,0.022276644905408198,0.28373591105143225,0.46633802851041156,0.9556343376281561
AV-MNIST,A8_safe_fallback,mask,image,0.25,3600,3,0.9953703703703703,0.995371239909574,0.015602800439318935,0.008127483195622934,0.0023699548115661004,0.0005555555555554999,0.0007177513062745334,9.259259259256666e-05,0.0006481481481481,0.0011928578023590666,0.007456296744445899,0.301622877518336,0.39182281494140625,0.9910436852757034
AV-MNIST,A8_safe_fallback,mask,image,0.5,3600,3,0.9940740740740739,0.994074557079418,0.020546661926848796,0.009991747919099802,0.0036432337676340337,0.0004629629629629334,0.0009569821372198999,0.0009259259259258999,0.0013888888888888666,0.0015995107869094666,0.010414263233542366,0.30550722281138104,0.41731078426043194,0.9846942748875877
AV-MNIST,A8_safe_fallback,mask,image,0.75,3600,3,0.9900925925925926,0.990097552746552,0.0377878119515919,0.017445912334771534,0.011227685010980266,0.0010185185185185,0.0031562688482260665,0.0012037037037036667,0.0022222222222221667,0.002513250166444167,0.0302754938602447,0.3142397999763489,0.47475525736808777,0.9599986576889298
AV-MNIST,confidence_shrink_ensemble,clean,none,0.0,3600,1,0.9952777777777778,0.9952788501603894,0.0140986477821918,0.0070360193834308,0.0021618901632934,0.0,-0.00033898352234079996,0.0,0.0,0.0005050279891994,0.0055283769033849,0.3008509874343872,0.3801557719707489,0.9906654699320424
AV-MNIST,confidence_shrink_ensemble,gaussian,audio,0.25,3600,3,0.9930555555555556,0.9930572995248556,0.020915065072854767,0.010220352073632765,0.002887714140443233,3.33272504243959e-17,-0.0001558730879231742,9.259259259256666e-05,9.259259259256666e-05,0.0005954642334551666,0.007740878344823867,0.30132800340652455,0.39059534668922424,0.9886861135631191
AV-MNIST,confidence_shrink_ensemble,gaussian,audio,0.5,3600,3,0.9875925925925926,0.987594993901005,0.0380464495145828,0.018394706112583366,0.0032209726041647338,-0.00018518518518519998,7.359798515326666e-05,0.00018518518518513332,0.0,0.0009198944016870333,0.013012942858040298,0.3004932701587677,0.41094215710957843,0.9785070306622445
AV-MNIST,confidence_shrink_ensemble,gaussian,audio,1.0,3600,3,0.9793518518518518,0.9793478310911043,0.06865455048895494,0.03249105708256104,0.0042788543544426665,0.00037037037037036667,0.0014050345856287,0.00046296296296290004,0.0008333333333332667,0.0012651893987236,0.02006293771167593,0.2916594048341115,0.4456861714522044,0.9679389318770414
AV-MNIST,confidence_shrink_ensemble,gaussian,audio,2.0,3600,3,0.9699074074074074,0.9698906396175617,0.10083202528437991,0.0460361484692796,0.0056980608010218,0.00027777777777776666,0.006035300518264034,0.0002777777777777334,0.0005555555555555,0.0023392823523381,0.02226678344110643,0.2665950258572896,0.48885567982991535,0.9444517205931605
AV-MNIST,confidence_shrink_ensemble,gaussian,image,0.25,3600,3,0.9951851851851852,0.9951860511313397,0.014982491790805002,0.007286775044989966,0.0024822256526128668,0.0,-0.0003251135940887,0.0,0.0,0.0005100534214221333,0.006051087907204999,0.3015658458073934,0.38200830419858295,0.9906150233505452
AV-MNIST,confidence_shrink_ensemble,gaussian,image,0.5,3600,3,0.9950925925925926,0.9950929333905747,0.016720007856650298,0.008027026719608499,0.0027683918865386336,0.0,-0.0001907097796233047,0.0,0.0,0.0005469273353600668,0.0071326394875844005,0.30366479357083637,0.3880908091862996,0.989004175383369
AV-MNIST,confidence_shrink_ensemble,gaussian,image,1.0,3600,3,0.9928703703703704,0.9928733885674019,0.026227222911933763,0.012491241688567401,0.006416263984826268,0.0001851851851851667,0.0005038813676241,9.259259259256666e-05,0.00027777777777776666,0.0007561884237204667,0.013212786987423866,0.3095482389132182,0.41280362010002136,0.9780743113698998
AV-MNIST,confidence_shrink_ensemble,gaussian,image,2.0,3600,3,0.9771296296296297,0.9771516602121355,0.0754389162657337,0.03622076271646713,0.0202026446887985,-9.259259259259997e-05,0.0009643663170260668,0.0005555555555554999,0.0004629629629629334,0.0015113929242608665,0.04109690959254896,0.2983423670132955,0.4794899920622508,0.9297921809912458
AV-MNIST,confidence_shrink_ensemble,mask,audio,0.25,3600,3,0.9912037037037037,0.9912117180095124,0.0307988234861635,0.014280419268020034,0.0023992726522869996,-9.259259259259999e-05,-3.6782498552700006e-05,9.259259259256666e-05,0.0,0.0007697236043393667,0.010377808474004234,0.30308504899342853,0.4042123556137085,0.9795317642530245
AV-MNIST,confidence_shrink_ensemble,mask,audio,0.5,3600,3,0.9837037037037037,0.9837089634621671,0.05228742561171647,0.0249619828130072,0.004390724161629333,-0.0003703703703703333,0.0004977375126858,0.0005555555555555,0.00018518518518513332,0.0011434681600945335,0.015591705838839134,0.2989713152249654,0.43239035209019977,0.9690688786426028
AV-MNIST,confidence_shrink_ensemble,mask,audio,0.75,3600,3,0.9746296296296296,0.9746411143167719,0.08270805877608464,0.0391787555821084,0.0046411979485009,-0.0004629629629629334,-0.00023056121828556668,0.0006481481481481,0.0001851851851851667,0.0018332596413966,0.022276644905408198,0.28373591105143225,0.46633802851041156,0.9556343376281561
AV-MNIST,confidence_shrink_ensemble,mask,image,0.25,3600,3,0.9948148148148148,0.994816688637626,0.01666658428204733,0.0085684089347602,0.0027737877228790667,0.0,-0.0003460325364538,9.259259259256666e-05,9.259259259256666e-05,0.0005972903498332667,0.007456296744445899,0.301622877518336,0.39182281494140625,0.9910436852757034
AV-MNIST,confidence_shrink_ensemble,mask,image,0.5,3600,3,0.9937962962962963,0.9937985519094799,0.021816108930601267,0.010434266651036368,0.004498198788475701,0.0001851851851851667,-0.00031246486653250003,0.0,0.0001851851851851667,0.0007832354366454334,0.010414263233542366,0.30550722281138104,0.41731078426043194,0.9846942748875877
AV-MNIST,confidence_shrink_ensemble,mask,image,0.75,3600,3,0.9887962962962963,0.9888014920339947,0.041892608532029425,0.019119479208980567,0.013652091550665067,-0.00027777777777776666,-0.0009485277322114,0.0002777777777777,0.0,0.0018459799385920667,0.0302754938602447,0.3142397999763489,0.47475525736808777,0.9599986576889298
AV-MNIST,entropy_shrink_ensemble,clean,none,0.0,3600,1,0.9952777777777778,0.9952788501603894,0.0140934903174638,0.0070377932816919,0.002159254791008,0.0,-0.0003338260576128,0.0,0.0,0.0004933509626425,0.0055283769033849,0.3008509874343872,0.3801557719707489,0.9906654699320424
AV-MNIST,entropy_shrink_ensemble,gaussian,audio,0.25,3600,3,0.9930555555555556,0.9930572995248556,0.020910195385416303,0.010221651692468501,0.002882649037573,3.33272504243959e-17,-0.00015100340048467898,9.259259259256666e-05,9.259259259256666e-05,0.0005785506024645667,0.007740878344823867,0.30132800340652455,0.39059534668922424,0.9886861135631191
AV-MNIST,entropy_shrink_ensemble,gaussian,audio,0.5,3600,3,0.9875925925925926,0.9875937431355548,0.038043669114510195,0.018391793895149465,0.003385514959140967,-0.00018518518518519998,7.637838522590001e-05,0.00018518518518513332,0.0,0.0008840171503833666,0.013012942858040298,0.3004932701587677,0.41094215710957843,0.9785070306622445
AV-MNIST,entropy_shrink_ensemble,gaussian,audio,1.0,3600,3,0.9792592592592593,0.979256419852698,0.06868092964092887,0.03249961234180457,0.0042450534773093,0.0002777777777778,0.0013786554336547335,0.00037037037037030004,0.0006481481481481,0.0011998155775169,0.02006293771167593,0.2916594048341115,0.4456861714522044,0.9679389318770414
AV-MNIST,entropy_shrink_ensemble,gaussian,audio,2.0,3600,3,0.97,0.9699845254235242,0.10090603927771247,0.04604878362537903,0.005822839283004867,0.00037037037037036667,0.005961286524931533,0.0001851851851851667,0.0005555555555555,0.0021995572994151997,0.02226678344110643,0.2665950258572896,0.48885567982991535,0.9444517205931605
AV-MNIST,entropy_shrink_ensemble,gaussian,image,0.25,3600,3,0.9951851851851852,0.9951860500641171,0.014977029214302632,0.007288235119293733,0.002550300801241767,0.0,-0.00031965101758633333,0.0,0.0,0.0004978904422993,0.006051087907204999,0.3015658458073934,0.38200830419858295,0.9906150233505452
AV-MNIST,entropy_shrink_ensemble,gaussian,image,0.5,3600,3,0.9950925925925926,0.9950929333905747,0.016714867204427667,0.008026825278401968,0.0028932377309711004,0.0,-0.0001855691274006671,0.0,0.0,0.0005333558462249,0.0071326394875844005,0.30366479357083637,0.3880908091862996,0.989004175383369
AV-MNIST,entropy_shrink_ensemble,gaussian,image,1.0,3600,3,0.9928703703703704,0.9928736448749886,0.02622256365915133,0.012489800876184799,0.006525753907583301,0.0001851851851851667,0.0005085406204064667,9.259259259256666e-05,0.00027777777777776666,0.0007335193804464333,0.013212786987423866,0.3095482389132182,0.41280362010002136,0.9780743113698998
AV-MNIST,entropy_shrink_ensemble,gaussian,image,2.0,3600,3,0.9772222222222222,0.9772440228022264,0.07548503329356505,0.036244848373464936,0.020380293955957432,2.0559685641206602e-20,0.0009182492891946999,0.0004629629629629,0.0004629629629629334,0.0014646414589757333,0.04109690959254896,0.2983423670132955,0.4794899920622508,0.9297921809912458
AV-MNIST,entropy_shrink_ensemble,mask,audio,0.25,3600,3,0.9912037037037037,0.9912118484071784,0.0307880689700444,0.014275634651369468,0.0023808203720383668,-9.259259259259999e-05,-2.6027982433600018e-05,9.259259259256666e-05,0.0,0.0007416766990597,0.010377808474004234,0.30308504899342853,0.4042123556137085,0.9795317642530245
AV-MNIST,entropy_shrink_ensemble,mask,audio,0.5,3600,3,0.9837037037037037,0.9837101711548574,0.0522701578835646,0.024953165577655468,0.0042812246525728665,-0.0003703703703703333,0.0005150052408377,0.0004629629629629,9.259259259256666e-05,0.0010853007358188002,0.015591705838839134,0.2989713152249654,0.43239035209019977,0.9690688786426028
AV-MNIST,entropy_shrink_ensemble,mask,audio,0.75,3600,3,0.9746296296296296,0.9746411143167719,0.08263803273439403,0.0391501272687314,0.004567886635109167,-0.0004629629629629334,-0.0001605351765950326,0.0006481481481481,0.0001851851851851667,0.0017138002440333002,0.022276644905408198,0.28373591105143225,0.46633802851041156,0.9556343376281561
AV-MNIST,entropy_shrink_ensemble,mask,image,0.25,3600,3,0.9948148148148148,0.9948170733541756,0.016652422025799734,0.008565979554304099,0.0027517331281193334,0.0,-0.00033187028020616665,9.259259259256666e-05,9.259259259256666e-05,0.0005748590338043334,0.007456296744445899,0.301622877518336,0.39182281494140625,0.9910436852757034
AV-MNIST,entropy_shrink_ensemble,mask,image,0.5,3600,3,0.9937962962962963,0.9937985519094799,0.021820057804385763,0.010439617239160934,0.004340925608520133,0.0001851851851851667,-0.0003164137403169667,0.0,0.0001851851851851667,0.0007640229693303001,0.010414263233542366,0.30550722281138104,0.41731078426043194,0.9846942748875877
AV-MNIST,entropy_shrink_ensemble,mask,image,0.75,3600,3,0.9887962962962963,0.9888014920339947,0.04187500601013496,0.019125817612955367,0.013622235092851766,-0.00027777777777776666,-0.0009309252103169333,0.0002777777777777,0.0,0.0017779294479016998,0.0302754938602447,0.3142397999763489,0.47475525736808777,0.9599986576889298
AV-MNIST,full_ensemble,clean,none,0.0,3600,1,0.9952777777777778,0.9952788501603894,0.013759664259850899,0.0070307123146177,0.0018583918528424,0.0,0.0,0.0,0.0,0.0,0.0055283769033849,0.3008509874343872,0.3801557719707489,0.9906654699320424
AV-MNIST,full_ensemble,gaussian,audio,0.25,3600,3,0.9930555555555556,0.9930566554254395,0.020759191984931598,0.010236941508927068,0.0028245405576847,0.0,0.0,0.0,0.0,0.0,0.007740878344823867,0.30132800340652455,0.39059534668922424,0.9886861135631191
AV-MNIST,full_ensemble,gaussian,audio,0.5,3600,3,0.9877777777777778,0.9877784111759323,0.0381200474997361,0.018341237283950637,0.0033376634562455997,0.0,0.0,0.0,0.0,0.0,0.013012942858040298,0.3004932701587677,0.41094215710957843,0.9785070306622445
AV-MNIST,full_ensemble,gaussian,audio,1.0,3600,3,0.9789814814814815,0.9789757037651838,0.07005958507458362,0.03261341781806133,0.0047939629880366,0.0,0.0,0.0,0.0,0.0,0.02006293771167593,0.2916594048341115,0.4456861714522044,0.9679389318770414
AV-MNIST,full_ensemble,gaussian,audio,2.0,3600,3,0.9696296296296296,0.9696090515038446,0.10686732580264405,0.0463273165721816,0.0076327785311473,0.0,0.0,0.0,0.0,0.0,0.02226678344110643,0.2665950258572896,0.48885567982991535,0.9444517205931605
AV-MNIST,full_ensemble,gaussian,image,0.25,3600,3,0.9951851851851852,0.9951856669311868,0.014657378196716267,0.0072867311908473,0.002486636707628133,0.0,0.0,0.0,0.0,0.0,0.006051087907204999,0.3015658458073934,0.38200830419858295,0.9906150233505452
AV-MNIST,full_ensemble,gaussian,image,0.5,3600,3,0.9950925925925926,0.9950929333905747,0.016529298077026935,0.008036209564785833,0.0024799199347142332,0.0,0.0,0.0,0.0,0.0,0.0071326394875844005,0.30366479357083637,0.3880908091862996,0.989004175383369
AV-MNIST,full_ensemble,gaussian,image,1.0,3600,3,0.9926851851851852,0.992688961843551,0.026731104279557834,0.012527364802172166,0.006051012691524233,0.0,0.0,0.0,0.0,0.0,0.013212786987423866,0.3095482389132182,0.41280362010002136,0.9780743113698998
AV-MNIST,full_ensemble,gaussian,image,2.0,3600,3,0.9772222222222222,0.9772443146280401,0.07640328258275983,0.03662923700632327,0.019957445308014136,0.0,0.0,0.0,0.0,0.0,0.04109690959254896,0.2983423670132955,0.4794899920622508,0.9297921809912458
AV-MNIST,full_ensemble,mask,audio,0.25,3600,3,0.9912962962962963,0.9913044401067078,0.03076204098761077,0.014186842691596067,0.0027097362417865334,0.0,0.0,0.0,0.0,0.0,0.010377808474004234,0.30308504899342853,0.4042123556137085,0.9795317642530245
AV-MNIST,full_ensemble,mask,audio,0.5,3600,3,0.9840740740740741,0.9840794037054418,0.052785163124402304,0.024852616488200467,0.004757221821281633,0.0,0.0,0.0,0.0,0.0,0.015591705838839134,0.2989713152249654,0.43239035209019977,0.9690688786426028
AV-MNIST,full_ensemble,mask,audio,0.75,3600,3,0.9750925925925926,0.9751030240175054,0.08247749755779897,0.0389070741931369,0.005005143861527768,0.0,0.0,0.0,0.0,0.0,0.022276644905408198,0.28373591105143225,0.46633802851041156,0.9556343376281561
AV-MNIST,full_ensemble,mask,image,0.25,3600,3,0.9948148148148148,0.9948173428514774,0.0163205517455935,0.008605870090281867,0.0026220506098534996,0.0,0.0,0.0,0.0,0.0,0.007456296744445899,0.301622877518336,0.39182281494140625,0.9910436852757034
AV-MNIST,full_ensemble,mask,image,0.5,3600,3,0.9936111111111111,0.9936138846595363,0.021503644064068766,0.010535930544996734,0.004029353801850866,0.0,0.0,0.0,0.0,0.0,0.010414263233542366,0.30550722281138104,0.41731078426043194,0.9846942748875877
AV-MNIST,full_ensemble,mask,image,0.75,3600,3,0.9890740740740741,0.9890787776190697,0.04094408079981796,0.019050412050603333,0.012501843207412234,0.0,0.0,0.0,0.0,0.0,0.0302754938602447,0.3142397999763489,0.47475525736808777,0.9599986576889298
AV-MNIST,posterior_ensemble,clean,none,0.0,3600,1,0.9944444444444444,0.9944440002296645,0.0176360961049795,0.0079816159945245,0.0016382198863558997,-0.0008333333333333,-0.0038764318451285,0.0013888888888888,0.0005555555555555,0.0043957396410405,0.0055283769033849,0.3008509874343872,0.3801557719707489,0.9906654699320424
AV-MNIST,posterior_ensemble,gaussian,audio,0.25,3600,3,0.9924074074074074,0.9924090993264555,0.0252437070012092,0.011357981729464034,0.0032775043061485333,-0.0006481481481480667,-0.004484515016277567,0.0015740740740740333,0.0009259259259258668,0.006347317093362333,0.007740878344823867,0.30132800340652455,0.39059534668922424,0.9886861135631191
AV-MNIST,posterior_ensemble,gaussian,audio,0.5,3600,3,0.986574074074074,0.9865756471140247,0.046656660735607106,0.020963644062101265,0.0040116370386546665,-0.0012037037037036333,-0.008536613235870932,0.002870370370370333,0.0016666666666666334,0.011528947390615867,0.013012942858040298,0.3004932701587677,0.41094215710957843,0.9785070306622445
AV-MNIST,posterior_ensemble,gaussian,audio,1.0,3600,3,0.9767592592592592,0.9767626525696276,0.08064803481101987,0.035692465465939405,0.006438559544859101,-0.002222222222222167,-0.010588449736436165,0.006018518518518467,0.003796296296296267,0.020171337450544,0.02006293771167593,0.2916594048341115,0.4456861714522044,0.9679389318770414
AV-MNIST,posterior_ensemble,gaussian,audio,2.0,3600,3,0.9646296296296296,0.9646119007335242,0.13574550052483872,0.05723251256922058,0.016246984200897003,-0.004999999999999933,-0.028878174722194633,0.011481481481481466,0.006481481481481466,0.04797214766343431,0.02226678344110643,0.2665950258572896,0.48885567982991535,0.9444517205931605
AV-MNIST,posterior_ensemble,gaussian,image,0.25,3600,3,0.994537037037037,0.994538011229513,0.018280940751234633,0.0081710023315461,0.002248406208775567,-0.0006481481481481,-0.0036235625545183,0.0012037037037036333,0.0005555555555555,0.004449022002518134,0.006051087907204999,0.3015658458073934,0.38200830419858295,0.9906150233505452
AV-MNIST,posterior_ensemble,gaussian,image,0.5,3600,3,0.9939814814814815,0.9939829593639872,0.0195203063388665,0.0088844228072697,0.0032714693634597674,-0.0011111111111110998,-0.002991008261839467,0.0014814814814814335,0.00037037037037030004,0.004586214199662167,0.0071326394875844005,0.30366479357083637,0.3880908091862996,0.989004175383369
AV-MNIST,posterior_ensemble,gaussian,image,1.0,3600,3,0.9909259259259259,0.9909300431338087,0.02908407275875407,0.013517137633616534,0.005377438761017867,-0.0017592592592592337,-0.0023529684791962005,0.0026851851851851668,0.0009259259259258668,0.007331456212947733,0.013212786987423866,0.3095482389132182,0.41280362010002136,0.9780743113698998
AV-MNIST,posterior_ensemble,gaussian,image,2.0,3600,3,0.975462962962963,0.9754885300930437,0.08351383109887435,0.039465387454187706,0.019958209881076067,-0.0017592592592592,-0.0071105485161145005,0.007499999999999967,0.0057407407407407,0.02357566418747103,0.04109690959254896,0.2983423670132955,0.4794899920622508,0.9297921809912458
AV-MNIST,posterior_ensemble,mask,audio,0.25,3600,3,0.9886111111111111,0.9886189726197421,0.037854549785455036,0.016884718976042167,0.0035207824684955003,-0.0026851851851851668,-0.0070925087978441995,0.0031481481481481,0.00046296296296290004,0.009003766812384066,0.010377808474004234,0.30308504899342853,0.4042123556137085,0.9795317642530245
AV-MNIST,posterior_ensemble,mask,audio,0.5,3600,3,0.9818518518518519,0.9818577388212086,0.06578212728103,0.0290350223124318,0.004375441736645167,-0.0022222222222222,-0.012996964156627634,0.004351851851851833,0.0021296296296295664,0.01631290838122363,0.015591705838839134,0.2989713152249654,0.43239035209019977,0.9690688786426028
AV-MNIST,posterior_ensemble,mask,audio,0.75,3600,3,0.9695370370370369,0.9695701160759254,0.11358616749445594,0.048216138812869236,0.006707068678957367,-0.005555555555555533,-0.0311086699366569,0.007870370370370333,0.0023148148148148,0.031357485180099766,0.022276644905408198,0.28373591105143225,0.46633802851041156,0.9556343376281561
AV-MNIST,posterior_ensemble,mask,image,0.25,3600,3,0.9943518518518518,0.994352437168757,0.01927245532472923,0.009012990274867233,0.0032285128589029,-0.00046296296296296667,-0.0029519035791356666,0.0012962962962962334,0.0008333333333333001,0.004394585732370566,0.007456296744445899,0.301622877518336,0.39182281494140625,0.9910436852757034
AV-MNIST,posterior_ensemble,mask,image,0.5,3600,3,0.9937962962962963,0.9937975089964047,0.02462434520324067,0.010848799172748867,0.006360721234922001,0.0001851851851851667,-0.0031207011391718997,0.0012962962962962334,0.0014814814814814667,0.006675648658225901,0.010414263233542366,0.30550722281138104,0.41731078426043194,0.9846942748875877
AV-MNIST,posterior_ensemble,mask,image,0.75,3600,3,0.9846296296296296,0.9846389927586983,0.05949084088206287,0.026324073014007368,0.017745190604969267,-0.004444444444444366,-0.01854676008224483,0.0072222222222222,0.002777777777777733,0.02409849812587097,0.0302754938602447,0.3142397999763489,0.47475525736808777,0.9599986576889298
AV-MNIST,raw_mixer_ensemble,clean,none,0.0,3600,1,0.9944444444444444,0.9944440002296645,0.018586924299597695,0.0077808859710749,0.0047371720605426,-0.0008333333333333,-0.0048272600397467,0.0013888888888888,0.0005555555555555,0.0061461776494979,0.0055283769033849,0.3008509874343872,0.3801557719707489,0.9906654699320424
AV-MNIST,raw_mixer_ensemble,gaussian,audio,0.25,3600,3,0.9925,0.9925020769943486,0.0257389036317666,0.011129934451597765,0.0053688374796398665,-0.0005555555555555,-0.004979711646834967,0.0014814814814814333,0.0009259259259258668,0.007694517883161667,0.007740878344823867,0.30132800340652455,0.39059534668922424,0.9886861135631191
AV-MNIST,raw_mixer_ensemble,gaussian,audio,0.5,3600,3,0.986574074074074,0.9865716793672682,0.045140181978543525,0.020446572616145433,0.005576480864374699,-0.0012037037037037,-0.007020134478807366,0.0025925925925925665,0.0013888888888888332,0.011714698746800398,0.013012942858040298,0.3004932701587677,0.41094215710957843,0.9785070306622445
AV-MNIST,raw_mixer_ensemble,gaussian,audio,1.0,3600,3,0.9774074074074074,0.9774120427345632,0.0758502036333084,0.034605386273722526,0.006162893154002967,-0.0015740740740740665,-0.0057906185587247,0.005185185185185133,0.003611111111111067,0.017347667987147937,0.02006293771167593,0.2916594048341115,0.4456861714522044,0.9679389318770414
AV-MNIST,raw_mixer_ensemble,gaussian,audio,2.0,3600,3,0.9663888888888889,0.9663765154799955,0.12146213650703423,0.053752390562058966,0.012728101909160567,-0.003240740740740667,-0.014594810704390166,0.0094444444444444,0.006203703703703667,0.0384922958910465,0.02226678344110643,0.2665950258572896,0.48885567982991535,0.9444517205931605
AV-MNIST,raw_mixer_ensemble,gaussian,image,0.25,3600,3,0.9944444444444445,0.9944451655324984,0.019297511006394964,0.007968553227326368,0.005535978180942633,-0.0007407407407406668,-0.004640132809678667,0.0012037037037036333,0.0004629629629629,0.006136544204006568,0.006051087907204999,0.3015658458073934,0.38200830419858295,0.9906150233505452
AV-MNIST,raw_mixer_ensemble,gaussian,image,0.5,3600,3,0.9938888888888889,0.9938902344460617,0.02091796634097893,0.008675260299336966,0.005882665183809,-0.0012037037037037,-0.0043886682639518995,0.0013888888888888332,0.00018518518518513332,0.006437330661962367,0.0071326394875844005,0.30366479357083637,0.3880908091862996,0.989004175383369
AV-MNIST,raw_mixer_ensemble,gaussian,image,1.0,3600,3,0.9910185185185185,0.9910219879038745,0.030775347724556902,0.013158094953960699,0.008658218325840034,-0.0016666666666666002,-0.004044243444999,0.002592592592592567,0.0009259259259258668,0.009064227342605567,0.013212786987423866,0.3095482389132182,0.41280362010002136,0.9780743113698998
AV-MNIST,raw_mixer_ensemble,gaussian,image,2.0,3600,3,0.9760185185185185,0.9760384176790683,0.08237005273501073,0.038069820626124,0.02173598953143307,-0.0012037037037036333,-0.005966770152250868,0.006666666666666632,0.0054629629629628996,0.022266443197925798,0.04109690959254896,0.2983423670132955,0.4794899920622508,0.9297921809912458
AV-MNIST,raw_mixer_ensemble,mask,audio,0.25,3600,3,0.9888888888888889,0.9888967522703701,0.036496847867965664,0.016481786056971034,0.005055613945479734,-0.002407407407407433,-0.005734806880354834,0.0028703703703703335,0.00046296296296290004,0.009642206442852767,0.010377808474004234,0.30308504899342853,0.4042123556137085,0.9795317642530245
AV-MNIST,raw_mixer_ensemble,mask,audio,0.5,3600,3,0.9821296296296296,0.9821354506554696,0.0615275092422962,0.028215988042189034,0.0038910291509495335,-0.0019444444444443331,-0.008742346117893799,0.0038888888888888337,0.0019444444444444,0.0148329210157195,0.015591705838839134,0.2989713152249654,0.43239035209019977,0.9690688786426028
AV-MNIST,raw_mixer_ensemble,mask,audio,0.75,3600,3,0.9708333333333333,0.9708605289020834,0.10160510241985317,0.04648003406593987,0.005096723108931833,-0.004259259259259233,-0.019127604862054132,0.006574074074074033,0.0023148148148148,0.026602712149421334,0.022276644905408198,0.28373591105143225,0.46633802851041156,0.9556343376281561
AV-MNIST,raw_mixer_ensemble,mask,image,0.25,3600,3,0.9944444444444445,0.994445027107308,0.020860470831394133,0.008819365412461668,0.006195216198210334,-0.00037037037037036667,-0.0045399190858006,0.0012037037037036667,0.0008333333333333001,0.006632695129762033,0.007456296744445899,0.301622877518336,0.39182281494140625,0.9910436852757034
AV-MNIST,raw_mixer_ensemble,mask,image,0.5,3600,3,0.9941666666666666,0.994167632691083,0.026487477744618997,0.010589371979688365,0.0096254488522255,0.0005555555555555,-0.004983833680550167,0.0009259259259258668,0.0014814814814814667,0.008908801401654834,0.010414263233542366,0.30550722281138104,0.41731078426043194,0.9846942748875877
AV-MNIST,raw_mixer_ensemble,mask,image,0.75,3600,3,0.9857407407407407,0.985751199219662,0.057970974594354595,0.024936717042765535,0.020224299447403966,-0.0033333333333332668,-0.01702689379453653,0.005925925925925867,0.0025925925925925665,0.02343260434766607,0.0302754938602447,0.3142397999763489,0.47475525736808777,0.9599986576889298
CREMA-D,A7_equal_ensemble,clean,none,0.0,7442,1,0.640150497178178,0.6382703665992907,0.9489218267789613,0.4797650372949257,0.0532265330728136,0.002284332168771812,0.005271712351601368,0.008062348830959378,0.010346680999731229,0.01634313668920539,0.1586120538343444,0.24960389492637333,0.619068457615116,0.7102834246212101
CREMA-D,A7_equal_ensemble,gaussian,audio,0.25,7442,3,0.6405088237928872,0.6385305489353306,0.9531075888014092,0.4817797191984783,0.05354944449764074,0.003672847800770348,0.005412361586188888,0.007166532294186092,0.0108393800949565,0.016346939026069263,0.15860256894690092,0.2496301829341032,0.6186280310004456,0.7118349251602134
CREMA-D,A7_equal_ensemble,gaussian,audio,0.5,7442,3,0.6368359759921168,0.6349826333186095,0.9628410999315524,0.4864757719424698,0.05207557567241505,0.003986383588641015,0.0059665422824871795,0.007121741467347424,0.011108125055988478,0.016354371612609688,0.15883077007822588,0.24940543307416446,0.6176665505900089,0.7116065597841298
CREMA-D,A7_equal_ensemble,gaussian,audio,1.0,7442,3,0.6260413867239989,0.6244446616819169,0.9963555346971172,0.5024621109643533,0.053715749997734,0.0033593120128997678,0.008389725550991782,0.007390486428379409,0.010749798441279178,0.016248896096976585,0.1597535568764589,0.24841324713781596,0.6138524845526828,0.7060568321472105
CREMA-D,A7_equal_ensemble,gaussian,audio,2.0,7442,3,0.583848427841978,0.5829022942578888,1.0981934067543653,0.5496434010423534,0.05575426712980575,0.007614440562572731,0.016042147685066895,0.007345695601540753,0.014960136164113548,0.01652892779433415,0.1627485535616389,0.24566927159637744,0.5983983568448721,0.6974406689530274
CREMA-D,A7_equal_ensemble,gaussian,visual,0.25,7442,3,0.6389859356803727,0.6371113845775283,0.9544123128506378,0.4823656660167083,0.052652668600669486,0.0034041028397383973,0.005541322810733327,0.007972767177282049,0.011376870017020467,0.016425965829143893,0.15913562915940913,0.24942966475101672,0.6187503722623227,0.7123233401942227
CREMA-D,A7_equal_ensemble,gaussian,visual,0.5,7442,3,0.6346412254770223,0.6328097087340062,0.9680608139343078,0.48914319934191525,0.05336066367476574,0.0012989339783212295,0.006227205044841082,0.007748813043088725,0.009047747021409968,0.016389223739196407,0.15896783867911135,0.24913883047508936,0.6180375663437297,0.7093466542703325
CREMA-D,A7_equal_ensemble,gaussian,visual,1.0,7442,3,0.6187852727761355,0.6174863994938705,1.0155395491890162,0.5124591623014296,0.05264656001694105,0.0039863835886410105,0.008038218875923575,0.007704022216250066,0.011690405804891103,0.016822921290468376,0.15950360712460543,0.24859766619004497,0.6153983097344244,0.693254485792259
CREMA-D,A7_equal_ensemble,gaussian,visual,2.0,7442,3,0.5686195467168323,0.5679916072879828,1.1454863770187707,0.5728356364386985,0.05837274205083432,0.005598853354832907,0.01164271367404616,0.008151930484636694,0.013750783839469613,0.01956010177976123,0.16122844390565108,0.24798521030739964,0.6069877629723054,0.6541232991908719
CREMA-D,A7_equal_ensemble,mask,audio,0.25,7442,3,0.6228612380184538,0.6214077471178838,0.9947623339357592,0.5010763368890074,0.05541712306770252,0.00282182209083576,0.004740478445058365,0.006405088237928832,0.009226910328764618,0.015138511344891196,0.15174943582324754,0.24910468527848476,0.629607345944588,0.6984689806320001
CREMA-D,A7_equal_ensemble,mask,audio,0.5,7442,3,0.5950013437248052,0.5937075221356248,1.0677186608004825,0.5349707971181554,0.05322597129917008,0.0005374899220639725,0.0011858385138685537,0.008107139657798036,0.008644629579861998,0.017419220946250577,0.15013557616703016,0.24076008301988827,0.6423147218362796,0.666908771590662
CREMA-D,A7_equal_ensemble,mask,audio,0.75,7442,3,0.5392367643106691,0.5348043519997179,1.197706989043611,0.5951579246339047,0.05510947766226484,-0.004344710203350324,-0.00596372456274224,0.01316850309056701,0.008823792887216646,0.024866252655700156,0.16142643880208185,0.21775351975069437,0.6632939679193569,0.612937163037473
CREMA-D,A7_equal_ensemble,mask,visual,0.25,7442,3,0.6412254770223058,0.6391209937238084,0.9553363223630319,0.482279696283846,0.05523754129307908,0.0038968019349636908,0.006662260454999326,0.008241512138314045,0.01213831407327775,0.016232301920824536,0.16243793916624313,0.2383099602259883,0.6240810767532965,0.7154604239429122
CREMA-D,A7_equal_ensemble,mask,visual,0.5,7442,3,0.6386276090656634,0.6363234981966962,0.9750224700310874,0.49085236515803365,0.06201116003120797,0.003717638627609032,0.00637173634494681,0.008599838753023331,0.012317477380632401,0.01788583212385013,0.17271642780366425,0.21861676519637696,0.6340883179429846,0.7050055034885732
CREMA-D,A7_equal_ensemble,mask,visual,0.75,7442,3,0.6192331810445221,0.6155620438275736,1.0364064225306446,0.5201206746539727,0.08088633053263034,0.0004926990952253053,0.003172399746648709,0.014422646242049572,0.01491534533727488,0.023032427546426752,0.19462578131524524,0.18571215385640702,0.6527856702414997,0.6796401227371976
CREMA-D,A8_safe_fallback,clean,none,0.0,7442,1,0.6374630475678581,0.6350961028832102,0.9549140355012706,0.48302179554683905,0.052707748492905965,-0.0004031174415479781,-0.0007204963707078588,0.022440204246170325,0.022037086804622366,0.05641789942765331,0.1586120538343444,0.24960389492637333,0.619068457615116,0.7102834246212101
CREMA-D,A8_safe_fallback,gaussian,audio,0.25,7442,3,0.6370151392994715,0.634609394126915,0.9597902623268668,0.48534764130506575,0.0524456100003367,0.0001791633073546458,-0.0012703119392687395,0.022484995073009006,0.022664158380363647,0.05704142142927791,0.15860256894690092,0.2496301829341032,0.6186280310004456,0.7118349251602134
CREMA-D,A8_safe_fallback,gaussian,audio,0.5,7442,3,0.6318194033861865,0.6295060137797263,0.9715395440638106,0.4909885947749606,0.05274296384133896,-0.0010301890172892522,-0.002731901849770832,0.023873510705007563,0.022843321687718295,0.05858701226944361,0.15883077007822588,0.24940543307416446,0.6176665505900089,0.7116065597841298
CREMA-D,A8_safe_fallback,gaussian,audio,1.0,7442,3,0.6193227626981994,0.6171827857453736,1.0124629953955244,0.510308926148541,0.052703432002750204,-0.0033593120128997188,-0.00771773514741526,0.02656096031532738,0.023201648302427623,0.06414291858522246,0.1597535568764589,0.24841324713781596,0.6138524845526828,0.7060568321472105
CREMA-D,A8_safe_fallback,gaussian,audio,2.0,7442,3,0.5716205321150228,0.5703421380845018,1.1355118908383142,0.5657958010117784,0.06793298226179388,-0.004613455164382334,-0.02127633639888175,0.030054644808743113,0.02544118964436079,0.08070389695059436,0.1627485535616389,0.24566927159637744,0.5983983568448721,0.6974406689530274
CREMA-D,A8_safe_fallback,gaussian,visual,0.25,7442,3,0.6360297411090209,0.6335964428904991,0.9612990064781477,0.485970101675698,0.053428864277923295,0.00044790826838665346,-0.001345370816776532,0.022798530860879653,0.02324643912926627,0.05737642440268167,0.15913562915940913,0.24942966475101672,0.6187503722623227,0.7123233401942227
CREMA-D,A8_safe_fallback,gaussian,visual,0.5,7442,3,0.6332079190181851,0.6309838257651094,0.9769778003830697,0.4935486752361117,0.051179832443433486,-0.0001343724805159618,-0.0026897814039208022,0.024231837319716867,0.024097464839200892,0.05946874479953408,0.15896783867911135,0.24913883047508936,0.6180375663437297,0.7093466542703325
CREMA-D,A8_safe_fallback,gaussian,visual,1.0,7442,3,0.6130520469407865,0.611323144160641,1.0310278055752693,0.5194100673839295,0.05432538409379654,-0.0017468422467078735,-0.007450037510329494,0.02669533279584335,0.02494849054913548,0.06647209767899152,0.15950360712460543,0.24859766619004497,0.6153983097344244,0.693254485792259
CREMA-D,A8_safe_fallback,gaussian,visual,2.0,7442,3,0.5610051061542596,0.5601525865048886,1.174831004250607,0.5842315726717348,0.07282680123922891,-0.002015587207739839,-0.017701913557790182,0.03135357878706435,0.029337991579324513,0.08292625004358874,0.16122844390565108,0.24798521030739964,0.6069877629723054,0.6541232991908719
CREMA-D,A8_safe_fallback,mask,audio,0.25,7442,3,0.619770670966586,0.6175118224873255,1.0013331434778332,0.5043871053302406,0.05106637132535048,-0.0002687449610319721,-0.0018303310970153477,0.02494849054913549,0.02467974558810351,0.058431627221633406,0.15174943582324754,0.24910468527848476,0.629607345944588,0.6984689806320001
CREMA-D,A8_safe_fallback,mask,audio,0.5,7442,3,0.5924482665950014,0.590343697659785,1.0728268587545227,0.5368796572472505,0.05345208528005962,-0.0020155872077398398,-0.003922359440171723,0.025217235510167472,0.023201648302427616,0.06217822074079042,0.15013557616703016,0.24076008301988827,0.6423147218362796,0.666908771590662
CREMA-D,A8_safe_fallback,mask,audio,0.75,7442,3,0.5426408671504076,0.5386327686345074,1.1980511420974647,0.593906117173937,0.05967786086812608,-0.0009406073636119324,-0.006307877616595953,0.028083848427841934,0.02714324106422999,0.06690841083056083,0.16142643880208185,0.21775351975069437,0.6632939679193569,0.612937163037473
CREMA-D,A8_safe_fallback,mask,visual,0.25,7442,3,0.6384484457583087,0.6357397911195044,0.959539861945243,0.4846744497529695,0.049126925703397994,0.0011197706709665921,0.0024587208727881666,0.022798530860879646,0.023918301531846237,0.05477709266951158,0.16243793916624313,0.2383099602259883,0.6240810767532965,0.7154604239429122
CREMA-D,A8_safe_fallback,mask,visual,0.5,7442,3,0.6350443429185703,0.6321691780872933,0.9763523728037947,0.49184366248043637,0.047211256716829644,0.00013437248051598652,0.00504183357223965,0.023649556570814256,0.023783929051330248,0.05354700296508027,0.17271642780366425,0.21861676519637696,0.6340883179429846,0.7050055034885732
CREMA-D,A8_safe_fallback,mask,visual,0.75,7442,3,0.616187404819493,0.6120992338014815,1.031473105299739,0.5174141004142327,0.061902640697725844,-0.0025530771298038074,0.008105716977554502,0.029427573233001825,0.026874496103198024,0.05242100926767313,0.19462578131524524,0.18571215385640702,0.6527856702414997,0.6796401227371976
CREMA-D,confidence_shrink_ensemble,clean,none,0.0,7442,1,0.639344262295082,0.6373586313972849,0.9504197167147045,0.48051825891426486,0.05660711934271661,0.0014780972856758931,0.003773822415858259,0.00416554689599567,0.005643644181671523,0.010631928475136748,0.1586120538343444,0.24960389492637333,0.619068457615116,0.7102834246212101
CREMA-D,confidence_shrink_ensemble,gaussian,audio,0.25,7442,3,0.6389859356803727,0.6368390000763943,0.9545643124301024,0.48251734863346774,0.05505020550304161,0.002149959688255821,0.0039556379574957395,0.0038072202812863484,0.0059571799695421895,0.010620406508467137,0.15860256894690092,0.2496301829341032,0.6186280310004456,0.7118349251602134
CREMA-D,confidence_shrink_ensemble,gaussian,audio,0.5,7442,3,0.6348651796112156,0.6329402491636344,0.9643696512439617,0.48727799511743175,0.052539926074110975,0.0020155872077398185,0.004437990970077751,0.0038968019349636717,0.005912389142703523,0.010586066460150562,0.15883077007822588,0.24940543307416446,0.6176665505900089,0.7116065597841298
CREMA-D,confidence_shrink_ensemble,gaussian,audio,1.0,7442,3,0.624832034399355,0.6231631920120413,0.9985010275884438,0.5036458101686386,0.0507808910162628,0.0021499596882558593,0.006244232659665152,0.004120756069156991,0.006270715757412836,0.010477330685235169,0.1597535568764589,0.24841324713781596,0.6138524845526828,0.7060568321472105
CREMA-D,confidence_shrink_ensemble,gaussian,audio,2.0,7442,3,0.5795037176386276,0.5782796528950463,1.1026000539191676,0.5520179527112747,0.054215527306626,0.003269730359222382,0.011635500520264647,0.004210337722834328,0.007480068082056744,0.010581747845687195,0.1627485535616389,0.24566927159637744,0.5983983568448721,0.6974406689530274
CREMA-D,confidence_shrink_ensemble,gaussian,visual,0.25,7442,3,0.6373734659141808,0.635265072529589,0.9559394794439002,0.4831643349810924,0.05331867446033854,0.0017916330735465264,0.004014156217471085,0.004344710203350309,0.00613634327689684,0.010620916982011635,0.15913562915940913,0.24942966475101672,0.6187503722623227,0.7123233401942227
CREMA-D,confidence_shrink_ensemble,gaussian,visual,0.5,7442,3,0.6340589447281196,0.6320948798896207,0.9696957251718407,0.4900257345256773,0.053122478379925744,0.0007166532294186157,0.004592293807308146,0.004299919376511647,0.005016572605930249,0.010612814156108069,0.15896783867911135,0.24913883047508936,0.6180375663437297,0.7093466542703325
CREMA-D,confidence_shrink_ensemble,gaussian,visual,1.0,7442,3,0.6162321956463316,0.6147620473329216,1.017153356906214,0.5133893189432026,0.050141123587164486,0.0014333064588372014,0.006424411158725915,0.004434291857027643,0.005867598315864864,0.010685966628826836,0.15950360712460543,0.24859766619004497,0.6153983097344244,0.693254485792259
CREMA-D,confidence_shrink_ensemble,gaussian,visual,2.0,7442,3,0.5673206127385112,0.5665766563699608,1.146192746080178,0.5735015360209316,0.05593973850208576,0.004299919376511641,0.010936344612638833,0.0038520111081250087,0.008151930484636702,0.011499041457447328,0.16122844390565108,0.24798521030739964,0.6069877629723054,0.6541232991908719
CREMA-D,confidence_shrink_ensemble,mask,audio,0.25,7442,3,0.6214279315596166,0.6199027364390166,0.996282698205766,0.5017994557213372,0.054948550038242436,0.001388515631998542,0.003220114175051428,0.0030905670518677334,0.004479082683866296,0.009959579153552655,0.15174943582324754,0.24910468527848476,0.629607345944588,0.6984689806320001
CREMA-D,confidence_shrink_ensemble,mask,audio,0.5,7442,3,0.5947773895906119,0.5932236323476378,1.0678185648798686,0.5348539613878244,0.05265021604637743,0.00031353578787062626,0.001085934434482297,0.003404102839738378,0.003717638627609011,0.01107144553569919,0.15013557616703016,0.24076008301988827,0.6423147218362796,0.666908771590662
CREMA-D,confidence_shrink_ensemble,mask,audio,0.75,7442,3,0.541521096479441,0.537116581128198,1.193596814538774,0.5927776413690427,0.05399452174376949,-0.0020603780345784836,-0.0018535500579055272,0.006181134103735504,0.004120756069156992,0.01397959623555753,0.16142643880208185,0.21775351975069437,0.6632939679193569,0.612937163037473
CREMA-D,confidence_shrink_ensemble,mask,visual,0.25,7442,3,0.6392994714682433,0.6370561102037174,0.9580814690319984,0.48364612248291183,0.05668515195682182,0.001970796380901181,0.003917113786032769,0.004882200125414271,0.006852996506315466,0.01066926300682952,0.16243793916624313,0.2383099602259883,0.6240810767532965,0.7154604239429122
CREMA-D,confidence_shrink_ensemble,mask,visual,0.5,7442,3,0.6378661650094061,0.635419040710745,0.9783787175585626,0.49251704139912306,0.06454277625491545,0.0029561945713517533,0.0030154888174717537,0.003762429454447685,0.00671862402579946,0.011519863490740625,0.17271642780366425,0.21861676519637696,0.6340883179429846,0.7050055034885732
CREMA-D,confidence_shrink_ensemble,mask,visual,0.75,7442,3,0.6192331810445221,0.6153573526182711,1.0385679002309094,0.5210024035889657,0.08659473263678634,0.000492699095225305,0.0010109220463841192,0.007076950640508773,0.00756964973573407,0.013487168086905272,0.19462578131524524,0.18571215385640702,0.6527856702414997,0.6796401227371976
CREMA-D,entropy_shrink_ensemble,clean,none,0.0,7442,1,0.639478634775598,0.6374709400239139,0.9499798878823131,0.48028635745156933,0.05505410136314074,0.001612469766191863,0.004213651248249583,0.005106154259607581,0.006718624025799463,0.013286465388622286,0.1586120538343444,0.24960389492637333,0.619068457615116,0.7102834246212101
CREMA-D,entropy_shrink_ensemble,gaussian,audio,0.25,7442,3,0.6388963540266953,0.6367832367956916,0.9540853951205428,0.4822770109047924,0.05554142583658493,0.002060378034578483,0.004434555267055265,0.005150945086446234,0.007211323121024764,0.01327204456340781,0.15860256894690092,0.2496301829341032,0.6186280310004456,0.7118349251602134
CREMA-D,entropy_shrink_ensemble,gaussian,audio,0.5,7442,3,0.635492251186957,0.6334699521251592,0.9638090373917014,0.4870035466057307,0.0531831225629755,0.0026426587834811025,0.004998604822338174,0.004882200125414262,0.007524858908895419,0.01323115085725921,0.15883077007822588,0.24940543307416446,0.6176665505900089,0.7116065597841298
CREMA-D,entropy_shrink_ensemble,gaussian,audio,1.0,7442,3,0.624025799516259,0.6222798844347144,0.9976702365788317,0.503244230640917,0.05072143552290069,0.0013437248051598933,0.007075023669277247,0.005688435008510217,0.007032159813670109,0.013134931025686674,0.1597535568764589,0.24841324713781596,0.6138524845526828,0.7060568321472105
CREMA-D,entropy_shrink_ensemble,gaussian,audio,2.0,7442,3,0.5807130699632715,0.5794567360680384,1.1010157321982301,0.5512938564233435,0.05308615414886757,0.004479082683866299,0.013219822241202057,0.005150945086446252,0.00963002777031259,0.013385819007486425,0.1627485535616389,0.24566927159637744,0.5983983568448721,0.6974406689530274
CREMA-D,entropy_shrink_ensemble,gaussian,visual,0.25,7442,3,0.6377317925288901,0.6356503608173067,0.9554756566432282,0.4829201915870519,0.05403322588529225,0.002149959688255826,0.004477979018142909,0.005509271701155553,0.007659231389411394,0.013287277707560892,0.15913562915940913,0.24942966475101672,0.6187503722623227,0.7123233401942227
CREMA-D,entropy_shrink_ensemble,gaussian,visual,0.5,7442,3,0.6341933172086357,0.6322088965003453,0.9691276532005241,0.489730435857742,0.05306294616563741,0.0008510257099346038,0.00516036577862475,0.005240526740123571,0.006091552450058187,0.013289990391714695,0.15896783867911135,0.24913883047508936,0.6180375663437297,0.7093466542703325
CREMA-D,entropy_shrink_ensemble,gaussian,visual,1.0,7442,3,0.6165457314342023,0.6150557521160153,1.0161944440159119,0.5129099456807544,0.049756071773479196,0.001746842246707853,0.0073833240490280274,0.005195735913284904,0.006942578159992784,0.013368946452984885,0.15950360712460543,0.24859766619004497,0.6153983097344244,0.693254485792259
CREMA-D,entropy_shrink_ensemble,gaussian,visual,2.0,7442,3,0.5685747558899937,0.5677909609842561,1.1442642845336888,0.5726865889320955,0.05511798585821706,0.005554062527994232,0.012864806159127993,0.004434291857027638,0.009988354385021905,0.014292597341196244,0.16122844390565108,0.24798521030739964,0.6069877629723054,0.6541232991908719
CREMA-D,entropy_shrink_ensemble,mask,audio,0.25,7442,3,0.6216966765206485,0.6201749128470271,0.9960094498955818,0.5016184315833833,0.05627046472083533,0.0016572605930305158,0.00349336248523579,0.0037176386276090174,0.005374899220639573,0.011706439239838664,0.15174943582324754,0.24910468527848476,0.629607345944588,0.6984689806320001
CREMA-D,entropy_shrink_ensemble,mask,audio,0.5,7442,3,0.5945534354564185,0.5930065104233353,1.0681002859113293,0.5349583282969955,0.05329401000051376,8.958165367731096e-05,0.0008042134030215752,0.0037176386276090174,0.0038072202812863476,0.012341691526419658,0.15013557616703016,0.24076008301988827,0.6423147218362796,0.666908771590662
CREMA-D,entropy_shrink_ensemble,mask,audio,0.75,7442,3,0.541655468959957,0.5373095221990202,1.1940398448408265,0.5929479418050683,0.054256314551420166,-0.0019260055540625172,-0.0022965803599577284,0.005598853354832885,0.003672847800770361,0.014602157074846564,0.16142643880208185,0.21775351975069437,0.6632939679193569,0.612937163037473
CREMA-D,entropy_shrink_ensemble,mask,visual,0.25,7442,3,0.6396577980829526,0.6373422480238977,0.9577893525866595,0.4834919060263641,0.05638335550089282,0.002329122995610493,0.0042092302313715795,0.005554062527994217,0.007883185523604718,0.013078630264263752,0.16243793916624313,0.2383099602259883,0.6240810767532965,0.7154604239429122
CREMA-D,entropy_shrink_ensemble,mask,visual,0.5,7442,3,0.6374182567410195,0.6348749407397553,0.9783769608916192,0.4925269711141516,0.0636504736853192,0.0025082863029651254,0.003017245484415034,0.004703036818059615,0.007211323121024767,0.013755780975011858,0.17271642780366425,0.21861676519637696,0.6340883179429846,0.7050055034885732
CREMA-D,entropy_shrink_ensemble,mask,visual,0.75,7442,3,0.61896443608349,0.6150567699369717,1.038789028785225,0.5212587193672303,0.08435645981559205,0.00022395413419331648,0.0007897934920683342,0.007614440562572734,0.007838394696766053,0.015572690336998261,0.19462578131524524,0.18571215385640702,0.6527856702414997,0.6796401227371976
CREMA-D,full_ensemble,clean,none,0.0,7442,1,0.6378661650094061,0.6358199265159915,0.9541935391305628,0.4820817817728022,0.055826405128847,0.0,0.0,0.0,0.0,0.0,0.1586120538343444,0.24960389492637333,0.619068457615116,0.7102834246212101
CREMA-D,full_ensemble,gaussian,audio,0.25,7442,3,0.6368359759921168,0.6346979703008027,0.9585199503875981,0.4841239954615405,0.05536923932418335,0.0,0.0,0.0,0.0,0.0,0.15860256894690092,0.2496301829341032,0.6186280310004456,0.7118349251602134
CREMA-D,full_ensemble,gaussian,audio,0.5,7442,3,0.6328495924034757,0.6309454834047117,0.9688076422140396,0.489065465277632,0.054815969051057165,0.0,0.0,0.0,0.0,0.0,0.15883077007822588,0.24940543307416446,0.6176665505900089,0.7116065597841298
CREMA-D,full_ensemble,gaussian,audio,1.0,7442,3,0.6226820747110992,0.6208361101650987,1.004745260248109,0.5061659422134219,0.052838073577022665,0.0,0.0,0.0,0.0,0.0,0.1597535568764589,0.24841324713781596,0.6138524845526828,0.7060568321472105
CREMA-D,full_ensemble,gaussian,audio,2.0,7442,3,0.5762339872794052,0.5747784184074016,1.1142355544394322,0.5564080161991887,0.056520925248266136,0.0,0.0,0.0,0.0,0.0,0.1627485535616389,0.24566927159637744,0.5983983568448721,0.6974406689530274
CREMA-D,full_ensemble,gaussian,visual,0.25,7442,3,0.6355818328406342,0.6334876837482903,0.9599536356613712,0.4848310785320617,0.054149925377055354,0.0,0.0,0.0,0.0,0.0,0.15913562915940913,0.24942966475101672,0.6187503722623227,0.7123233401942227
CREMA-D,full_ensemble,gaussian,visual,0.5,7442,3,0.633342291498701,0.6313361390557646,0.9742880189791489,0.4919497611501504,0.05264878161348318,0.0,0.0,0.0,0.0,0.0,0.15896783867911135,0.24913883047508936,0.6180375663437297,0.7093466542703325
CREMA-D,full_ensemble,gaussian,visual,1.0,7442,3,0.6147988891874944,0.6132584904019462,1.0235777680649398,0.5160448669489226,0.05276394097753013,0.0,0.0,0.0,0.0,0.0,0.15950360712460543,0.24859766619004497,0.6153983097344244,0.693254485792259
CREMA-D,full_ensemble,gaussian,visual,2.0,7442,3,0.5630206933619994,0.5621629499762019,1.1571290906928169,0.5774074698946536,0.05878167226343267,0.0,0.0,0.0,0.0,0.0,0.16122844390565108,0.24798521030739964,0.6069877629723054,0.6541232991908719
CREMA-D,full_ensemble,mask,audio,0.25,7442,3,0.620039415927618,0.6184234185540994,0.9995028123808176,0.5030034777849512,0.054717140347846714,0.0,0.0,0.0,0.0,0.0,0.15174943582324754,0.24910468527848476,0.629607345944588,0.6984689806320001
CREMA-D,full_ensemble,mask,audio,0.5,7442,3,0.5944638538027412,0.5926677484001494,1.068904499314351,0.5348002145694961,0.053111909045964176,0.0,0.0,0.0,0.0,0.0,0.15013557616703016,0.24076008301988827,0.6423147218362796,0.666908771590662
CREMA-D,full_ensemble,mask,audio,0.75,7442,3,0.5435814745140195,0.5392709242205802,1.1917432644808685,0.5909485987240245,0.052871862098856255,0.0,0.0,0.0,0.0,0.0,0.16142643880208185,0.21775351975069437,0.6632939679193569,0.612937163037473
CREMA-D,full_ensemble,mask,visual,0.25,7442,3,0.6373286750873421,0.6350651671573553,0.9619985828180312,0.48539841486904856,0.05622360317588307,0.0,0.0,0.0,0.0,0.0,0.16243793916624313,0.2383099602259883,0.6240810767532965,0.7154604239429122
CREMA-D,full_ensemble,mask,visual,0.5,7442,3,0.6349099704380543,0.6323466954361613,0.9813942063760344,0.49394982204085286,0.06157322542183414,0.0,0.0,0.0,0.0,0.0,0.17271642780366425,0.21861676519637696,0.6340883179429846,0.7050055034885732
CREMA-D,full_ensemble,mask,visual,0.75,7442,3,0.6187404819492968,0.6147570281923314,1.0395788222772935,0.5212164707361391,0.08806722635216556,0.0,0.0,0.0,0.0,0.0,0.19462578131524524,0.18571215385640702,0.6527856702414997,0.6796401227371976
CREMA-D,posterior_ensemble,clean,none,0.0,7442,1,0.6306100510615426,0.6286188859068229,0.9871556507791444,0.49744508523323894,0.05666986307656364,-0.007256113947863437,-0.0329621116485816,0.05468959957000803,0.04743348562214451,0.1272772988457171,0.1586120538343444,0.24960389492637333,0.619068457615116,0.7102834246212101
CREMA-D,posterior_ensemble,gaussian,audio,0.25,7442,3,0.6300725611394786,0.6280998291611176,0.9898765700901215,0.4987608985316113,0.0550676593521125,-0.006763414852638189,-0.031356619702523424,0.05365941055271875,0.04689599570008057,0.1270259894817082,0.15860256894690092,0.2496301829341032,0.6186280310004456,0.7118349251602134
CREMA-D,posterior_ensemble,gaussian,audio,0.5,7442,3,0.6285944638538027,0.6267809221219632,0.9957277461009396,0.5016035271612448,0.0532938803258382,-0.0042551285496730115,-0.026920103886899957,0.05267401236226818,0.04841888381259515,0.12631205712850294,0.15883077007822588,0.24940543307416446,0.6176665505900089,0.7116065597841298
CREMA-D,posterior_ensemble,gaussian,audio,1.0,7442,3,0.6209352324643913,0.6193165568412416,1.015388625460287,0.5111651280057768,0.05299325201643371,-0.0017468422467078468,-0.010643365212177918,0.05356982889904144,0.05182298665233355,0.1239283155133639,0.1597535568764589,0.24841324713781596,0.6138524845526828,0.7060568321472105
CREMA-D,posterior_ensemble,gaussian,audio,2.0,7442,3,0.5936576189196453,0.5926031503594481,1.0766235531834114,0.5407689439292155,0.0556539124491756,0.017423631640240023,0.037612001256020884,0.05370420137955743,0.0711278330197975,0.12092404144338131,0.1627485535616389,0.24566927159637744,0.5983983568448721,0.6974406689530274
CREMA-D,posterior_ensemble,gaussian,visual,0.25,7442,3,0.6295350712174147,0.6276220063145961,0.9916404316440914,0.4995636343927212,0.05276042587396369,-0.006046761623219527,-0.031686795982720325,0.05397294634058942,0.04792618471736984,0.12778917701620732,0.15913562915940913,0.24942966475101672,0.6187503722623227,0.7123233401942227
CREMA-D,posterior_ensemble,gaussian,visual,0.5,7442,3,0.6257278509361283,0.6239741855887375,1.0029575959532788,0.5049668294407893,0.054264300134162065,-0.007614440562572733,-0.028669576974129946,0.05518229866523332,0.047567858102660524,0.12861047248610252,0.15896783867911135,0.24913883047508936,0.6180375663437297,0.7093466542703325
CREMA-D,posterior_ensemble,gaussian,visual,1.0,7442,3,0.6112156230404013,0.6095909241818235,1.0430867354827982,0.5241102785831907,0.05286403799675315,-0.0035832661470930455,-0.019508967417858174,0.05643644181671589,0.05285317566962282,0.1313357762578572,0.15950360712460543,0.24859766619004497,0.6153983097344244,0.693254485792259
CREMA-D,posterior_ensemble,gaussian,visual,2.0,7442,3,0.5651706530502553,0.5640105247174144,1.1627159310179587,0.5799005180592025,0.06123459984818782,0.0021499596882558238,-0.0055868403251416645,0.06010928961748631,0.062259249305742156,0.1461831436354093,0.16122844390565108,0.24798521030739964,0.6069877629723054,0.6541232991908719
CREMA-D,posterior_ensemble,mask,audio,0.25,7442,3,0.6146645167069784,0.6140922239279214,1.0293684528819722,0.5176143035937865,0.0550357453497701,-0.005374899220639605,-0.02986564050115456,0.05303233897697748,0.04765743975633785,0.12596795646403516,0.15174943582324754,0.24910468527848476,0.629607345944588,0.6984689806320001
CREMA-D,posterior_ensemble,mask,audio,0.5,7442,3,0.5761891964525665,0.5745958746986856,1.1213369248834528,0.5617564612271102,0.05014830371320728,-0.018274657350174642,-0.052432425569101805,0.07054555227089487,0.052270894920720186,0.14731075353189615,0.15013557616703016,0.24076008301988827,0.6423147218362796,0.666908771590662
CREMA-D,posterior_ensemble,mask,audio,0.75,7442,3,0.4932365851473618,0.47614545037666256,1.2982583340378546,0.6427071693905362,0.06312820054393806,-0.05034488936665768,-0.10651506955698589,0.09755442085460894,0.04720953148795123,0.1980836793218346,0.16142643880208185,0.21775351975069437,0.6632939679193569,0.612937163037473
CREMA-D,posterior_ensemble,mask,visual,0.25,7442,3,0.6307444235420586,0.629133618262343,0.9900527788775161,0.49856945027194177,0.05650396834887726,-0.006584251545283535,-0.02805419605948489,0.0560781152020066,0.04949386365672305,0.1261335007614755,0.16243793916624313,0.2383099602259883,0.6240810767532965,0.7154604239429122
CREMA-D,posterior_ensemble,mask,visual,0.5,7442,3,0.6231299829794859,0.6214658927526004,1.0181450622089019,0.5115445926594607,0.058250283407105585,-0.011779987458568465,-0.036750855832867475,0.06534981635760992,0.05356982889904144,0.136745922060532,0.17271642780366425,0.21861676519637696,0.6340883179429846,0.7050055034885732
CREMA-D,posterior_ensemble,mask,visual,0.75,7442,3,0.5868942040670071,0.5823842137738406,1.1062566720594655,0.5541615193607697,0.0637808861699004,-0.03184627788228967,-0.06667784978217206,0.08743169398907102,0.05558541610678129,0.1653550778635191,0.19462578131524524,0.18571215385640702,0.6527856702414997,0.6796401227371976
CREMA-D,raw_mixer_ensemble,clean,none,0.0,7442,1,0.6421660843859177,0.6403774645979092,0.9594368614182297,0.4847813581045538,0.0575849415954163,0.004299919376511709,-0.005243322287666878,0.0370868046224133,0.04138672399892496,0.08655594113300126,0.1586120538343444,0.24960389492637333,0.619068457615116,0.7102834246212101
CREMA-D,raw_mixer_ensemble,gaussian,audio,0.25,7442,3,0.6405536146197259,0.6388100071937568,0.9627990598887042,0.4864368887842605,0.056946015296300126,0.0037176386276090434,-0.004279109501106086,0.03735554958344526,0.04107318821105434,0.08649567062003329,0.15860256894690092,0.2496301829341032,0.6186280310004456,0.7118349251602134
CREMA-D,raw_mixer_ensemble,gaussian,audio,0.5,7442,3,0.6372838842605034,0.6358023248671627,0.9701647312850665,0.4900312634679921,0.05479338666363917,0.004434291857027682,-0.0013570890710268926,0.03717638627609061,0.0416106781331183,0.08613636977867144,0.15883077007822588,0.24940543307416446,0.6176665505900089,0.7116065597841298
CREMA-D,raw_mixer_ensemble,gaussian,audio,1.0,7442,3,0.6281465555854161,0.6268797802866108,0.99527226872879,0.5021562444983405,0.05364424074012761,0.005464480874316964,0.009472991519319017,0.03775866702499322,0.04322314789931018,0.08498123844461944,0.1597535568764589,0.24841324713781596,0.6138524845526828,0.7060568321472105
CREMA-D,raw_mixer_ensemble,gaussian,audio,2.0,7442,3,0.5952252978589985,0.5949224580003732,1.074664471349782,0.540132493874883,0.054678392252229584,0.018991310579593242,0.03957108308965024,0.03744513123712259,0.056436441816715886,0.08490414161398278,0.1627485535616389,0.24566927159637744,0.5983983568448721,0.6974406689530274
CREMA-D,raw_mixer_ensemble,gaussian,visual,0.25,7442,3,0.6408671504075966,0.6390828753682545,0.9638864415302548,0.48694551630358407,0.05637143794181874,0.005285317566962283,-0.0039328058688836535,0.03717638627609061,0.04246170384305292,0.08665440213874621,0.15913562915940913,0.24942966475101672,0.6187503722623227,0.7123233401942227
CREMA-D,raw_mixer_ensemble,gaussian,visual,0.5,7442,3,0.6357609961479889,0.6341551418249377,0.9749604125374439,0.49240408595401747,0.05533553938369942,0.002418704649287857,-0.0006723935582951113,0.03972946340589443,0.042148168055182254,0.08683160186570772,0.15896783867911135,0.24913883047508936,0.6180375663437297,0.7093466542703325
CREMA-D,raw_mixer_ensemble,gaussian,visual,1.0,7442,3,0.6218310490011646,0.6205159295182213,1.0137463963678914,0.5114599835604485,0.05431543008690397,0.007032159813670117,0.009831371697048492,0.03932634596434646,0.04635850577801661,0.0872703488623488,0.15950360712460543,0.24859766619004497,0.6153983097344244,0.693254485792259
CREMA-D,raw_mixer_ensemble,gaussian,visual,2.0,7442,3,0.5772193854698557,0.5768250514379611,1.1268589443057537,0.5654654891513448,0.056569070925446,0.014198692107856285,0.030270146387063115,0.04008779002060373,0.05428648212846003,0.09411309089291041,0.16122844390565108,0.24798521030739964,0.6069877629723054,0.6541232991908719
CREMA-D,raw_mixer_ensemble,mask,audio,0.25,7442,3,0.6247424527456776,0.6241160339468149,1.0050791677080537,0.5064186211037635,0.056226483635884,0.004703036818059626,-0.005576355327236096,0.03619098808564,0.040894024903699686,0.08489128537252469,0.15174943582324754,0.24910468527848476,0.629607345944588,0.6984689806320001
CREMA-D,raw_mixer_ensemble,mask,audio,0.5,7442,3,0.587162949028039,0.58616783644056,1.0920861282677972,0.5483022251109257,0.054283652029124566,-0.007300904774702123,-0.02318162895344621,0.049269909522529735,0.04196900474782761,0.10041482174675764,0.15013557616703016,0.24076008301988827,0.6423147218362796,0.666908771590662
CREMA-D,raw_mixer_ensemble,mask,audio,0.75,7442,3,0.510122726865538,0.4982861365156784,1.2514650024287453,0.6233003240649935,0.056211319456447084,-0.033458747648481564,-0.05972173794787659,0.07215802203708675,0.038699274388605175,0.1384266942991777,0.16142643880208185,0.21775351975069437,0.6632939679193569,0.612937163037473
CREMA-D,raw_mixer_ensemble,mask,visual,0.25,7442,3,0.6414494311564991,0.6399645270342408,0.9659480401171714,0.4871621443820453,0.05902599205544028,0.00412075606915702,-0.003949457299140099,0.03981904505957175,0.043939801128728785,0.08876722797145394,0.16243793916624313,0.2383099602259883,0.6240810767532965,0.7154604239429122
CREMA-D,raw_mixer_ensemble,mask,visual,0.5,7442,3,0.6330287557108304,0.6314601180675548,0.993571483198806,0.49971706481854566,0.06298953929751996,-0.001881214727223835,-0.01217727682277162,0.04779181223685385,0.045910597509629975,0.09908083532031241,0.17271642780366425,0.21861676519637696,0.6340883179429846,0.7050055034885732
CREMA-D,raw_mixer_ensemble,mask,visual,0.75,7442,3,0.6023918301531846,0.599060084870658,1.07297280242577,0.5388736368554811,0.06908958771077572,-0.01634865179611212,-0.033393980148476526,0.06494669891606195,0.048598047119949785,0.12148115760736446,0.19462578131524524,0.18571215385640702,0.6527856702414997,0.6796401227371976
MOSEI,A7_equal_ensemble,clean,none,0.0,3634,1,0.8436984039625757,0.8299294707006789,0.3523686528205871,0.2206214132075868,0.0110502256655601,-0.0013758943313153,0.0002753436565399,0.0044028618602091,0.0030269675288937,0.0086294254288077,0.2139619588851928,0.1365029960870742,0.4030558168888092,0.8469257929772163
MOSEI,A7_equal_ensemble,gaussian,audio,0.25,3634,3,0.8438818565400844,0.8301675909242605,0.352374533812205,0.22060938209451286,0.0112854246261294,-0.0011924417538066332,0.00024901827176406665,0.004219409282700367,0.0030269675288937333,0.008690935559570734,0.21523156265417734,0.13647513588269547,0.4030843178431193,0.8463258657527356
MOSEI,A7_equal_ensemble,gaussian,audio,0.5,3634,3,0.8442487616951018,0.8306241164599486,0.3524204194545746,0.22062317093602477,0.0112474473260603,-0.00045863144377176666,0.00023599465688066665,0.0039442304164373,0.0034855989726655,0.0087998990590373,0.21726801991462702,0.1364121486743291,0.40326525767644245,0.8463161957189348
MOSEI,A7_equal_ensemble,gaussian,audio,1.0,3634,3,0.8439735828288387,0.8302950471716063,0.3525523940722148,0.22073212762974675,0.012098836294118866,-0.0009172628875435333,0.00029263893763220003,0.005136672170243934,0.004219409282700367,0.009143877153595232,0.22487045327822364,0.13615557054678598,0.4040051996707916,0.8455898211030708
MOSEI,A7_equal_ensemble,gaussian,audio,2.0,3634,3,0.8442487616951018,0.8306819072023152,0.3532554308573405,0.22124133445389546,0.010271766277173933,-0.0010089891762979333,0.0004406869411468,0.004953219592735233,0.0039442304164373,0.010417585571606934,0.24617214997609457,0.13506275415420527,0.40739216407140094,0.8446364983918477
MOSEI,A7_equal_ensemble,gaussian,text,0.25,3634,3,0.8414052467437168,0.827304077391753,0.3557248413562774,0.22312719916286905,0.013203566439806467,0.0,0.0003104309240976333,0.004861493303980867,0.004861493303980867,0.0088551466663678,0.2164330234130223,0.13620286683241523,0.40400729576746625,0.8424131830531189
MOSEI,A7_equal_ensemble,gaussian,text,0.5,3634,3,0.8374610163272794,0.823000185919972,0.3648338019847869,0.229865035824918,0.0143790623448875,-0.00018345257750873332,0.0003528992335001,0.004861493303980867,0.004678040726472134,0.009515695584316999,0.22186939915021256,0.13524190584818518,0.40669182936350506,0.8341683658614878
MOSEI,A7_equal_ensemble,gaussian,text,1.0,3634,3,0.8217758209502843,0.8052277977397667,0.39829739928245544,0.2542272123378956,0.02843830886619327,0.0029352412401393666,0.00040526191393530766,0.0050449458814895995,0.007980187121628998,0.012003517399231533,0.24319443603356675,0.13218782345453897,0.41570498545964557,0.8207909442171423
MOSEI,A7_equal_ensemble,gaussian,text,2.0,3634,3,0.7715098147128967,0.7493118398867444,0.5001953939596812,0.3244940537570257,0.0727199207826658,0.0050449458814895995,-0.0020820399125416667,0.0058704824802788,0.010915428361768433,0.0214690801997979,0.28491727511088055,0.12546291947364802,0.43576423327128094,0.7825355586987751
MOSEI,A7_equal_ensemble,gaussian,vision,0.25,3634,3,0.8427811410750321,0.8289117539196549,0.35229050119717914,0.22051855574586504,0.0119469466230843,-0.0023848835076131997,0.00026742617289220004,0.005320124747752667,0.0029352412401394,0.0086449574058254,0.21463201940059654,0.13646895686785376,0.40321378906567884,0.8444672035645912
MOSEI,A7_equal_ensemble,gaussian,vision,0.5,3634,3,0.8426894147862778,0.828802009145652,0.3523076872030894,0.2204773579001705,0.0113913398328297,-0.002568336085121967,0.0002379715442657,0.005870482480278834,0.0033021463951567664,0.008729925689597866,0.2158297499020894,0.13640326758225757,0.4036536713441213,0.8466216590718255
MOSEI,A7_equal_ensemble,gaussian,vision,1.0,3634,3,0.84379013025133,0.8302698948588115,0.3524853189786275,0.2205311060214535,0.0098074001142725,-0.0012841680425609667,0.00021087129910784893,0.004678040726472167,0.0033938726839111664,0.009038772433996133,0.2215570112069448,0.13607001801331836,0.40506885449091595,0.8475944009740574
MOSEI,A7_equal_ensemble,gaussian,vision,2.0,3634,3,0.8436066776738214,0.8302793834567391,0.3537044525146484,0.22126816701501162,0.010860742089770632,-0.0017427994863328,-0.00013340512911479997,0.005962208769033133,0.004219409282700333,0.010462127315501332,0.2391379177570343,0.13496396442254385,0.4098216990629832,0.8490151830938474
MOSEI,A7_equal_ensemble,mask,audio,0.25,3634,3,0.8417721518987342,0.8276863342371947,0.35280051827430714,0.22091436158219135,0.013195140534334232,-0.0031186938176481003,0.00021808346112563333,0.0060539350577874995,0.0029352412401394,0.008390637114644,0.21205571790536246,0.1363387107849121,0.4021381139755249,0.8469651147286953
MOSEI,A7_equal_ensemble,mask,audio,0.5,3634,3,0.842230783342506,0.8282544212252559,0.3532874782880147,0.22122320037437884,0.012274130366959868,-0.001651073197578367,0.00025132298469536665,0.004678040726472167,0.0030269675288937003,0.008126435801386766,0.20979606111844382,0.13617530961831406,0.4014721711476643,0.839913023445895
MOSEI,A7_equal_ensemble,mask,audio,0.75,3634,3,0.8427811410750321,0.8288535121542452,0.3534673849741618,0.22134907384476965,0.0113544355530494,-0.0008255365987891667,0.0003123382727304667,0.004127682993946034,0.0033021463951568,0.007860052554557668,0.20742285748322797,0.1359970817963282,0.4010830720265706,0.8392840205436817
MOSEI,A7_equal_ensemble,mask,text,0.25,3634,3,0.835809943129701,0.8192872694701643,0.36930402119954425,0.23278354037825566,0.012844182437460333,0.0005503577325261668,0.0002891918023427,0.0058704824802788,0.006420840212804934,0.008665611967444368,0.19441992044448847,0.1309804370005925,0.41357747713724774,0.8374322332307269
MOSEI,A7_equal_ensemble,mask,text,0.5,3634,3,0.813703907539901,0.7901957944175241,0.4039149085680644,0.25788778097372367,0.022914786400914766,-0.0006420840212804998,-0.0007129808266957333,0.009264355164190033,0.008622271142909501,0.010495443517963032,0.1979455898205439,0.12225848684708274,0.42834452788035077,0.8126512897035935
MOSEI,A7_equal_ensemble,mask,text,0.75,3634,3,0.768758026050266,0.7218433173764199,0.4773945113023122,0.31331835302452576,0.028166036346903005,-0.0045863144377178006,-0.003908177216847701,0.013300311869381734,0.0087139974316639,0.015700309226910233,0.25023279587427766,0.1125769739349683,0.4358099400997162,0.7609986265704843
MOSEI,A7_equal_ensemble,mask,vision,0.25,3634,3,0.8452577508713998,0.8317496789973255,0.35229522983233136,0.22048113036598266,0.010207218820732434,-0.00045863144377176676,0.0005085666974385334,0.004219409282700367,0.0037607778389285667,0.007985746798415934,0.20827582975228623,0.13650138676166534,0.4011940062046051,0.8455420102956989
MOSEI,A7_equal_ensemble,mask,vision,0.5,3634,3,0.8460832874701889,0.832600024947172,0.3526247839132945,0.22069096041727845,0.010328176037540434,0.0011007154650521998,0.0006145636240641,0.002843514951385,0.003944230416437267,0.0074796327389776325,0.20219241579373673,0.1364623755216598,0.399635632832845,0.8463315667768939
MOSEI,A7_equal_ensemble,mask,vision,0.75,3634,3,0.8460832874701889,0.8325623844743445,0.35334546367327374,0.221128264664791,0.009948942135767268,0.0011007154650522334,0.0005861024061838333,0.0033938726839111664,0.0044945881489634335,0.007213812321424432,0.19791010022163386,0.13638588786125178,0.3982408940792084,0.8450885877110028
MOSEI,A8_safe_fallback,clean,none,0.0,3634,1,0.8467253714914694,0.8329082442355005,0.3527563156171069,0.2210064660850049,0.0115082278101074,0.0016510731975784,-0.0001123191399798,0.0077050082553659,0.0093560814529444,0.015484715096177402,0.2139619588851928,0.1365029960870742,0.4030558168888092,0.8469257929772163
MOSEI,A8_safe_fallback,gaussian,audio,0.25,3634,3,0.8462667400476976,0.832437220787754,0.3527910829142535,0.2210060619368066,0.011495373790859733,0.0011924417538066666,-0.00016753083028439998,0.007796734544120267,0.008989176297926933,0.015537524660275668,0.21523156265417734,0.13647513588269547,0.4030843178431193,0.8463258657527356
MOSEI,A8_safe_fallback,gaussian,audio,0.5,3634,3,0.8469088240689782,0.8332037501622696,0.3528889553780323,0.22103310406283316,0.011517847584386568,0.0022014309301045336,-0.00023254126657696665,0.007338103100348534,0.0095395340304531,0.015663482712711833,0.21726801991462702,0.1364121486743291,0.40326525767644245,0.8463161957189348
MOSEI,A8_safe_fallback,gaussian,audio,1.0,3634,3,0.8467253714914694,0.8331565754005875,0.35305426551289737,0.22114930611418673,0.011636676440925565,0.0018345257750871002,-0.0002092325030503333,0.0073381031003485,0.009172628875435665,0.015997078643969632,0.22487045327822364,0.13615557054678598,0.4040051996707916,0.8455898211030708
MOSEI,A8_safe_fallback,gaussian,audio,2.0,3634,3,0.8465419189139607,0.83307046597498,0.3537947002359955,0.2216558177863288,0.01195954262094743,0.0012841680425609001,-9.858243750820868e-05,0.0077967345441203005,0.009080902586681299,0.017046330842312968,0.24617214997609457,0.13506275415420527,0.40739216407140094,0.8446364983918477
MOSEI,A8_safe_fallback,gaussian,text,0.25,3634,3,0.8436066776738214,0.8294880672303236,0.35609340333586637,0.22344373081286617,0.011460615399678365,0.002201430930104533,-5.8131055491145095e-05,0.007521555677857233,0.0097229866079618,0.015908587233213003,0.2164330234130223,0.13620286683241523,0.40400729576746625,0.8424131830531189
MOSEI,A8_safe_fallback,gaussian,text,0.5,3634,3,0.8389286369473491,0.8245044637591263,0.36505909519167956,0.23000261766378297,0.0183083903505871,0.0012841680425609333,0.00012760602660756072,0.007521555677857201,0.008805723720418233,0.017026104777786835,0.22186939915021256,0.13524190584818518,0.40669182936350506,0.8341683658614878
MOSEI,A8_safe_fallback,gaussian,text,1.0,3634,3,0.819115758576408,0.8022904855370904,0.3986267160550724,0.254275091063057,0.032545061117876764,0.00027517886626306687,7.594514131849998e-05,0.009814712896716168,0.010089891762979234,0.021221900493673167,0.24319443603356675,0.13218782345453897,0.41570498545964557,0.8207909442171423
MOSEI,A8_safe_fallback,gaussian,text,2.0,3634,3,0.7706842781141076,0.748121338411786,0.5036047044451011,0.32585248271146966,0.0798498830051647,0.004219409282700367,-0.005491350397961567,0.011098880939277165,0.015318290221977567,0.03656992492029237,0.28491727511088055,0.12546291947364802,0.43576423327128094,0.7825355586987751
MOSEI,A8_safe_fallback,gaussian,vision,0.25,3634,3,0.8457163823151715,0.8317790218491369,0.3526822608904901,0.2208900141477261,0.010018704060274133,0.0005503577325261334,-0.0001243335204187296,0.008530544854155133,0.0090809025866813,0.015504344875758799,0.21463201940059654,0.13646895686785376,0.40321378906567884,0.8444672035645912
MOSEI,A8_safe_fallback,gaussian,vision,0.5,3634,3,0.8452577508713998,0.8313080557799577,0.35270228549786625,0.2208261839438745,0.009633106266173834,-6.668263039117157e-17,-0.0001566267505110762,0.008530544854155168,0.008530544854155168,0.0155819116289659,0.2158297499020894,0.13640326758225757,0.4036536713441213,0.8466216590718255
MOSEI,A8_safe_fallback,gaussian,vision,1.0,3634,3,0.844799119427628,0.8310878243898993,0.35286329791813215,0.22084409879565417,0.010262710810851634,-0.00027517886626310004,-0.00016710764039677876,0.008347092276646435,0.008071913410383366,0.015879935414475067,0.2215570112069448,0.13607001801331836,0.40506885449091595,0.8475944009740574
MOSEI,A8_safe_fallback,gaussian,vision,2.0,3634,3,0.8452577508713998,0.8315558155362094,0.35397503350988907,0.2214722430432861,0.008720968603897133,-9.172628875433321e-05,-0.0004039861243553667,0.008713997431663867,0.008622271142909501,0.0171887465655992,0.2391379177570343,0.13496396442254385,0.4098216990629832,0.8490151830938474
MOSEI,A8_safe_fallback,mask,audio,0.25,3634,3,0.845074298293891,0.8311080124047221,0.35323542244992134,0.22129045622061655,0.010876318750998634,0.00018345257750876658,-0.00021682071448843334,0.008438818565400802,0.008622271142909501,0.015318096022743434,0.21205571790536246,0.1363387107849121,0.4021381139755249,0.8469651147286953
MOSEI,A8_safe_fallback,mask,audio,0.5,3634,3,0.845074298293891,0.8312246768331686,0.353685468767371,0.22156877887752288,0.010409645374478766,0.0011924417538065667,-0.00014666749466083333,0.007521555677857233,0.008713997431663867,0.015108619550304535,0.20979606111844382,0.13617530961831406,0.4014721711476643,0.839913023445895
MOSEI,A8_safe_fallback,mask,audio,0.75,3634,3,0.8430563199412952,0.8290455556230465,0.35384554641349564,0.22169639306425748,0.011783217591184133,-0.0005503577325260666,-6.582316660338113e-05,0.008989176297926968,0.008438818565400767,0.014868679459258034,0.20742285748322797,0.1359970817963282,0.4010830720265706,0.8392840205436817
MOSEI,A8_safe_fallback,mask,text,0.25,3634,3,0.8351678591084205,0.8183961742613696,0.36910688102465233,0.23277305361814296,0.0120785963087658,-9.172628875433333e-05,0.00048633197723463523,0.008989176297926933,0.008897450009172567,0.014885675019930768,0.19441992044448847,0.1309804370005925,0.41357747713724774,0.8374322332307269
MOSEI,A8_safe_fallback,mask,text,0.5,3634,3,0.8128783709411117,0.7882286061383263,0.4034414955238535,0.2576415779188484,0.023558825191785766,-0.0014676206200696666,-0.00023956778248501037,0.014492753623188366,0.013025133003118633,0.016137849304878903,0.1979455898205439,0.12225848684708274,0.42834452788035077,0.8126512897035935
MOSEI,A8_safe_fallback,mask,text,0.75,3634,3,0.7660062373876353,0.7164463329880923,0.4781130783143965,0.313654903731698,0.029296871936115937,-0.007338103100348534,-0.004626744228932033,0.018987341772151833,0.0116492386718033,0.020720949910638133,0.25023279587427766,0.1125769739349683,0.4358099400997162,0.7609986265704843
MOSEI,A8_safe_fallback,mask,vision,0.25,3634,3,0.8465419189139607,0.8328034887346925,0.3527602297332903,0.22085098538377007,0.011561134081130969,0.0008255365987892,4.356679647960594e-05,0.0082553659878921,0.009080902586681332,0.0150960310468764,0.20827582975228623,0.13650138676166534,0.4011940062046051,0.8455420102956989
MOSEI,A8_safe_fallback,mask,vision,0.5,3634,3,0.8465419189139607,0.8327651329610403,0.3531030008718377,0.2210761143991892,0.010952002577745035,0.001559346908824033,0.00013634666552081348,0.007429829389102868,0.008989176297926933,0.014808473705755032,0.20219241579373673,0.1364623755216598,0.399635632832845,0.8463315667768939
MOSEI,A8_safe_fallback,mask,vision,0.75,3634,3,0.8458998348926803,0.8321144688578235,0.3537949214106281,0.22150966553676196,0.011005566197809832,0.0009172628875435001,0.0001366446688293852,0.008622271142909534,0.009539534030453066,0.0146675314612577,0.19791010022163386,0.13638588786125178,0.3982408940792084,0.8450885877110028
MOSEI,confidence_shrink_ensemble,clean,none,0.0,3634,1,0.8434232250963126,0.8290715984520979,0.3517298417686457,0.2203235306278581,0.0077563209642867,-0.0016510731975784,0.0009141547084813,0.007980187121629,0.0063291139240506,0.0136454106723074,0.2139619588851928,0.1365029960870742,0.4030558168888092,0.8469257929772163
MOSEI,confidence_shrink_ensemble,gaussian,audio,0.25,3634,3,0.8427811410750321,0.8283802970998273,0.3517010442984184,0.2202986361575952,0.008979635525300633,-0.0022931572188588665,0.0009225077855506665,0.008530544854155135,0.006237387635296201,0.013670543687718598,0.21523156265417734,0.13647513588269547,0.4030843178431193,0.8463258657527356
MOSEI,confidence_shrink_ensemble,gaussian,audio,0.5,3634,3,0.8426894147862778,0.8283500754970891,0.35171610581180596,0.22031711629504233,0.0082916316050076,-0.0020179783525958003,0.0009403082996493001,0.0081636396991377,0.0061456613465418666,0.013757768568796467,0.21726801991462702,0.1364121486743291,0.40326525767644245,0.8463161957189348
MOSEI,confidence_shrink_ensemble,gaussian,audio,1.0,3634,3,0.8434232250963126,0.8291316999730636,0.3519215544995141,0.2204793435011457,0.0085749070864115,-0.0014676206200696668,0.0009234785103328,0.008530544854155168,0.007062924234085434,0.014252024315752102,0.22487045327822364,0.13615557054678598,0.4040051996707916,0.8455898211030708
MOSEI,confidence_shrink_ensemble,gaussian,audio,2.0,3634,3,0.8448908457163823,0.8307527026031785,0.3529516063934364,0.2212561804264167,0.007907832350890133,-0.00036690515501736667,0.0007445114050508334,0.008622271142909501,0.0082553659878921,0.0161680568979019,0.24617214997609457,0.13506275415420527,0.40739216407140094,0.8446364983918477
MOSEI,confidence_shrink_ensemble,gaussian,text,0.25,3634,3,0.8410383415886993,0.8264453310961899,0.3548370088474471,0.22267678805020732,0.010697981038457666,-0.0003669051550173999,0.0011982634329278999,0.008438818565400765,0.008071913410383366,0.0138215250282161,0.2164330234130223,0.13620286683241523,0.40400729576746625,0.8424131830531189
MOSEI,confidence_shrink_ensemble,gaussian,text,0.5,3634,3,0.8381948266373143,0.8231895226570032,0.36357655818382456,0.22914694409694217,0.011465856819403234,0.0005503577325261333,0.0016101430344625666,0.008347092276646399,0.0088974500091726,0.014446387210242632,0.22186939915021256,0.13524190584818518,0.40669182936350506,0.8341683658614878
MOSEI,confidence_shrink_ensemble,gaussian,text,1.0,3634,3,0.8213171895065126,0.8041228716525625,0.39537818174003764,0.2523486989374887,0.0249687842730316,0.002476609796367567,0.0033244794563531,0.0088057237204182,0.011282333516785866,0.016625662515232766,0.24319443603356675,0.13218782345453897,0.41570498545964557,0.8207909442171423
MOSEI,confidence_shrink_ensemble,gaussian,text,2.0,3634,3,0.7742616033755274,0.7514246209495352,0.4925185760762689,0.31982455853368386,0.06686249212393883,0.007796734544120267,0.005594777970870466,0.009631260319207432,0.017427994863327766,0.02526519133038897,0.28491727511088055,0.12546291947364802,0.43576423327128094,0.7825355586987751
MOSEI,confidence_shrink_ensemble,gaussian,vision,0.25,3634,3,0.8430563199412952,0.8287104973253824,0.35163247170579004,0.22021257565495958,0.008369321210375934,-0.0021097046413501666,0.0009254556642813334,0.008713997431663867,0.0066042927903136334,0.013644406709088532,0.21463201940059654,0.13646895686785376,0.40321378906567884,0.8444672035645912
MOSEI,confidence_shrink_ensemble,gaussian,vision,0.5,3634,3,0.8433314988075582,0.8290410231098322,0.3516528913058706,0.22017544734526046,0.008200111237653566,-0.0019262520638415003,0.0008927674414845,0.009172628875435667,0.007246376811594133,0.013753495483497767,0.2158297499020894,0.13640326758225757,0.4036536713441213,0.8466216590718255
MOSEI,confidence_shrink_ensemble,gaussian,vision,1.0,3634,3,0.8444322142726105,0.8304370578775175,0.352008838060933,0.22034560224037353,0.006741099787080766,-0.0006420840212804668,0.0006873522168022667,0.0082553659878921,0.007613281966611599,0.014282242233264433,0.2215570112069448,0.13607001801331836,0.40506885449091595,0.8475944009740574
MOSEI,confidence_shrink_ensemble,gaussian,vision,2.0,3634,3,0.8436066776738214,0.8299538740662138,0.3539838608793791,0.22163243394128318,0.007245224676788868,-0.0017427994863328336,-0.0004128134938455295,0.0097229866079618,0.007980187121629,0.0166018590783814,0.2391379177570343,0.13496396442254385,0.4098216990629832,0.8490151830938474
MOSEI,confidence_shrink_ensemble,mask,audio,0.25,3634,3,0.8420473307649973,0.8275394972026435,0.35197493904167576,0.22052415471585118,0.010221254083111033,-0.0028435149513850668,0.0010436626937571,0.008622271142909501,0.005778756191524434,0.013241781690957268,0.21205571790536246,0.1363387107849121,0.4021381139755249,0.8469651147286953
MOSEI,confidence_shrink_ensemble,mask,audio,0.5,3634,3,0.8420473307649973,0.8276196334618654,0.35242826607816174,0.22079184333239749,0.011183326736049801,-0.0018345257750871334,0.0011105351945483331,0.007521555677857233,0.005687029902770066,0.012917246976519267,0.20979606111844382,0.13617530961831406,0.4014721711476643,0.839913023445895
MOSEI,confidence_shrink_ensemble,mask,audio,0.75,3634,3,0.840946615299945,0.8263374898660144,0.3525826040800347,0.22089168119445987,0.0114274186346414,-0.0026600623738762996,0.0011971191668575334,0.008163639699137734,0.005503577325261367,0.0126641799952267,0.20742285748322797,0.1359970817963282,0.4010830720265706,0.8392840205436817
MOSEI,confidence_shrink_ensemble,mask,text,0.25,3634,3,0.8354430379746836,0.8179373999801279,0.36953499864370326,0.23301719616886182,0.012351854912886265,0.00018345257750870003,5.821435818373334e-05,0.010823702073014066,0.0110071546505228,0.01574867199468337,0.19441992044448847,0.1309804370005925,0.41357747713724774,0.8374322332307269
MOSEI,confidence_shrink_ensemble,mask,text,0.5,3634,3,0.8115024766097964,0.7857573778610076,0.4068734728903358,0.2600658395343841,0.024320764458588735,-0.002843514951385,-0.0036715451489671667,0.01678591084204727,0.013942395890662233,0.0211220046382652,0.1979455898205439,0.12225848684708274,0.42834452788035077,0.8126512897035935
MOSEI,confidence_shrink_ensemble,mask,text,0.75,3634,3,0.7622454595487067,0.7094667388283741,0.48366043185540414,0.3182852212127364,0.029831077193510937,-0.0110988809392771,-0.010174097769939598,0.024674371674922,0.013575490735644765,0.0291728851870797,0.25023279587427766,0.1125769739349683,0.4358099400997162,0.7609986265704843
MOSEI,confidence_shrink_ensemble,mask,vision,0.25,3634,3,0.8446156668501192,0.830442320226767,0.3513873758242057,0.2199776518852648,0.007007351710795466,-0.0011007154650522332,0.0014164207055641666,0.008255365987892067,0.0071546505228398324,0.012758977697566334,0.20827582975228623,0.13650138676166534,0.4011940062046051,0.8455420102956989
MOSEI,confidence_shrink_ensemble,mask,vision,0.5,3634,3,0.8443404879838562,0.8300728855305347,0.35160154881954203,0.2200990981964199,0.007270083410942767,-0.0006420840212805667,0.0016377987178165334,0.007429829389102868,0.006787745367822367,0.012139875439319998,0.20219241579373673,0.1364623755216598,0.399635632832845,0.8463315667768939
MOSEI,confidence_shrink_ensemble,mask,vision,0.75,3634,3,0.844799119427628,0.8306815512065556,0.35237231638385513,0.2205600774941536,0.008260790676159601,-0.00018345257750873332,0.0015592496956023667,0.007246376811594133,0.007062924234085467,0.011934089325599102,0.19791010022163386,0.13638588786125178,0.3982408940792084,0.8450885877110028
MOSEI,entropy_shrink_ensemble,clean,none,0.0,3634,1,0.8453494771601541,0.8321237434606359,0.3522225022315979,0.2207452835913107,0.0049817528315278,0.000275178866263,0.0004214942455291,0.0,0.000275178866263,0.0039102714508771,0.2139619588851928,0.1365029960870742,0.4030558168888092,0.8469257929772163
MOSEI,entropy_shrink_ensemble,gaussian,audio,0.25,3634,3,0.8455329297376628,0.8323603696885328,0.35219307740529376,0.2207194999443516,0.0049783842451220665,0.0004586314437717334,0.0004304746786753,0.000275178866263,0.0007338103100348333,0.0039138413655261,0.21523156265417734,0.13647513588269547,0.4030843178431193,0.8463258657527356
MOSEI,entropy_shrink_ensemble,gaussian,audio,0.5,3634,3,0.8447073931388736,0.8315115041885429,0.35220197836558026,0.2207242499361495,0.0069672917252482005,3.333113153181194e-17,0.00045443574587496666,0.00036690515501736667,0.00036690515501736667,0.0039238462535043,0.21726801991462702,0.1364121486743291,0.40326525767644245,0.8463161957189348
MOSEI,entropy_shrink_ensemble,gaussian,audio,1.0,3634,3,0.8445239405613649,0.831498480137909,0.3523552715778351,0.22082755906371934,0.007903295090561067,-0.00036690515501746663,0.0004897614320118666,0.0008255365987891667,0.0004586314437717333,0.004017269083609099,0.22487045327822364,0.13615557054678598,0.4040051996707916,0.8455898211030708
MOSEI,entropy_shrink_ensemble,gaussian,audio,2.0,3634,3,0.8458998348926803,0.8330908867064912,0.35306136806805927,0.22129226883852948,0.009334678426617234,0.0006420840212805002,0.0006347497304280334,0.00027517886626303337,0.0009172628875435001,0.004435670562088433,0.24617214997609457,0.13506275415420527,0.40739216407140094,0.8446364983918477
MOSEI,entropy_shrink_ensemble,gaussian,text,0.25,3634,3,0.8416804256099798,0.8282541400481938,0.35553537805875135,0.22327462472091916,0.0088441683445211,0.0002751788662630667,0.0004998942216236667,0.0004586314437717333,0.0007338103100347999,0.0039597207990784995,0.2164330234130223,0.13620286683241523,0.40400729576746625,0.8424131830531189
MOSEI,entropy_shrink_ensemble,gaussian,text,0.5,3634,3,0.8380113740598055,0.8242572423602436,0.36459346612294513,0.23005241634747867,0.0095123466636648,0.00036690515501740006,0.0005932350953419334,0.0001834525775087,0.0005503577325261,0.004152066850413833,0.22186939915021256,0.13524190584818518,0.40669182936350506,0.8341683658614878
MOSEI,entropy_shrink_ensemble,gaussian,text,1.0,3634,3,0.8198495688864429,0.8040604149404853,0.3977263371149699,0.25448572862952223,0.02428937837456894,0.0010089891762979002,0.0009763240814208333,0.0001834525775087,0.0011924417538065999,0.0049602342769503,0.24319443603356675,0.13218782345453897,0.41570498545964557,0.8207909442171423
MOSEI,entropy_shrink_ensemble,gaussian,text,2.0,3634,3,0.7680242157402312,0.7466639583772221,0.4970551033814748,0.3243409320833443,0.0659326083932179,0.0015593469088240335,0.0010582506656645998,0.0010089891762978668,0.0025683360851219334,0.008479355213542733,0.28491727511088055,0.12546291947364802,0.43576423327128094,0.7825355586987751
MOSEI,entropy_shrink_ensemble,gaussian,vision,0.25,3634,3,0.845074298293891,0.831946820573448,0.352134108543396,0.2206378512532992,0.005411193171152766,-9.172628875436667e-05,0.00042381882667536663,0.0006420840212804334,0.0005503577325261,0.0039056051367272666,0.21463201940059654,0.13646895686785376,0.40321378906567884,0.8444672035645912
MOSEI,entropy_shrink_ensemble,gaussian,vision,0.5,3634,3,0.8452577508713998,0.832201922640715,0.3521410326162974,0.22059308977625677,0.006186413925692567,-3.333113153181194e-17,0.00040462613105766667,0.00036690515501739996,0.0003669051550174,0.0039369229537745,0.2158297499020894,0.13640326758225757,0.4036536713441213,0.8466216590718255
MOSEI,entropy_shrink_ensemble,gaussian,vision,1.0,3634,3,0.8451660245826453,0.8322232789943907,0.35231401522954303,0.22061197194837187,0.007442235443662467,9.172628875433335e-05,0.0003821750481923,0.00027517886626303337,0.0003669051550174,0.004073666408657967,0.2215570112069448,0.13607001801331836,0.40506885449091595,0.8475944009740574
MOSEI,entropy_shrink_ensemble,gaussian,vision,2.0,3634,3,0.8455329297376628,0.83278783845863,0.3533330162366231,0.22112280280718707,0.009490560695810498,0.0001834525775086667,0.00023803114891047167,0.0005503577325261,0.0007338103100348333,0.004686019538591267,0.2391379177570343,0.13496396442254385,0.4098216990629832,0.8490151830938474
MOSEI,entropy_shrink_ensemble,mask,audio,0.25,3634,3,0.8449825720051367,0.8317620096890594,0.3525567352771759,0.22101016390979658,0.006930181710485133,9.172628875433335e-05,0.00046186645825699996,9.172628875433335e-05,0.0001834525775086667,0.003803271800279533,0.21205571790536246,0.1363387107849121,0.4021381139755249,0.8469651147286953
MOSEI,entropy_shrink_ensemble,mask,audio,0.5,3634,3,0.8441570354063475,0.8308575689780212,0.35308904449145,0.22136804944193075,0.0066206632863707,0.0002751788662630667,0.00044975678126013335,0.0001834525775087,0.00045863144377176666,0.0037526757611582,0.20979606111844382,0.13617530961831406,0.4014721711476643,0.839913023445895
MOSEI,entropy_shrink_ensemble,mask,audio,0.75,3634,3,0.8431480462300496,0.8296768009276076,0.3533032735188802,0.22152239541962107,0.006098487681805367,-0.0004586314437717333,0.0004764497280120333,0.0007338103100348333,0.000275178866263,0.003706772656490333,0.20742285748322797,0.1359970817963282,0.4010830720265706,0.8392840205436817
MOSEI,entropy_shrink_ensemble,mask,text,0.25,3634,3,0.835809943129701,0.8203461356621876,0.3694138129552205,0.23289785130809085,0.0109607180670365,0.0005503577325261667,0.0001794000466664,0.00027517886626303337,0.0008255365987891333,0.0036798100918531,0.19441992044448847,0.1309804370005925,0.41357747713724774,0.8374322332307269
MOSEI,entropy_shrink_ensemble,mask,text,0.5,3634,3,0.8149880755824619,0.793678118342421,0.40361209710439044,0.2572168894013555,0.0252872949848479,0.0006420840212804334,-0.0004101693630218,0.0009172628875435001,0.0015593469088239999,0.004029876707742533,0.1979455898205439,0.12225848684708274,0.42834452788035077,0.8126512897035935
MOSEI,entropy_shrink_ensemble,mask,text,0.75,3634,3,0.772885709044212,0.7312187050455871,0.47459985812505084,0.3102007933612744,0.03146557681299393,-0.0004586314437717333,-0.0011135240395863332,0.0017427994863327,0.0012841680425609667,0.004658658678332934,0.25023279587427766,0.1125769739349683,0.4358099400997162,0.7609986265704843
MOSEI,entropy_shrink_ensemble,mask,vision,0.25,3634,3,0.8459915611814346,0.8329784277566641,0.3522953490416208,0.2207339840983533,0.007877896289566434,0.0002751788662630667,0.0005084474881489665,0.0004586314437717333,0.0007338103100347999,0.0036566246611375998,0.20827582975228623,0.13650138676166534,0.4011940062046051,0.8455420102956989
MOSEI,entropy_shrink_ensemble,mask,vision,0.5,3634,3,0.8454412034489085,0.8323821077726155,0.3526615798473358,0.22095670520379074,0.007656026998586999,0.00045863144377170003,0.0005777676900227334,9.172628875433335e-05,0.0005503577325260667,0.003444500577946467,0.20219241579373673,0.1364623755216598,0.399635632832845,0.8463315667768939
MOSEI,entropy_shrink_ensemble,mask,vision,0.75,3634,3,0.8454412034489085,0.832419120899498,0.3533576230208079,0.22135105266652053,0.010008878241851933,0.0004586314437716667,0.0005739430586496334,0.000275178866263,0.0007338103100348333,0.003337680905436433,0.19791010022163386,0.13638588786125178,0.3982408940792084,0.8450885877110028
MOSEI,full_ensemble,clean,none,0.0,3634,1,0.845074298293891,0.8317968120234982,0.3526439964771271,0.2210051454523378,0.0050647959777399,0.0,0.0,0.0,0.0,0.0,0.2139619588851928,0.1365029960870742,0.4030558168888092,0.8469257929772163
MOSEI,full_ensemble,gaussian,audio,0.25,3634,3,0.845074298293891,0.8318719187102295,0.3526235520839691,0.22098168265305357,0.005502448953897234,0.0,0.0,0.0,0.0,0.0,0.21523156265417734,0.13647513588269547,0.4030843178431193,0.8463258657527356
MOSEI,full_ensemble,gaussian,audio,0.5,3634,3,0.8447073931388736,0.8315678499422382,0.35265641411145526,0.22099514779245358,0.007521799891787967,0.0,0.0,0.0,0.0,0.0,0.21726801991462702,0.1364121486743291,0.40326525767644245,0.8463161957189348
MOSEI,full_ensemble,gaussian,audio,1.0,3634,3,0.8448908457163823,0.8319896254340183,0.352845033009847,0.2211061157142228,0.007266190971197067,0.0,0.0,0.0,0.0,0.0,0.22487045327822364,0.13615557054678598,0.4040051996707916,0.8455898211030708
MOSEI,full_ensemble,gaussian,audio,2.0,3634,3,0.8452577508713998,0.8324600446041182,0.35369611779848736,0.2216116568167219,0.008618592073273966,0.0,0.0,0.0,0.0,0.0,0.24617214997609457,0.13506275415420527,0.40739216407140094,0.8446364983918477
MOSEI,full_ensemble,gaussian,text,0.25,3634,3,0.8414052467437168,0.8280613875756658,0.3560352722803752,0.22357821187359436,0.0094613821555487,0.0,0.0,0.0,0.0,0.0,0.2164330234130223,0.13620286683241523,0.40400729576746625,0.8424131830531189
MOSEI,full_ensemble,gaussian,text,0.5,3634,3,0.8376444689047882,0.8238987057538525,0.36518670121828706,0.2304101304322189,0.009054593860807734,0.0,0.0,0.0,0.0,0.0,0.22186939915021256,0.13524190584818518,0.40669182936350506,0.8341683658614878
MOSEI,full_ensemble,gaussian,text,1.0,3634,3,0.8188405797101449,0.8031061256122183,0.3987026611963908,0.2551267510884381,0.023088716920461768,0.0,0.0,0.0,0.0,0.0,0.24319443603356675,0.13218782345453897,0.41570498545964557,0.8207909442171423
MOSEI,full_ensemble,gaussian,text,2.0,3634,3,0.7664648688314071,0.7453029972138914,0.49811335404713947,0.32544491317340146,0.06358434090678172,0.0,0.0,0.0,0.0,0.0,0.28491727511088055,0.12546291947364802,0.43576423327128094,0.7825355586987751
MOSEI,full_ensemble,gaussian,vision,0.25,3634,3,0.8451660245826453,0.8320554908606828,0.3525579273700714,0.22090017599657683,0.006312366746539567,0.0,0.0,0.0,0.0,0.0,0.21463201940059654,0.13646895686785376,0.40321378906567884,0.8444672035645912
MOSEI,full_ensemble,gaussian,vision,0.5,3634,3,0.8452577508713998,0.8322392944466418,0.3525456587473551,0.22084071908551148,0.0065287084858081336,0.0,0.0,0.0,0.0,0.0,0.2158297499020894,0.13640326758225757,0.4036536713441213,0.8466216590718255
MOSEI,full_ensemble,gaussian,vision,1.0,3634,3,0.845074298293891,0.832170412022412,0.3526961902777354,0.220830329340214,0.007686331603006966,0.0,0.0,0.0,0.0,0.0,0.2215570112069448,0.13607001801331836,0.40506885449091595,0.8475944009740574
MOSEI,full_ensemble,gaussian,vision,2.0,3634,3,0.8453494771601541,0.8326074343974958,0.3535710473855336,0.22122437286786178,0.009818044168711567,0.0,0.0,0.0,0.0,0.0,0.2391379177570343,0.13496396442254385,0.4098216990629832,0.8490151830938474
MOSEI,full_ensemble,mask,audio,0.25,3634,3,0.8448908457163823,0.8316907727054355,0.3530186017354329,0.22128232253987434,0.007861457763735499,0.0,0.0,0.0,0.0,0.0,0.21205571790536246,0.1363387107849121,0.4021381139755249,0.8469651147286953
MOSEI,full_ensemble,mask,audio,0.5,3634,3,0.8438818565400844,0.8305682841929586,0.35353880127271015,0.2216315624877574,0.009118028844830867,0.0,0.0,0.0,0.0,0.0,0.20979606111844382,0.13617530961831406,0.4014721711476643,0.839913023445895
MOSEI,full_ensemble,mask,audio,0.75,3634,3,0.8436066776738214,0.8302792455332452,0.3537797232468923,0.22178740802331343,0.008610916474481766,0.0,0.0,0.0,0.0,0.0,0.20742285748322797,0.1359970817963282,0.4010830720265706,0.8392840205436817
MOSEI,full_ensemble,mask,text,0.25,3634,3,0.8352595853971748,0.8198698545507546,0.369593213001887,0.23301462819821891,0.011779197064742399,0.0,0.0,0.0,0.0,0.0,0.19441992044448847,0.1309804370005925,0.41357747713724774,0.8374322332307269
MOSEI,full_ensemble,mask,text,0.5,3634,3,0.8143459915611815,0.793325609800006,0.4032019277413686,0.25698451343585454,0.026205773720761372,0.0,0.0,0.0,0.0,0.0,0.1979455898205439,0.12225848684708274,0.42834452788035077,0.8126512897035935
MOSEI,full_ensemble,mask,text,0.75,3634,3,0.7733443404879838,0.7324700971950974,0.4734863340854645,0.3094277578594291,0.03258922591687903,0.0,0.0,0.0,0.0,0.0,0.25023279587427766,0.1125769739349683,0.4358099400997162,0.7609986265704843
MOSEI,full_ensemble,mask,vision,0.25,3634,3,0.8457163823151715,0.8327452928869409,0.3528037965297699,0.22104018793025768,0.008175635574017433,0.0,0.0,0.0,0.0,0.0,0.20827582975228623,0.13650138676166534,0.4011940062046051,0.8455420102956989
MOSEI,full_ensemble,mask,vision,0.5,3634,3,0.8449825720051367,0.8319314071135531,0.3532393475373586,0.2212905046289627,0.009512046311365634,0.0,0.0,0.0,0.0,0.0,0.20219241579373673,0.1364623755216598,0.399635632832845,0.8463315667768939
MOSEI,full_ensemble,mask,vision,0.75,3634,3,0.8449825720051367,0.8320241292176228,0.3539315660794576,0.22165594582623085,0.0112470610877435,0.0,0.0,0.0,0.0,0.0,0.19791010022163386,0.13638588786125178,0.3982408940792084,0.8450885877110028
MOSEI,posterior_ensemble,clean,none,0.0,3634,1,0.8403962575674189,0.8251214687765507,0.3532328009605407,0.2213806570937467,0.0146177907730106,-0.0046780407264721,-0.0005888044834136,0.0162355531095211,0.0115575123830489,0.0294224824756383,0.2139619588851928,0.1365029960870742,0.4030558168888092,0.8469257929772163
MOSEI,posterior_ensemble,gaussian,audio,0.25,3634,3,0.8417721518987342,0.8266182236702502,0.3532237609227498,0.22138187786512153,0.013286079672187198,-0.0033021463951568,-0.0006002088387807,0.016235553109521166,0.0129334067143643,0.029471576213836597,0.21523156265417734,0.13647513588269547,0.4030843178431193,0.8463258657527356
MOSEI,posterior_ensemble,gaussian,audio,0.5,3634,3,0.8423225096312603,0.8272011933291542,0.3533258338769277,0.22147143915744522,0.012698988032284099,-0.0023848835076132335,-0.0006694197654723667,0.015685195376994965,0.013300311869381699,0.029699061686793902,0.21726801991462702,0.1364121486743291,0.40326525767644245,0.8463161957189348
MOSEI,posterior_ensemble,gaussian,audio,1.0,3634,3,0.842230783342506,0.8271726266841778,0.3538210292657216,0.22185775533755933,0.012728497377777698,-0.0026600623738763335,-0.0009759962558745667,0.0163272793982755,0.013667217024399133,0.030716245373090065,0.22487045327822364,0.13615557054678598,0.4040051996707916,0.8455898211030708
MOSEI,posterior_ensemble,gaussian,audio,2.0,3634,3,0.8418638781874885,0.8264601029100864,0.3558238347371419,0.22335132058582668,0.011489583437343466,-0.0033938726839111335,-0.0021277169386545,0.0177949000183452,0.014401027334434,0.0344800179203351,0.24617214997609457,0.13506275415420527,0.40739216407140094,0.8446364983918477
MOSEI,posterior_ensemble,gaussian,text,0.25,3634,3,0.8398458998348927,0.8246235007925061,0.3565461536248525,0.22385349576459396,0.015601563729226832,-0.001559346908824067,-0.0005108813444773001,0.014676206200697034,0.013116859291873,0.029856536537408766,0.2164330234130223,0.13620286683241523,0.40400729576746625,0.8424131830531189
MOSEI,posterior_ensemble,gaussian,text,0.5,3634,3,0.8369106585947532,0.8213036176154356,0.3652736047903697,0.23022462638695265,0.01823293271578243,-0.0007338103100349,-8.690357208253334e-05,0.014584479911942701,0.013850669601907869,0.031170480574170698,0.22186939915021256,0.13524190584818518,0.40669182936350506,0.8341683658614878
MOSEI,posterior_ensemble,gaussian,text,1.0,3634,3,0.8204916529077233,0.8026413753239736,0.3972828189531962,0.2531790267965159,0.0346431952783808,0.0016510731975783667,0.0014198422431944998,0.01596037424325807,0.017611447440836498,0.0360450260341167,0.24319443603356675,0.13218782345453897,0.41570498545964557,0.8207909442171423
MOSEI,posterior_ensemble,gaussian,text,2.0,3634,3,0.7740781507980187,0.7500610666509108,0.49826786915461224,0.32081145177408593,0.07800395627390064,0.007613281966611533,-0.0001545151074727333,0.0188956154833975,0.02650889745000913,0.05445574223995203,0.28491727511088055,0.12546291947364802,0.43576423327128094,0.7825355586987751
MOSEI,posterior_ensemble,gaussian,vision,0.25,3634,3,0.8414969730324711,0.8263687755954549,0.35323719183603924,0.2213211304444135,0.013415542803123801,-0.003669051550174234,-0.0006792644659677666,0.0163272793982755,0.012658227848101233,0.029531886180241867,0.21463201940059654,0.13646895686785376,0.40321378906567884,0.8444672035645912
MOSEI,posterior_ensemble,gaussian,vision,0.5,3634,3,0.8419556044762428,0.8269222113577246,0.35340861479441327,0.22136781546031503,0.012716536821739,-0.0033021463951568,-0.0008629560470580667,0.0165107319757842,0.013208585580627366,0.029824856668710667,0.2158297499020894,0.13640326758225757,0.4036536713441213,0.8466216590718255
MOSEI,posterior_ensemble,gaussian,vision,1.0,3634,3,0.8432397725188039,0.8285308621828418,0.3542729119459788,0.22182493246656546,0.011582402587264933,-0.0018345257750870998,-0.0015767216682433668,0.015776921665749368,0.013942395890662233,0.030972591290871234,0.2215570112069448,0.13607001801331836,0.40506885449091595,0.8475944009740574
MOSEI,posterior_ensemble,gaussian,vision,2.0,3634,3,0.8419556044762428,0.8275294390439313,0.3579487105210622,0.224170545109236,0.011388226925309768,-0.0033938726839112,-0.0043776631355285,0.01770317372959083,0.0143093010456796,0.03545805439352983,0.2391379177570343,0.13496396442254385,0.4098216990629832,0.8490151830938474
MOSEI,posterior_ensemble,mask,audio,0.25,3634,3,0.8397541735461383,0.8244696762739351,0.35330134630203247,0.22149834031639465,0.015117100117906767,-0.0051366721702439996,-0.00028274456659946665,0.015868647954503736,0.010731975784259702,0.02855093777179713,0.21205571790536246,0.1363387107849121,0.4021381139755249,0.8469651147286953
MOSEI,posterior_ensemble,mask,audio,0.5,3634,3,0.8405797101449275,0.8255280499333456,0.353674054145813,0.22168977333040601,0.014127890996114133,-0.0033021463951568007,-0.00013525287310276667,0.013667217024399167,0.010365070629242265,0.0279001891613006,0.20979606111844382,0.13617530961831406,0.4014721711476643,0.839913023445895
MOSEI,posterior_ensemble,mask,audio,0.75,3634,3,0.8392038158136121,0.8241162360923019,0.35365115602811176,0.22168999902905992,0.014925949421744168,-0.0044028618602091,0.00012856721878047394,0.014034122179416568,0.009631260319207467,0.027171958237886398,0.20742285748322797,0.1359970817963282,0.4010830720265706,0.8392840205436817
MOSEI,posterior_ensemble,mask,text,0.25,3634,3,0.8337002384883507,0.8148669968166639,0.3718004028002421,0.23507042810417064,0.010005109705108768,-0.0015593469088239999,-0.0022071897983550665,0.018528710328380067,0.016969363419556,0.032634331534306164,0.19441992044448847,0.1309804370005925,0.41357747713724774,0.8374322332307269
MOSEI,posterior_ensemble,mask,text,0.5,3634,3,0.8080168776371308,0.7784372911551096,0.41226019461949664,0.2648210825886507,0.0165395881796819,-0.006329113924050633,-0.009058266878128001,0.030361401577692137,0.0240322876536415,0.042319676528374296,0.1979455898205439,0.12225848684708274,0.42834452788035077,0.8126512897035935
MOSEI,posterior_ensemble,mask,text,0.75,3634,3,0.7494037791230966,0.6849794440887913,0.4946130911509196,0.32817762503612374,0.02953834464037837,-0.023940561364887102,-0.021126757065455068,0.04696385984223073,0.023023298477343534,0.05735440924763673,0.25023279587427766,0.1125769739349683,0.4358099400997162,0.7609986265704843
MOSEI,posterior_ensemble,mask,vision,0.25,3634,3,0.8410383415886993,0.8258555272220813,0.3526389201482137,0.22082967030899897,0.013345976604975267,-0.004678040726472133,0.00016487638155616662,0.016235553109521135,0.011557512383048934,0.02786247059702867,0.20827582975228623,0.13650138676166534,0.4011940062046051,0.8455420102956989
MOSEI,posterior_ensemble,mask,vision,0.5,3634,3,0.8429645936525408,0.8279971889322876,0.3526368240515391,0.22076724246970125,0.010912965791112965,-0.0020179783525958003,0.0006025234858194613,0.013392038158136034,0.011374059805540234,0.026758939027786203,0.20219241579373673,0.1364623755216598,0.399635632832845,0.8463315667768939
MOSEI,posterior_ensemble,mask,vision,0.75,3634,3,0.8436984039625757,0.828699461225348,0.35369570056597394,0.22144548461172756,0.009714844570840434,-0.0012841680425610335,0.00023586551348365645,0.0137589433131535,0.012474775270592533,0.026409717897574066,0.19791010022163386,0.13638588786125178,0.3982408940792084,0.8450885877110028
MOSEI,raw_mixer_ensemble,clean,none,0.0,3634,1,0.8420473307649973,0.8267447736444766,0.3523478507995605,0.2208745378186037,0.0119439606556343,-0.0030269675288937,0.0002961456775665,0.0154100165107319,0.0123830489818381,0.0197628214955329,0.2139619588851928,0.1365029960870742,0.4030558168888092,0.8469257929772163
MOSEI,raw_mixer_ensemble,gaussian,audio,0.25,3634,3,0.8431480462300496,0.8279726030252269,0.35232125719388324,0.22085035215519475,0.0099030080858096,-0.0019262520638414667,0.0003022948900858333,0.014951385066960168,0.013025133003118633,0.01980322785675523,0.21523156265417734,0.13647513588269547,0.4030843178431193,0.8463258657527356
MOSEI,raw_mixer_ensemble,gaussian,audio,0.5,3634,3,0.8426894147862778,0.8275005806260396,0.35236138105392456,0.22089450908496444,0.009712635836586334,-0.0020179783525958333,0.00029503305753066664,0.015134837644468865,0.013116859291873,0.019951563949386235,0.21726801991462702,0.1364121486743291,0.40326525767644245,0.8463161957189348
MOSEI,raw_mixer_ensemble,gaussian,audio,1.0,3634,3,0.842230783342506,0.8269252009477365,0.3526674012343089,0.22115027527528808,0.010943348392218135,-0.002660062373876367,0.00017763177553809344,0.0158686479545037,0.013208585580627366,0.020709498474995234,0.22487045327822364,0.13615557054678598,0.4040051996707916,0.8455898211030708
MOSEI,raw_mixer_ensemble,gaussian,audio,2.0,3634,3,0.8425976884975234,0.8270791821746002,0.3541549146175384,0.2223484633229771,0.010905056896613832,-0.002660062373876267,-0.0004587968190510667,0.01715281599706473,0.014492753623188333,0.023598143210013633,0.24617214997609457,0.13506275415420527,0.40739216407140094,0.8446364983918477
MOSEI,raw_mixer_ensemble,gaussian,text,0.25,3634,3,0.8404879838561732,0.8251501154230017,0.35537461439768475,0.2231604044661066,0.011524446851243566,-0.0009172628875435667,0.0006606578826903666,0.014492753623188366,0.0135754907356448,0.019992612302303297,0.2164330234130223,0.13620286683241523,0.40400729576746625,0.8424131830531189
MOSEI,raw_mixer_ensemble,gaussian,text,0.5,3634,3,0.8379196477710512,0.8222719055941929,0.3639906048774719,0.22950138840528625,0.013954553177019465,0.0002751788662630667,0.0011960963408152,0.0137589433131535,0.014034122179416566,0.0208556111901998,0.22186939915021256,0.13524190584818518,0.40669182936350506,0.8341683658614878
MOSEI,raw_mixer_ensemble,gaussian,text,1.0,3634,3,0.8215923683727756,0.8036596992638126,0.39528640111287433,0.2522094428962368,0.0277066033786643,0.0027517886626307,0.0034162600835163995,0.015043111355714536,0.01779490001834523,0.02386418171226973,0.24319443603356675,0.13218782345453897,0.41570498545964557,0.8207909442171423
MOSEI,raw_mixer_ensemble,gaussian,text,2.0,3634,3,0.7740781507980187,0.7497088848306395,0.49170807003974915,0.3187257918828402,0.06844992936477594,0.007613281966611633,0.006405284007390301,0.01834525775087133,0.025958539717482968,0.03541013722618417,0.28491727511088055,0.12546291947364802,0.43576423327128094,0.7825355586987751
MOSEI,raw_mixer_ensemble,gaussian,vision,0.25,3634,3,0.842505962208769,0.82719579384268,0.35226134459177655,0.2207772535180804,0.010752812090805267,-0.002660062373876267,0.00029658277829483335,0.016052100532012434,0.013392038158136034,0.0197809425493081,0.21463201940059654,0.13646895686785376,0.40321378906567884,0.8444672035645912
MOSEI,raw_mixer_ensemble,gaussian,vision,0.5,3634,3,0.8426894147862778,0.8274174960404568,0.3522797127564748,0.2207337342870678,0.009392756335211699,-0.002568336085122,0.00026594599088029553,0.016235553109521166,0.013667217024399133,0.019933585698405868,0.2158297499020894,0.13640326758225757,0.4036536713441213,0.8466216590718255
MOSEI,raw_mixer_ensemble,gaussian,vision,1.0,3634,3,0.8435149513850669,0.8287199737707132,0.3527710636456807,0.221017897429428,0.008691471714510667,-0.0015593469088240667,-7.487336794536328e-05,0.015318290221977567,0.0137589433131535,0.020689907794197333,0.2215570112069448,0.13607001801331836,0.40506885449091595,0.8475944009740574
MOSEI,raw_mixer_ensemble,gaussian,vision,2.0,3634,3,0.8434232250963126,0.8288523965213549,0.35548463463783253,0.22294668953368257,0.007840539146794867,-0.0019262520638415003,-0.0019135872522989003,0.01660245826453857,0.014676206200697098,0.024031120042006103,0.2391379177570343,0.13496396442254385,0.4098216990629832,0.8490151830938474
MOSEI,raw_mixer_ensemble,mask,audio,0.25,3634,3,0.8403962575674189,0.8248706792758387,0.3525235156218211,0.2210231040654335,0.014494050229236466,-0.0044945881489634664,0.0004950861136118333,0.015501742799486299,0.011007154650522767,0.0191863079865773,0.21205571790536246,0.1363387107849121,0.4021381139755249,0.8469651147286953
MOSEI,raw_mixer_ensemble,mask,audio,0.5,3634,3,0.840946615299945,0.8255574162523369,0.35289642214775085,0.22121377147455243,0.0151198000792865,-0.0029352412401394,0.0006423791249592667,0.013667217024399133,0.010731975784259733,0.018697030842304167,0.20979606111844382,0.13617530961831406,0.4014721711476643,0.839913023445895
MOSEI,raw_mixer_ensemble,mask,audio,0.75,3634,3,0.8401210787011557,0.8248303365626067,0.3529863754908243,0.2212549959617658,0.015977429864691233,-0.0034855989726654993,0.0007933477560678334,0.0135754907356448,0.010089891762979199,0.018298009410500467,0.20742285748322797,0.1359970817963282,0.4010830720265706,0.8392840205436817
MOSEI,raw_mixer_ensemble,mask,text,0.25,3634,3,0.8347092276646487,0.8156390745282778,0.37091141939163197,0.23427821161212853,0.012160862351618467,-0.0005503577325260999,-0.0013182063897449999,0.018253531462117,0.017703173729590835,0.02362706822653607,0.19441992044448847,0.1309804370005925,0.41357747713724774,0.8374322332307269
MOSEI,raw_mixer_ensemble,mask,text,0.5,3634,3,0.8071913410383416,0.777156378144473,0.4108130137125651,0.26367863355172066,0.0231144466797729,-0.0071546505228398,-0.007611085971196434,0.030728306732709532,0.023573656209869735,0.032763926933209064,0.1979455898205439,0.12225848684708274,0.42834452788035077,0.8126512897035935
MOSEI,raw_mixer_ensemble,mask,text,0.75,3634,3,0.7491286002568336,0.6837118910351431,0.4921054740746816,0.32607860073758477,0.035781914313940365,-0.024215740231150164,-0.01861913998921707,0.04733076499724817,0.023115024766097902,0.04628621538480117,0.25023279587427766,0.1125769739349683,0.4358099400997162,0.7609986265704843
MOSEI,raw_mixer_ensemble,mask,vision,0.25,3634,3,0.841221794166208,0.8257659209691725,0.35174882411956787,0.22031865664555364,0.010915848634107833,-0.0044945881489634664,0.0010549724102020001,0.0165107319757842,0.012016143826820699,0.018549009536703367,0.20827582975228623,0.13650138676166534,0.4011940062046051,0.8455420102956989
MOSEI,raw_mixer_ensemble,mask,vision,0.5,3634,3,0.8434232250963126,0.8282438254760274,0.35186431805292767,0.22036651826052603,0.0086990203130925,-0.0015593469088240335,0.0013750294844309,0.013300311869381699,0.011740964960557633,0.017700765281915633,0.20219241579373673,0.1364623755216598,0.399635632832845,0.8463315667768939
MOSEI,raw_mixer_ensemble,mask,vision,0.75,3634,3,0.8426894147862778,0.827273191173692,0.3526553412278493,0.22084934841267143,0.011121576585981266,-0.0022931572188589332,0.0012762248516082334,0.014217574756925267,0.011924417538066402,0.017455236365397732,0.19791010022163386,0.13638588786125178,0.3982408940792084,0.8450885877110028
MOSI,A7_equal_ensemble,clean,none,0.0,656,1,0.801829268292683,0.7963083272824549,0.4424280822277069,0.282088883296722,0.0475586705454966,-0.0060975609756097,0.0024068355560302,0.010670731707317,0.0045731707317073,0.0084656737744808,0.2200824469327926,0.21281957626342768,0.3198816776275635,0.8051929339212126
MOSI,A7_equal_ensemble,gaussian,audio,0.25,656,3,0.8023373983739838,0.7966546598325697,0.44246190786361694,0.2821298763545617,0.04900482045562287,-0.005081300813008067,0.0023556649684905334,0.010162601626016234,0.005081300813008067,0.008537381266554133,0.2210111270348231,0.21280293166637418,0.3201107482115428,0.7989849137755768
MOSI,A7_equal_ensemble,gaussian,audio,0.5,656,3,0.801829268292683,0.7960959840855402,0.4425666133562724,0.2822196333953863,0.048247715927720994,-0.005081300813008034,0.0023240447044372333,0.011686991869918634,0.0066056910569105,0.008715988757709599,0.22318358222643528,0.2127766112486521,0.32043098409970594,0.7976474797291037
MOSI,A7_equal_ensemble,gaussian,audio,1.0,656,3,0.801829268292683,0.7962386351562881,0.4434321920077006,0.28295127952828564,0.048252991393087266,-0.0060975609756097,0.0018834273020426,0.012703252032520268,0.006605691056910533,0.009512123341361632,0.2265254110097885,0.212690457701683,0.3212989270687103,0.7964804962942582
MOSI,A7_equal_ensemble,gaussian,audio,2.0,656,3,0.801829268292683,0.7964468281177274,0.4464852511882782,0.2854813345817044,0.05012396701831153,-0.004065040650406433,0.0003368457158406134,0.012195121951219466,0.008130081300812967,0.012274624158938667,0.23986747860908508,0.21231734752655024,0.3234940270582835,0.7850958454902087
MOSI,A7_equal_ensemble,gaussian,text,0.25,656,3,0.7916666666666666,0.7854865315231134,0.4453461766242981,0.2848525179251857,0.0508058092034444,-0.004065040650406466,0.002184847990671733,0.010670731707317034,0.0066056910569105,0.008632232745488435,0.22101263205210364,0.21283874412377676,0.3199305435021718,0.7972888245590727
MOSI,A7_equal_ensemble,gaussian,text,0.5,656,3,0.7870934959349594,0.7808865116125653,0.45167237520217896,0.2905973032271201,0.04323839535558123,0.0005081300813008,0.0018867254257201667,0.006097560975609734,0.006605691056910533,0.008836691888670067,0.2190888275702794,0.21301449835300446,0.3199260433514913,0.7921562057590832
MOSI,A7_equal_ensemble,gaussian,text,1.0,656,3,0.7713414634146342,0.766180372400456,0.4729050199190776,0.30919137776137845,0.03291869778337513,0.0055894308943089345,0.0012703835964202666,0.0060975609756097,0.011686991869918634,0.009254988593359733,0.21012067298094425,0.21353891988595322,0.31937407453854877,0.7830718087118942
MOSI,A7_equal_ensemble,gaussian,text,2.0,656,3,0.7276422764227642,0.7236988888961156,0.5396952629089355,0.3630916983580754,0.039789736180043764,-0.0005081300813008333,0.00046455860137936667,0.007113821138211333,0.0066056910569105,0.010621395272513167,0.19505690038204188,0.21425249675909672,0.3191548486550649,0.7407290912860601
MOSI,A7_equal_ensemble,gaussian,vision,0.25,656,3,0.8013211382113821,0.7956075476548491,0.4426449735959371,0.282310147041206,0.04741605295519514,-0.0060975609756097,0.0023438533147175666,0.011686991869918667,0.0055894308943089,0.008480460072557101,0.21977663536866507,0.21271730959415433,0.3198676109313965,0.8110746407020861
MOSI,A7_equal_ensemble,gaussian,vision,0.5,656,3,0.8013211382113821,0.7953187887017714,0.4428988794485728,0.2825561964325833,0.049753936083336135,-0.0040650406504063995,0.002276500066121367,0.011178861788617833,0.007113821138211333,0.008577112108468966,0.22141346832116446,0.21257882316907242,0.3200185894966125,0.8061872997334966
MOSI,A7_equal_ensemble,gaussian,vision,1.0,656,3,0.8013211382113821,0.7953165571166956,0.44353219866752625,0.28314566586337875,0.047921806028703336,-0.0015243902439024003,0.002290884653727133,0.0101626016260162,0.008638211382113768,0.008853460972507733,0.22395827372868854,0.21211484571297956,0.3207505941390991,0.8055103296533628
MOSI,A7_equal_ensemble,gaussian,vision,2.0,656,3,0.8008130081300813,0.7943068874461482,0.4466888904571533,0.28585732664626307,0.052299571049407176,-0.0005081300813007999,0.0023622612158456994,0.005589430894308901,0.005081300813008067,0.009994677578409498,0.23080533742904663,0.2107934405406316,0.32350248098373413,0.790037270544651
MOSI,A7_equal_ensemble,mask,audio,0.25,656,3,0.8013211382113821,0.7957485831060601,0.4435411294301351,0.2829845846966549,0.0521736007819815,-0.0050813008130081005,0.0020607312520344334,0.009146341463414566,0.004065040650406467,0.0082807928944627,0.2172560046116511,0.21283929049968717,0.3186343808968861,0.8036826508886711
MOSI,A7_equal_ensemble,mask,audio,0.5,656,3,0.8013211382113821,0.7956102856976238,0.4443410336971283,0.28372774993074423,0.051092537922587763,-0.0045731707317073,0.001619517803192067,0.008638211382113735,0.004065040650406467,0.008171054845054902,0.21354022125403085,0.21291064222653702,0.31765031814575195,0.7868837576746781
MOSI,A7_equal_ensemble,mask,audio,0.75,656,3,0.8003048780487805,0.7942725742517317,0.4450574318567912,0.2843836233276729,0.04801965135384377,-0.005081300813008034,0.0013915598392486334,0.0076219512195121325,0.002540650406504,0.007907300411413068,0.21125881373882294,0.21293266614278156,0.3166890541712443,0.7832244492835663
MOSI,A7_equal_ensemble,mask,text,0.25,656,3,0.790650406504065,0.7860772264189784,0.4679005940755208,0.3003848348966138,0.07597138856848078,0.0030487804878048664,0.003482133150100634,0.006097560975609734,0.009146341463414566,0.007975258554021467,0.23753703137238816,0.2105667988459269,0.3222803274790446,0.7779809859661299
MOSI,A7_equal_ensemble,mask,text,0.5,656,3,0.7713414634146342,0.7675501338789482,0.5124839544296265,0.335614799370425,0.0986000101983062,-0.0025406504065040667,0.004756708939870167,0.008130081300812967,0.005589430894308901,0.007610678362349633,0.26582815249760944,0.20755751927693683,0.3253448903560638,0.7498116688678959
MOSI,A7_equal_ensemble,mask,text,0.75,656,3,0.7245934959349594,0.7245071924167653,0.5853042006492615,0.3978711224281491,0.11184716342789366,-0.0010162601626016333,0.0057064096132913664,0.0111788617886178,0.010162601626016201,0.007787361120184199,0.29242000977198285,0.20474392175674433,0.3293636043866475,0.690578484635399
MOSI,A7_equal_ensemble,mask,vision,0.25,656,3,0.8008130081300813,0.7952623126246758,0.4431654512882232,0.28262031331573895,0.04781441345084,-0.0060975609756097,0.0025014678637186333,0.011178861788617834,0.0050813008130081005,0.007943277247250033,0.21687894066174826,0.21296231945355729,0.3185230990250905,0.8018961029886332
MOSI,A7_equal_ensemble,mask,vision,0.5,656,3,0.8028455284552846,0.7971400094544216,0.4434315860271454,0.2828695135157232,0.0481212942338571,-0.002540650406504,0.002409030993779467,0.008638211382113768,0.0060975609756097,0.007555143131564,0.21388492484887442,0.21315606435139972,0.3171546856562297,0.8015784894288507
MOSI,A7_equal_ensemble,mask,vision,0.75,656,3,0.8048780487804879,0.7988025766152478,0.4447057743867238,0.28388809690199146,0.05024884704773013,-0.0010162601626016335,0.0023456811904906667,0.0071138211382113,0.0060975609756097,0.0073204811972876,0.21206259230772653,0.21329221626122788,0.31615785757700604,0.7966257629378878
MOSI,A8_safe_fallback,clean,none,0.0,656,1,0.801829268292683,0.79543273843792,0.4423584615205211,0.2827252445190891,0.0430659355464369,-0.0060975609756097,0.002476456263216,0.015243902439024301,0.0091463414634146,0.0204086565185736,0.2200824469327926,0.21281957626342768,0.3198816776275635,0.8051929339212126
MOSI,A8_safe_fallback,gaussian,audio,0.25,656,3,0.8013211382113821,0.7950965798368016,0.44234097117690013,0.28271082675467274,0.04255013442397427,-0.0060975609756097,0.0024766016552073,0.015243902439024333,0.009146341463414566,0.020440552241168166,0.2210111270348231,0.21280293166637418,0.3201107482115428,0.7989849137755768
MOSI,A8_safe_fallback,gaussian,audio,0.5,656,3,0.8038617886178862,0.7979000739907091,0.4423420783345845,0.282707627510525,0.04586914067972177,-0.0030487804878048335,0.0025485797261250334,0.0132113821138211,0.010162601626016234,0.020462813609969367,0.22318358222643528,0.2127766112486521,0.32043098409970594,0.7976474797291037
MOSI,A8_safe_fallback,gaussian,audio,1.0,656,3,0.8028455284552846,0.7968540234635095,0.4427208641019865,0.2830099280754575,0.04672678602215506,-0.0050813008130081334,0.0025947552077566,0.015752032520325168,0.010670731707317001,0.020629397496407503,0.2265254110097885,0.212690457701683,0.3212989270687103,0.7964804962942582
MOSI,A8_safe_fallback,gaussian,audio,2.0,656,3,0.8033536585365854,0.7974766457194409,0.4440988161230065,0.28408673722297495,0.04814361200911447,-0.0025406504065039665,0.0027232807811122667,0.013719512195121934,0.0111788617886178,0.02112980865995263,0.23986747860908508,0.21231734752655024,0.3234940270582835,0.7850958454902087
MOSI,A8_safe_fallback,gaussian,text,0.25,656,3,0.7967479674796748,0.7905616286272122,0.4449316517282166,0.2851139146799393,0.041532679808584105,0.0010162601626015999,0.0025993728867532333,0.012703252032520268,0.013719512195121868,0.02061307716327317,0.22101263205210364,0.21283874412377676,0.3199305435021718,0.7972888245590727
MOSI,A8_safe_fallback,gaussian,text,0.5,656,3,0.796239837398374,0.7904508357118781,0.4513847637277996,0.2908241653010683,0.04208161180506823,0.009654471544715432,0.002174336900099467,0.011178861788617834,0.0208333333333333,0.021279612590645532,0.2190888275702794,0.21301449835300446,0.3199260433514913,0.7921562057590832
MOSI,A8_safe_fallback,gaussian,text,1.0,656,3,0.7738821138211383,0.7691017374118878,0.4734237668883367,0.30966285978256014,0.02655242521886887,0.008130081300813,0.0007516366271611002,0.013719512195121901,0.0218495934959349,0.023590316229240033,0.21012067298094425,0.21353891988595322,0.31937407453854877,0.7830718087118942
MOSI,A8_safe_fallback,gaussian,text,2.0,656,3,0.7352642276422764,0.7317903996696284,0.5442587108879272,0.36573062479178947,0.04180938076839069,0.007113821138211333,-0.0040988893776122,0.016260162601625966,0.023373983739837335,0.03191802004808544,0.19505690038204188,0.21425249675909672,0.3191548486550649,0.7407290912860601
MOSI,A8_safe_fallback,gaussian,vision,0.25,656,3,0.801829268292683,0.7956567479920098,0.4425336146295338,0.28290294784263414,0.0431677503168601,-0.005589430894308866,0.0024552122811208332,0.016260162601625966,0.010670731707317034,0.020490714793222634,0.21977663536866507,0.21271730959415433,0.3198676109313965,0.8110746407020861
MOSI,A8_safe_fallback,gaussian,vision,0.5,656,3,0.8013211382113821,0.7950937900828413,0.44272500325120806,0.2830900907572596,0.04322106136301213,-0.0040650406504064,0.002450376263486067,0.0167682926829268,0.0127032520325203,0.020656543432384267,0.22141346832116446,0.21257882316907242,0.3200185894966125,0.8061872997334966
MOSI,A8_safe_fallback,gaussian,vision,1.0,656,3,0.7992886178861789,0.7928471107099824,0.4431334921758387,0.28348015689700184,0.04123986860234777,-0.0035569105691056,0.0026895911454147005,0.018292682926829232,0.014735772357723534,0.021046505544874566,0.22395827372868854,0.21211484571297956,0.3207505941390991,0.8055103296533628
MOSI,A8_safe_fallback,gaussian,vision,2.0,656,3,0.7987804878048781,0.7917901542467591,0.44529288490334845,0.2853078773073341,0.04295134702388497,-0.0025406504065040667,0.0037582667696505335,0.018800813008130034,0.016260162601625966,0.021907018670832133,0.23080533742904663,0.2107934405406316,0.32350248098373413,0.790037270544651
MOSI,A8_safe_fallback,mask,audio,0.25,656,3,0.8003048780487805,0.793896826147177,0.4431408716371044,0.28332693612589716,0.0423332449113294,-0.006097560975609734,0.002460989045065033,0.016768292682926768,0.010670731707317034,0.020515752662372367,0.2172560046116511,0.21283929049968717,0.3186343808968861,0.8036826508886711
MOSI,A8_safe_fallback,mask,audio,0.5,656,3,0.7987804878048781,0.7920511295709934,0.44360022007885724,0.2837506588187873,0.0412026102045406,-0.007113821138211333,0.0023603314214631333,0.0182926829268292,0.011178861788617833,0.020593872365555634,0.21354022125403085,0.21291064222653702,0.31765031814575195,0.7868837576746781
MOSI,A8_safe_fallback,mask,audio,0.75,656,3,0.7992886178861789,0.7922194557708577,0.4440874960391323,0.28418758580734216,0.0404075353297554,-0.0060975609756097,0.0023614956569074667,0.018292682926829232,0.012195121951219466,0.020619254823651068,0.21125881373882294,0.21293266614278156,0.3166890541712443,0.7832244492835663
MOSI,A8_safe_fallback,mask,text,0.25,656,3,0.7921747967479674,0.7862017301746757,0.46571225916447484,0.29887685225609095,0.07068257801640511,0.004573170731707333,0.005670468061146534,0.014227642276422734,0.018800813008130034,0.019321617679825133,0.23753703137238816,0.2105667988459269,0.3222803274790446,0.7779809859661299
MOSI,A8_safe_fallback,mask,text,0.5,656,3,0.7748983739837398,0.7686595992587159,0.5066646545939476,0.33043533600628877,0.09555936363143427,0.0010162601626015667,0.010576008775548967,0.020833333333333297,0.021849593495934932,0.0189525041020554,0.26582815249760944,0.20755751927693683,0.3253448903560638,0.7498116688678959
MOSI,A8_safe_fallback,mask,text,0.75,656,3,0.7342479674796748,0.7306268738315348,0.5734068476599189,0.38611754759659894,0.12063547442562567,0.008638211382113833,0.01760376260263397,0.04725609756097554,0.0558943089430894,0.020968625911908133,0.29242000977198285,0.20474392175674433,0.3293636043866475,0.690578484635399
MOSI,A8_safe_fallback,mask,vision,0.25,656,3,0.8013211382113821,0.7947929876008224,0.44309888556570287,0.28326289562379176,0.04569982945494887,-0.0055894308943089,0.0025680335862390004,0.014735772357723534,0.009146341463414566,0.0203327062449288,0.21687894066174826,0.21296231945355729,0.3185230990250905,0.8018961029886332
MOSI,A8_safe_fallback,mask,vision,0.5,656,3,0.8028455284552846,0.7963266741962338,0.44338778970344644,0.2835517168172947,0.0470718091883794,-0.0025406504065040333,0.0024528273174783998,0.013211382113821066,0.010670731707317001,0.020335848204210902,0.21388492484887442,0.21315606435139972,0.3171546856562297,0.8015784894288507
MOSI,A8_safe_fallback,mask,vision,0.75,656,3,0.8033536585365854,0.7970442389105026,0.4445075171806511,0.2844209027435268,0.04628951398278353,-0.0025406504065041,0.0025439383965633337,0.016260162601625966,0.013719512195121901,0.020208400710804965,0.21206259230772653,0.21329221626122788,0.31615785757700604,0.7966257629378878
MOSI,confidence_shrink_ensemble,clean,none,0.0,656,1,0.801829268292683,0.7963083272824549,0.4457978529616259,0.2842923482006983,0.055327812239255106,-0.0060975609756097,-0.0009629351778887,0.0121951219512195,0.0060975609756097,0.0113543108829731,0.2200824469327926,0.21281957626342768,0.3198816776275635,0.8051929339212126
MOSI,confidence_shrink_ensemble,gaussian,audio,0.25,656,3,0.8003048780487805,0.7946339323634355,0.4458467368881365,0.2843498858507721,0.052822463830641,-0.007113821138211333,-0.0010291640560289332,0.0127032520325203,0.005589430894308868,0.0113778770831522,0.2210111270348231,0.21280293166637418,0.3201107482115428,0.7989849137755768
MOSI,confidence_shrink_ensemble,gaussian,audio,0.5,656,3,0.7997967479674797,0.7942188186570764,0.4459018291642601,0.2843964826411558,0.05146025641622237,-0.007113821138211333,-0.0010111711035504334,0.015243902439024333,0.008130081300812967,0.0115429625203427,0.22318358222643528,0.2127766112486521,0.32043098409970594,0.7976474797291037
MOSI,confidence_shrink_ensemble,gaussian,audio,1.0,656,3,0.7987804878048781,0.79331408230367,0.4469261827697669,0.2852705791784193,0.052734219943616975,-0.009146341463414634,-0.0016105634600237,0.018292682926829232,0.009146341463414568,0.012508468744907433,0.2265254110097885,0.212690457701683,0.3212989270687103,0.7964804962942582
MOSI,confidence_shrink_ensemble,gaussian,audio,2.0,656,3,0.7987804878048781,0.7934495863834269,0.45024648280510793,0.28802439970849975,0.0547943419697672,-0.007113821138211333,-0.0034243859009891004,0.0167682926829268,0.0096544715447154,0.0158126134236922,0.23986747860908508,0.21231734752655024,0.3234940270582835,0.7850958454902087
MOSI,confidence_shrink_ensemble,gaussian,text,0.25,656,3,0.7916666666666666,0.7855624310246462,0.4486259756270501,0.28698948114200834,0.05554666528742183,-0.004065040650406466,-0.0010949510120802,0.012195121951219468,0.008130081300812933,0.0114471736486676,0.22101263205210364,0.21283874412377676,0.3199305435021718,0.7972888245590727
MOSI,confidence_shrink_ensemble,gaussian,text,0.5,656,3,0.7845528455284553,0.7784627003204483,0.45474075792234336,0.2925630543198796,0.045862951045131835,-0.002032520325203233,-0.0011816572944441332,0.0096544715447154,0.007621951219512133,0.0116522486514102,0.2190888275702794,0.21301449835300446,0.3199260433514913,0.7921562057590832
MOSI,confidence_shrink_ensemble,gaussian,text,1.0,656,3,0.7733739837398373,0.7683311994184617,0.47511300204929835,0.3104778167943389,0.031096401558514265,0.007621951219512166,-0.0009375985338005466,0.008130081300812933,0.015752032520325168,0.012176178419139833,0.21012067298094425,0.21353891988595322,0.31937407453854877,0.7830718087118942
MOSI,confidence_shrink_ensemble,gaussian,text,2.0,656,3,0.728150406504065,0.7244264668892769,0.5389596855012967,0.36254320923506334,0.03320735582242577,3.317129768697114e-17,0.0012001360090181667,0.0101626016260162,0.010162601626016201,0.013541360243171534,0.19505690038204188,0.21425249675909672,0.3191548486550649,0.7407290912860601
MOSI,confidence_shrink_ensemble,gaussian,vision,0.25,656,3,0.8028455284552846,0.7970703306400624,0.4460732509983649,0.28455524360543777,0.055027611129934866,-0.0045731707317073,-0.0010844240877101998,0.013211382113821066,0.008638211382113735,0.011372610488488467,0.21977663536866507,0.21271730959415433,0.3198676109313965,0.8110746407020861
MOSI,confidence_shrink_ensemble,gaussian,vision,0.5,656,3,0.8008130081300813,0.7950505098696824,0.44629183223943675,0.2847786218968007,0.05262974656852174,-0.0045731707317072665,-0.0011164527247424334,0.013719512195121901,0.009146341463414568,0.011407918483520501,0.22141346832116446,0.21257882316907242,0.3200185894966125,0.8061872997334966
MOSI,confidence_shrink_ensemble,gaussian,vision,1.0,656,3,0.801829268292683,0.7957292586921606,0.44693077328961506,0.28534454270599835,0.054048949612236566,-0.0010162601626016,-0.0011076899683615333,0.011178861788617833,0.010162601626016201,0.011548093758196102,0.22395827372868854,0.21211484571297956,0.3207505941390991,0.8055103296533628
MOSI,confidence_shrink_ensemble,gaussian,vision,2.0,656,3,0.8033536585365854,0.797042511531905,0.4499986725101278,0.2879970608370714,0.05956538828096564,0.002032520325203233,-0.0009475208371288002,0.0071138211382113,0.0091463414634146,0.012347426839960667,0.23080533742904663,0.2107934405406316,0.32350248098373413,0.790037270544651
MOSI,confidence_shrink_ensemble,mask,audio,0.25,656,3,0.8003048780487805,0.7947765855957593,0.4467484846606513,0.28506721796088513,0.05644262539801306,-0.0060975609756097,-0.0011466239784817,0.011686991869918667,0.0055894308943089,0.0109794012205233,0.2172560046116511,0.21283929049968717,0.3186343808968861,0.8036826508886711
MOSI,confidence_shrink_ensemble,mask,audio,0.5,656,3,0.8008130081300813,0.7952650053112181,0.4474214201550056,0.28571880543772565,0.056345773612970766,-0.005081300813008067,-0.0014608686546851,0.010162601626016234,0.005081300813008067,0.010772859810249466,0.21354022125403085,0.21291064222653702,0.31765031814575195,0.7868837576746781
MOSI,confidence_shrink_ensemble,mask,audio,0.75,656,3,0.7997967479674797,0.7940053955005547,0.44824377497144763,0.2864569799526633,0.05716814785513137,-0.005589430894308866,-0.0017947832754078334,0.011178861788617833,0.005589430894308901,0.010468459909872966,0.21125881373882294,0.21293266614278156,0.3166890541712443,0.7832244492835663
MOSI,confidence_shrink_ensemble,mask,text,0.25,656,3,0.7891260162601627,0.784806942162057,0.4711047712824578,0.30271979493135404,0.07644048842670602,0.0015243902439024334,0.00027795594316366666,0.0101626016260162,0.011686991869918667,0.010505466225368867,0.23753703137238816,0.2105667988459269,0.3222803274790446,0.7779809859661299
MOSI,confidence_shrink_ensemble,mask,text,0.5,656,3,0.7728658536585366,0.7691936277700409,0.5150042992346123,0.33760493554667653,0.10326012746243857,-0.0010162601626015999,0.0022363641348842997,0.010162601626016201,0.0091463414634146,0.009695834785115133,0.26582815249760944,0.20755751927693683,0.3253448903560638,0.7498116688678959
MOSI,confidence_shrink_ensemble,mask,text,0.75,656,3,0.7215447154471545,0.7214481854746861,0.5866459026418832,0.3990228825125805,0.11006237475166009,-0.004065040650406433,0.0043647076206696665,0.015243902439024367,0.011178861788617834,0.009312609263828632,0.29242000977198285,0.20474392175674433,0.3293636043866475,0.690578484635399
MOSI,confidence_shrink_ensemble,mask,vision,0.25,656,3,0.8023373983739838,0.7966539384284396,0.4465759348707283,0.28487495793039325,0.05452560742399379,-0.0045731707317072665,-0.0009090157187863,0.0127032520325203,0.008130081300812934,0.010789380391079767,0.21687894066174826,0.21296231945355729,0.3185230990250905,0.8018961029886332
MOSI,confidence_shrink_ensemble,mask,vision,0.5,656,3,0.8033536585365854,0.7975547637041817,0.44679743940629635,0.2851137312087249,0.05420472368566424,-0.002032520325203167,-0.0009568223853714334,0.0101626016260162,0.008130081300812934,0.010324545034066934,0.21388492484887442,0.21315606435139972,0.3171546856562297,0.8015784894288507
MOSI,confidence_shrink_ensemble,mask,vision,0.75,656,3,0.8053861788617886,0.7993634716186186,0.4479434014837423,0.28604504411594334,0.056195933207987124,-0.0005081300813008002,-0.0008919459065276667,0.0091463414634146,0.008638211382113768,0.010028904341531567,0.21206259230772653,0.21329221626122788,0.31615785757700604,0.7966257629378878
MOSI,entropy_shrink_ensemble,clean,none,0.0,656,1,0.8079268292682927,0.8021599264705883,0.4443405568599701,0.2832577646236083,0.05851951186976781,0.0,0.000494360923767,0.0,0.0,0.0028826517518609,0.2200824469327926,0.21281957626342768,0.3198816776275635,0.8051929339212126
MOSI,entropy_shrink_ensemble,gaussian,audio,0.25,656,3,0.8074186991869918,0.8015296547220765,0.44429002205530804,0.28321639254603515,0.0580455095363341,-3.3340539001700584e-17,0.0005275507767995,0.0005081300813008,0.0005081300813008,0.0028656204231082665,0.2210111270348231,0.21280293166637418,0.3201107482115428,0.7989849137755768
MOSI,entropy_shrink_ensemble,gaussian,audio,0.5,656,3,0.806910569105691,0.8009700971451855,0.4443424344062805,0.2832466377683592,0.05819236971740794,0.0,0.0005482236544290666,0.0,0.0,0.0028843236311028,0.22318358222643528,0.2127766112486521,0.32043098409970594,0.7976474797291037
MOSI,entropy_shrink_ensemble,gaussian,audio,1.0,656,3,0.8058943089430894,0.7999941837809215,0.44480072458585096,0.28358499141889876,0.058169886318406396,-0.0020325203252032,0.0005148947238921334,0.0020325203252032,0.0,0.00305228595001,0.2265254110097885,0.212690457701683,0.3212989270687103,0.7964804962942582
MOSI,entropy_shrink_ensemble,gaussian,audio,2.0,656,3,0.8038617886178862,0.7983285588710761,0.446527898311615,0.2848803604541329,0.05673974806942587,-0.0020325203252032,0.0002941985925038,0.003048780487804834,0.0010162601626016,0.003704840084537833,0.23986747860908508,0.21231734752655024,0.3234940270582835,0.7850958454902087
MOSI,entropy_shrink_ensemble,gaussian,text,0.25,656,3,0.7952235772357723,0.7891120219729962,0.4471168915430704,0.28593097107691007,0.051694126814846066,-0.0005081300813008333,0.0004141330718993667,0.0015243902439024003,0.0010162601626016,0.0029490486097831997,0.22101263205210364,0.21283874412377676,0.3199305435021718,0.7972888245590727
MOSI,entropy_shrink_ensemble,gaussian,text,0.5,656,3,0.7876016260162602,0.7813774456797659,0.45327019691467285,0.2915679377192564,0.04737958605817656,0.0010162601626015667,0.0002889037132262667,0.0010162601626016,0.0020325203252032,0.0030460083701957666,0.2190888275702794,0.21301449835300446,0.3199260433514913,0.7921562057590832
MOSI,entropy_shrink_ensemble,gaussian,text,1.0,656,3,0.7667682926829268,0.7611650786910222,0.47410980860392254,0.30991378181460455,0.0418793665078597,0.0010162601626016,6.559491157531595e-05,0.0005081300813008,0.0015243902439024003,0.0033217473731686335,0.21012067298094425,0.21353891988595322,0.31937407453854877,0.7830718087118942
MOSI,entropy_shrink_ensemble,gaussian,text,2.0,656,3,0.7286585365853658,0.7245407481296905,0.5397016207377116,0.3632946172242254,0.03786941339087674,0.0005081300813008,0.00045820077260330005,0.0010162601626016,0.0015243902439024003,0.003912142865980633,0.19505690038204188,0.21425249675909672,0.3191548486550649,0.7407290912860601
MOSI,entropy_shrink_ensemble,gaussian,vision,0.25,656,3,0.806910569105691,0.8009700971451855,0.4444938898086548,0.2834120025720036,0.057738673699095897,-0.0005081300813008,0.0004949371019998668,0.0005081300813008,0.0,0.002878781252851067,0.21977663536866507,0.21271730959415433,0.3198676109313965,0.8110746407020861
MOSI,entropy_shrink_ensemble,gaussian,vision,0.5,656,3,0.8058943089430894,0.7997754810479981,0.44467832644780475,0.2835922540328948,0.058664475332915196,0.0005081300813008,0.0004970530668894,0.0,0.0005081300813008,0.0028948863036929997,0.22141346832116446,0.21257882316907242,0.3200185894966125,0.8061872997334966
MOSI,entropy_shrink_ensemble,gaussian,vision,1.0,656,3,0.8023373983739838,0.7959196445157126,0.4453197419643402,0.2841529000340933,0.0556716860188701,-0.0005081300813008,0.0005033413569132,0.0010162601626016,0.0005081300813008,0.0029571395522604,0.22395827372868854,0.21211484571297956,0.3207505941390991,0.8055103296533628
MOSI,entropy_shrink_ensemble,gaussian,vision,2.0,656,3,0.8008130081300813,0.7943079959468886,0.4484331011772156,0.2867629277477271,0.056266842243390305,-0.0005081300813008,0.0006180504957834334,0.0010162601626016,0.0005081300813008,0.0031955499822894,0.23080533742904663,0.2107934405406316,0.32350248098373413,0.790037270544651
MOSI,entropy_shrink_ensemble,mask,audio,0.25,656,3,0.8058943089430894,0.8000649438292199,0.4452020724614461,0.28393899025453256,0.056483758446889125,-0.0005081300813007667,0.0003997882207234,0.0005081300813008,0.0,0.0028193420730530665,0.2172560046116511,0.21283929049968717,0.3186343808968861,0.8036826508886711
MOSI,entropy_shrink_ensemble,mask,audio,0.5,656,3,0.8053861788617886,0.7994346205740425,0.4456665714581807,0.2843893474068799,0.058338500044452395,-0.0005081300813007667,0.0002939800421396333,0.0005081300813008,0.0,0.002802467284103167,0.21354022125403085,0.21291064222653702,0.31765031814575195,0.7868837576746781
MOSI,entropy_shrink_ensemble,mask,audio,0.75,656,3,0.8048780487804879,0.7988021471315935,0.4461956222852071,0.28485192040262747,0.057405498787397265,-0.0005081300813007667,0.0002533694108326667,0.0005081300813008,0.0,0.002731493208557333,0.21125881373882294,0.21293266614278156,0.3166890541712443,0.7832244492835663
MOSI,entropy_shrink_ensemble,mask,text,0.25,656,3,0.7876016260162602,0.7829023482659189,0.4704536298910777,0.30219016591817244,0.0822923386666348,0.0,0.0009290973345437999,0.0010162601626016,0.0010162601626016,0.0022824573485801,0.23753703137238816,0.2105667988459269,0.3222803274790446,0.7779809859661299
MOSI,entropy_shrink_ensemble,mask,text,0.5,656,3,0.7733739837398373,0.7696177492480426,0.515938937664032,0.3383949153096683,0.1064207080781944,-0.0005081300813008666,0.0013017257054646332,0.0015243902439024334,0.0010162601626016,0.0017218042242650665,0.26582815249760944,0.20755751927693683,0.3253448903560638,0.7498116688678959
MOSI,entropy_shrink_ensemble,mask,text,0.75,656,3,0.725609756097561,0.7255497981875928,0.5896182060241699,0.40169786520454087,0.11983411017108736,0.0,0.0013924042383829333,0.0010162601626016,0.0010162601626016,0.0014318164903669999,0.29242000977198285,0.20474392175674433,0.3293636043866475,0.690578484635399
MOSI,entropy_shrink_ensemble,mask,vision,0.25,656,3,0.8074186991869918,0.8016676394434843,0.44521788756052655,0.28393366126012626,0.06102950840703837,0.0005081300813007667,0.00044903159141536657,0.0,0.0005081300813008,0.0027829642252375337,0.21687894066174826,0.21296231945355729,0.3185230990250905,0.8018961029886332
MOSI,entropy_shrink_ensemble,mask,vision,0.5,656,3,0.8058943089430894,0.7999923445844552,0.44541903336842853,0.28413994107450274,0.058077163146278636,0.0005081300813007667,0.0004215836524962667,0.0005081300813008,0.0010162601626016,0.0026691395323722666,0.21388492484887442,0.21315606435139972,0.3171546856562297,0.8015784894288507
MOSI,entropy_shrink_ensemble,mask,vision,0.75,656,3,0.8058943089430894,0.7997781522499672,0.4466632107893626,0.28515904623856214,0.0559017206655769,0.0,0.0003882447878519333,0.0,0.0,0.0026149463374167004,0.21206259230772653,0.21329221626122788,0.31615785757700604,0.7966257629378878
MOSI,full_ensemble,clean,none,0.0,656,1,0.8079268292682927,0.8021599264705883,0.4448349177837372,0.2837063496026143,0.059510790720218504,0.0,0.0,0.0,0.0,0.0,0.2200824469327926,0.21281957626342768,0.3198816776275635,0.8051929339212126
MOSI,full_ensemble,gaussian,audio,0.25,656,3,0.8074186991869918,0.8015293000328212,0.44481757283210743,0.2836879113520124,0.059395733039553526,0.0,0.0,0.0,0.0,0.0,0.2210111270348231,0.21280293166637418,0.3201107482115428,0.7989849137755768
MOSI,full_ensemble,gaussian,audio,0.5,656,3,0.806910569105691,0.8009700971451855,0.44489065806070965,0.28373860526965605,0.05904879957074066,0.0,0.0,0.0,0.0,0.0,0.22318358222643528,0.2127766112486521,0.32043098409970594,0.7976474797291037
MOSI,full_ensemble,gaussian,audio,1.0,656,3,0.8079268292682927,0.8019456558201944,0.4453156193097432,0.2840555642409341,0.0617570238627069,0.0,0.0,0.0,0.0,0.0,0.2265254110097885,0.212690457701683,0.3212989270687103,0.7964804962942582
MOSI,full_ensemble,gaussian,audio,2.0,656,3,0.8058943089430894,0.8002786695751835,0.44682209690411884,0.2851694407143371,0.06028918025454847,0.0,0.0,0.0,0.0,0.0,0.23986747860908508,0.21231734752655024,0.3234940270582835,0.7850958454902087
MOSI,full_ensemble,gaussian,text,0.25,656,3,0.7957317073170732,0.7895215598749284,0.4475310246149699,0.2863329206846356,0.05289501933062943,0.0,0.0,0.0,0.0,0.0,0.22101263205210364,0.21283874412377676,0.3199305435021718,0.7972888245590727
MOSI,full_ensemble,gaussian,text,0.5,656,3,0.7865853658536586,0.7801732556144243,0.45355910062789917,0.29189278876451835,0.0446441040291049,0.0,0.0,0.0,0.0,0.0,0.2190888275702794,0.21301449835300446,0.3199260433514913,0.7921562057590832
MOSI,full_ensemble,gaussian,text,1.0,656,3,0.7657520325203252,0.7601302895769617,0.47417540351549775,0.31011920099561785,0.04425321122616283,0.0,0.0,0.0,0.0,0.0,0.21012067298094425,0.21353891988595322,0.31937407453854877,0.7830718087118942
MOSI,full_ensemble,gaussian,text,2.0,656,3,0.728150406504065,0.723912182513906,0.5401598215103149,0.36377087825551635,0.037983099680121264,0.0,0.0,0.0,0.0,0.0,0.19505690038204188,0.21425249675909672,0.3191548486550649,0.7407290912860601
MOSI,full_ensemble,gaussian,vision,0.25,656,3,0.8074186991869918,0.8015293000328212,0.4449888269106547,0.2838555543628995,0.05996513324297533,0.0,0.0,0.0,0.0,0.0,0.21977663536866507,0.21271730959415433,0.3198676109313965,0.8110746407020861
MOSI,full_ensemble,gaussian,vision,0.5,656,3,0.8053861788617886,0.7992131098024825,0.4451753795146941,0.2840301136972742,0.05802863609136601,0.0,0.0,0.0,0.0,0.0,0.22141346832116446,0.21257882316907242,0.3200185894966125,0.8061872997334966
MOSI,full_ensemble,gaussian,vision,1.0,656,3,0.8028455284552846,0.7963278418407892,0.4458230833212535,0.28458544205208847,0.05872490111647577,0.0,0.0,0.0,0.0,0.0,0.22395827372868854,0.21211484571297956,0.3207505941390991,0.8055103296533628
MOSI,full_ensemble,gaussian,vision,2.0,656,3,0.8013211382113821,0.7947943170329019,0.4490511516729991,0.28725244611672784,0.05817650458434726,0.0,0.0,0.0,0.0,0.0,0.23080533742904663,0.2107934405406316,0.32350248098373413,0.790037270544651
MOSI,full_ensemble,mask,audio,0.25,656,3,0.8064024390243902,0.8005526699364465,0.4456018606821696,0.2843104906873425,0.057929238047057,0.0,0.0,0.0,0.0,0.0,0.2172560046116511,0.21283929049968717,0.3186343808968861,0.8036826508886711
MOSI,full_ensemble,mask,audio,0.5,656,3,0.8058943089430894,0.7999221905622237,0.44596055150032043,0.2846618122041119,0.058963120013959966,0.0,0.0,0.0,0.0,0.0,0.21354022125403085,0.21291064222653702,0.31765031814575195,0.7868837576746781
MOSI,full_ensemble,mask,audio,0.75,656,3,0.8053861788617886,0.7992895678608162,0.44644899169603985,0.2850841436157582,0.0588553292843384,0.0,0.0,0.0,0.0,0.0,0.21125881373882294,0.21293266614278156,0.3166890541712443,0.7832244492835663
MOSI,full_ensemble,mask,text,0.25,656,3,0.7876016260162602,0.7827710269661217,0.4713827272256215,0.3029684588091386,0.08427762682360357,0.0,0.0,0.0,0.0,0.0,0.23753703137238816,0.2105667988459269,0.3222803274790446,0.7779809859661299
MOSI,full_ensemble,mask,text,0.5,656,3,0.7738821138211383,0.7701649840916592,0.5172406633694967,0.33945287944581376,0.10880402620972654,0.0,0.0,0.0,0.0,0.0,0.26582815249760944,0.20755751927693683,0.3253448903560638,0.7498116688678959
MOSI,full_ensemble,mask,text,0.75,656,3,0.725609756097561,0.7255522637608214,0.5910106102625529,0.4028614721238159,0.12189941601903453,0.0,0.0,0.0,0.0,0.0,0.29242000977198285,0.20474392175674433,0.3293636043866475,0.690578484635399
MOSI,full_ensemble,mask,vision,0.25,656,3,0.806910569105691,0.801110605449294,0.44566691915194195,0.2843619854520678,0.06211049948644828,0.0,0.0,0.0,0.0,0.0,0.21687894066174826,0.21296231945355729,0.3185230990250905,0.8018961029886332
MOSI,full_ensemble,mask,vision,0.5,656,3,0.8053861788617886,0.7995040656472631,0.44584061702092487,0.2845433909163144,0.05816557306826593,0.0,0.0,0.0,0.0,0.0,0.21388492484887442,0.21315606435139972,0.3171546856562297,0.8015784894288507
MOSI,full_ensemble,mask,vision,0.75,656,3,0.8058943089430894,0.7997781522499672,0.44705145557721454,0.28553413607180445,0.056816974972806265,0.0,0.0,0.0,0.0,0.0,0.21206259230772653,0.21329221626122788,0.31615785757700604,0.7966257629378878
MOSI,posterior_ensemble,clean,none,0.0,656,1,0.8033536585365854,0.7983832348169166,0.45903295278549183,0.2959928213365554,0.0494942449760146,-0.0045731707317073,-0.014198035001754702,0.0381097560975609,0.0335365853658536,0.05955918878316871,0.2200824469327926,0.21281957626342768,0.3198816776275635,0.8051929339212126
MOSI,posterior_ensemble,gaussian,audio,0.25,656,3,0.8003048780487805,0.7953911911045527,0.4590446352958679,0.29606994405551756,0.04454169716171127,-0.007113821138211333,-0.014227062463760334,0.04014227642276417,0.033028455284552796,0.05981498708327607,0.2210111270348231,0.21280293166637418,0.3201107482115428,0.7989849137755768
MOSI,posterior_ensemble,gaussian,audio,0.5,656,3,0.7972560975609756,0.7923338406676557,0.45963961879412335,0.2966303981927333,0.0410464244584242,-0.009654471544715366,-0.014748960733413636,0.04217479674796747,0.032520325203251994,0.06067622949679691,0.22318358222643528,0.2127766112486521,0.32043098409970594,0.7976474797291037
MOSI,posterior_ensemble,gaussian,audio,1.0,656,3,0.7896341463414634,0.7846235403356483,0.4628703395525614,0.2994717197421621,0.03380279978964383,-0.018292682926829236,-0.017554720242818168,0.04623983739837397,0.02794715447154467,0.06446672727664307,0.2265254110097885,0.212690457701683,0.3212989270687103,0.7964804962942582
MOSI,posterior_ensemble,gaussian,audio,2.0,656,3,0.774390243902439,0.7702374514284686,0.47404080629348744,0.30890413560862473,0.04014056357668663,-0.03150406504065033,-0.027218709389368635,0.0599593495934959,0.0284552845528455,0.07739316423734023,0.23986747860908508,0.21231734752655024,0.3234940270582835,0.7850958454902087
MOSI,posterior_ensemble,gaussian,text,0.25,656,3,0.7977642276422764,0.7926872673553027,0.4623289903004964,0.2988029456815647,0.0386921484477636,0.0020325203252032666,-0.014797965685526502,0.034044715447154435,0.036077235772357705,0.06039130563537277,0.22101263205210364,0.21283874412377676,0.3199305435021718,0.7972888245590727
MOSI,posterior_ensemble,gaussian,text,0.5,656,3,0.7855691056910569,0.7805892360312995,0.4689027766386668,0.3044266692852209,0.03334106150560257,-0.0010162601626016669,-0.015343676010767568,0.0335365853658536,0.032520325203252,0.061468629787365565,0.2190888275702794,0.21301449835300446,0.3199260433514913,0.7921562057590832
MOSI,posterior_ensemble,gaussian,text,1.0,656,3,0.7657520325203252,0.7616763497430813,0.489678551753362,0.3219548590209831,0.0202337520091029,0.0,-0.015503148237864098,0.029979674796747933,0.029979674796747933,0.06401085108518596,0.21012067298094425,0.21353891988595322,0.31937407453854877,0.7830718087118942
MOSI,posterior_ensemble,gaussian,text,2.0,656,3,0.7195121951219512,0.7171109305461452,0.5511583685874939,0.3709101529026191,0.045843216916167606,-0.008638211382113833,-0.010998547077178901,0.03810975609756097,0.029471544715447134,0.07068614164988198,0.19505690038204188,0.21425249675909672,0.3191548486550649,0.7407290912860601
MOSI,posterior_ensemble,gaussian,vision,0.25,656,3,0.8064024390243902,0.8013117897813803,0.4590788384278615,0.2960200198864165,0.0481850077829709,-0.0010162601626016333,-0.014090011517206767,0.03556910569105687,0.03455284552845524,0.0594056447347005,0.21977663536866507,0.21271730959415433,0.3198676109313965,0.8110746407020861
MOSI,posterior_ensemble,gaussian,vision,0.5,656,3,0.7997967479674797,0.7944303479371985,0.459223469098409,0.2961522652810763,0.041252656014469535,-0.0055894308943089,-0.014048089583714767,0.03912601626016257,0.03353658536585364,0.0593659505248069,0.22141346832116446,0.21257882316907242,0.3200185894966125,0.8061872997334966
MOSI,posterior_ensemble,gaussian,vision,1.0,656,3,0.7952235772357723,0.7894099047070369,0.4596731662750244,0.2965814880884232,0.036003606651372,-0.0076219512195121325,-0.0138500829537709,0.039634146341463374,0.0320121951219512,0.05962148060401276,0.22395827372868854,0.21211484571297956,0.3207505941390991,0.8055103296533628
MOSI,posterior_ensemble,gaussian,vision,2.0,656,3,0.7865853658536586,0.7791088366662654,0.4634656111399333,0.29993979165426354,0.030800489239334032,-0.014735772357723567,-0.014414459466934168,0.040650406504065005,0.025914634146341434,0.062178593128919574,0.23080533742904663,0.2107934405406316,0.32350248098373413,0.790037270544651
MOSI,posterior_ensemble,mask,audio,0.25,656,3,0.8028455284552846,0.797630983169132,0.4605114956696828,0.2970104236942711,0.04557700954922814,-0.0035569105691057,-0.014909634987513166,0.03556910569105687,0.0320121951219512,0.05802008385459576,0.2172560046116511,0.21283929049968717,0.3186343808968861,0.8036826508886711
MOSI,posterior_ensemble,mask,audio,0.5,656,3,0.8028455284552846,0.7967673576947418,0.46155247092247004,0.29790835321379944,0.04493789989652667,-0.0030487804878048335,-0.015591919422149632,0.032012195121951165,0.028963414634146298,0.05675909047325446,0.21354022125403085,0.21291064222653702,0.31765031814575195,0.7868837576746781
MOSI,posterior_ensemble,mask,audio,0.75,656,3,0.7982723577235772,0.7915650246003564,0.46235087513923645,0.2986227196891057,0.045625759818689535,-0.0071138211382113,-0.015901883443196565,0.03150406504065037,0.024390243902438997,0.055117396016915565,0.21125881373882294,0.21293266614278156,0.3166890541712443,0.7832244492835663
MOSI,posterior_ensemble,mask,text,0.25,656,3,0.782520325203252,0.7784644362964489,0.4775941073894501,0.3099374323526018,0.050346707213457964,-0.0050813008130081334,-0.006211380163828467,0.03506097560975603,0.029979674796747933,0.05516314754883443,0.23753703137238816,0.2105667988459269,0.3222803274790446,0.7779809859661299
MOSI,posterior_ensemble,mask,text,0.5,656,3,0.7525406504065041,0.7497028098976313,0.512510081132253,0.3378061046384706,0.057836566998706554,-0.02134146341463413,0.0047305822372436,0.05335365853658534,0.0320121951219512,0.05101461584369337,0.26582815249760944,0.20755751927693683,0.3253448903560638,0.7498116688678959
MOSI,posterior_ensemble,mask,text,0.75,656,3,0.7022357723577236,0.7020048936407789,0.5745038787523905,0.3900933588602898,0.061848703529534275,-0.023373983739837335,0.016506731510162298,0.06199186991869913,0.03861788617886173,0.0487277805805206,0.29242000977198285,0.20474392175674433,0.3293636043866475,0.690578484635399
MOSI,posterior_ensemble,mask,vision,0.25,656,3,0.8074186991869918,0.8020857436939615,0.4583155512809753,0.29510583666148593,0.0485775574617754,0.0005081300813007668,-0.012648632129033367,0.03302845528455277,0.0335365853658536,0.05695743486285204,0.21687894066174826,0.21296231945355729,0.3185230990250905,0.8018961029886332
MOSI,posterior_ensemble,mask,vision,0.5,656,3,0.8023373983739838,0.7968651879414484,0.45714570085207623,0.2942454687522605,0.04334096119898116,-0.003048780487804867,-0.0113050838311513,0.03201219512195117,0.028963414634146298,0.054487823198238965,0.21388492484887442,0.21315606435139972,0.3171546856562297,0.8015784894288507
MOSI,posterior_ensemble,mask,vision,0.75,656,3,0.8033536585365854,0.7977725444672122,0.45794882376988727,0.29477537020618294,0.04444867054500224,-0.0025406504065040333,-0.010897368192672667,0.03099593495934953,0.0284552845528455,0.05319796130061144,0.21206259230772653,0.21329221626122788,0.31615785757700604,0.7966257629378878
MOSI,raw_mixer_ensemble,clean,none,0.0,656,1,0.8048780487804879,0.7996468623240277,0.44845902919769276,0.2869239780999005,0.0512710751556768,-0.0030487804878048,-0.0036241114139556,0.028963414634146305,0.0259146341463414,0.0293443370610475,0.2200824469327926,0.21281957626342768,0.3198816776275635,0.8051929339212126
MOSI,raw_mixer_ensemble,gaussian,audio,0.25,656,3,0.8048780487804879,0.7997845515613802,0.4486454427242279,0.28715316389072854,0.051503003219036496,-0.0025406504065040667,-0.003827869892120333,0.029471544715447096,0.02693089430894303,0.02955967187881463,0.2210111270348231,0.21280293166637418,0.3201107482115428,0.7989849137755768
MOSI,raw_mixer_ensemble,gaussian,audio,0.5,656,3,0.7992886178861789,0.7943532097966665,0.4488479693730672,0.28736563396716774,0.05019137529822867,-0.007621951219512133,-0.003957311312357533,0.034044715447154435,0.026422764227642236,0.030063295116027133,0.22318358222643528,0.2127766112486521,0.32043098409970594,0.7976474797291037
MOSI,raw_mixer_ensemble,gaussian,audio,1.0,656,3,0.7936991869918699,0.7885098658694253,0.4511777063210805,0.2894960454275872,0.0465511862279438,-0.0142276422764228,-0.0058620870113372005,0.0365853658536585,0.022357723577235738,0.0324537356694539,0.2265254110097885,0.212690457701683,0.3212989270687103,0.7964804962942582
MOSI,raw_mixer_ensemble,gaussian,audio,2.0,656,3,0.7840447154471545,0.7795994385827308,0.4584117035071054,0.29589642854451303,0.04604019872783639,-0.021849593495934932,-0.011589606602986599,0.04522357723577233,0.023373983739837335,0.040717912216981164,0.23986747860908508,0.21231734752655024,0.3234940270582835,0.7850958454902087
MOSI,raw_mixer_ensemble,gaussian,text,0.25,656,3,0.7992886178861789,0.7940816133919917,0.4515173037846883,0.2897646149678057,0.0513997445927887,0.0035569105691057,-0.003986279169718334,0.024390243902438966,0.027947154471544697,0.029665248468518236,0.22101263205210364,0.21283874412377676,0.3199305435021718,0.7972888245590727
MOSI,raw_mixer_ensemble,gaussian,text,0.5,656,3,0.7886178861788617,0.7833796918752671,0.45778176188468933,0.29538321936162726,0.0400620911240093,0.0020325203252033,-0.0042226612567900996,0.02083333333333327,0.022865853658536536,0.030052062744895566,0.2190888275702794,0.21301449835300446,0.3199260433514913,0.7921562057590832
MOSI,raw_mixer_ensemble,gaussian,text,1.0,656,3,0.7723577235772358,0.7679826085275245,0.47816892464955646,0.31310916124156446,0.03318362461963314,0.006605691056910534,-0.0039935211340586,0.018800813008130066,0.0254065040650406,0.030936195204655268,0.21012067298094425,0.21353891988595322,0.31937407453854877,0.7830718087118942
MOSI,raw_mixer_ensemble,gaussian,text,2.0,656,3,0.7266260162601627,0.7237631051902244,0.5407370328903198,0.3639588204692907,0.03621567392010027,-0.0015243902439023998,-0.0005772113800048665,0.02693089430894303,0.0254065040650406,0.03405484060446417,0.19505690038204188,0.21425249675909672,0.3191548486550649,0.7407290912860601
MOSI,raw_mixer_ensemble,gaussian,vision,0.25,656,3,0.8048780487804879,0.7996442293774044,0.4487839738527934,0.2872435868558142,0.05365937866452256,-0.0025406504065040667,-0.0037951469421386008,0.028963414634146298,0.026422764227642233,0.029411859189470566,0.21977663536866507,0.21271730959415433,0.3198676109313965,0.8110746407020861
MOSI,raw_mixer_ensemble,gaussian,vision,0.5,656,3,0.8038617886178862,0.7983928728108506,0.4490071137746175,0.28748499233652763,0.051573427227454366,-0.0015243902439024,-0.0038317342599232668,0.027439024390243868,0.025914634146341434,0.029524272307753535,0.22141346832116446,0.21257882316907242,0.3200185894966125,0.8061872997334966
MOSI,raw_mixer_ensemble,gaussian,vision,1.0,656,3,0.8008130081300813,0.7950505098696825,0.44960622986157733,0.2880517903964833,0.0503134128705757,-0.002032520325203233,-0.0037831465403238337,0.027947154471544666,0.0259146341463414,0.029985290020704235,0.22395827372868854,0.21211484571297956,0.3207505941390991,0.8055103296533628
MOSI,raw_mixer_ensemble,gaussian,vision,2.0,656,3,0.7901422764227642,0.7830834324277809,0.4529783129692077,0.29111636273288666,0.044568861524264,-0.011178861788617865,-0.003927161296208633,0.029471544715447096,0.018292682926829232,0.03246261800328883,0.23080533742904663,0.2107934405406316,0.32350248098373413,0.790037270544651
MOSI,raw_mixer_ensemble,mask,audio,0.25,656,3,0.8023373983739838,0.7970038729913816,0.4494623939196269,0.28771132471719674,0.048637858978131866,-0.004065040650406467,-0.003860533237457233,0.027439024390243868,0.023373983739837335,0.028392072146137502,0.2172560046116511,0.21283929049968717,0.3186343808968861,0.8036826508886711
MOSI,raw_mixer_ensemble,mask,audio,0.5,656,3,0.7997967479674797,0.7939292940339262,0.45032621423403424,0.2885201822624483,0.04636389026191173,-0.0060975609756097,-0.004365662733713733,0.02693089430894307,0.0208333333333333,0.02775340216855203,0.21354022125403085,0.21291064222653702,0.31765031814575195,0.7868837576746781
MOSI,raw_mixer_ensemble,mask,audio,0.75,656,3,0.7957317073170732,0.7894471328334687,0.45137303074200935,0.2894819395162872,0.04222245696114327,-0.0096544715447154,-0.0049240390459696,0.024390243902439004,0.014735772357723534,0.026922286177674865,0.21125881373882294,0.21293266614278156,0.3166890541712443,0.7832244492835663
MOSI,raw_mixer_ensemble,mask,text,0.25,656,3,0.7820121951219512,0.7777931136549905,0.4717671771844228,0.3038784234623532,0.06461042386850686,-0.0055894308943089,-0.0003844499588012333,0.027439024390243868,0.02184959349593493,0.027481113250056866,0.23753703137238816,0.2105667988459269,0.3222803274790446,0.7779809859661299
MOSI,raw_mixer_ensemble,mask,text,0.5,656,3,0.7627032520325203,0.7590627853273608,0.51242063442866,0.3359450570945969,0.08667220069262063,-0.011178861788617865,0.004820028940836533,0.029979674796747936,0.018800813008130034,0.025546646987398402,0.26582815249760944,0.20755751927693683,0.3253448903560638,0.7498116688678959
MOSI,raw_mixer_ensemble,mask,text,0.75,656,3,0.7139227642276422,0.7137189736834721,0.5803980827331543,0.3937084453363858,0.08817955787952347,-0.011686991869918667,0.010612527529398567,0.04115853658536579,0.029471544715447096,0.024525550504525435,0.29242000977198285,0.20474392175674433,0.3293636043866475,0.690578484635399
MOSI,raw_mixer_ensemble,mask,vision,0.25,656,3,0.804369918699187,0.7992258010231209,0.44859039783477783,0.28688330342869217,0.05166584822705113,-0.0025406504065040333,-0.0029234786828358666,0.025914634146341434,0.023373983739837366,0.027728180711468032,0.21687894066174826,0.21296231945355729,0.3185230990250905,0.8018961029886332
MOSI,raw_mixer_ensemble,mask,vision,0.5,656,3,0.8023373983739838,0.7969300830161399,0.44861604770024616,0.2869600454730135,0.048982162513141664,-0.003048780487804867,-0.002775430679321233,0.022865853658536536,0.019817073170731666,0.0264599490910768,0.21388492484887442,0.21315606435139972,0.3171546856562297,0.8015784894288507
MOSI,raw_mixer_ensemble,mask,vision,0.75,656,3,0.8013211382113821,0.7956803209666587,0.44943440953890484,0.2875746616515546,0.04737882843104797,-0.0045731707317072665,-0.0023829539616902003,0.024898373983739803,0.02032520325203247,0.02560114984711007,0.21206259230772653,0.21329221626122788,0.31615785757700604,0.7966257629378878
