dataset_label,method,corruption_type,affected_modality,corruption_level,n_test_fold_sum,n_corruption_seeds,accuracy,macro_f1,nll,brier,ece,accuracy_gain,nll_gain,negative_flip_rate,correction_rate,clipped_harm,mean_a7_alpha,mean_full_weight,mean_posterior_weight,contribution_auroc
AV-MNIST,A7_equal_ensemble,clean,none,0.0,3600,1,0.9913888888888888,0.9913907148245424,0.0260901041328907,0.0122598944731114,0.0054573439475562,-0.0005555555555555,0.0017082300037145,0.0011111111111111,0.0005555555555555,0.0022437663283199,0.0426048412919044,0.3369552493095398,0.4047441184520721,0.9779200204787696
AV-MNIST,A7_equal_ensemble,gaussian,audio,0.25,3600,3,0.9900925925925926,0.9900965403042709,0.03299174209435777,0.0156968162832293,0.005496564739280233,0.00027777777777776666,0.0021855706969896335,0.0008333333333333001,0.0011111111111110667,0.002996216372897167,0.0506971292197704,0.33360338211059565,0.41095136602719623,0.9724735493512785
AV-MNIST,A7_equal_ensemble,gaussian,audio,0.5,3600,3,0.980925925925926,0.9809355639834447,0.059693049639463404,0.0286680061114927,0.007278355608383767,-0.0001851851851851667,0.0036715803047020663,0.0017592592592592332,0.0015740740740740333,0.005225983448326567,0.07503262658913924,0.324518362681071,0.4243966241677602,0.9598994259794633
AV-MNIST,A7_equal_ensemble,gaussian,audio,1.0,3600,3,0.9499074074074074,0.9499306285852553,0.1547166804472605,0.07359714112783851,0.0079800872173574,0.0023148148148148,0.014187549551327965,0.004166666666666634,0.0064814814814814345,0.012512936877707567,0.13384627799193063,0.29937870303789776,0.45811155438423157,0.9340739684042678
AV-MNIST,A7_equal_ensemble,gaussian,audio,2.0,3600,3,0.8821296296296296,0.8822094932257212,0.3706764678160349,0.17345117025428003,0.017934364902752367,0.012129629629629567,0.039382239182790026,0.007314814814814767,0.0194444444444444,0.026997825751701933,0.19613185028235114,0.2578480740388234,0.5182992815971375,0.885739711502914
AV-MNIST,A7_equal_ensemble,gaussian,image,0.25,3600,3,0.9922222222222222,0.9922229010923589,0.026967542866865767,0.012662456558888566,0.004537260656555433,0.00027777777777776666,0.0019226931035518334,0.0006481481481481,0.0009259259259258999,0.0022589400565872003,0.0441651691993077,0.33725397785504657,0.40713439385096234,0.9775022411253568
AV-MNIST,A7_equal_ensemble,gaussian,image,0.5,3600,3,0.9908333333333333,0.9908360476393399,0.030780257036288533,0.014481521817303769,0.005474377674636967,0.00027777777777776666,0.0021570970614750665,0.0009259259259258668,0.0012037037037036333,0.002607801851506,0.04947259028752643,0.3376539349555969,0.4140143195788066,0.9739553554498089
AV-MNIST,A7_equal_ensemble,gaussian,image,1.0,3600,3,0.984537037037037,0.9845556894462224,0.048622895032167435,0.02320754278063757,0.0087865757638657,-3.3347810110037106e-17,0.0047686981658140335,0.0012037037037036665,0.0012037037037036667,0.003806864920382667,0.07322376469771064,0.33349981904029846,0.43882275621096295,0.9618147028877179
AV-MNIST,A7_equal_ensemble,gaussian,image,2.0,3600,3,0.9538888888888889,0.9540108219033296,0.14416243135929102,0.07231568483826299,0.0173549569425759,0.006296296296296233,0.020797396699587432,0.0029629629629629333,0.009259259259259201,0.008375197804222466,0.14079919954140976,0.2994907200336455,0.50680543979009,0.9207156267517934
AV-MNIST,A7_equal_ensemble,mask,audio,0.25,3600,3,0.9839814814814815,0.9839849839352697,0.05411734307805693,0.025287405979941165,0.006885966884869066,0.0006481481481481334,0.0029481574892997334,0.0011111111111110667,0.0017592592592592,0.005367691939075766,0.07708103209733956,0.3276317020257314,0.42894946535428363,0.9662897800946567
AV-MNIST,A7_equal_ensemble,mask,audio,0.5,3600,3,0.9671296296296297,0.9672370893727469,0.10746445506811139,0.04995382191683613,0.009336794932131399,0.0002777777777777334,0.009594681362310967,0.0032407407407407,0.0035185185185184673,0.010066882086296799,0.1401573320229848,0.3030647337436676,0.4619650145371755,0.9465733188845449
AV-MNIST,A7_equal_ensemble,mask,audio,0.75,3600,3,0.9237962962962963,0.9255297519494516,0.2430511315663655,0.11417847286108398,0.011691603790278766,0.003425925925925933,0.0217981537183125,0.008611111111111035,0.012037037037037,0.023013452688852902,0.24999276300271345,0.258103867371877,0.5096311569213867,0.903003745770984
AV-MNIST,A7_equal_ensemble,mask,image,0.25,3600,3,0.9907407407407407,0.9907432492840994,0.0319632558772961,0.014729950531186703,0.007991843872048167,9.25925925926333e-05,0.0033837165683507668,0.0012037037037036667,0.0012962962962962334,0.002854810950035833,0.0667511572440465,0.34517284234364826,0.4330198069413503,0.9689266036718063
AV-MNIST,A7_equal_ensemble,mask,image,0.5,3600,3,0.9878703703703704,0.987885694570791,0.05365189537405962,0.023569547197106435,0.019575991647111036,-0.0007407407407407667,0.006892571846644065,0.0022222222222221667,0.0014814814814814667,0.005360738374292799,0.13139098385969794,0.3378434181213379,0.4870569109916687,0.9485833683384151
AV-MNIST,A7_equal_ensemble,mask,image,0.75,3600,3,0.9465740740740741,0.9462305949394431,0.17643856008847547,0.08514766417538773,0.041066370995508236,-0.0012962962962962334,0.026093095541000304,0.009629629629629599,0.008333333333333267,0.016337030256787864,0.3373051583766937,0.26487576961517334,0.5938768784205118,0.8739244668159184
AV-MNIST,A8_safe_fallback,clean,none,0.0,3600,1,0.9933333333333332,0.993330194961998,0.0212570540922851,0.0100346800238648,0.0015479019330681,0.0013888888888888,0.00654128004432,0.0016666666666666,0.0030555555555555,0.0046514478285875,0.0426048412919044,0.3369552493095398,0.4047441184520721,0.9779200204787696
AV-MNIST,A8_safe_fallback,gaussian,audio,0.25,3600,3,0.9892592592592593,0.9892554040627729,0.032770598409657535,0.016211934397774633,0.004043754866350533,-0.0005555555555555666,0.0024067143816898667,0.0035185185185184664,0.0029629629629629,0.0082011684200109,0.0506971292197704,0.33360338211059565,0.41095136602719623,0.9724735493512785
AV-MNIST,A8_safe_fallback,gaussian,audio,0.5,3600,3,0.9740740740740741,0.9740400859109559,0.07828619220430796,0.038488449026230324,0.011103908686351199,-0.007037037037036966,-0.014921562260142402,0.011481481481481435,0.004444444444444366,0.022063066380508797,0.07503262658913924,0.324518362681071,0.4243966241677602,0.9598994259794633
AV-MNIST,A8_safe_fallback,gaussian,audio,1.0,3600,3,0.9302777777777778,0.9302189122102311,0.2188145017305222,0.10450665103404333,0.0340126582010119,-0.0173148148148147,-0.04991027173193363,0.0293518518518518,0.012037037037037,0.058404081503055066,0.13384627799193063,0.29937870303789776,0.45811155438423157,0.9340739684042678
AV-MNIST,A8_safe_fallback,gaussian,audio,2.0,3600,3,0.8568518518518519,0.856600737996623,0.47888820880385924,0.21650950136319225,0.06900520334268624,-0.013148148148148102,-0.0688295018050341,0.046574074074074,0.033425925925925866,0.10499550703141237,0.19613185028235114,0.2578480740388234,0.5182992815971375,0.885739711502914
AV-MNIST,A8_safe_fallback,gaussian,image,0.25,3600,3,0.9937037037037035,0.9937044865269236,0.02167280774679,0.009893229505535,0.001748276869702133,0.0017592592592592332,0.007217428223627567,0.0017592592592592,0.0035185185185184664,0.004720051754017301,0.0441651691993077,0.33725397785504657,0.40713439385096234,0.9775022411253568
AV-MNIST,A8_safe_fallback,gaussian,image,0.5,3600,3,0.9932407407407408,0.9932422919968346,0.025177811731539865,0.011371693489539134,0.0016836083565207002,0.0026851851851851334,0.007759542366223767,0.0019444444444444,0.004629629629629599,0.005434125775901834,0.04947259028752643,0.3376539349555969,0.4140143195788066,0.9739553554498089
AV-MNIST,A8_safe_fallback,gaussian,image,1.0,3600,3,0.9840740740740741,0.9840771918091347,0.046517756896849026,0.02313561119776987,0.0043640209081567,-0.00046296296296299995,0.006873836301132367,0.006666666666666634,0.006203703703703667,0.012022635206883334,0.07322376469771064,0.33349981904029846,0.43882275621096295,0.9618147028877179
AV-MNIST,A8_safe_fallback,gaussian,image,2.0,3600,3,0.9445370370370371,0.94431112226586,0.16360614811707927,0.08246824946160941,0.0172755916943933,-0.003055555555555533,0.0013536799417992664,0.022037037037036997,0.018981481481481467,0.0414251605501519,0.14079919954140976,0.2994907200336455,0.50680543979009,0.9207156267517934
AV-MNIST,A8_safe_fallback,mask,audio,0.25,3600,3,0.9790740740740741,0.9790601746494415,0.0661920499109219,0.0321295280215032,0.009577281137838801,-0.004259259259259168,-0.0091265493435651,0.007870370370370333,0.0036111111111110663,0.017328801505013966,0.07708103209733956,0.3276317020257314,0.42894946535428363,0.9662897800946567
AV-MNIST,A8_safe_fallback,mask,audio,0.5,3600,3,0.9564814814814815,0.9568550640194733,0.14557171929799664,0.06768572179763392,0.0186516955066941,-0.010370370370370299,-0.028512582867574167,0.016481481481481434,0.006111111111111066,0.03647550253182173,0.1401573320229848,0.3030647337436676,0.4619650145371755,0.9465733188845449
AV-MNIST,A8_safe_fallback,mask,audio,0.75,3600,3,0.899074074074074,0.9035846578138951,0.3458323579079371,0.1580367440171481,0.04649897289024567,-0.021296296296296265,-0.08098307262325898,0.0334259259259259,0.012129629629629567,0.08130861980785933,0.24999276300271345,0.258103867371877,0.5096311569213867,0.903003745770984
AV-MNIST,A8_safe_fallback,mask,image,0.25,3600,3,0.9917592592592592,0.9917609588829805,0.026491238941731932,0.012888891584811933,0.003483475836658233,0.0011111111111110998,0.008855733503914899,0.0029629629629629,0.004074074074074033,0.006536698480452667,0.0667511572440465,0.34517284234364826,0.4330198069413503,0.9689266036718063
AV-MNIST,A8_safe_fallback,mask,image,0.5,3600,3,0.9823148148148149,0.9823060236113769,0.052093556089087764,0.0271438514129268,0.007463060609863633,-0.006296296296296233,0.008450911131615866,0.009537037037037,0.0032407407407407,0.016421300154566134,0.13139098385969794,0.3378434181213379,0.4870569109916687,0.9485833683384151
AV-MNIST,A8_safe_fallback,mask,image,0.75,3600,3,0.9375925925925926,0.9361314651331492,0.18712984504549018,0.09656379820728586,0.019125200092794035,-0.0102777777777777,0.015401810583985667,0.023240740740740697,0.012962962962962935,0.04984621761454744,0.3373051583766937,0.26487576961517334,0.5938768784205118,0.8739244668159184
AV-MNIST,confidence_shrink_ensemble,clean,none,0.0,3600,1,0.9913888888888888,0.9913907148245424,0.0285980749135253,0.0124387271351073,0.0079359776928914,-0.0005555555555555,-0.00079974077692,0.0011111111111111,0.0005555555555555,0.0036981436300046,0.0426048412919044,0.3369552493095398,0.4047441184520721,0.9779200204787696
AV-MNIST,confidence_shrink_ensemble,gaussian,audio,0.25,3600,3,0.9900925925925926,0.990096931507688,0.035423185838333766,0.015858490043680833,0.008873331796422766,0.00027777777777776666,-0.00024587304698632555,0.0006481481481481,0.0009259259259258668,0.0040255072623646,0.0506971292197704,0.33360338211059565,0.41095136602719623,0.9724735493512785
AV-MNIST,confidence_shrink_ensemble,gaussian,audio,0.5,3600,3,0.9812037037037037,0.9812123796598317,0.06187023327575336,0.02878393856832383,0.011632025324638933,9.259259259256669e-05,0.0014943966684121,0.0015740740740740333,0.0016666666666666334,0.005538804031570633,0.07503262658913924,0.324518362681071,0.4243966241677602,0.9598994259794633
AV-MNIST,confidence_shrink_ensemble,gaussian,audio,1.0,3600,3,0.9505555555555556,0.9505696473306251,0.1557098821490664,0.07408078741923861,0.014270442554106966,0.0029629629629629997,0.013194347849522035,0.0025925925925925335,0.0055555555555555,0.010269669616706167,0.13384627799193063,0.29937870303789776,0.45811155438423157,0.9340739684042678
AV-MNIST,confidence_shrink_ensemble,gaussian,audio,2.0,3600,3,0.8821296296296296,0.8821662854857512,0.3637318981218832,0.174125416046338,0.012275543573984865,0.012129629629629567,0.04632680887694173,0.004629629629629599,0.016759259259259234,0.019052482361149235,0.19613185028235114,0.2578480740388234,0.5182992815971375,0.885739711502914
AV-MNIST,confidence_shrink_ensemble,gaussian,image,0.25,3600,3,0.9919444444444444,0.991945519994176,0.029648618704408432,0.012900297927495,0.007784729597476034,-2.0559685641206602e-20,-0.0007583827339907333,0.0008333333333332667,0.0008333333333333001,0.003744027340937867,0.0441651691993077,0.33725397785504657,0.40713439385096234,0.9775022411253568
AV-MNIST,confidence_shrink_ensemble,gaussian,image,0.5,3600,3,0.9901851851851852,0.9901900669053022,0.0334716238930176,0.014701777222590832,0.00827239850531,-0.0003703703703703334,-0.0005342697952539334,0.0012037037037036333,0.0008333333333333001,0.0039900398490844,0.04947259028752643,0.3376539349555969,0.4140143195788066,0.9739553554498089
AV-MNIST,confidence_shrink_ensemble,gaussian,image,1.0,3600,3,0.9842592592592593,0.9842776307983809,0.05202825696010616,0.0235617275243809,0.013760620566717766,-0.00027777777777776666,0.0013633362378752665,0.0012962962962962668,0.0010185185185184666,0.004905239644284666,0.07322376469771064,0.33349981904029846,0.43882275621096295,0.9618147028877179
AV-MNIST,confidence_shrink_ensemble,gaussian,image,2.0,3600,3,0.9534259259259259,0.9535467314152255,0.1515967999667386,0.0747722572547623,0.026878368994763802,0.005833333333333267,0.013363028092139899,0.0021296296296296,0.0079629629629629,0.009238698625142566,0.14079919954140976,0.2994907200336455,0.50680543979009,0.9207156267517934
AV-MNIST,confidence_shrink_ensemble,mask,audio,0.25,3600,3,0.9842592592592593,0.984265029423964,0.05567687165367873,0.02535939259535217,0.0108331297331088,0.0009259259259259333,0.0013886289136779333,0.0006481481481481,0.0015740740740740333,0.0051822950579764,0.07708103209733956,0.3276317020257314,0.42894946535428363,0.9662897800946567
AV-MNIST,confidence_shrink_ensemble,mask,audio,0.5,3600,3,0.9677777777777777,0.9678800916718813,0.10960283675115677,0.05036424704182957,0.016329888340723433,0.0009259259259258999,0.007456299679265568,0.0022222222222221667,0.0031481481481481,0.008462614912225967,0.1401573320229848,0.3030647337436676,0.4619650145371755,0.9465733188845449
AV-MNIST,confidence_shrink_ensemble,mask,audio,0.75,3600,3,0.9258333333333333,0.9275221926347293,0.2439315165934064,0.11458323295305967,0.021253572968287896,0.005462962962962934,0.020917768691271633,0.006111111111111066,0.011574074074074032,0.017062588960708402,0.24999276300271345,0.258103867371877,0.5096311569213867,0.903003745770984
AV-MNIST,confidence_shrink_ensemble,mask,image,0.25,3600,3,0.9902777777777778,0.9902800207015761,0.034911409199451265,0.014952719830957036,0.011400456654977034,-0.0003703703703703334,0.0004355632461955333,0.0011111111111110667,0.0007407407407406668,0.004203573667065766,0.0667511572440465,0.34517284234364826,0.4330198069413503,0.9689266036718063
AV-MNIST,confidence_shrink_ensemble,mask,image,0.5,3600,3,0.9880555555555556,0.9880680331266308,0.05725215067317994,0.023736937318002933,0.024801263222580403,-0.0005555555555555333,0.0032923165475237334,0.0017592592592592337,0.0012037037037036667,0.005811335817506466,0.13139098385969794,0.3378434181213379,0.4870569109916687,0.9485833683384151
AV-MNIST,confidence_shrink_ensemble,mask,image,0.75,3600,3,0.9474074074074074,0.9471203036913133,0.18323625610762473,0.08611515066800983,0.05428274376574903,-0.00046296296296290004,0.019295399521851102,0.007777777777777733,0.007314814814814767,0.012186821004143766,0.3373051583766937,0.26487576961517334,0.5938768784205118,0.8739244668159184
AV-MNIST,entropy_shrink_ensemble,clean,none,0.0,3600,1,0.9913888888888888,0.9913907148245424,0.02874206751585,0.0123991125076979,0.0089245509025123,-0.0005555555555555,-0.0009437333792448,0.0011111111111111,0.0005555555555555,0.0039676940068602,0.0426048412919044,0.3369552493095398,0.4047441184520721,0.9779200204787696
AV-MNIST,entropy_shrink_ensemble,gaussian,audio,0.25,3600,3,0.99,0.9900048424682528,0.035514398167530666,0.015809142125514833,0.009145985223628802,0.0001851851851851667,-0.0003370853761831638,0.0007407407407407,0.0009259259259258668,0.004280823438117866,0.0506971292197704,0.33360338211059565,0.41095136602719623,0.9724735493512785
AV-MNIST,entropy_shrink_ensemble,gaussian,audio,0.5,3600,3,0.9810185185185185,0.9810277247762024,0.06200589115420973,0.028758448191788133,0.0118268278848241,-9.259259259259999e-05,0.0013587387899557336,0.0015740740740740001,0.0014814814814814335,0.005905276785294167,0.07503262658913924,0.324518362681071,0.4243966241677602,0.9598994259794633
AV-MNIST,entropy_shrink_ensemble,gaussian,audio,1.0,3600,3,0.9502777777777778,0.9502908310752921,0.15594776471455887,0.07406479087018328,0.0144845005511133,0.0026851851851851334,0.012956465284029632,0.0029629629629629333,0.0056481481481481,0.0110272662714123,0.13384627799193063,0.29937870303789776,0.45811155438423157,0.9340739684042678
AV-MNIST,entropy_shrink_ensemble,gaussian,audio,2.0,3600,3,0.8815740740740741,0.8816269297635113,0.3639286160469055,0.17391616547192792,0.011857607343958434,0.011574074074074,0.046130090951919535,0.005277777777777733,0.0168518518518518,0.020105746264258966,0.19613185028235114,0.2578480740388234,0.5182992815971375,0.885739711502914
AV-MNIST,entropy_shrink_ensemble,gaussian,image,0.25,3600,3,0.992037037037037,0.9920385048409692,0.029799006258447933,0.0128751190629623,0.008052032131839634,9.259259259256666e-05,-0.0009087702880302667,0.0007407407407406668,0.0008333333333333001,0.0040070821220675665,0.0441651691993077,0.33725397785504657,0.40713439385096234,0.9775022411253568
AV-MNIST,entropy_shrink_ensemble,gaussian,image,0.5,3600,3,0.9902777777777778,0.9902822896917747,0.03358879188696536,0.01466422543797303,0.008876450950348766,-0.00027777777777776666,-0.0006514377892017,0.0011111111111110667,0.0008333333333333001,0.004245448547104933,0.04947259028752643,0.3376539349555969,0.4140143195788066,0.9739553554498089
AV-MNIST,entropy_shrink_ensemble,gaussian,image,1.0,3600,3,0.9846296296296296,0.9846462215267131,0.05199001232782993,0.023488579727333633,0.013113353117196566,9.259259259256669e-05,0.0014015808701514664,0.0011111111111110998,0.0012037037037036333,0.005189264658838467,0.07322376469771064,0.33349981904029846,0.43882275621096295,0.9618147028877179
AV-MNIST,entropy_shrink_ensemble,gaussian,image,2.0,3600,3,0.952962962962963,0.9530796967119936,0.1505361249049504,0.0741959722246349,0.025794093821335663,0.0053703703703703,0.014423703153928068,0.0025925925925925335,0.007962962962962934,0.009441053184370133,0.14079919954140976,0.2994907200336455,0.50680543979009,0.9207156267517934
AV-MNIST,entropy_shrink_ensemble,mask,audio,0.25,3600,3,0.9841666666666666,0.9841719047890254,0.05556919053196903,0.02528131292321193,0.011048040525228866,0.0008333333333333334,0.0014963100353876336,0.0007407407407407,0.0015740740740740333,0.0053770579397678,0.07708103209733956,0.3276317020257314,0.42894946535428363,0.9662897800946567
AV-MNIST,entropy_shrink_ensemble,mask,audio,0.5,3600,3,0.9677777777777777,0.9678757766645225,0.10919612397750214,0.05026591936251976,0.0157171453480367,0.0009259259259258999,0.007863012452920233,0.002222222222222167,0.0031481481481481,0.008662289629379866,0.1401573320229848,0.3030647337436676,0.4619650145371755,0.9465733188845449
AV-MNIST,entropy_shrink_ensemble,mask,audio,0.75,3600,3,0.9256481481481481,0.9273686866813904,0.2429093420505523,0.1144242516853413,0.020154877029083366,0.0052777777777777675,0.021939943234125698,0.006388888888888867,0.011666666666666633,0.017310277248422233,0.24999276300271345,0.258103867371877,0.5096311569213867,0.903003745770984
AV-MNIST,entropy_shrink_ensemble,mask,image,0.25,3600,3,0.990462962962963,0.9904642992223058,0.03491979340712223,0.014878774799920764,0.011453629312691834,-0.0001851851851851667,0.00042717903852456664,0.0011111111111110667,0.0009259259259258668,0.004405999866624633,0.0667511572440465,0.34517284234364826,0.4330198069413503,0.9689266036718063
AV-MNIST,entropy_shrink_ensemble,mask,image,0.5,3600,3,0.9880555555555556,0.9880675459141558,0.0570660233497619,0.023715067005366065,0.024622305968293436,-0.0005555555555555333,0.0034784438709417665,0.0017592592592592,0.0012037037037036667,0.006037857538709967,0.13139098385969794,0.3378434181213379,0.4870569109916687,0.9485833683384151
AV-MNIST,entropy_shrink_ensemble,mask,image,0.75,3600,3,0.9475,0.9472007941003231,0.18207115928332007,0.0858041530309065,0.052974344163581134,-0.0003703703703703334,0.020460496346155765,0.007962962962962934,0.007592592592592534,0.012391218605140801,0.3373051583766937,0.26487576961517334,0.5938768784205118,0.8739244668159184
AV-MNIST,full_ensemble,clean,none,0.0,3600,1,0.9919444444444444,0.991944753325725,0.0277983341366052,0.0129141474924935,0.0083549587263001,0.0,0.0,0.0,0.0,0.0,0.0426048412919044,0.3369552493095398,0.4047441184520721,0.9779200204787696
AV-MNIST,full_ensemble,gaussian,audio,0.25,3600,3,0.9898148148148148,0.9898187604716907,0.03517731279134746,0.016502273724020435,0.0087676655887453,0.0,0.0,0.0,0.0,0.0,0.0506971292197704,0.33360338211059565,0.41095136602719623,0.9724735493512785
AV-MNIST,full_ensemble,gaussian,audio,0.5,3600,3,0.9811111111111112,0.9811182970234125,0.06336462994416546,0.0300202472311365,0.011950546712786968,0.0,0.0,0.0,0.0,0.0,0.07503262658913924,0.324518362681071,0.4243966241677602,0.9598994259794633
AV-MNIST,full_ensemble,gaussian,audio,1.0,3600,3,0.9475925925925925,0.9476238221375191,0.1689042299985885,0.07977002157783314,0.01553472647236447,0.0,0.0,0.0,0.0,0.0,0.13384627799193063,0.29937870303789776,0.45811155438423157,0.9340739684042678
AV-MNIST,full_ensemble,gaussian,audio,2.0,3600,3,0.87,0.8700780764615702,0.4100587069988251,0.19084957877185052,0.0158838320937421,0.0,0.0,0.0,0.0,0.0,0.19613185028235114,0.2578480740388234,0.5182992815971375,0.885739711502914
AV-MNIST,full_ensemble,gaussian,image,0.25,3600,3,0.9919444444444444,0.9919484539720815,0.0288902359704176,0.013374616451999567,0.0080238410664929,0.0,0.0,0.0,0.0,0.0,0.0441651691993077,0.33725397785504657,0.40713439385096234,0.9775022411253568
AV-MNIST,full_ensemble,gaussian,image,0.5,3600,3,0.9905555555555555,0.9905601757943362,0.03293735409776363,0.015192092140944701,0.0084894549598296,0.0,0.0,0.0,0.0,0.0,0.04947259028752643,0.3376539349555969,0.4140143195788066,0.9739553554498089
AV-MNIST,full_ensemble,gaussian,image,1.0,3600,3,0.984537037037037,0.9845537629137426,0.05339159319798151,0.024816362044381837,0.014587342940546802,0.0,0.0,0.0,0.0,0.0,0.07322376469771064,0.33349981904029846,0.43882275621096295,0.9618147028877179
AV-MNIST,full_ensemble,gaussian,image,2.0,3600,3,0.9475925925925925,0.9477507978552344,0.16495982805887854,0.08227419718649003,0.026205588507431505,0.0,0.0,0.0,0.0,0.0,0.14079919954140976,0.2994907200336455,0.50680543979009,0.9207156267517934
AV-MNIST,full_ensemble,mask,audio,0.25,3600,3,0.9833333333333333,0.9833411245183517,0.0570655005673567,0.026303706873656667,0.013285410641520067,0.0,0.0,0.0,0.0,0.0,0.07708103209733956,0.3276317020257314,0.42894946535428363,0.9662897800946567
AV-MNIST,full_ensemble,mask,audio,0.5,3600,3,0.9668518518518519,0.9669836055617237,0.11705913643042239,0.05374330651452467,0.02154301601841487,0.0,0.0,0.0,0.0,0.0,0.1401573320229848,0.3030647337436676,0.4619650145371755,0.9465733188845449
AV-MNIST,full_ensemble,mask,audio,0.75,3600,3,0.9203703703703704,0.922467462150635,0.26484928528467816,0.12586159458992202,0.03207982682795433,0.0,0.0,0.0,0.0,0.0,0.24999276300271345,0.258103867371877,0.5096311569213867,0.903003745770984
AV-MNIST,full_ensemble,mask,image,0.25,3600,3,0.9906481481481482,0.9906494074723942,0.03534697244564687,0.0156985197397638,0.012722128996694466,0.0,0.0,0.0,0.0,0.0,0.0667511572440465,0.34517284234364826,0.4330198069413503,0.9689266036718063
AV-MNIST,full_ensemble,mask,image,0.5,3600,3,0.9886111111111111,0.9886220345159511,0.060544467220703696,0.024667237233668298,0.029501080452292,0.0,0.0,0.0,0.0,0.0,0.13139098385969794,0.3378434181213379,0.4870569109916687,0.9485833683384151
AV-MNIST,full_ensemble,mask,image,0.75,3600,3,0.9478703703703704,0.9475925882367243,0.20253165562947587,0.09308039008580929,0.0728984282331334,0.0,0.0,0.0,0.0,0.0,0.3373051583766937,0.26487576961517334,0.5938768784205118,0.8739244668159184
AV-MNIST,posterior_ensemble,clean,none,0.0,3600,1,0.9919444444444444,0.9919459010152964,0.0283282212913036,0.0126668631831208,0.0038295763234297,0.0,-0.0005298871546983,0.0016666666666666,0.0016666666666666,0.0050426288507878,0.0426048412919044,0.3369552493095398,0.4047441184520721,0.9779200204787696
AV-MNIST,posterior_ensemble,gaussian,audio,0.25,3600,3,0.989537037037037,0.9895427706527051,0.035960191239913265,0.0165837159446092,0.004658660819684966,-0.00027777777777776666,-0.0007828784485658002,0.0021296296296295664,0.0018518518518517999,0.006669987613956099,0.0506971292197704,0.33360338211059565,0.41095136602719623,0.9724735493512785
AV-MNIST,posterior_ensemble,gaussian,audio,0.5,3600,3,0.9802777777777778,0.9802811006104528,0.06418574601411813,0.029968665221684003,0.005439818716711434,-0.0008333333333333334,-0.0008211160699526335,0.003796296296296233,0.0029629629629629338,0.011332448882361233,0.07503262658913924,0.324518362681071,0.4243966241677602,0.9598994259794633
AV-MNIST,posterior_ensemble,gaussian,audio,1.0,3600,3,0.9488888888888889,0.9489084070124456,0.1596555560827255,0.0743515585918947,0.007519844235093433,0.0012962962962963,0.009248673915863,0.009166666666666635,0.010462962962962934,0.0253924137602249,0.13384627799193063,0.29937870303789776,0.45811155438423157,0.9340739684042678
AV-MNIST,posterior_ensemble,gaussian,audio,2.0,3600,3,0.8818518518518519,0.881890816269118,0.37434217333793635,0.1710435026713836,0.0110820667142117,0.011851851851851801,0.03571653366088863,0.01759259259259253,0.0294444444444444,0.05622964724898333,0.19613185028235114,0.2578480740388234,0.5182992815971375,0.885739711502914
AV-MNIST,posterior_ensemble,gaussian,image,0.25,3600,3,0.9918518518518519,0.9918567495832358,0.029228558142979897,0.013206253494466365,0.0035783896015749326,-9.259259259259999e-05,-0.00033832217256226667,0.0015740740740740001,0.0014814814814814,0.0052314766993125,0.0441651691993077,0.33725397785504657,0.40713439385096234,0.9775022411253568
AV-MNIST,posterior_ensemble,gaussian,image,0.5,3600,3,0.9901851851851852,0.990191885769085,0.0327582495907942,0.0151022102115388,0.004045869581125366,-0.0003703703703703334,0.00017910450696942878,0.0022222222222221667,0.0018518518518517999,0.0058058144835134,0.04947259028752643,0.3376539349555969,0.4140143195788066,0.9739553554498089
AV-MNIST,posterior_ensemble,gaussian,image,1.0,3600,3,0.9840740740740741,0.9840926504291929,0.04987384627262746,0.023876063133930002,0.0070730725593036335,-0.0004629629629629334,0.0035177469253539328,0.0029629629629629,0.0024999999999999667,0.008612647963066867,0.07322376469771064,0.33349981904029846,0.43882275621096295,0.9618147028877179
AV-MNIST,posterior_ensemble,gaussian,image,2.0,3600,3,0.955,0.9551167789102497,0.1428930858771006,0.07078531760482336,0.018101203659618335,0.007407407407407367,0.022066742181777864,0.007685185185185133,0.015092592592592565,0.021802386889855033,0.14079919954140976,0.2994907200336455,0.50680543979009,0.9207156267517934
AV-MNIST,posterior_ensemble,mask,audio,0.25,3600,3,0.9829629629629629,0.9829732108866018,0.057757465789715426,0.026428399720289666,0.0056410876633944005,-0.00037037037037039995,-0.0006919652223586666,0.0032407407407407,0.0028703703703703335,0.010253732713560232,0.07708103209733956,0.3276317020257314,0.42894946535428363,0.9662897800946567
AV-MNIST,posterior_ensemble,mask,audio,0.5,3600,3,0.9642592592592593,0.9643672315226782,0.11518056939045584,0.0528391630410366,0.004869870775275667,-0.0025925925925925335,0.0018785670399665668,0.007407407407407368,0.0048148148148148,0.020509645342826798,0.1401573320229848,0.3030647337436676,0.4619650145371755,0.9465733188845449
AV-MNIST,posterior_ensemble,mask,audio,0.75,3600,3,0.9224999999999999,0.9240877358163386,0.26011049747467035,0.11713199539760999,0.012277456577177333,0.0021296296296296,0.004738787810007666,0.015925925925925868,0.018055555555555502,0.04330592105785999,0.24999276300271345,0.258103867371877,0.5096311569213867,0.903003745770984
AV-MNIST,posterior_ensemble,mask,image,0.25,3600,3,0.990462962962963,0.9904663695674787,0.033094853162765434,0.015235584779683802,0.0062613940018194664,-0.0001851851851851667,0.0022521192828813667,0.002037037037037,0.0018518518518517999,0.006189514261980833,0.0667511572440465,0.34517284234364826,0.4330198069413503,0.9689266036718063
AV-MNIST,posterior_ensemble,mask,image,0.5,3600,3,0.9846296296296296,0.9846426677904064,0.0562103167176246,0.026178686940467363,0.013947782800705265,-0.003981481481481367,0.0043341505030790334,0.005648148148148133,0.0016666666666666334,0.011922671459615168,0.13139098385969794,0.3378434181213379,0.4870569109916687,0.9485833683384151
AV-MNIST,posterior_ensemble,mask,image,0.75,3600,3,0.942037037037037,0.9415844655120261,0.18292359014352155,0.09039066623856998,0.027519950011262166,-0.005833333333333266,0.019608065485954236,0.017037037037037,0.011203703703703665,0.030977217480540203,0.3373051583766937,0.26487576961517334,0.5938768784205118,0.8739244668159184
AV-MNIST,raw_mixer_ensemble,clean,none,0.0,3600,1,0.9916666666666668,0.99166852348182,0.0303808525204658,0.0125324447310735,0.0080762348241276,-0.0002777777777777,-0.0025825183838605,0.0016666666666666,0.0013888888888888,0.0072114476934075,0.0426048412919044,0.3369552493095398,0.4047441184520721,0.9779200204787696
AV-MNIST,raw_mixer_ensemble,gaussian,audio,0.25,3600,3,0.9900925925925926,0.9900970875371506,0.03786884124080336,0.016368619315120635,0.008689131223493133,0.00027777777777776666,-0.002691528449455833,0.0014814814814814335,0.0017592592592592,0.008518599749853166,0.0506971292197704,0.33360338211059565,0.41095136602719623,0.9724735493512785
AV-MNIST,raw_mixer_ensemble,gaussian,audio,0.5,3600,3,0.9805555555555555,0.9805570158318805,0.06446088850498195,0.029465541923989334,0.008739260644824368,-0.0005555555555555666,-0.0010962585608164147,0.0036111111111110663,0.003055555555555533,0.012290004951258432,0.07503262658913924,0.324518362681071,0.4243966241677602,0.9598994259794633
AV-MNIST,raw_mixer_ensemble,gaussian,audio,1.0,3600,3,0.9496296296296296,0.9496419183083088,0.1552827656269073,0.07304474491023948,0.009448158867933066,0.0020370370370370668,0.013621464371681167,0.008333333333333267,0.010370370370370334,0.023615016912420565,0.13384627799193063,0.29937870303789776,0.45811155438423157,0.9340739684042678
AV-MNIST,raw_mixer_ensemble,gaussian,audio,2.0,3600,3,0.8841666666666667,0.8842010401157463,0.35816701253255206,0.1679492216634879,0.009782545047777601,0.0141666666666666,0.051891694466272925,0.015092592592592532,0.02925925925925923,0.049297535171111406,0.19613185028235114,0.2578480740388234,0.5182992815971375,0.885739711502914
AV-MNIST,raw_mixer_ensemble,gaussian,image,0.25,3600,3,0.9919444444444444,0.9919488389239356,0.031511690467596,0.013074009410567269,0.008058335814211033,2.0559685641206602e-20,-0.0026214544971783667,0.0014814814814814333,0.0014814814814814,0.007369318511336967,0.0441651691993077,0.33725397785504657,0.40713439385096234,0.9775022411253568
AV-MNIST,raw_mixer_ensemble,gaussian,image,0.5,3600,3,0.9900925925925926,0.99009928927207,0.035376743723948764,0.0149642191861037,0.008363965360654667,-0.0004629629629629334,-0.002439389626185066,0.0021296296296296,0.0016666666666666334,0.007890513477226066,0.04947259028752643,0.3376539349555969,0.4140143195788066,0.9739553554498089
AV-MNIST,raw_mixer_ensemble,gaussian,image,1.0,3600,3,0.9842592592592593,0.9842780787786299,0.05297539879878357,0.023743564727461534,0.0124123676259208,-0.0002777777777778,0.00041619439919789994,0.0026851851851851334,0.002407407407407367,0.010191322614749266,0.07322376469771064,0.33349981904029846,0.43882275621096295,0.9618147028877179
AV-MNIST,raw_mixer_ensemble,gaussian,image,2.0,3600,3,0.9546296296296296,0.9547559245669367,0.14522290726502732,0.07089165490331284,0.021935369441354633,0.007037037037036933,0.0197369207938512,0.0070370370370370005,0.014074074074074001,0.021193888038396766,0.14079919954140976,0.2994907200336455,0.50680543979009,0.9207156267517934
AV-MNIST,raw_mixer_ensemble,mask,audio,0.25,3600,3,0.9827777777777778,0.9827907110771419,0.05806048214435573,0.02602319457733577,0.009522185011042433,-0.0005555555555555332,-0.0009949815769989998,0.0029629629629629,0.0024074074074073334,0.011447346148391532,0.07708103209733956,0.3276317020257314,0.42894946535428363,0.9662897800946567
AV-MNIST,raw_mixer_ensemble,mask,audio,0.5,3600,3,0.9658333333333333,0.9659303714036024,0.11164886007706318,0.051684931139663534,0.008744411129090468,-0.0010185185185184334,0.005410276353359167,0.006203703703703667,0.005185185185185166,0.0193059307833512,0.1401573320229848,0.3030647337436676,0.4619650145371755,0.9465733188845449
AV-MNIST,raw_mixer_ensemble,mask,audio,0.75,3600,3,0.924074074074074,0.9256030146545303,0.24406334757804862,0.11389995478177449,0.0079069534854756,0.0037037037037037,0.020785937706629398,0.013981481481481433,0.017685185185185134,0.0381997761627038,0.24999276300271345,0.258103867371877,0.5096311569213867,0.903003745770984
AV-MNIST,raw_mixer_ensemble,mask,image,0.25,3600,3,0.9906481481481482,0.990650548326753,0.036633715033531127,0.015115184965766167,0.0115775480811242,0.0,-0.0012867425878842333,0.0016666666666666002,0.0016666666666666332,0.008556815174718633,0.0667511572440465,0.34517284234364826,0.4330198069413503,0.9689266036718063
AV-MNIST,raw_mixer_ensemble,mask,image,0.5,3600,3,0.985462962962963,0.9854765819508006,0.060709437976280804,0.025918072955919195,0.0211462735522676,-0.0031481481481480666,-0.00016497075557707342,0.0049074074074073335,0.0017592592592592,0.013420520039896102,0.13139098385969794,0.3378434181213379,0.4870569109916687,0.9485833683384151
AV-MNIST,raw_mixer_ensemble,mask,image,0.75,3600,3,0.9428703703703704,0.9424711428400163,0.18330172200997671,0.08925898287729894,0.03604967432165583,-0.004999999999999933,0.01922993361949917,0.016296296296296232,0.011296296296296233,0.028842387100060735,0.3373051583766937,0.26487576961517334,0.5938768784205118,0.8739244668159184
CREMA-D,A7_equal_ensemble,clean,none,0.0,7442,1,0.6385380274119861,0.6365959867120077,0.9641204740100252,0.48502942549815514,0.04528613956792795,0.004165546895995672,0.009718776021520126,0.007927976350443388,0.01209352324643908,0.016775699414701223,0.17143869296905656,0.25094944453510154,0.6185340335679227,0.6992784872998632
CREMA-D,A7_equal_ensemble,gaussian,audio,0.25,7442,3,0.6367463943384395,0.6346871569526195,0.9675617926647018,0.4867064491461229,0.047128112317413026,0.004389501030188996,0.00983919704792306,0.007256113947863436,0.011645614978052447,0.016824461082297692,0.17112369870150115,0.2511155284766996,0.6179645551790914,0.7001779461855928
CREMA-D,A7_equal_ensemble,gaussian,audio,0.5,7442,3,0.6344620621696676,0.6324693561092088,0.9760122504604233,0.49078642380182985,0.046902304408286015,0.004837409298575603,0.010246861411349797,0.007256113947863426,0.012093523246439086,0.01684995532128595,0.17113761666437674,0.2513237511734963,0.6162660102642192,0.701876919564053
CREMA-D,A7_equal_ensemble,gaussian,audio,1.0,7442,3,0.6234435187673565,0.6213082902788759,1.0062090811374462,0.5052718364197054,0.05203664894173627,0.004971781779091595,0.012028337560822977,0.008420675445668683,0.013392457224760327,0.01698630003199013,0.1713034371272014,0.2518073271866245,0.6097214378027423,0.6972020078618197
CREMA-D,A7_equal_ensemble,gaussian,audio,2.0,7442,3,0.5848338260324285,0.5831823394856782,1.1027775488745126,0.5502311205121528,0.05630602460202053,0.00851025709934601,0.017881581991107308,0.008331093791991337,0.016841350891337394,0.017630667439291026,0.1708498001552489,0.25261299672930254,0.5858990334860048,0.695623516363945
CREMA-D,A7_equal_ensemble,gaussian,visual,0.25,7442,3,0.634686016303861,0.6328078827172996,0.9711487878450706,0.48830223181614923,0.04699525062081887,0.005330108393800894,0.01018806381602762,0.007032159813670108,0.012362268207471069,0.016870396589177966,0.1712924934243532,0.25140523632468903,0.6176333052997979,0.7018911372584411
CREMA-D,A7_equal_ensemble,gaussian,visual,0.5,7442,3,0.6292663262563827,0.6274491370868475,0.9882875870928952,0.496499262536556,0.04590151830139434,0.00528531756696227,0.011593496819225032,0.007972767177282038,0.013258084744244333,0.016847242366111684,0.1706094101583948,0.2527450213939136,0.6153053284214676,0.7004409867113746
CREMA-D,A7_equal_ensemble,gaussian,visual,1.0,7442,3,0.6073188211054376,0.6056652116741928,1.0486364367507344,0.5250316647167019,0.045589455856993234,0.005240526740123589,0.015958655241472657,0.008465466272507337,0.013705993012630962,0.016903474657721775,0.16936034272912684,0.2577800457755009,0.6070596370433892,0.6885931215999351
CREMA-D,A7_equal_ensemble,gaussian,visual,2.0,7442,3,0.5471647406611126,0.5474411120436968,1.2235215161795643,0.6022576295659986,0.07786542472673934,0.007748813043088731,0.02844530515940736,0.007927976350443384,0.015676789393532144,0.0174947128398239,0.16595906865051607,0.2734632331760812,0.582474789533053,0.6632543157786365
CREMA-D,A7_equal_ensemble,mask,audio,0.25,7442,3,0.6173519663172982,0.6156372839268235,1.0180475127522923,0.510597048378747,0.04700884494964208,0.005554062527994213,0.009552885787008364,0.006494669891606138,0.012048732419600418,0.015365634425159005,0.16385532361153665,0.2476238247117592,0.6353628717848107,0.6889366537361711
CREMA-D,A7_equal_ensemble,mask,audio,0.5,7442,3,0.5807130699632715,0.578123901746079,1.1024296040615278,0.5505731568432168,0.047673896100586616,0.001836423900385182,0.005663467427473847,0.008958165367732647,0.010794589268117839,0.017422544571881277,0.162348607860884,0.23732723857802665,0.6521899100113735,0.657268040505173
CREMA-D,A7_equal_ensemble,mask,audio,0.75,7442,3,0.5186777747917226,0.5110687080154963,1.242612353578366,0.6165321847520723,0.056207777109505315,-0.00465824599122098,-0.0018960328701415354,0.015452835259338838,0.01079458926811784,0.024398132257312338,0.17153896676853841,0.21652217293369247,0.6715071380170434,0.6013702927994663
CREMA-D,A7_equal_ensemble,mask,visual,0.25,7442,3,0.6373734659141808,0.6348586956543302,0.9690417526288987,0.4872259311657435,0.05045472607543832,0.0055540625279942015,0.010726829604800063,0.009585236943473917,0.015139299471468195,0.017020530972927068,0.18003590806182712,0.23059526088323087,0.631436573415741,0.7018267091988878
CREMA-D,A7_equal_ensemble,mask,visual,0.5,7442,3,0.6318194033861865,0.6290302021283455,0.9927707354377208,0.4980508278758025,0.06349980818665196,0.003941592761802342,0.010204616316349616,0.011959150765923084,0.01590074352772548,0.01907171598010472,0.19479121898655438,0.20436318209297197,0.646605821020189,0.6906492873351922
CREMA-D,A7_equal_ensemble,mask,visual,0.75,7442,3,0.6093344083131774,0.6050308334690714,1.0642216503219686,0.5329393053115495,0.0853784399783377,-0.00022395413419330488,0.007359638464426221,0.01616948848875745,0.015945534354564143,0.024699108837475853,0.21935483916538073,0.17096304400192197,0.6643099723954274,0.6622068090099648
CREMA-D,A8_safe_fallback,clean,none,0.0,7442,1,0.6353130878796023,0.6331581750254701,0.9654887807870064,0.485969054485798,0.05213699436974663,0.0009406073636119423,0.008350469244538871,0.02472453641494217,0.025665143778554132,0.055513506957635066,0.17143869296905656,0.25094944453510154,0.6185340335679227,0.6992784872998632
CREMA-D,A8_safe_fallback,gaussian,audio,0.25,7442,3,0.6343724805159904,0.6320331400696305,0.9701118580722092,0.4882326704238234,0.052783317965771806,0.0020155872077398567,0.00728913164041562,0.02324643912926628,0.025262026337006156,0.05635166405993839,0.17112369870150115,0.2511155284766996,0.6179645551790914,0.7001779461855928
CREMA-D,A8_safe_fallback,gaussian,audio,0.5,7442,3,0.6292215354295441,0.6268716589224395,0.9819714474546575,0.4937969687942877,0.054043145280339745,-0.00040311744154796094,0.004287664417115536,0.02463495476126486,0.024231837319716877,0.058663612457588436,0.17113761666437674,0.2513237511734963,0.6162660102642192,0.701876919564053
CREMA-D,A8_safe_fallback,gaussian,audio,1.0,7442,3,0.6173071754904595,0.6153011422970274,1.0248852253445382,0.5136535873177412,0.0572735042258056,-0.0011645614978052488,-0.006647806646268721,0.025933888739586096,0.024769327241780846,0.06719020418377426,0.1713034371272014,0.2518073271866245,0.6097214378027423,0.6972020078618197
CREMA-D,A8_safe_fallback,gaussian,audio,2.0,7442,3,0.5669174952969632,0.5644912510482327,1.1614792586213105,0.5739536149580139,0.08860232678870177,-0.00940607363611931,-0.04082012775569029,0.03350353847532021,0.024097464839200892,0.09421890658712043,0.1708498001552489,0.25261299672930254,0.5858990334860048,0.695623516363945
CREMA-D,A8_safe_fallback,gaussian,visual,0.25,7442,3,0.6317746125593479,0.6296151541880475,0.9744787072336306,0.4901361123228787,0.05250480387608596,0.0024187046492878035,0.006858144427467576,0.024142255666039548,0.02656096031532739,0.056830992296416326,0.1712924934243532,0.25140523632468903,0.6176333052997979,0.7018911372584411
CREMA-D,A8_safe_fallback,gaussian,visual,0.5,7442,3,0.6259965958971603,0.6241051019794221,0.9971652412469615,0.5006941208478548,0.05582893863168391,0.0020155872077398385,0.0027158426651587293,0.02400788318552357,0.02602347039326342,0.06041907600304533,0.1706094101583948,0.2527450213939136,0.6153053284214676,0.7004409867113746
CREMA-D,A8_safe_fallback,gaussian,visual,1.0,7442,3,0.5994804264086715,0.5977579649714937,1.076229694088309,0.536944171714041,0.06836910359406877,-0.002597867956642453,-0.011634602096101936,0.02651616948848871,0.023918301531846247,0.0728377765104846,0.16936034272912684,0.2577800457755009,0.6070596370433892,0.6885931215999351
CREMA-D,A8_safe_fallback,gaussian,visual,2.0,7442,3,0.533682701782675,0.534105354462722,1.306115717922466,0.6321843183007635,0.11884976670196826,-0.0057332258353489105,-0.05414889658349431,0.030547343903968426,0.024814118068619516,0.10725473366378087,0.16595906865051607,0.2734632331760812,0.582474789533053,0.6632543157786365
CREMA-D,A8_safe_fallback,mask,audio,0.25,7442,3,0.6123801845382065,0.6098993210029823,1.0216893882584772,0.512633807548043,0.05081183297454137,0.0005822807489026079,0.005911010280823637,0.02485890889545818,0.02544118964436079,0.05677265021598772,0.16385532361153665,0.2476238247117592,0.6353628717848107,0.6889366537361711
CREMA-D,A8_safe_fallback,mask,audio,0.5,7442,3,0.5786079011018543,0.5749264656582505,1.1065060864210468,0.5526796779505391,0.05432594237106185,-0.00026874496103200095,0.0015869850679552928,0.025306817163844805,0.025038072202812824,0.05964306772405872,0.162348607860884,0.23732723857802665,0.6521899100113735,0.657268040505173
CREMA-D,A8_safe_fallback,mask,audio,0.75,7442,3,0.5207829436531398,0.5126286241271114,1.2477422919921506,0.6180939424303621,0.06920565200300055,-0.0025530771298037922,-0.007025971283925947,0.028352593388873932,0.025799516259070097,0.06507275348222541,0.17153896676853841,0.21652217293369247,0.6715071380170434,0.6013702927994663
CREMA-D,A8_safe_fallback,mask,visual,0.25,7442,3,0.6353578787064409,0.632663959827506,0.9718123394855158,0.4892134658737713,0.0451187133540095,0.003538475320254388,0.007956242748182808,0.02369434739765293,0.027232822717907338,0.05549798637305771,0.18003590806182712,0.23059526088323087,0.631436573415741,0.7018267091988878
CREMA-D,A8_safe_fallback,mask,visual,0.5,7442,3,0.6292663262563827,0.6263481875897295,0.9955861765833152,0.5002099597618761,0.04918471864218091,0.001388515631998559,0.007389175170755119,0.026337006181134062,0.027725521813132623,0.05592328183774031,0.19479121898655438,0.20436318209297197,0.646605821020189,0.6906492873351922
CREMA-D,A8_safe_fallback,mask,visual,0.75,7442,3,0.6067813311833736,0.6024489554523114,1.062204157087286,0.5322239631277269,0.07021907927915969,-0.0027770312639970886,0.00937713169910908,0.032831676072740276,0.030054644808743123,0.055452661384404814,0.21935483916538073,0.17096304400192197,0.6643099723954274,0.6622068090099648
CREMA-D,confidence_shrink_ensemble,clean,none,0.0,7442,1,0.6371943026068261,0.6350869461769866,0.9661025380938673,0.48628375350311964,0.045025972179570814,0.0028218220908357333,0.007736711937677975,0.004837409298575614,0.007659231389411407,0.012003613507823297,0.17143869296905656,0.25094944453510154,0.6185340335679227,0.6992784872998632
CREMA-D,confidence_shrink_ensemble,gaussian,audio,0.25,7442,3,0.6358505778016662,0.6337145641719977,0.9695698304637449,0.4879621565279377,0.04633030588552064,0.003493684493415726,0.007831159248879867,0.004255128549672975,0.007748813043088735,0.012038280111332454,0.17112369870150115,0.2511155284766996,0.6179645551790914,0.7001779461855928
CREMA-D,confidence_shrink_ensemble,gaussian,audio,0.5,7442,3,0.6324464749619279,0.6303198034528023,0.9780555018487824,0.49208755840369595,0.04731649125644911,0.0028218220908357654,0.008203610022990776,0.004568664337543626,0.007390486428379418,0.012044874622497244,0.17113761666437674,0.2513237511734963,0.6162660102642192,0.701876919564053
CREMA-D,confidence_shrink_ensemble,gaussian,audio,1.0,7442,3,0.6208904416375526,0.6186501621311536,1.008539991942823,0.5067640484093152,0.04878479253008842,0.002418704649287758,0.009697426755446095,0.005822807489026202,0.008241512138314026,0.012066105761217671,0.1713034371272014,0.2518073271866245,0.6097214378027423,0.6972020078618197
CREMA-D,confidence_shrink_ensemble,gaussian,audio,2.0,7442,3,0.5812057690584969,0.5791787673584322,1.106526592356008,0.5525103696248808,0.05442538541409927,0.00488220012541426,0.014132538509611974,0.005061363432768925,0.009943563558183226,0.012691828401624135,0.1708498001552489,0.25261299672930254,0.5858990334860048,0.695623516363945
CREMA-D,confidence_shrink_ensemble,gaussian,visual,0.25,7442,3,0.6328495924034757,0.6308538297060229,0.9730696848509871,0.48957486245244247,0.04750029939904438,0.003493684493415699,0.008267166810111092,0.0041207560691569976,0.007614440562572724,0.011952189294919806,0.1712924934243532,0.25140523632468903,0.6176333052997979,0.7018911372584411
CREMA-D,confidence_shrink_ensemble,gaussian,visual,0.5,7442,3,0.6275642748365134,0.625680702463568,0.9902783929691784,0.4978691530020545,0.04795604365180963,0.0035832661470930416,0.009602690942941756,0.004210337722834322,0.007793603869927397,0.011837533600724568,0.1706094101583948,0.2527450213939136,0.6153053284214676,0.7004409867113746
CREMA-D,confidence_shrink_ensemble,gaussian,visual,1.0,7442,3,0.606199050434471,0.6044590122451848,1.0504570261510207,0.5265542606392655,0.04520075808649552,0.004120756069157007,0.014138065841186254,0.0048374092985756095,0.008958165367732633,0.011618818715535856,0.16936034272912684,0.2577800457755009,0.6070596370433892,0.6885931215999351
CREMA-D,confidence_shrink_ensemble,gaussian,visual,2.0,7442,3,0.5436710561676968,0.5440114176734343,1.223534658658438,0.6038134918408565,0.07499465099971565,0.004255128549672985,0.02843216268053395,0.00497178177909159,0.009226910328764614,0.011451889931974123,0.16595906865051607,0.2734632331760812,0.582474789533053,0.6632543157786365
CREMA-D,confidence_shrink_ensemble,mask,audio,0.25,7442,3,0.6151572158022037,0.6131907422515439,1.0200359280915703,0.5119092524197059,0.04667819887709868,0.0033593120128997257,0.0075644704477305785,0.0037176386276090226,0.007076950640508776,0.010873974032208987,0.16385532361153665,0.2476238247117592,0.6353628717848107,0.6889366537361711
CREMA-D,confidence_shrink_ensemble,mask,audio,0.5,7442,3,0.5803995341754009,0.5774380645802831,1.1027133198350632,0.5509961316752815,0.050129444782115735,0.0015228881125145515,0.005379751653938512,0.00456866433754362,0.006091552450058184,0.011712969859220356,0.162348607860884,0.23732723857802665,0.6521899100113735,0.657268040505173
CREMA-D,confidence_shrink_ensemble,mask,audio,0.75,7442,3,0.5212756427483651,0.5140852024160695,1.2387921809944806,0.6145944800437195,0.055035167914735034,-0.002060378034578504,0.0019241397137438698,0.008331093791991344,0.0062707157574128395,0.014682414420850321,0.17153896676853841,0.21652217293369247,0.6715071380170434,0.6013702927994663
CREMA-D,confidence_shrink_ensemble,mask,visual,0.25,7442,3,0.6355370420137956,0.632872097945264,0.9724519129219672,0.4890756922005976,0.05190883734568886,0.0037176386276090187,0.007316669311731465,0.0057332258353488715,0.009450864462957932,0.012042046726504533,0.18003590806182712,0.23059526088323087,0.631436573415741,0.7018267091988878
CREMA-D,confidence_shrink_ensemble,mask,visual,0.5,7442,3,0.6303413061005106,0.6272030716459891,0.9970741810859691,0.5002008648978188,0.06831811485871497,0.0024634954761264594,0.005901170668101237,0.006673833198960795,0.009137328675087307,0.012855614662807878,0.19479121898655438,0.20436318209297197,0.646605821020189,0.6906492873351922
CREMA-D,confidence_shrink_ensemble,mask,visual,0.75,7442,3,0.6095135716205321,0.6051244408410373,1.0674669839458322,0.5343616240993506,0.09155026794380279,-4.479082683866374e-05,0.004114304840562774,0.009137328675087292,0.009092537848248632,0.014744512033957295,0.21935483916538073,0.17096304400192197,0.6643099723954274,0.6622068090099648
CREMA-D,entropy_shrink_ensemble,clean,none,0.0,7442,1,0.637597420048374,0.6355565513165303,0.965103000490552,0.4858534136432043,0.045518343301589534,0.003224939532383698,0.008736249540993226,0.005509271701155533,0.008734211233539332,0.013696031786603476,0.17143869296905656,0.25094944453510154,0.6185340335679227,0.6992784872998632
CREMA-D,entropy_shrink_ensemble,gaussian,audio,0.25,7442,3,0.6362089044163756,0.634061878352329,0.9685404666284074,0.48753310543815553,0.04548091726054062,0.0038520111081250218,0.008860523084217383,0.004792618471736948,0.008644629579862003,0.013714438171360251,0.17112369870150115,0.2511155284766996,0.6179645551790914,0.7001779461855928
CREMA-D,entropy_shrink_ensemble,gaussian,audio,0.5,7442,3,0.6329839648839918,0.630832415107685,0.9769809617130579,0.49165343268682976,0.04690446411888942,0.003359312012899724,0.009278150158715241,0.005195735913284912,0.008555047926184663,0.013724525135404553,0.17113761666437674,0.2513237511734963,0.6162660102642192,0.701876919564053
CREMA-D,entropy_shrink_ensemble,gaussian,audio,1.0,7442,3,0.6212487682522619,0.6189524369527521,1.0073802468063988,0.5063114811566725,0.04891629312442721,0.0027770312639971125,0.01085717189187033,0.006494669891606162,0.009271701155603275,0.013816233780920789,0.1713034371272014,0.2518073271866245,0.6097214378027423,0.6972020078618197
CREMA-D,entropy_shrink_ensemble,gaussian,audio,2.0,7442,3,0.5816984681537222,0.5795528940344623,1.1051631763472007,0.5520303121777504,0.054604462142604865,0.005374899220639562,0.015495954518419374,0.005464480874316889,0.0108393800949565,0.014867279902591088,0.1708498001552489,0.25261299672930254,0.5858990334860048,0.695623516363945
CREMA-D,entropy_shrink_ensemble,gaussian,visual,0.25,7442,3,0.633342291498701,0.6313173105453651,0.9720371753780963,0.48913969490991605,0.04636801161225051,0.003986383588641019,0.009299676283001908,0.004479082683866305,0.008465466272507353,0.013663225629795134,0.1712924934243532,0.25140523632468903,0.6176333052997979,0.7018911372584411
CREMA-D,entropy_shrink_ensemble,gaussian,visual,0.5,7442,3,0.6270715757412881,0.6250996799076245,0.9891209064189501,0.49737493070734873,0.04813604373866952,0.0030905670518677456,0.010760177493170108,0.005374899220639566,0.008465466272507337,0.013562717761076464,0.1706094101583948,0.2527450213939136,0.6153053284214676,0.7004409867113746
CREMA-D,entropy_shrink_ensemble,gaussian,visual,1.0,7442,3,0.606467795395503,0.6046114952788868,1.0488030424011678,0.5258615910101327,0.04509918334572091,0.0043895010301889794,0.015792049591039137,0.0053301083938008895,0.009719609423989908,0.013338981232742887,0.16936034272912684,0.2577800457755009,0.6070596370433892,0.6885931215999351
CREMA-D,entropy_shrink_ensemble,gaussian,visual,2.0,7442,3,0.5444772910507928,0.5446660556724913,1.2200957535896466,0.6027260796192063,0.0737627752036494,0.005061363432768932,0.031871067749325147,0.005106154259607588,0.010167517692376556,0.013257877969775398,0.16595906865051607,0.2734632331760812,0.582474789533053,0.6632543157786365
CREMA-D,entropy_shrink_ensemble,mask,audio,0.25,7442,3,0.6159634506852997,0.6139900595322322,1.01934684535503,0.5115825976663579,0.04632449079203814,0.004165546895995659,0.008253553184270703,0.0037176386276090204,0.007883185523604704,0.011635299287966633,0.16385532361153665,0.2476238247117592,0.6353628717848107,0.6889366537361711
CREMA-D,entropy_shrink_ensemble,mask,audio,0.5,7442,3,0.5804891158290783,0.5774428798817101,1.1026547844399477,0.5509682708103955,0.048134332296322406,0.001612469766191853,0.005438287049054018,0.0043895010301889794,0.0060019707963808525,0.011938802453001024,0.162348607860884,0.23732723857802665,0.6521899100113735,0.657268040505173
CREMA-D,entropy_shrink_ensemble,mask,audio,0.75,7442,3,0.5214548060557198,0.5142897812014111,1.2387880600129875,0.6146146086834925,0.05543831161120813,-0.0018812147272238586,0.0019282606952369468,0.006852996506315447,0.004971781779091601,0.014110256065501434,0.17153896676853841,0.21652217293369247,0.6715071380170434,0.6013702927994663
CREMA-D,entropy_shrink_ensemble,mask,visual,0.25,7442,3,0.6350443429185703,0.6322819162890378,0.9717794301944919,0.48877056519661916,0.05183819192776611,0.0032249395323837187,0.007989152039206866,0.006315506584251506,0.009540446116635258,0.013488986604579756,0.18003590806182712,0.23059526088323087,0.631436573415741,0.7018267091988878
CREMA-D,entropy_shrink_ensemble,mask,visual,0.5,7442,3,0.6307892143688972,0.627578293511463,0.9968814143279777,0.5001052409755637,0.06717570411652246,0.002911403744513101,0.0060939374260926245,0.006584251545283474,0.009495655289796606,0.014185623445301197,0.19479121898655438,0.20436318209297197,0.646605821020189,0.6906492873351922
CREMA-D,entropy_shrink_ensemble,mask,visual,0.75,7442,3,0.6098718982352415,0.6054200841505868,1.0674844221419293,0.5344377285677038,0.09010308934288039,0.0003135357878706483,0.004096866644465664,0.00882379288721664,0.009137328675087288,0.016061356152682008,0.21935483916538073,0.17096304400192197,0.6643099723954274,0.6622068090099648
CREMA-D,full_ensemble,clean,none,0.0,7442,1,0.6343724805159904,0.6321989550791328,0.9738392500315454,0.48904953854583333,0.046395062947747354,0.0,0.0,0.0,0.0,0.0,0.17143869296905656,0.25094944453510154,0.6185340335679227,0.6992784872998632
CREMA-D,full_ensemble,gaussian,audio,0.25,7442,3,0.6323568933082505,0.6301584680313773,0.9774009897126249,0.49074164991722935,0.04559698948389863,0.0,0.0,0.0,0.0,0.0,0.17112369870150115,0.2511155284766996,0.6179645551790914,0.7001779461855928
CREMA-D,full_ensemble,gaussian,audio,0.5,7442,3,0.629624652871092,0.627407871049774,0.9862591118717732,0.4950119736542601,0.04569775128406207,0.0,0.0,0.0,0.0,0.0,0.17113761666437674,0.2513237511734963,0.6162660102642192,0.701876919564053
CREMA-D,full_ensemble,gaussian,audio,1.0,7442,3,0.6184717369882649,0.6161854204172009,1.0182374186982692,0.5102985553358949,0.04580665377693595,0.0,0.0,0.0,0.0,0.0,0.1713034371272014,0.2518073271866245,0.6097214378027423,0.6972020078618197
CREMA-D,full_ensemble,gaussian,audio,2.0,7442,3,0.5763235689330825,0.5739273807557601,1.12065913086562,0.5575044197922949,0.055094147183973464,0.0,0.0,0.0,0.0,0.0,0.1708498001552489,0.25261299672930254,0.5858990334860048,0.695623516363945
CREMA-D,full_ensemble,gaussian,visual,0.25,7442,3,0.62935590791006,0.6273285419002291,0.9813368516610983,0.49254715306787494,0.0446919382197833,0.0,0.0,0.0,0.0,0.0,0.1712924934243532,0.25140523632468903,0.6176333052997979,0.7018911372584411
CREMA-D,full_ensemble,gaussian,visual,0.5,7442,3,0.6239810086894204,0.6219849618516003,0.9998810839121203,0.501321629905611,0.044540061089718676,0.0,0.0,0.0,0.0,0.0,0.1706094101583948,0.2527450213939136,0.6153053284214676,0.7004409867113746
CREMA-D,full_ensemble,gaussian,visual,1.0,7442,3,0.602078294365314,0.6003197933208451,1.0645950919922071,0.5314760442433543,0.04566807839407089,0.0,0.0,0.0,0.0,0.0,0.16936034272912684,0.2577800457755009,0.6070596370433892,0.6885931215999351
CREMA-D,full_ensemble,gaussian,visual,2.0,7442,3,0.5394159276180238,0.5398243985276155,1.2519668213389716,0.6118930570890734,0.08081051137544956,0.0,0.0,0.0,0.0,0.0,0.16595906865051607,0.2734632331760812,0.582474789533053,0.6632543157786365
CREMA-D,full_ensemble,mask,audio,0.25,7442,3,0.611797903789304,0.609658003189574,1.0276003985393007,0.5144888231853412,0.04481993658209659,0.0,0.0,0.0,0.0,0.0,0.16385532361153665,0.2476238247117592,0.6353628717848107,0.6889366537361711
CREMA-D,full_ensemble,mask,audio,0.5,7442,3,0.5788766460628864,0.5752911011397118,1.1080930714890018,0.5522477161206307,0.04823010698966007,0.0,0.0,0.0,0.0,0.0,0.162348607860884,0.23732723857802665,0.6521899100113735,0.657268040505173
CREMA-D,full_ensemble,mask,audio,0.75,7442,3,0.5233360207829436,0.5163301492520067,1.2407163207082246,0.6138885450634872,0.05692397854327191,0.0,0.0,0.0,0.0,0.0,0.17153896676853841,0.21652217293369247,0.6715071380170434,0.6013702927994663
CREMA-D,full_ensemble,mask,visual,0.25,7442,3,0.6318194033861865,0.6289603600960879,0.9797685822336988,0.4920239416112587,0.04923468348448774,0.0,0.0,0.0,0.0,0.0,0.18003590806182712,0.23059526088323087,0.631436573415741,0.7018267091988878
CREMA-D,full_ensemble,mask,visual,0.5,7442,3,0.6278778106243841,0.6243983075434365,1.0029753517540705,0.5027153617898731,0.06775898869149964,0.0,0.0,0.0,0.0,0.0,0.19479121898655438,0.20436318209297197,0.646605821020189,0.6906492873351922
CREMA-D,full_ensemble,mask,visual,0.75,7442,3,0.6095583624473708,0.6047033363494195,1.071581288786395,0.5358377587177277,0.09672042660192913,0.0,0.0,0.0,0.0,0.0,0.21935483916538073,0.17096304400192197,0.6643099723954274,0.6622068090099648
CREMA-D,posterior_ensemble,clean,none,0.0,7442,1,0.6311475409836066,0.6293598583742389,0.9869002126952199,0.49761165043296773,0.054567844380425085,-0.0032249395323837677,-0.013060962663674576,0.05710830421929585,0.053883364686912065,0.12547130985858776,0.17143869296905656,0.25094944453510154,0.6185340335679227,0.6992784872998632
CREMA-D,posterior_ensemble,gaussian,audio,0.25,7442,3,0.629893397832124,0.6278616073089934,0.9894672635821558,0.4988482781175566,0.05285485579790652,-0.0024634954761264373,-0.012066273869530936,0.055809370240974605,0.053345874764848096,0.125643274767776,0.17112369870150115,0.2511155284766996,0.6179645551790914,0.7001779461855928
CREMA-D,posterior_ensemble,gaussian,audio,0.5,7442,3,0.6271611573949655,0.6251128236258134,0.9951225952986565,0.5015934288804466,0.0541873342056145,-0.002463495476126459,-0.008863483426883338,0.05571978858729727,0.053256293111170784,0.12564628260547378,0.17113761666437674,0.2513237511734963,0.6162660102642192,0.701876919564053
CREMA-D,posterior_ensemble,gaussian,audio,1.0,7442,3,0.6214727223864552,0.6198400713952135,1.0143514691870303,0.5109076003401914,0.05238657722568823,0.003000985398190449,0.0038859495112388595,0.05549583445310397,0.05849681985129442,0.12505874251121685,0.1713034371272014,0.2518073271866245,0.6097214378027423,0.6972020078618197
CREMA-D,posterior_ensemble,gaussian,audio,2.0,7442,3,0.592627429902356,0.5915991673314333,1.0757016448161727,0.5404897465975121,0.05497585735333428,0.016303860969273457,0.04495748604944738,0.05724267669981184,0.07354653766908532,0.12533584761769603,0.1708498001552489,0.25261299672930254,0.5858990334860048,0.695623516363945
CREMA-D,posterior_ensemble,gaussian,visual,0.25,7442,3,0.6293111170832214,0.6273930303431063,0.9917295646157026,0.49982962178850865,0.053252103572879315,-4.4790826838652386e-05,-0.01039271295460427,0.05464480874316937,0.054600017916330706,0.1253298642481728,0.1712924934243532,0.25140523632468903,0.6176333052997979,0.7018911372584411
CREMA-D,posterior_ensemble,gaussian,visual,0.5,7442,3,0.6263549225118695,0.6244376394113806,1.0037148157205567,0.5055358728551506,0.05280718008597068,0.0023739138224491995,-0.003833731808436421,0.05518229866523332,0.057556212487682494,0.1250740556822427,0.1706094101583948,0.2527450213939136,0.6153053284214676,0.7004409867113746
CREMA-D,posterior_ensemble,gaussian,visual,1.0,7442,3,0.6093791991400161,0.6076013153607254,1.0461797153480932,0.525757844215961,0.05251352604994855,0.007300904774702134,0.01841537664411402,0.056302069336199904,0.06360297411090207,0.12492284313422271,0.16936034272912684,0.2577800457755009,0.6070596370433892,0.6885931215999351
CREMA-D,posterior_ensemble,gaussian,visual,2.0,7442,3,0.5609155245005822,0.5599057240816612,1.1731408310387175,0.5848904497021943,0.06531383180200734,0.021499596882558387,0.07882599030025411,0.054868762877362656,0.07636835975992115,0.12948183396776589,0.16595906865051607,0.2734632331760812,0.582474789533053,0.6632543157786365
CREMA-D,posterior_ensemble,mask,audio,0.25,7442,3,0.6129176744602706,0.6125591187443136,1.0304759872661293,0.5185405686293897,0.053071152526642615,0.0011197706709666078,-0.0028755887268286165,0.05536146197258798,0.056481232643554556,0.12116174861017193,0.16385532361153665,0.2476238247117592,0.6353628717848107,0.6889366537361711
CREMA-D,posterior_ensemble,mask,audio,0.5,7442,3,0.5733673743617307,0.5716202836601656,1.126008433706389,0.56465049413884,0.047823047314633736,-0.00550927170115558,-0.017915362217387168,0.06481232643554596,0.059303054734390355,0.13557842682470056,0.162348607860884,0.23732723857802665,0.6521899100113735,0.657268040505173
CREMA-D,posterior_ensemble,mask,audio,0.75,7442,3,0.4845471647406611,0.4655495386560914,1.3071086922181419,0.6477214471540597,0.06775569997198591,-0.03878885604228251,-0.0663923715099173,0.09249305742183997,0.05370420137955743,0.17851561058353033,0.17153896676853841,0.21652217293369247,0.6715071380170434,0.6013702927994663
CREMA-D,posterior_ensemble,mask,visual,0.25,7442,3,0.62935590791006,0.627536290728474,0.9904283914318929,0.49899541001270487,0.055186936499813356,-0.0024634954761264803,-0.010659809198194111,0.05867598315864906,0.05621248768252258,0.12358261003268027,0.18003590806182712,0.23059526088323087,0.631436573415741,0.7018267091988878
CREMA-D,posterior_ensemble,mask,visual,0.5,7442,3,0.6226372838842605,0.6208281702423163,1.0220468190342553,0.5137425999338403,0.05846920275222565,-0.005240526740123593,-0.01907146728018496,0.06588730627967389,0.06064677953955025,0.13195835472235837,0.19479121898655438,0.20436318209297197,0.646605821020189,0.6906492873351922
CREMA-D,posterior_ensemble,mask,visual,0.75,7442,3,0.5819672131147541,0.5764046910423939,1.1165104191768642,0.5597546860525205,0.062400882316646936,-0.027591149332616624,-0.04492913039046929,0.08752127564274832,0.059930126310131664,0.15806003032507654,0.21935483916538073,0.17096304400192197,0.6643099723954274,0.6622068090099648
CREMA-D,raw_mixer_ensemble,clean,none,0.0,7442,1,0.6408223595807578,0.6388667581671306,0.9619648800489563,0.48535329199995914,0.054290716096586596,0.0064498790647675155,0.011874369982588982,0.039371136791185125,0.04582101585595267,0.08556554955749443,0.17143869296905656,0.25094944453510154,0.6185340335679227,0.6992784872998632
CREMA-D,raw_mixer_ensemble,gaussian,audio,0.25,7442,3,0.640150497178178,0.6382092691100395,0.9650598373622821,0.48688575016017505,0.05521848858201049,0.007793603869927447,0.012341152350342754,0.03802741198602521,0.04582101585595265,0.08576060234192161,0.17112369870150115,0.2511155284766996,0.6179645551790914,0.7001779461855928
CREMA-D,raw_mixer_ensemble,gaussian,audio,0.5,7442,3,0.637597420048374,0.6357924975262951,0.97203304022911,0.49028325048107513,0.053030100816692724,0.007972767177282075,0.014226071642663164,0.03838573860073453,0.04635850577801661,0.08579639057242276,0.17113761666437674,0.2513237511734963,0.6162660102642192,0.701876919564053
CREMA-D,raw_mixer_ensemble,gaussian,audio,1.0,7442,3,0.6281017647585775,0.626743873527917,0.9963380945852278,0.5020179081188881,0.05168039608063643,0.009630027770312584,0.02189932411304135,0.038968019349637145,0.04859804711994979,0.08570060011426262,0.1713034371272014,0.2518073271866245,0.6097214378027423,0.6972020078618197
CREMA-D,raw_mixer_ensemble,gaussian,audio,2.0,7442,3,0.5936128280928066,0.5931627711878634,1.0782391298397098,0.5411694523207965,0.05568030096065244,0.01728925915972405,0.042420001025910196,0.03919197348383047,0.05648123264355457,0.08878071517490421,0.1708498001552489,0.25261299672930254,0.5858990334860048,0.695623516363945
CREMA-D,raw_mixer_ensemble,gaussian,visual,0.25,7442,3,0.6406431962734032,0.6388750109681393,0.9670077008494316,0.48772359964200823,0.05467090294036043,0.011287288363343122,0.014329150811666677,0.036683687180865315,0.047970975544208504,0.08525924789326744,0.1712924934243532,0.25140523632468903,0.6176333052997979,0.7018911372584411
CREMA-D,raw_mixer_ensemble,gaussian,visual,0.5,7442,3,0.6353130878796023,0.6335875179853139,0.97935135685115,0.49378188660077593,0.0530574800017635,0.011332079190181824,0.020529727060970136,0.03905760100331447,0.05038968019349631,0.08460998378809521,0.1706094101583948,0.2527450213939136,0.6153053284214676,0.7004409867113746
CREMA-D,raw_mixer_ensemble,gaussian,visual,1.0,7442,3,0.6170384305294275,0.6156705518514807,1.0231001610094037,0.5151952219322009,0.05281710321545693,0.01496013616411359,0.041494930982803255,0.03869927438860516,0.05365941055271874,0.0826936119762408,0.16936034272912684,0.2577800457755009,0.6070596370433892,0.6885931215999351
CREMA-D,raw_mixer_ensemble,gaussian,visual,2.0,7442,3,0.5686195467168323,0.5681455653937464,1.1550777240764023,0.5775369288716639,0.061326514163650925,0.029203619098808496,0.09688909726256932,0.03408581922422283,0.0632894383230314,0.08111063275737515,0.16595906865051607,0.2734632331760812,0.582474789533053,0.6632543157786365
CREMA-D,raw_mixer_ensemble,mask,audio,0.25,7442,3,0.6213831407327779,0.6207645347877045,1.012602857494508,0.5097894961698399,0.0542285683203008,0.009585236943473945,0.014997541044792728,0.03690764131505862,0.0464928782585326,0.08187053080347498,0.16385532361153665,0.2476238247117592,0.6353628717848107,0.6889366537361711
CREMA-D,raw_mixer_ensemble,mask,audio,0.5,7442,3,0.5801307892143689,0.5787154929057752,1.1072943836869726,0.5559186887980951,0.04699520031087851,0.0012541431514825512,0.0007986878020291811,0.045865806682791325,0.04711994983427388,0.0931788787394588,0.162348607860884,0.23732723857802665,0.6521899100113735,0.657268040505173
CREMA-D,raw_mixer_ensemble,mask,audio,0.75,7442,3,0.49699901460180956,0.4822754963703477,1.2736415732486759,0.6343732317197908,0.055427241522805766,-0.026337006181134083,-0.03292525254045132,0.07121741467347484,0.04488040849234072,0.12581466384212686,0.17153896676853841,0.21652217293369247,0.6715071380170434,0.6013702927994663
CREMA-D,raw_mixer_ensemble,mask,visual,0.25,7442,3,0.6400609155245006,0.6383185418602272,0.9687808496538994,0.48792744270489946,0.057041963863883216,0.008241512138314058,0.010987732579799287,0.041117979037892986,0.049359491176207054,0.08761917190676487,0.18003590806182712,0.23059526088323087,0.631436573415741,0.7018267091988878
CREMA-D,raw_mixer_ensemble,mask,visual,0.5,7442,3,0.6325808474424438,0.6308032124509324,0.9999240239835027,0.5023277893538742,0.0660161325648129,0.004703036818059637,0.0030513277705677085,0.0488220012541431,0.05352503807220279,0.0962483281234462,0.19479121898655438,0.20436318209297197,0.646605821020189,0.6906492873351922
CREMA-D,raw_mixer_ensemble,mask,visual,0.75,7442,3,0.5957179969542238,0.5912794980414293,1.0854312521758007,0.5450203898412211,0.06556895951248456,-0.013840365493146932,-0.013849963389405816,0.06624563289438316,0.052405267401236195,0.11605104580081071,0.21935483916538073,0.17096304400192197,0.6643099723954274,0.6622068090099648
MOSEI,A7_equal_ensemble,clean,none,0.0,3634,1,0.8414969730324711,0.8266960928992876,0.3549841046333313,0.2225166722482963,0.0105175810097729,-0.0019262520638415,0.0005809962749481,0.0049532195927352,0.0030269675288937,0.0085770078003406,0.2297857105731964,0.1357541531324386,0.4053254127502441,0.8443770678935445
MOSEI,A7_equal_ensemble,gaussian,audio,0.25,3634,3,0.8418638781874885,0.8272388210785819,0.35489969452222186,0.22245601310187466,0.009831658204177834,-0.0015593469088240335,0.0006000300248463667,0.0044945881489634664,0.0029352412401394,0.008611015354593533,0.23073616623878473,0.13568049172560373,0.4054112434387207,0.8430752235418459
MOSEI,A7_equal_ensemble,gaussian,audio,0.5,3634,3,0.8419556044762428,0.8273490235550871,0.3548819422721863,0.22245755173097467,0.009448282692633965,-0.0016510731975784,0.0006151696046193,0.0048614933039809,0.003210420106402433,0.008694342337548702,0.2320419549942016,0.13551057875156397,0.40571024020512897,0.8403931424479277
MOSEI,A7_equal_ensemble,gaussian,audio,1.0,3634,3,0.8433314988075582,0.829040616812032,0.35495345791180927,0.22254158085492176,0.008171732617920367,3.323947855784728e-17,0.0007308622201283334,0.0045863144377178006,0.0045863144377178006,0.009008289004365566,0.23727649450302118,0.13490361968676243,0.4068855245908101,0.841664952564726
MOSEI,A7_equal_ensemble,gaussian,audio,2.0,3634,3,0.8432397725188039,0.8289698520913592,0.3554837703704834,0.2229704635452366,0.0109569777416277,-0.0019262520638414,0.0010011196136474332,0.0052283984589983,0.0033021463951568007,0.010324226692318866,0.25510254502296437,0.13285638391971583,0.4115210771560669,0.8338286852956605
MOSEI,A7_equal_ensemble,gaussian,text,0.25,3634,3,0.842230783342506,0.8275984685049689,0.3582678536574046,0.2249976354093515,0.010772629082476233,0.0015593469088240667,0.00046731034914646664,0.003210420106402467,0.004769767015226534,0.008813440489272234,0.23056350151697785,0.13554751873016352,0.4058760503927867,0.8405996797796784
MOSEI,A7_equal_ensemble,gaussian,text,0.5,3634,3,0.83810310034856,0.8229233526476338,0.36651454369227093,0.23110580580374013,0.0149577133449102,0.0011007154650521666,0.00033300121625259995,0.004035956705191667,0.0051366721702439675,0.009297157016893168,0.22949209809303278,0.13491264482339219,0.40775219599405915,0.8344097896896064
MOSEI,A7_equal_ensemble,gaussian,text,1.0,3634,3,0.8213171895065126,0.8044863134436288,0.3975543677806854,0.2533125878493984,0.0328353132223606,0.00027517886626310004,-0.0009799798329670666,0.004035956705191667,0.004311135571454733,0.011687788491447733,0.2326464901367823,0.1328087151050567,0.4137959877649943,0.8248347897602653
MOSEI,A7_equal_ensemble,gaussian,text,2.0,3634,3,0.7760961291506145,0.7542174653343903,0.50223109126091,0.322668079833914,0.07883921553182764,0.00018345257750870003,-0.006902039051055867,0.005778756191524434,0.005962208769033167,0.0206153827408949,0.23893674214680985,0.12802690764268235,0.4299701750278473,0.7868948073568532
MOSEI,A7_equal_ensemble,gaussian,vision,0.25,3634,3,0.8414969730324711,0.8269181321029796,0.3548932373523712,0.22241762638187362,0.010028168036945966,-0.0023848835076132665,0.0005659560362497667,0.004953219592735233,0.002568336085121967,0.008642886765301167,0.23115781446297964,0.1357146253188451,0.40553239981333417,0.8395002273253115
MOSEI,A7_equal_ensemble,gaussian,vision,0.5,3634,3,0.8420473307649973,0.827519432205314,0.3548610508441925,0.22235494858730961,0.0089456113275749,-0.002384883507613233,0.0005566775798797334,0.005228398458998334,0.002843514951385,0.008719128246108633,0.2308594832817713,0.1356238424777984,0.40588971972465515,0.8400459381931904
MOSEI,A7_equal_ensemble,gaussian,vision,1.0,3634,3,0.842505962208769,0.8281302022858671,0.3550318976243337,0.22240569112876976,0.0083175393293328,-0.0006420840212804334,0.00046442945798234956,0.0051366721702439675,0.0044945881489634664,0.009123559730748299,0.23262737194697058,0.1352959175904591,0.4071749846140544,0.8393890353897903
MOSEI,A7_equal_ensemble,gaussian,vision,2.0,3634,3,0.842230783342506,0.8281566070268613,0.3562542994817098,0.22309326946733593,0.008205586645586066,-0.0014676206200697,4.5150518417366665e-05,0.006053935057787533,0.004586314437717767,0.010825065895914966,0.24267597993214926,0.13407675425211585,0.41217947999636323,0.8405527127249077
MOSEI,A7_equal_ensemble,mask,audio,0.25,3634,3,0.8413135204549624,0.8266373182925906,0.3552710711956024,0.2227429810174857,0.0100052951836975,-0.0015593469088240335,0.0005408525466918334,0.005320124747752634,0.0037607778389286005,0.0082859980563322,0.2276819795370102,0.135666345556577,0.404240479071935,0.8383676583141088
MOSEI,A7_equal_ensemble,mask,audio,0.5,3634,3,0.8421390570537516,0.8276293651768908,0.3556891878445943,0.2230034045155066,0.009019762206528033,-0.0005503577325262001,0.0004913608233133333,0.0044945881489634664,0.0039442304164373,0.008045297426482,0.22533914446830744,0.13568196197350815,0.4032641649246216,0.8331017917608191
MOSEI,A7_equal_ensemble,mask,audio,0.75,3634,3,0.8429645936525408,0.8285609606724172,0.3557725250720978,0.2230861096404842,0.007520223911520166,0.0019262520638413999,0.0005215009053548,0.0029352412401393666,0.004861493303980867,0.007788673353691833,0.22412943343321473,0.13562874992688498,0.40261434515317274,0.8360167997954524
MOSEI,A7_equal_ensemble,mask,text,0.25,3634,3,0.8349844065309118,0.816605037386057,0.37106207013130177,0.2339153696176806,0.014397153940097534,-0.0004586314437716667,0.0009915331999460334,0.005228398458998299,0.0047697670152265,0.009076718240976268,0.25400304794311523,0.13033574819564817,0.4148040811220804,0.8250172409753844
MOSEI,A7_equal_ensemble,mask,text,0.5,3634,3,0.8103100348559897,0.7813747112938088,0.4100327491760254,0.26165179917288994,0.032272387334915935,-0.0029352412401393332,0.00042886535326633324,0.007888460832874667,0.004953219592735233,0.010953536878029467,0.3000889718532562,0.1240359743436177,0.42374389370282484,0.7989803409158273
MOSEI,A7_equal_ensemble,mask,text,0.75,3634,3,0.7483030636580444,0.6788406152280667,0.49602951606114704,0.3273515367588889,0.04863370298092743,-0.005411851036507067,-0.0011699895064035334,0.011557512383048932,0.0061456613465418666,0.0150504922494292,0.3703368107477824,0.11657096445560453,0.4249378740787506,0.7462599127865623
MOSEI,A7_equal_ensemble,mask,vision,0.25,3634,3,0.8423225096312603,0.8278899224967227,0.3550212581952413,0.22240159153148745,0.008571960476205334,-0.0003669051550173999,0.0007824500401814,0.0045863144377178006,0.0042194092827004,0.007942096951107166,0.22748119632403047,0.135633036494255,0.40380526582400006,0.8400519247722894
MOSEI,A7_equal_ensemble,mask,vision,0.5,3634,3,0.8421390570537516,0.8277692714702425,0.35546134908994037,0.22265583890417107,0.009567394767894833,-0.0004586314437717333,0.0009275972843169666,0.004311135571454767,0.0038525041276829,0.007376139207432634,0.2236616462469101,0.13541311025619504,0.4026261568069458,0.8362958676263648
MOSEI,A7_equal_ensemble,mask,vision,0.75,3634,3,0.8425976884975234,0.8284377126449,0.3563115696112314,0.22312849363620263,0.008770039203603834,-0.00018345257750873334,0.0009018878142038335,0.0034855989726655,0.0033021463951568,0.007075245336939834,0.2225967645645141,0.1351139992475509,0.4016156593958537,0.8314253984777412
MOSEI,A8_safe_fallback,clean,none,0.0,3634,1,0.841221794166208,0.827205234298148,0.3563065745346431,0.22338883617817507,0.018002533541505,-0.0022014309301046004,-0.0007414736263637,0.007980187121629,0.0057787561915244,0.0180659789933339,0.2297857105731964,0.1357541531324386,0.4053254127502441,0.8443770678935445
MOSEI,A8_safe_fallback,gaussian,audio,0.25,3634,3,0.8415886993212255,0.8275258610323796,0.3562410807024712,0.22334756086432117,0.018867544658873633,-0.0018345257750871002,-0.0007413561554028333,0.007980187121629035,0.0061456613465418666,0.018078529687958603,0.23073616623878473,0.13568049172560373,0.4054112434387207,0.8430752235418459
MOSEI,A8_safe_fallback,gaussian,audio,0.5,3634,3,0.8417721518987342,0.8276665119831332,0.3562621756923807,0.22337668737209254,0.01651256928798023,-0.0018345257750871334,-0.0007650638155751,0.007980187121629,0.0061456613465418666,0.01813719330186503,0.2320419549942016,0.13551057875156397,0.40571024020512897,0.8403931424479277
MOSEI,A8_safe_fallback,gaussian,audio,1.0,3634,3,0.8423225096312603,0.828305072204014,0.35636273135340896,0.223501106068001,0.011669419597236167,-0.0010089891762979336,-0.0006784112214713333,0.007429829389102868,0.006420840212804966,0.018235110431304068,0.23727649450302118,0.13490361968676243,0.4068855245908101,0.841664952564726
MOSEI,A8_safe_fallback,gaussian,audio,2.0,3634,3,0.842505962208769,0.8285248925000325,0.3570529207164444,0.22406221196011145,0.010650621315177302,-0.0026600623738763,-0.0005680307323135333,0.008805723720418233,0.0061456613465418666,0.018909258828025265,0.25510254502296437,0.13285638391971583,0.4115210771560669,0.8338286852956605
MOSEI,A8_safe_fallback,gaussian,text,0.25,3634,3,0.841221794166208,0.826847662489057,0.35978508433055445,0.22590655327803447,0.0134916297651829,0.0005503577325261334,-0.0010499203240033666,0.0057787561915244,0.006329113924050566,0.018490186978479664,0.23056350151697785,0.13554751873016352,0.4058760503927867,0.8405996797796784
MOSEI,A8_safe_fallback,gaussian,text,0.5,3634,3,0.8387451843698404,0.8241173064624344,0.3683750888602622,0.23212606992732324,0.018235565689195002,0.0017427994863327334,-0.0015275439517386667,0.006512566501559267,0.0082553659878921,0.019630991656201267,0.22949209809303278,0.13491264482339219,0.40775219599405915,0.8344097896896064
MOSEI,A8_safe_fallback,gaussian,text,1.0,3634,3,0.8203082003302147,0.8037855251335474,0.4005039322398156,0.254568570015722,0.03451810112875403,-0.0007338103100349,-0.0039295442920973325,0.008530544854155168,0.0077967345441203005,0.02424064139168713,0.2326464901367823,0.1328087151050567,0.4137959877649943,0.8248347897602653
MOSEI,A8_safe_fallback,gaussian,text,2.0,3634,3,0.7768299394606494,0.755504170376752,0.5098966176070161,0.3251028211307583,0.08335732396925709,0.0009172628875435333,-0.014567565397161898,0.011924417538066369,0.012841680425609932,0.0409364754833713,0.23893674214680985,0.12802690764268235,0.4299701750278473,0.7868948073568532
MOSEI,A8_safe_fallback,gaussian,vision,0.25,3634,3,0.8423225096312603,0.828304644050429,0.3561824198446901,0.22325409420961084,0.016244121808197166,-0.0015593469088239999,-0.0007232264560690334,0.007980187121629,0.006420840212804934,0.0180933169375752,0.23115781446297964,0.1357146253188451,0.40553239981333417,0.8395002273253115
MOSEI,A8_safe_fallback,gaussian,vision,0.5,3634,3,0.8419556044762428,0.827925445615225,0.35611378132142385,0.22315523905783977,0.015044890301773165,-0.0024766097963676,-0.0006960528973515666,0.008438818565400833,0.005962208769033133,0.018146856297495465,0.2308594832817713,0.1356238424777984,0.40588971972465515,0.8400459381931904
MOSEI,A8_safe_fallback,gaussian,vision,1.0,3634,3,0.8416804256099798,0.8277334656756468,0.3561921861131809,0.22314007222413818,0.014142012139636067,-0.0014676206200696666,-0.0006958590308647332,0.007888460832874667,0.006420840212804932,0.018362190366015236,0.23262737194697058,0.1352959175904591,0.4071749846140544,0.8393890353897903
MOSEI,A8_safe_fallback,gaussian,vision,2.0,3634,3,0.8420473307649973,0.8283476411122268,0.3572256692380357,0.22369558474508566,0.011296007362006333,-0.0016510731975784335,-0.0009262192379085334,0.008622271142909501,0.006971197945331101,0.019457054167730765,0.24267597993214926,0.13407675425211585,0.41217947999636323,0.8405527127249077
MOSEI,A8_safe_fallback,mask,audio,0.25,3634,3,0.8407631627224362,0.8265573446558276,0.3565466206003068,0.22359000472392804,0.016193299949883434,-0.0021097046413502,-0.0007346968580123999,0.008530544854155168,0.006420840212804932,0.0179843371485621,0.2276819795370102,0.135666345556577,0.404240479071935,0.8383676583141088
MOSEI,A8_safe_fallback,mask,audio,0.5,3634,3,0.8417721518987342,0.8277453130000786,0.35696243279675804,0.22385794510751345,0.013594174207924633,-0.0009172628875435666,-0.0007818841288503332,0.007429829389102868,0.006512566501559334,0.017931044928985767,0.22533914446830744,0.13568196197350815,0.4032641649246216,0.8331017917608191
MOSEI,A8_safe_fallback,mask,audio,0.75,3634,3,0.8419556044762428,0.8280037683562054,0.3570505404412295,0.22393790190183366,0.0114799582927933,0.0009172628875434666,-0.0007565144637769666,0.0061456613465419,0.007062924234085433,0.017877892556373433,0.22412943343321473,0.13562874992688498,0.40261434515317274,0.8360167997954524
MOSEI,A8_safe_fallback,mask,text,0.25,3634,3,0.8357182168409466,0.8182783131762457,0.37072693117869115,0.23369480192282815,0.014792673763735763,0.00027517886626306665,0.0013266721525567,0.007705008255365933,0.007980187121629,0.0160302316487577,0.25400304794311523,0.13033574819564817,0.4148040811220804,0.8250172409753844
MOSEI,A8_safe_fallback,mask,text,0.5,3634,3,0.8134287286736379,0.7870005054781651,0.4074028982079216,0.25930654877480225,0.036793116711504634,0.0001834525775087667,0.0030587163213700998,0.009539534030453066,0.0097229866079618,0.014271777261320366,0.3000889718532562,0.1240359743436177,0.42374389370282484,0.7989803409158273
MOSEI,A8_safe_fallback,mask,text,0.75,3634,3,0.758484681709778,0.6999571795275241,0.4922516473954203,0.32271925520352635,0.0490480695563093,0.004769767015226567,0.002607879159323,0.009722986607961765,0.014492753623188366,0.014085466797673899,0.3703368107477824,0.11657096445560453,0.4249378740787506,0.7462599127865623
MOSEI,A8_safe_fallback,mask,vision,0.25,3634,3,0.8420473307649973,0.8280351526714174,0.3564307882671281,0.22333158233352288,0.0148498515111372,-0.0006420840212804334,-0.0006270800317053334,0.0072463768115942,0.006604292790313666,0.017774262035707665,0.22748119632403047,0.135633036494255,0.40380526582400006,0.8400519247722894
MOSEI,A8_safe_fallback,mask,vision,0.5,3634,3,0.8424142359200146,0.8285125824284939,0.3569293092113648,0.22360950677919958,0.012201959421138501,-0.0001834525775086999,-0.0005403628371073,0.0065125665015593,0.006329113924050599,0.017529428905631035,0.2236616462469101,0.13541311025619504,0.4026261568069458,0.8362958676263648
MOSEI,A8_safe_fallback,mask,vision,0.75,3634,3,0.8425976884975234,0.8285950826502202,0.3577166134416497,0.22403806957134978,0.0120291653076996,-0.00018345257750870011,-0.0005031560162142333,0.0056870299027701,0.005503577325261366,0.017351129970541966,0.2225967645645141,0.1351139992475509,0.4016156593958537,0.8314253984777412
MOSEI,confidence_shrink_ensemble,clean,none,0.0,3634,1,0.8423225096312603,0.827385530947647,0.3540355097903608,0.2219489183138231,0.0090225922621675,-0.0011007154650523002,0.0015295911179186,0.0063291139240506,0.0052283984589983,0.0124164591720922,0.2297857105731964,0.1357541531324386,0.4053254127502441,0.8443770678935445
MOSEI,confidence_shrink_ensemble,gaussian,audio,0.25,3634,3,0.8419556044762428,0.8268813572038186,0.3539314538769382,0.2218808527354859,0.008287133113722766,-0.0014676206200696334,0.0015682706701300334,0.006971197945331067,0.005503577325261366,0.012448624586625002,0.23073616623878473,0.13568049172560373,0.4054112434387207,0.8430752235418459
MOSEI,confidence_shrink_ensemble,gaussian,audio,0.5,3634,3,0.8426894147862778,0.8277873510868071,0.3539487363647984,0.22190784252465426,0.007093044486907634,-0.0009172628875436,0.0015483755120071336,0.007062924234085433,0.0061456613465418666,0.012578192046773533,0.2320419549942016,0.13551057875156397,0.40571024020512897,0.8403931424479277
MOSEI,confidence_shrink_ensemble,gaussian,audio,1.0,3634,3,0.8428728673637864,0.8279473952100319,0.35413817724166224,0.22206477080908182,0.0059998598061391335,-0.00045863144377176676,0.0015461428902753,0.007796734544120334,0.0073381031003485,0.013124753824840567,0.23727649450302118,0.13490361968676243,0.4068855245908101,0.841664952564726
MOSEI,confidence_shrink_ensemble,gaussian,audio,2.0,3634,3,0.8432397725188039,0.8284907754529699,0.3550119406797717,0.22276893358442496,0.007324311262041,-0.0019262520638414667,0.0014729493043590335,0.008989176297926968,0.007062924234085434,0.015264734665074532,0.25510254502296437,0.13285638391971583,0.4115210771560669,0.8338286852956605
MOSEI,confidence_shrink_ensemble,gaussian,text,0.25,3634,3,0.8406714364336819,0.8255318858389908,0.35724156008309016,0.2244092156996947,0.0093566305419199,6.671318138249313e-17,0.0014936039234609,0.006879471656576733,0.006879471656576733,0.012590871444080734,0.23056350151697785,0.13554751873016352,0.4058760503927867,0.8405996797796784
MOSEI,confidence_shrink_ensemble,gaussian,text,0.5,3634,3,0.8381948266373143,0.8227230485146705,0.36532525851999315,0.23036818818495353,0.0136506935316567,0.0011924417538065,0.0015222863885303334,0.006329113924050601,0.007521555677857233,0.013130254642079866,0.22949209809303278,0.13491264482339219,0.40775219599405915,0.8344097896896064
MOSEI,confidence_shrink_ensemble,gaussian,text,1.0,3634,3,0.8211337369290038,0.8037527006633262,0.39546944033347875,0.25208934465950483,0.028037549485122933,9.172628875433335e-05,0.0011049476142395336,0.007521555677857233,0.0076132819666115655,0.0152983276578132,0.2326464901367823,0.1328087151050567,0.4137959877649943,0.8248347897602653
MOSEI,confidence_shrink_ensemble,gaussian,text,2.0,3634,3,0.7762795817281233,0.7537116691675845,0.4951703493356672,0.31910491987803447,0.07279535262426307,0.0003669051550174667,0.0001587028741868333,0.00926435516419,0.009631260319207467,0.0223540232912985,0.23893674214680985,0.12802690764268235,0.4299701750278473,0.7868948073568532
MOSEI,confidence_shrink_ensemble,gaussian,vision,0.25,3634,3,0.8421390570537516,0.8271640641663117,0.3539543552260001,0.22185341805941844,0.008591145365380132,-0.0017427994863327668,0.0015048381626208667,0.007062924234085434,0.005320124747752634,0.012493553149848666,0.23115781446297964,0.1357146253188451,0.40553239981333417,0.8395002273253115
MOSEI,confidence_shrink_ensemble,gaussian,vision,0.5,3634,3,0.8420473307649973,0.8270945873632314,0.35396529428175205,0.22180858612455112,0.008800380365434034,-0.0023848835076132665,0.0014524341423201668,0.008163639699137734,0.005778756191524434,0.012633552397280333,0.2308594832817713,0.1356238424777984,0.40588971972465515,0.8400459381931904
MOSEI,confidence_shrink_ensemble,gaussian,vision,1.0,3634,3,0.8415886993212255,0.8267453813716462,0.3543489645500042,0.22199547238046582,0.009629575355534933,-0.001559346908824033,0.0011473625323118,0.008438818565400802,0.006879471656576733,0.013280897673919401,0.23262737194697058,0.1352959175904591,0.4071749846140544,0.8393890353897903
MOSEI,confidence_shrink_ensemble,gaussian,vision,2.0,3634,3,0.8408548890111907,0.8263888093407026,0.3561987457616317,0.22315476075815804,0.010668302446202432,-0.002843514951385,0.0001007042384954,0.010181618051733567,0.0073381031003485,0.015896469681907867,0.24267597993214926,0.13407675425211585,0.41217947999636323,0.8405527127249077
MOSEI,confidence_shrink_ensemble,mask,audio,0.25,3634,3,0.8411300678774537,0.8260490123322712,0.3542681780892752,0.22215424367460251,0.008559306781143966,-0.0017427994863327668,0.0015437456530190666,0.007521555677857233,0.005778756191524466,0.0118365715576839,0.2276819795370102,0.135666345556577,0.404240479071935,0.8383676583141088
MOSEI,confidence_shrink_ensemble,mask,audio,0.5,3634,3,0.8405797101449275,0.8255907863102911,0.35474270569026267,0.22244259570082595,0.0093849611792156,-0.0021097046413502004,0.0014378429776449,0.0073381031003485,0.0052283984589983,0.011408991465789166,0.22533914446830744,0.13568196197350815,0.4032641649246216,0.8331017917608191
MOSEI,confidence_shrink_ensemble,mask,audio,0.75,3634,3,0.8423225096312603,0.8275684023620404,0.35485400973179343,0.22252435071895474,0.006345523352745468,0.001284168042560933,0.0014400162456590666,0.005503577325261367,0.006787745367822367,0.0109605706477848,0.22412943343321473,0.13562874992688498,0.40261434515317274,0.8360167997954524
MOSEI,confidence_shrink_ensemble,mask,text,0.25,3634,3,0.8333333333333334,0.8141191884574336,0.37169553262464927,0.23445797579610222,0.014945277725607164,-0.0021097046413501666,0.00035807070659860004,0.009998165474224868,0.007888460832874632,0.014267858738342267,0.25400304794311523,0.13033574819564817,0.4148040811220804,0.8250172409753844
MOSEI,confidence_shrink_ensemble,mask,text,0.5,3634,3,0.8086589616584113,0.7781251282026505,0.41306247924758427,0.2640867007141476,0.03170028972273867,-0.004586314437717767,-0.0026008647182925336,0.013392038158136067,0.0088057237204182,0.017855260487130667,0.3000889718532562,0.1240359743436177,0.42374389370282484,0.7989803409158273
MOSEI,confidence_shrink_ensemble,mask,text,0.75,3634,3,0.7442671069528527,0.6708781049452696,0.5000173026637326,0.33085520365378224,0.04903139991960023,-0.009447807741698734,-0.005157776108989067,0.01944597321592364,0.009998165474224868,0.02267956161476613,0.3703368107477824,0.11657096445560453,0.4249378740787506,0.7462599127865623
MOSEI,confidence_shrink_ensemble,mask,vision,0.25,3634,3,0.8414969730324711,0.8265736059675496,0.35381609180441725,0.22164316299956727,0.0123630669182971,-0.0011924417538065667,0.0019876164310054,0.007246376811594167,0.0060539350577875,0.011381202535395867,0.22748119632403047,0.135633036494255,0.40380526582400006,0.8400519247722894
MOSEI,confidence_shrink_ensemble,mask,vision,0.5,3634,3,0.8417721518987342,0.8270062580908272,0.3541302930639162,0.2217909034104258,0.013160546229297633,-0.0008255365987891333,0.0022586533103411332,0.006787745367822367,0.005962208769033167,0.010553060892286269,0.2236616462469101,0.13541311025619504,0.4026261568069458,0.8362958676263648
MOSEI,confidence_shrink_ensemble,mask,vision,0.75,3634,3,0.8426894147862778,0.8280297581798161,0.35500054666467784,0.22228936935730337,0.009189131283497434,-9.172628875433329e-05,0.0022129107607574334,0.006329113924050566,0.0062373876352962345,0.010080130889098567,0.2225967645645141,0.1351139992475509,0.4016156593958537,0.8314253984777412
MOSEI,entropy_shrink_ensemble,clean,none,0.0,3634,1,0.8439735828288387,0.829967007223158,0.3548327684402466,0.2224881316451185,0.0079711258542622,0.000550357732526,0.0007323324680328,0.0,0.0005503577325261,0.0036109003704041,0.2297857105731964,0.1357541531324386,0.4053254127502441,0.8443770678935445
MOSEI,entropy_shrink_ensemble,gaussian,audio,0.25,3634,3,0.8436984039625757,0.8297159363694236,0.35475197434425354,0.2224332184332386,0.008541551063397965,0.0002751788662630667,0.0007477502028147,0.0,0.00027517886626303337,0.0036202040500938333,0.23073616623878473,0.13568049172560373,0.4054112434387207,0.8430752235418459
MOSEI,entropy_shrink_ensemble,gaussian,audio,0.5,3634,3,0.8436066776738214,0.8296450514353166,0.354737788438797,0.22242850311500365,0.008006222689617534,-3.333113153181194e-17,0.0007593234380085667,0.0003669051550174,0.00036690515501739996,0.0036616064608096664,0.2320419549942016,0.13551057875156397,0.40571024020512897,0.8403931424479277
MOSEI,entropy_shrink_ensemble,gaussian,audio,1.0,3634,3,0.8434232250963126,0.8296207685114911,0.35488030314445496,0.22253333399841968,0.007791281807118601,9.172628875433335e-05,0.0008040169874826667,0.0004586314437717333,0.0005503577325260999,0.0038163835803667,0.23727649450302118,0.13490361968676243,0.4068855245908101,0.841664952564726
MOSEI,entropy_shrink_ensemble,gaussian,audio,2.0,3634,3,0.8445239405613649,0.8308945963532536,0.35549041628837585,0.22295932658263978,0.007305041100427267,-0.0006420840212804334,0.0009944736957549667,0.0009172628875435001,0.000275178866263,0.004401404721041499,0.25510254502296437,0.13285638391971583,0.4115210771560669,0.8338286852956605
MOSEI,entropy_shrink_ensemble,gaussian,text,0.25,3634,3,0.8410383415886993,0.826745940742164,0.3580095171928406,0.22495879097992305,0.009735547491354201,0.0003669051550173667,0.0007256468137104668,0.00027517886626303337,0.0006420840212804666,0.003677640110254233,0.23056350151697785,0.13554751873016352,0.4058760503927867,0.8405996797796784
MOSEI,entropy_shrink_ensemble,gaussian,text,0.5,3634,3,0.8371858374610164,0.822500612480516,0.3661759297053019,0.231082539749296,0.012822648813431,0.0001834525775086667,0.0006716152032216,0.00045863144377176666,0.0006420840212804334,0.0038775869179516332,0.22949209809303278,0.13491264482339219,0.40775219599405915,0.8344097896896064
MOSEI,entropy_shrink_ensemble,gaussian,text,1.0,3634,3,0.8212254632177582,0.8049239009480541,0.39608047405878705,0.2528050622638052,0.026481595537549172,0.0001834525775086667,0.0004939138889312333,0.000275178866263,0.0004586314437717333,0.004638571913043634,0.2326464901367823,0.1328087151050567,0.4137959877649943,0.8248347897602653
MOSEI,entropy_shrink_ensemble,gaussian,text,2.0,3634,3,0.7762795817281233,0.7555581517843356,0.49521342913309735,0.3198912061188867,0.06996575832213854,0.00036690515501743335,0.00011562307675676667,0.0007338103100348333,0.0011007154650522,0.007442187362660901,0.23893674214680985,0.12802690764268235,0.4299701750278473,0.7868948073568532
MOSEI,entropy_shrink_ensemble,gaussian,vision,0.25,3634,3,0.8439735828288387,0.8299081741107492,0.35474761327107746,0.22239885751303523,0.008236910942125133,9.172628875433335e-05,0.0007115801175435001,0.0004586314437717333,0.0005503577325260999,0.003627019701525533,0.23115781446297964,0.1357146253188451,0.40553239981333417,0.8395002273253115
MOSEI,entropy_shrink_ensemble,gaussian,vision,0.5,3634,3,0.8439735828288387,0.8300251403004356,0.3547337353229522,0.22234863095859755,0.008444829957897634,-0.0004586314437717333,0.0006839931011199333,0.0008255365987891667,0.00036690515501739996,0.0036717287730425327,0.2308594832817713,0.1356238424777984,0.40588971972465515,0.8400459381931904
MOSEI,entropy_shrink_ensemble,gaussian,vision,1.0,3634,3,0.8433314988075582,0.8294715831565924,0.35489089290301007,0.22236881826644803,0.006859916844426533,0.00018345257750876666,0.0006054341793059999,0.0001834525775087,0.00036690515501736667,0.003853658369431867,0.23262737194697058,0.1352959175904591,0.4071749846140544,0.8393890353897903
MOSEI,entropy_shrink_ensemble,gaussian,vision,2.0,3634,3,0.84379013025133,0.8300193451503415,0.3559069633483886,0.22289395297356887,0.005939111242030067,9.172628875433335e-05,0.00039248665173844543,0.0006420840212804334,0.0007338103100348333,0.004586368178327833,0.24267597993214926,0.13407675425211585,0.41217947999636323,0.8405527127249077
MOSEI,entropy_shrink_ensemble,mask,audio,0.25,3634,3,0.8431480462300496,0.8292529265879247,0.3550561765829722,0.222677446125296,0.0062616960900875995,0.000275178866263,0.0007557471593220333,0.00027517886626303337,0.0005503577325261,0.003465901051337467,0.2276819795370102,0.135666345556577,0.404240479071935,0.8383676583141088
MOSEI,entropy_shrink_ensemble,mask,audio,0.5,3634,3,0.8427811410750321,0.8289312299413257,0.3555177052815755,0.22299676812983255,0.005865010498335867,9.172628875430001e-05,0.0006628433863321334,0.0005503577325260999,0.0006420840212804667,0.0034007794068505004,0.22533914446830744,0.13568196197350815,0.4032641649246216,0.8331017917608191
MOSEI,entropy_shrink_ensemble,mask,audio,0.75,3634,3,0.8416804256099798,0.8277334986657683,0.35565638542175293,0.22312235786979448,0.006689961875956767,0.0006420840212804334,0.0006376405556996333,0.00045863144377176666,0.0011007154650522332,0.0032878467657912994,0.22412943343321473,0.13562874992688498,0.40261434515317274,0.8360167997954524
MOSEI,entropy_shrink_ensemble,mask,text,0.25,3634,3,0.8357182168409466,0.8183015609356984,0.3715509275595347,0.2341191617603921,0.018041083461056,0.00027517886626306665,0.0005026757717132334,0.0004586314437717333,0.0007338103100348,0.0035468228937437,0.25400304794311523,0.13033574819564817,0.4148040811220804,0.8250172409753844
MOSEI,entropy_shrink_ensemble,mask,text,0.5,3634,3,0.8132452760961292,0.7861610000259341,0.4101199110349019,0.261080941623967,0.03994631785861807,0.0,0.00034170349438983333,0.0008255365987891667,0.0008255365987891667,0.0035156654193997006,0.3000889718532562,0.1240359743436177,0.42374389370282484,0.7989803409158273
MOSEI,entropy_shrink_ensemble,mask,text,0.75,3634,3,0.752063841496973,0.6873736224960821,0.4943895439306894,0.3250835963436274,0.05060415332130587,-0.0016510731975784,0.0004699826240539,0.001834525775087067,0.0001834525775086667,0.0038762657592693664,0.3703368107477824,0.11657096445560453,0.4249378740787506,0.7462599127865623
MOSEI,entropy_shrink_ensemble,mask,vision,0.25,3634,3,0.8434232250963126,0.8297552063965742,0.35498393575350445,0.2224893691821606,0.009291599904959398,0.0007338103100348333,0.0008197724819182667,0.0001834525775086667,0.0009172628875435001,0.003349077655002433,0.22748119632403047,0.135633036494255,0.40380526582400006,0.8400519247722894
MOSEI,entropy_shrink_ensemble,mask,vision,0.5,3634,3,0.8425976884975234,0.8289634314424587,0.3555120329062144,0.22279751708213696,0.009803225181229967,6.667244672739772e-17,0.0008769134680429334,0.0001834525775086667,0.0001834525775087,0.0031388953793793006,0.2236616462469101,0.13541311025619504,0.4026261568069458,0.8362958676263648
MOSEI,entropy_shrink_ensemble,mask,vision,0.75,3634,3,0.8428728673637864,0.8293302127802082,0.3563207685947418,0.2232362661533798,0.009277462598446834,9.172628875436667e-05,0.0008926888306935,0.0001834525775086667,0.00027517886626306665,0.0030212240138401,0.2225967645645141,0.1351139992475509,0.4016156593958537,0.8314253984777412
MOSEI,full_ensemble,clean,none,0.0,3634,1,0.8434232250963126,0.8294259122153227,0.3555651009082794,0.2229499376688748,0.0053901142088607,0.0,0.0,0.0,0.0,0.0,0.2297857105731964,0.1357541531324386,0.4053254127502441,0.8443770678935445
MOSEI,full_ensemble,gaussian,audio,0.25,3634,3,0.8434232250963126,0.8294453489265597,0.3554997245470683,0.22289787435478883,0.005853782485677766,0.0,0.0,0.0,0.0,0.0,0.23073616623878473,0.13568049172560373,0.4054112434387207,0.8430752235418459
MOSEI,full_ensemble,gaussian,audio,0.5,3634,3,0.8436066776738214,0.829722988867518,0.3554971118768056,0.22288963697150788,0.006074083784133434,0.0,0.0,0.0,0.0,0.0,0.2320419549942016,0.13551057875156397,0.40571024020512897,0.8403931424479277
MOSEI,full_ensemble,gaussian,audio,1.0,3634,3,0.8433314988075582,0.8296273537227912,0.3556843201319377,0.22299401762829368,0.008240397906788901,0.0,0.0,0.0,0.0,0.0,0.23727649450302118,0.13490361968676243,0.4068855245908101,0.841664952564726
MOSEI,full_ensemble,gaussian,audio,2.0,3634,3,0.8451660245826453,0.8316975437393037,0.35648488998413086,0.22345098297660032,0.009262415049951267,0.0,0.0,0.0,0.0,0.0,0.25510254502296437,0.13285638391971583,0.4115210771560669,0.8338286852956605
MOSEI,full_ensemble,gaussian,text,0.25,3634,3,0.8406714364336819,0.8264262754407355,0.3587351640065511,0.2254060819175569,0.008730494217180633,0.0,0.0,0.0,0.0,0.0,0.23056350151697785,0.13554751873016352,0.4058760503927867,0.8405996797796784
MOSEI,full_ensemble,gaussian,text,0.5,3634,3,0.8370023848835076,0.8224034896613984,0.36684754490852356,0.23149517886853616,0.012010233639752234,0.0,0.0,0.0,0.0,0.0,0.22949209809303278,0.13491264482339219,0.40775219599405915,0.8344097896896064
MOSEI,full_ensemble,gaussian,text,1.0,3634,3,0.8210420106402495,0.8047937423273009,0.3965743879477183,0.2531390387061959,0.0253322885749843,0.0,0.0,0.0,0.0,0.0,0.2326464901367823,0.1328087151050567,0.4137959877649943,0.8248347897602653
MOSEI,full_ensemble,gaussian,text,2.0,3634,3,0.7759126765731058,0.7553286729623536,0.4953290522098541,0.3202192626078715,0.0692288413537224,0.0,0.0,0.0,0.0,0.0,0.23893674214680985,0.12802690764268235,0.4299701750278473,0.7868948073568532
MOSEI,full_ensemble,gaussian,vision,0.25,3634,3,0.8438818565400844,0.8298963357190744,0.35545919338862103,0.22284970494914907,0.005581789712384466,0.0,0.0,0.0,0.0,0.0,0.23115781446297964,0.1357146253188451,0.40553239981333417,0.8395002273253115
MOSEI,full_ensemble,gaussian,vision,0.5,3634,3,0.8444322142726105,0.8306310347071997,0.35541772842407227,0.22278352245072677,0.006280748357774501,0.0,0.0,0.0,0.0,0.0,0.2308594832817713,0.1356238424777984,0.40588971972465515,0.8400459381931904
MOSEI,full_ensemble,gaussian,vision,1.0,3634,3,0.8431480462300496,0.8293106112189842,0.3554963270823161,0.2227518395997388,0.004862968488868833,0.0,0.0,0.0,0.0,0.0,0.23262737194697058,0.1352959175904591,0.4071749846140544,0.8393890353897903
MOSEI,full_ensemble,gaussian,vision,2.0,3634,3,0.8436984039625757,0.8299870549040355,0.35629945000012714,0.22314258135588144,0.005360007603175901,0.0,0.0,0.0,0.0,0.0,0.24267597993214926,0.13407675425211585,0.41217947999636323,0.8405527127249077
MOSEI,full_ensemble,mask,audio,0.25,3634,3,0.8428728673637864,0.8290408732316562,0.3558119237422943,0.22314968966722648,0.005000435596342534,0.0,0.0,0.0,0.0,0.0,0.2276819795370102,0.135666345556577,0.404240479071935,0.8383676583141088
MOSEI,full_ensemble,mask,audio,0.5,3634,3,0.8426894147862778,0.8289187151041311,0.3561805486679077,0.22342424122174448,0.0048025357484861335,0.0,0.0,0.0,0.0,0.0,0.22533914446830744,0.13568196197350815,0.4032641649246216,0.8331017917608191
MOSEI,full_ensemble,mask,audio,0.75,3634,3,0.8410383415886993,0.8272013590053212,0.3562940259774526,0.22353007653293872,0.006153324556403101,0.0,0.0,0.0,0.0,0.0,0.22412943343321473,0.13562874992688498,0.40261434515317274,0.8360167997954524
MOSEI,full_ensemble,mask,text,0.25,3634,3,0.8354430379746836,0.8180776016657856,0.372053603331248,0.2343344413146508,0.019501364503381736,0.0,0.0,0.0,0.0,0.0,0.25400304794311523,0.13033574819564817,0.4148040811220804,0.8250172409753844
MOSEI,full_ensemble,mask,text,0.5,3634,3,0.8132452760961292,0.7864462061685985,0.4104616145292918,0.2610494714821141,0.04258037699272687,0.0,0.0,0.0,0.0,0.0,0.3000889718532562,0.1240359743436177,0.42374389370282484,0.7989803409158273
MOSEI,full_ensemble,mask,text,0.75,3634,3,0.7537149146945514,0.689977431895398,0.49485952655474347,0.324988914797917,0.0531922418510032,0.0,0.0,0.0,0.0,0.0,0.3703368107477824,0.11657096445560453,0.4249378740787506,0.7462599127865623
MOSEI,full_ensemble,mask,vision,0.25,3634,3,0.8426894147862778,0.8290538947515145,0.3558037082354228,0.2229918158221864,0.0077275012178478,0.0,0.0,0.0,0.0,0.0,0.22748119632403047,0.135633036494255,0.40380526582400006,0.8400519247722894
MOSEI,full_ensemble,mask,vision,0.5,3634,3,0.8425976884975234,0.8290018695884325,0.3563889463742574,0.22331874698013504,0.010032058122988567,0.0,0.0,0.0,0.0,0.0,0.2236616462469101,0.13541311025619504,0.4026261568069458,0.8362958676263648
MOSEI,full_ensemble,mask,vision,0.75,3634,3,0.8427811410750321,0.8292593419381197,0.35721345742543537,0.22373667247900125,0.007210775151906166,0.0,0.0,0.0,0.0,0.0,0.2225967645645141,0.1351139992475509,0.4016156593958537,0.8314253984777412
MOSEI,posterior_ensemble,clean,none,0.0,3634,1,0.8420473307649973,0.8268068607836416,0.3548387289047241,0.2226271634080293,0.0137269392109336,-0.0013758943313153,0.0007263720035552,0.0123830489818381,0.0110071546505228,0.0277431141585111,0.2297857105731964,0.1357541531324386,0.4053254127502441,0.8443770678935445
MOSEI,posterior_ensemble,gaussian,audio,0.25,3634,3,0.8427811410750321,0.8276730391130509,0.354794442653656,0.22260803058771386,0.012995219251427634,-0.0006420840212804999,0.0007052818934122334,0.012107870115575067,0.011465786094294566,0.027818163235982202,0.23073616623878473,0.13568049172560373,0.4054112434387207,0.8430752235418459
MOSEI,posterior_ensemble,gaussian,audio,0.5,3634,3,0.8419556044762428,0.8267164439067131,0.3548770546913147,0.22268709209977072,0.0137607862677755,-0.0016510731975783667,0.0006200571854908666,0.013392038158136034,0.011740964960557633,0.028104196613033535,0.2320419549942016,0.13551057875156397,0.40571024020512897,0.8403931424479277
MOSEI,posterior_ensemble,gaussian,audio,1.0,3634,3,0.8417721518987342,0.826307418236685,0.3553343117237091,0.223053387435345,0.013605448285979134,-0.0015593469088241332,0.0003500084082285,0.014401027334434033,0.012841680425609932,0.029234132419029835,0.23727649450302118,0.13490361968676243,0.4068855245908101,0.841664952564726
MOSEI,posterior_ensemble,gaussian,audio,2.0,3634,3,0.8427811410750321,0.8272152698232244,0.35718639691670734,0.22444193751347866,0.011596831159402667,-0.0023848835076132335,-0.0007015069325764334,0.015318290221977567,0.012933406714364267,0.033227685838937704,0.25510254502296437,0.13285638391971583,0.4115210771560669,0.8338286852956605
MOSEI,posterior_ensemble,gaussian,text,0.25,3634,3,0.8401210787011557,0.82453777737718,0.3581517239411672,0.22512057401357644,0.016428597835942402,-0.0005503577325261333,0.0005834400653838667,0.012566501559346866,0.012016143826820733,0.02802818330625687,0.23056350151697785,0.13554751873016352,0.4058760503927867,0.8405996797796784
MOSEI,posterior_ensemble,gaussian,text,0.5,3634,3,0.837369290038525,0.8214520328471097,0.36664607127507526,0.23127402026401167,0.018932424817822636,0.00036690515501736656,0.00020147363344825061,0.0122913226930838,0.012658227848101201,0.029132040217518765,0.22949209809303278,0.13491264482339219,0.40775219599405915,0.8344097896896064
MOSEI,posterior_ensemble,gaussian,text,1.0,3634,3,0.8210420106402495,0.8032188673223112,0.3980565071105957,0.25350540847401065,0.03633172867757813,3.340241717822889e-17,-0.0014821191628773332,0.012841680425609932,0.0128416804256099,0.03336931392550463,0.2326464901367823,0.1328087151050567,0.4137959877649943,0.8248347897602653
MOSEI,posterior_ensemble,gaussian,text,2.0,3634,3,0.7756374977068428,0.7518958716140434,0.501073956489563,0.3214044564042141,0.0814567793237902,-0.00027517886626306665,-0.005744904279708801,0.017427994863327797,0.0171528159970647,0.04631625364224113,0.23893674214680985,0.12802690764268235,0.4299701750278473,0.7868948073568532
MOSEI,posterior_ensemble,gaussian,vision,0.25,3634,3,0.8414969730324711,0.8262033431704057,0.3548259735107422,0.22254855579040875,0.014139098719574267,-0.0023848835076131997,0.0006332198778787999,0.013300311869381699,0.010915428361768434,0.027826692909002266,0.23115781446297964,0.1357146253188451,0.40553239981333417,0.8395002273253115
MOSEI,posterior_ensemble,gaussian,vision,0.5,3634,3,0.8419556044762428,0.8267573609512291,0.35497865080833435,0.2225747536893224,0.013556241087029068,-0.0024766097963676336,0.00043907761573783334,0.013942395890662202,0.011465786094294602,0.028047930449247298,0.2308594832817713,0.1356238424777984,0.40588971972465515,0.8400459381931904
MOSEI,posterior_ensemble,gaussian,vision,1.0,3634,3,0.8432397725188039,0.8284706136814497,0.3558256526788075,0.2229979196203649,0.011505333841710767,9.172628875440001e-05,-0.00032932559649147226,0.013392038158136067,0.013483764446890431,0.029124533757567368,0.23262737194697058,0.1352959175904591,0.4071749846140544,0.8393890353897903
MOSEI,posterior_ensemble,gaussian,vision,2.0,3634,3,0.8426894147862778,0.8283518582263565,0.3596707582473755,0.22538977257943013,0.013616164426938233,-0.0010089891762979,-0.0033713082472483,0.015043111355714501,0.014034122179416532,0.033835957447687734,0.24267597993214926,0.13407675425211585,0.41217947999636323,0.8405527127249077
MOSEI,posterior_ensemble,mask,audio,0.25,3634,3,0.8413135204549624,0.8259609235303808,0.3549308776855469,0.22276041269232924,0.014099123357217469,-0.0015593469088241,0.0008810460567474,0.012749954136855566,0.011190607228031467,0.026643975327412268,0.2276819795370102,0.135666345556577,0.404240479071935,0.8383676583141088
MOSEI,posterior_ensemble,mask,audio,0.5,3634,3,0.8413135204549624,0.8260019372422288,0.3552766541639964,0.2229200916231849,0.013789797344244467,-0.001375894331315367,0.0009038945039112667,0.012383048981838132,0.0110071546505228,0.025710925459861735,0.22533914446830744,0.13568196197350815,0.4032641649246216,0.8331017917608191
MOSEI,posterior_ensemble,mask,audio,0.75,3634,3,0.8423225096312603,0.8273648840971245,0.3552769919236501,0.22293666305264903,0.012386559587162635,0.0012841680425609001,0.0010170340538024334,0.010181618051733567,0.011465786094294602,0.024745404099424634,0.22412943343321473,0.13562874992688498,0.40261434515317274,0.8360167997954524
MOSEI,posterior_ensemble,mask,text,0.25,3634,3,0.8322326178682811,0.8122654647504025,0.3732062776883443,0.23623712506762032,0.011902819973813131,-0.003210420106402466,-0.0011526743570962998,0.016969363419556,0.0137589433131535,0.031813522179921394,0.25400304794311523,0.13033574819564817,0.4148040811220804,0.8250172409753844
MOSEI,posterior_ensemble,mask,text,0.5,3634,3,0.8059988992845349,0.7737261234144134,0.4161820709705353,0.2680196718686576,0.019078540519888568,-0.0072463768115941666,-0.005720456441243434,0.02302329847734357,0.015776921665749333,0.039382471392552,0.3000889718532562,0.1240359743436177,0.42374389370282484,0.7989803409158273
MOSEI,posterior_ensemble,mask,text,0.75,3634,3,0.7350027517886626,0.655806804492457,0.5046435991923014,0.3367660272920509,0.04159924291160383,-0.01871216290588873,-0.009784072637557933,0.03540634745918177,0.016694184553292933,0.0505133780340353,0.3703368107477824,0.11657096445560453,0.4249378740787506,0.7462599127865623
MOSEI,posterior_ensemble,mask,vision,0.25,3634,3,0.8433314988075582,0.8281533527205377,0.35425126552581787,0.2220604056955659,0.011847668723258766,0.0006420840212805667,0.0015524427096048332,0.011282333516785866,0.011924417538066365,0.025947749614715535,0.22748119632403047,0.135633036494255,0.40380526582400006,0.8400519247722894
MOSEI,posterior_ensemble,mask,vision,0.5,3634,3,0.8428728673637864,0.8276399088760709,0.35428134600321454,0.22201296095554512,0.011711768137601667,0.00027517886626303326,0.0021076003710428664,0.010731975784259733,0.011007154650522767,0.024574655418594632,0.2236616462469101,0.13541311025619504,0.4026261568069458,0.8362958676263648
MOSEI,posterior_ensemble,mask,vision,0.75,3634,3,0.8431480462300496,0.82782811374624,0.3553587198257446,0.2226782675032917,0.011125501219973867,0.0003669051550174333,0.0018547375996907,0.010456796917996633,0.010823702073014068,0.024024569739898003,0.2225967645645141,0.1351139992475509,0.4016156593958537,0.8314253984777412
MOSEI,raw_mixer_ensemble,clean,none,0.0,3634,1,0.8406714364336819,0.8252042073887249,0.3544448316097259,0.2223667822611304,0.0096714579934396,-0.0027517886626307,0.0011202692985534,0.011832691249312,0.009080902586681299,0.0178341064602136,0.2297857105731964,0.1357541531324386,0.4053254127502441,0.8443770678935445
MOSEI,raw_mixer_ensemble,gaussian,audio,0.25,3634,3,0.8402128049899101,0.8246063394559532,0.35433733463287354,0.22229911397678884,0.0101534732272484,-0.003210420106402467,0.0011623899141946666,0.012566501559346833,0.009356081452944367,0.017879877239465696,0.23073616623878473,0.13568049172560373,0.4054112434387207,0.8430752235418459
MOSEI,raw_mixer_ensemble,gaussian,audio,0.5,3634,3,0.8407631627224362,0.8250838835664501,0.3543865482012431,0.2223548183610926,0.0099108244296367,-0.002843514951385,0.0011105636755625,0.013208585580627366,0.010365070629242301,0.018066334848602567,0.2320419549942016,0.13551057875156397,0.40571024020512897,0.8403931424479277
MOSEI,raw_mixer_ensemble,gaussian,audio,1.0,3634,3,0.8403045312786644,0.8245263638834215,0.3546581566333771,0.2225858584042649,0.010203148761685167,-0.0030269675288937667,0.0010261634985605332,0.014217574756925267,0.0111906072280315,0.0188613720238208,0.23727649450302118,0.13490361968676243,0.4068855245908101,0.841664952564726
MOSEI,raw_mixer_ensemble,gaussian,audio,2.0,3634,3,0.8418638781874885,0.8261222657566537,0.3559100528558095,0.22363544183876236,0.009066910677886867,-0.0033021463951567673,0.0005748371283212667,0.015226563933223235,0.011924417538066369,0.02195320154229793,0.25510254502296437,0.13285638391971583,0.4115210771560669,0.8338286852956605
MOSEI,raw_mixer_ensemble,gaussian,text,0.25,3634,3,0.8396624472573839,0.8238539694327266,0.3576498031616211,0.22480395517264323,0.013055475124239433,-0.0010089891762979,0.0010853608449299334,0.012383048981838132,0.011374059805540234,0.018047307928403165,0.23056350151697785,0.13554751873016352,0.4058760503927867,0.8405996797796784
MOSEI,raw_mixer_ensemble,gaussian,text,0.5,3634,3,0.8377361951935425,0.8218743785726882,0.3656602700551351,0.23065276583117458,0.014581074054865301,0.0007338103100348334,0.0011872748533884332,0.010823702073014068,0.011557512383048935,0.0187554974108934,0.22949209809303278,0.13491264482339219,0.40775219599405915,0.8344097896896064
MOSEI,raw_mixer_ensemble,gaussian,text,1.0,3634,3,0.8211337369290038,0.8030249153770512,0.39606837431589764,0.2525395707136737,0.030498284284094436,9.172628875433325e-05,0.0005060136318206192,0.012841680425609932,0.0129334067143643,0.021834888185063937,0.2326464901367823,0.1328087151050567,0.4137959877649943,0.8248347897602653
MOSEI,raw_mixer_ensemble,gaussian,text,2.0,3634,3,0.7755457714180884,0.7515292858821985,0.49630220731099445,0.3197014650648937,0.07581324188386904,-0.0003669051550174,-0.0009731551011402665,0.017244542285819068,0.016877637130801634,0.031221868470311102,0.23893674214680985,0.12802690764268235,0.4299701750278473,0.7868948073568532
MOSEI,raw_mixer_ensemble,gaussian,vision,0.25,3634,3,0.8401210787011557,0.8245164199960235,0.3543582856655121,0.22226001972041512,0.010502419642758233,-0.003760777838928633,0.0011009077231088668,0.012658227848101198,0.008897450009172567,0.017944295580188396,0.23115781446297964,0.1357146253188451,0.40553239981333417,0.8395002273253115
MOSEI,raw_mixer_ensemble,gaussian,vision,0.5,3634,3,0.841221794166208,0.8257863511164039,0.354374239842097,0.22220806764444906,0.009420263654615733,-0.003210420106402467,0.0010434885819752666,0.012933406714364267,0.0097229866079618,0.01813564759989577,0.2308594832817713,0.1356238424777984,0.40588971972465515,0.8400459381931904
MOSEI,raw_mixer_ensemble,gaussian,vision,1.0,3634,3,0.842505962208769,0.8275243485044835,0.3549291988213857,0.22252855073203878,0.009076539096952933,-0.0006420840212803999,0.0005671282609303551,0.012383048981838132,0.011740964960557633,0.019088082636396067,0.23262737194697058,0.1352959175904591,0.4071749846140544,0.8393890353897903
MOSEI,raw_mixer_ensemble,gaussian,vision,2.0,3634,3,0.8423225096312603,0.8276690105647035,0.3574382662773131,0.22424318950286554,0.007023384928200234,-0.0013758943313153,-0.0011388162771860334,0.014676206200697098,0.013300311869381699,0.022847446302572797,0.24267597993214926,0.13407675425211585,0.41217947999636323,0.8405527127249077
MOSEI,raw_mixer_ensemble,mask,audio,0.25,3634,3,0.8403045312786644,0.8246751356336371,0.35468069712320965,0.22258683843668936,0.010289661344355999,-0.0025683360851219998,0.0011312266190846333,0.012199596404329435,0.009631260319207467,0.017035300532976735,0.2276819795370102,0.135666345556577,0.404240479071935,0.8383676583141088
MOSEI,raw_mixer_ensemble,mask,audio,0.5,3634,3,0.8408548890111907,0.8253217110030945,0.35509248574574787,0.22280603798562304,0.009088558825718698,-0.0018345257750871668,0.0010880629221597666,0.011098880939277167,0.00926435516419,0.016384655609726868,0.22533914446830744,0.13568196197350815,0.4032641649246216,0.8331017917608191
MOSEI,raw_mixer_ensemble,mask,audio,0.75,3634,3,0.8413135204549624,0.8259390765238116,0.3551505009333292,0.22283239670080665,0.008756844839072566,0.00027517886626303326,0.0011435250441232667,0.0099981654742249,0.010273344340487931,0.01575334928929803,0.22412943343321473,0.13562874992688498,0.40261434515317274,0.8360167997954524
MOSEI,raw_mixer_ensemble,mask,text,0.25,3634,3,0.8325995230232984,0.8124282411104099,0.37280253569285077,0.23553002281666527,0.013165540196352767,-0.0028435149513850668,-0.0007489323616027002,0.016143826820766767,0.013300311869381702,0.021002759536107335,0.25400304794311523,0.13033574819564817,0.4148040811220804,0.8250172409753844
MOSEI,raw_mixer_ensemble,mask,text,0.5,3634,3,0.8042560997982021,0.7710469944787384,0.41624607642491657,0.26712320387160937,0.029489646431853436,-0.008989176297926933,-0.005784461895624734,0.023206751054852266,0.0142175747569253,0.02718434855341907,0.3000889718532562,0.1240359743436177,0.42374389370282484,0.7989803409158273
MOSEI,raw_mixer_ensemble,mask,text,0.75,3634,3,0.7365620986974867,0.6567769022938195,0.5052459836006165,0.3358394898493055,0.050742962008943134,-0.0171528159970647,-0.010386457045872967,0.032746285085305395,0.015593469088240632,0.03487177814046537,0.3703368107477824,0.11657096445560453,0.4249378740787506,0.7462599127865623
MOSEI,raw_mixer_ensemble,mask,vision,0.25,3634,3,0.841221794166208,0.8257442546813676,0.3539615273475646,0.22183380634109914,0.012365438723384768,-0.0014676206200696334,0.001842180887858033,0.011557512383048932,0.010089891762979199,0.016350588450829137,0.22748119632403047,0.135633036494255,0.40380526582400006,0.8400519247722894
MOSEI,raw_mixer_ensemble,mask,vision,0.5,3634,3,0.8425976884975234,0.8273070499638253,0.35408665736516315,0.22181786038568244,0.012668061012566465,-3.340241717822889e-17,0.0023022890090941997,0.010273344340487935,0.010273344340487933,0.015144726261496499,0.2236616462469101,0.13541311025619504,0.4026261568069458,0.8362958676263648
MOSEI,raw_mixer_ensemble,mask,vision,0.75,3634,3,0.8430563199412952,0.8277586676083847,0.3549227118492126,0.2222858270975391,0.010468243710646065,0.0002751788662631,0.0022907455762226667,0.010456796917996667,0.010731975784259702,0.014449273546536702,0.2225967645645141,0.1351139992475509,0.4016156593958537,0.8314253984777412
MOSI,A7_equal_ensemble,clean,none,0.0,656,1,0.7957317073170732,0.7910688989665631,0.4466564953327179,0.2856499251644451,0.0427641501513923,-0.0015243902439023,0.003789484500885,0.0060975609756097,0.0045731707317073,0.0087964460253715,0.2215873748064041,0.2117166668176651,0.3244969546794891,0.776293251113395
MOSI,A7_equal_ensemble,gaussian,audio,0.25,656,3,0.7957317073170732,0.791003649658097,0.4466619590918223,0.28566663929711444,0.0398138963534095,-0.0005081300813008,0.0037533640861510667,0.0060975609756097,0.005589430894308901,0.008885515232880867,0.22099478046099338,0.21164757013320917,0.32444214820861816,0.7726382713636216
MOSI,A7_equal_ensemble,gaussian,audio,0.5,656,3,0.7942073170731707,0.7895422157821044,0.4468232989311218,0.2858149977170095,0.04096368221732653,-0.0010162601626016,0.003694901863733867,0.0066056910569105,0.005589430894308901,0.009093766721586334,0.22223569452762595,0.21156765520572662,0.32454441984494525,0.7685506281578612
MOSI,A7_equal_ensemble,gaussian,audio,1.0,656,3,0.7916666666666666,0.7871002488363824,0.4476774632930755,0.28652379270826644,0.0407069539575557,-0.002032520325203233,0.0032825668652851667,0.008638211382113768,0.006605691056910499,0.009947769964734666,0.22619945307572684,0.21132725973923996,0.3249768714110057,0.7698695773311737
MOSI,A7_equal_ensemble,gaussian,audio,2.0,656,3,0.7901422764227642,0.7858975541733776,0.45037103692690533,0.2887750480718709,0.044308815333174434,-0.0010162601626016333,0.0020667910575866,0.0096544715447154,0.008638211382113768,0.012550201887885665,0.23761759201685584,0.21062147120634714,0.3265560368696848,0.7645720708440094
MOSI,A7_equal_ensemble,gaussian,text,0.25,656,3,0.7896341463414634,0.784831585277848,0.4503604471683502,0.28911477971327354,0.04493888222226277,-0.003048780487804867,0.003579497337341267,0.008130081300812967,0.005081300813008067,0.009051846650739468,0.22081728776295978,0.21179478367169693,0.32440056403477985,0.7822972230444253
MOSI,A7_equal_ensemble,gaussian,text,0.5,656,3,0.7850609756097561,0.7804541723493805,0.4573769172032674,0.2954333387454827,0.037750019926608036,0.0035569105691056666,0.0031693875789641666,0.006605691056910534,0.010162601626016234,0.0093123807261387,0.21658908327420553,0.21197495857874546,0.3235692183176676,0.7755901717007727
MOSI,A7_equal_ensemble,gaussian,text,1.0,656,3,0.7677845528455285,0.7632183462593449,0.4801293909549713,0.3150584392514147,0.024886444574449065,0.0015243902439024666,0.0025447309017180664,0.0045731707317072665,0.0060975609756097,0.009504209583004235,0.20558904608090714,0.21262342731157932,0.3213992913564046,0.776345187277015
MOSI,A7_equal_ensemble,gaussian,text,2.0,656,3,0.7266260162601627,0.7233414754802701,0.5507658123970032,0.370523205922495,0.04968639272378706,0.0010162601626016,0.00129715601603185,0.006605691056910534,0.007621951219512166,0.010554832716782833,0.17961093286673227,0.2131229192018509,0.31990763545036316,0.7177140428810163
MOSI,A7_equal_ensemble,gaussian,vision,0.25,656,3,0.7936991869918699,0.7888568008418736,0.44665927688280743,0.2856478192427868,0.0419380583959381,-0.0035569105691056,0.0037083228429158005,0.006605691056910499,0.003048780487804834,0.008834364823996967,0.22110207875569662,0.21167769034703574,0.3245968321959178,0.7802481205121757
MOSI,A7_equal_ensemble,gaussian,vision,0.5,656,3,0.7921747967479674,0.7871955725001789,0.44653603434562683,0.2855470134116026,0.04328814391198193,-0.0045731707317072665,0.0036624868710835,0.009146341463414568,0.0045731707317073,0.008900747944911266,0.22235749165217075,0.211621955037117,0.324713259935379,0.7793863698003133
MOSI,A7_equal_ensemble,gaussian,vision,1.0,656,3,0.7942073170731707,0.7888651249901981,0.44630197683970135,0.28537609465549435,0.04636109829312413,0.0005081300813007334,0.0037019451459248337,0.0060975609756097,0.006605691056910534,0.009108977081874935,0.22538598875204716,0.21152195831139878,0.3253311216831207,0.7764590124275786
MOSI,A7_equal_ensemble,gaussian,vision,2.0,656,3,0.7967479674796748,0.7899488838354561,0.4484952886899312,0.28737241899339255,0.0462786558621782,3.3340539001700584e-17,0.0034932096799214335,0.006097560975609734,0.0060975609756097,0.010166189943750634,0.23929449419180546,0.21120121578375495,0.3269416093826294,0.7719572854736086
MOSI,A7_equal_ensemble,mask,audio,0.25,656,3,0.7911585365853658,0.7861552630894765,0.4476505716641744,0.28647930805986604,0.04421175044120807,-0.0020325203252032,0.0033665398756662665,0.007621951219512133,0.0055894308943089,0.008627420291304568,0.21681119501590723,0.2117974559466044,0.32378973563512164,0.7759772280749545
MOSI,A7_equal_ensemble,mask,audio,0.5,656,3,0.7901422764227642,0.7851158102822843,0.44844643274943036,0.2872445473173566,0.040966073702263565,-0.002032520325203233,0.0028530458609262333,0.0060975609756097,0.004065040650406433,0.008529583613077733,0.2132497280836105,0.21188513437906895,0.32327698667844135,0.76718497397211
MOSI,A7_equal_ensemble,mask,audio,0.75,656,3,0.7870934959349594,0.781924181298053,0.4490637481212616,0.28783169462632346,0.04288952567470747,-0.003556910569105633,0.002576798200607267,0.0060975609756097,0.002540650406504,0.008311540819704465,0.20931762456893915,0.2118778228759765,0.3228441973527272,0.7692461624260863
MOSI,A7_equal_ensemble,mask,text,0.25,656,3,0.7804878048780488,0.7769406111092974,0.4727577765782673,0.3052397946471397,0.060637071092681134,-0.0015243902439024332,0.0051200191179910665,0.008130081300812933,0.0066056910569105,0.008230016566812933,0.24555560946464539,0.20973897476991016,0.32579113046328223,0.7796975728039967
MOSI,A7_equal_ensemble,mask,text,0.5,656,3,0.7591463414634146,0.7577204353660927,0.5170762737592062,0.34091252786433457,0.08143821488914446,-0.0015243902439024,0.0064817070960998015,0.008638211382113768,0.007113821138211333,0.008020447722325633,0.2691604296366374,0.20705067614714304,0.32823145389556885,0.7194981053941568
MOSI,A7_equal_ensemble,mask,text,0.75,656,3,0.6859756097560976,0.6849767625960753,0.5958675543467203,0.40910913156072376,0.06341906449174489,0.006605691056910533,0.007032851378122901,0.0096544715447154,0.016260162601625966,0.0082405672098199,0.2811738650004069,0.20492697258790332,0.32865916689236957,0.675481482344137
MOSI,A7_equal_ensemble,mask,vision,0.25,656,3,0.7931910569105691,0.7884376275397056,0.44748849670092267,0.2863213151012073,0.0397494355958651,-0.0010162601626016333,0.004106233517328866,0.006605691056910499,0.005589430894308866,0.008292623795568867,0.21804547309875483,0.21189419428507486,0.32354727387428284,0.7818752012696067
MOSI,A7_equal_ensemble,mask,vision,0.5,656,3,0.7926829268292683,0.7878847880806692,0.4488836626211801,0.28750004170144344,0.038547439243250665,-3.3340539001700584e-17,0.004233320554097434,0.0066056910569105,0.006605691056910499,0.007854622323065967,0.21509335438410435,0.21198557813962296,0.32261643807093304,0.7799740434905831
MOSI,A7_equal_ensemble,mask,vision,0.75,656,3,0.7916666666666666,0.7869106967326889,0.4504406750202179,0.2887642428281268,0.03919375403140613,0.0030487804878048005,0.0041369199752807,0.0060975609756097,0.009146341463414568,0.0076329009607433995,0.21400714417298633,0.21211180090904233,0.32165324687957764,0.7765235118015366
MOSI,A8_safe_fallback,clean,none,0.0,656,1,0.8033536585365854,0.7956963547211902,0.4417739696382389,0.2804963798285764,0.0484096015493381,0.0060975609756097,0.0086720101953639,0.027439024390243896,0.0335365853658536,0.0355688542251063,0.2215873748064041,0.2117166668176651,0.3244969546794891,0.776293251113395
MOSI,A8_safe_fallback,gaussian,audio,0.25,656,3,0.801829268292683,0.7941541160178492,0.4418686452736396,0.2805746761578676,0.0515895518327804,0.0055894308943089,0.0085466779043337,0.0279471544715447,0.03353658536585363,0.03558661368775247,0.22099478046099338,0.21164757013320917,0.32444214820861816,0.7726382713636216
MOSI,A8_safe_fallback,gaussian,audio,0.5,656,3,0.8008130081300813,0.7931827130647401,0.44209720666158986,0.28076070999695113,0.053178260911342805,0.005589430894308866,0.008420994133265833,0.027439024390243896,0.033028455284552796,0.035571850854934035,0.22223569452762595,0.21156765520572662,0.32454441984494525,0.7685506281578612
MOSI,A8_safe_fallback,gaussian,audio,1.0,656,3,0.8003048780487805,0.792863259687398,0.44283482385881795,0.2813341242957035,0.051293632151984396,0.006605691056910534,0.008125206299542834,0.025914634146341434,0.032520325203252,0.0354671183648332,0.22619945307572684,0.21132725973923996,0.3249768714110057,0.7698695773311737
MOSI,A8_safe_fallback,gaussian,audio,2.0,656,3,0.7987804878048781,0.7915670645941906,0.4448496880446613,0.2828676300651613,0.05054232311966644,0.007621951219512133,0.007588139939830566,0.026422764227642233,0.03404471544715443,0.03503771365825906,0.23761759201685584,0.21062147120634714,0.3265560368696848,0.7645720708440094
MOSI,A8_safe_fallback,gaussian,text,0.25,656,3,0.7997967479674797,0.7917857724087146,0.44549667168764867,0.28413970956782286,0.040965062975539396,0.007113821138211334,0.008443272818042767,0.027439024390243868,0.03455284552845527,0.035807598190927534,0.22081728776295978,0.21179478367169693,0.32440056403477985,0.7822972230444253
MOSI,A8_safe_fallback,gaussian,text,0.5,656,3,0.7936991869918699,0.786059784978134,0.4525399483150047,0.29055327003536735,0.03363712371591723,0.012195121951219468,0.0080063564672269,0.0259146341463414,0.038109756097560975,0.03657215128231687,0.21658908327420553,0.21197495857874546,0.3235692183176676,0.7755901717007727
MOSI,A8_safe_fallback,gaussian,text,1.0,656,3,0.771849593495935,0.7644976051398158,0.47668747220676577,0.3113336418775177,0.026456640308886666,0.0055894308943089345,0.0059866496499235995,0.0254065040650406,0.030995934959349564,0.04065387915360493,0.20558904608090714,0.21262342731157932,0.3213992913564046,0.776345187277015
MOSI,A8_safe_fallback,gaussian,text,2.0,656,3,0.725609756097561,0.7197580383344464,0.5584442297952629,0.373784307599722,0.060227749550484926,0.0,-0.006381261382227766,0.03556910569105687,0.03556910569105687,0.059938688212159495,0.17961093286673227,0.2131229192018509,0.31990763545036316,0.7177140428810163
MOSI,A8_safe_fallback,gaussian,vision,0.25,656,3,0.8013211382113821,0.7934144289896347,0.441702955326625,0.2804451835124473,0.0512017297578703,0.004065040650406433,0.008664644399098233,0.028963414634146298,0.033028455284552796,0.035639518904983805,0.22110207875569662,0.21167769034703574,0.3245968321959178,0.7802481205121757
MOSI,A8_safe_fallback,gaussian,vision,0.5,656,3,0.801829268292683,0.7935530771275514,0.4417694095593787,0.2805314709661874,0.04457343567182274,0.005081300813008067,0.008429111657331633,0.028455284552845465,0.03353658536585363,0.03606941534558723,0.22235749165217075,0.211621955037117,0.324713259935379,0.7793863698003133
MOSI,A8_safe_fallback,gaussian,vision,1.0,656,3,0.8013211382113821,0.7919831631190314,0.4428790464986933,0.28161616756162233,0.04046815079432423,0.007621951219512133,0.007124875486932833,0.0284552845528455,0.036077235772357705,0.03843055686392986,0.22538598875204716,0.21152195831139878,0.3253311216831207,0.7764590124275786
MOSI,A8_safe_fallback,gaussian,vision,2.0,656,3,0.7982723577235772,0.7864459821209029,0.45203354137627,0.2899728247684334,0.03937738358227196,0.0015243902439024003,-4.504300641739984e-05,0.03556910569105687,0.03709349593495931,0.048392414081840036,0.23929449419180546,0.21120121578375495,0.3269416093826294,0.7719572854736086
MOSI,A8_safe_fallback,mask,audio,0.25,656,3,0.8033536585365854,0.7956120708354105,0.4425347055732801,0.28107547464565547,0.04530140347338697,0.010162601626016234,0.008482405966560465,0.024898373983739765,0.03506097560975611,0.036067814360247905,0.21681119501590723,0.2117974559466044,0.32378973563512164,0.7759772280749545
MOSI,A8_safe_fallback,mask,audio,0.5,656,3,0.8013211382113821,0.793328721778589,0.44277611841379655,0.2814346960536197,0.0457915718407056,0.009146341463414602,0.008523360196560031,0.0254065040650406,0.03455284552845527,0.0362635337486193,0.2132497280836105,0.21188513437906895,0.32327698667844135,0.76718497397211
MOSI,A8_safe_fallback,mask,audio,0.75,656,3,0.7997967479674797,0.7916119927691923,0.4433077918113283,0.2819854732383621,0.04780705982486343,0.009146341463414566,0.0083327545105405,0.0254065040650406,0.03455284552845524,0.03657865724949063,0.20931762456893915,0.2118778228759765,0.3228441973527272,0.7692461624260863
MOSI,A8_safe_fallback,mask,text,0.25,656,3,0.796239837398374,0.7886508776555313,0.4645981676333264,0.2977956161129212,0.06046149066665433,0.0142276422764227,0.013279628062932033,0.03150406504065037,0.0457317073170731,0.035579190873934935,0.24555560946464539,0.20973897476991016,0.32579113046328223,0.7796975728039967
MOSI,A8_safe_fallback,mask,text,0.5,656,3,0.7774390243902439,0.770899419655219,0.501258585280246,0.3266556591137308,0.08821069593112013,0.016768292682926834,0.022299395575059965,0.04319105691056906,0.0599593495934959,0.03586114068425743,0.2691604296366374,0.20705067614714304,0.32823145389556885,0.7194981053941568
MOSI,A8_safe_fallback,mask,text,0.75,656,3,0.7225609756097561,0.7188015572125014,0.5727228603372212,0.3866299028467481,0.09739555897949505,0.04319105691056907,0.030177545387622202,0.07012195121951213,0.11331300813008127,0.03764617286237267,0.2811738650004069,0.20492697258790332,0.32865916689236957,0.675481482344137
MOSI,A8_safe_fallback,mask,vision,0.25,656,3,0.8008130081300813,0.7931830976853416,0.4427637595057025,0.281281093024382,0.05209965186362957,0.006605691056910533,0.008830970712548934,0.0284552845528455,0.035060975609756066,0.03523527118034663,0.21804547309875483,0.21189419428507486,0.32354727387428284,0.7818752012696067
MOSI,A8_safe_fallback,mask,vision,0.5,656,3,0.7997967479674797,0.7921275247876246,0.4448491935016711,0.28302737780377024,0.044110065296806875,0.0071138211382113,0.0082677896736064,0.027439024390243868,0.03455284552845527,0.0354430063380042,0.21509335438410435,0.21198557813962296,0.32261643807093304,0.7799740434905831
MOSI,A8_safe_fallback,mask,vision,0.75,656,3,0.7982723577235772,0.7903304206081934,0.44647736360085816,0.28440519645600093,0.043841796174840166,0.009654471544715434,0.008100231394640401,0.0279471544715447,0.03760162601626013,0.035454717744791434,0.21400714417298633,0.21211180090904233,0.32165324687957764,0.7765235118015366
MOSI,confidence_shrink_ensemble,clean,none,0.0,656,1,0.7957317073170732,0.7910688989665631,0.4488670759624275,0.2868819297174239,0.0500868363600304,-0.0015243902439023,0.0015789038711754003,0.0060975609756097,0.0045731707317073,0.0093636359827939,0.2215873748064041,0.2117166668176651,0.3244969546794891,0.776293251113395
MOSI,confidence_shrink_ensemble,gaussian,audio,0.25,656,3,0.7947154471544715,0.7900300452452544,0.4487938544721815,0.28684628140011387,0.04913838800383797,-0.0015243902439024334,0.0016214687057919,0.007113821138211333,0.005589430894308901,0.009417684136102434,0.22099478046099338,0.21164757013320917,0.32444214820861816,0.7726382713636216
MOSI,confidence_shrink_ensemble,gaussian,audio,0.5,656,3,0.7957317073170732,0.791003649658097,0.4489940153874475,0.28702299306758206,0.0461382599063602,0.0005081300813007667,0.0015241854074082,0.0066056910569105,0.007113821138211333,0.009643871351263501,0.22223569452762595,0.21156765520572662,0.32454441984494525,0.7685506281578612
MOSI,confidence_shrink_ensemble,gaussian,audio,1.0,656,3,0.7916666666666666,0.787104353121838,0.4498320988113832,0.2877559123821587,0.047104759860267964,-0.0020325203252032,0.0011279313469775333,0.0091463414634146,0.007113821138211333,0.0103991980299506,0.22619945307572684,0.21132725973923996,0.3249768714110057,0.7698695773311737
MOSI,confidence_shrink_ensemble,gaussian,audio,2.0,656,3,0.7911585365853658,0.7867449583511474,0.45252706345879967,0.2899773555728618,0.0480741690072388,2.2565508630592615e-19,-8.92354743077e-05,0.0091463414634146,0.0091463414634146,0.012812365351168798,0.23761759201685584,0.21062147120634714,0.3265560368696848,0.7645720708440094
MOSI,confidence_shrink_ensemble,gaussian,text,0.25,656,3,0.790650406504065,0.7858050311065058,0.45256265450500005,0.2903646453333736,0.0503776270751966,-0.002032520325203233,0.0013772900006914666,0.007113821138211333,0.005081300813008067,0.009574292977006668,0.22081728776295978,0.21179478367169693,0.32440056403477985,0.7822972230444253
MOSI,confidence_shrink_ensemble,gaussian,text,0.5,656,3,0.7860772357723578,0.7814248713285127,0.45924028542307516,0.29644839252320115,0.043596690567798566,0.0045731707317072665,0.0013060193591564334,0.0060975609756097,0.010670731707317034,0.009711815055018167,0.21658908327420553,0.21197495857874546,0.3235692183176676,0.7755901717007727
MOSI,confidence_shrink_ensemble,gaussian,text,1.0,656,3,0.7677845528455285,0.7630791183934024,0.4812079426947227,0.3155684861032104,0.024268721484790333,0.0015243902439024332,0.0014661791619666,0.005589430894308866,0.007113821138211367,0.0099565748437827,0.20558904608090714,0.21262342731157932,0.3213992913564046,0.776345187277015
MOSI,confidence_shrink_ensemble,gaussian,text,2.0,656,3,0.725609756097561,0.7221843603553881,0.5486204839691505,0.36919804063795236,0.04193279758608057,-3.339695277327707e-17,0.0034424844438844665,0.007621951219512133,0.007621951219512133,0.0108267749510257,0.17961093286673227,0.2131229192018509,0.31990763545036316,0.7177140428810163
MOSI,confidence_shrink_ensemble,gaussian,vision,0.25,656,3,0.7936991869918699,0.788855937118946,0.4488972740360086,0.2869097118753484,0.0477274842375483,-0.003556910569105633,0.001470325689714567,0.006605691056910534,0.003048780487804834,0.009419178623528467,0.22110207875569662,0.21167769034703574,0.3245968321959178,0.7802481205121757
MOSI,confidence_shrink_ensemble,gaussian,vision,0.5,656,3,0.7926829268292683,0.7876813193154308,0.4488196996172468,0.28684143296811176,0.048594631960046666,-0.004065040650406433,0.0013788215994633998,0.009146341463414568,0.0050813008130081005,0.009492652567557299,0.22235749165217075,0.211621955037117,0.324713259935379,0.7793863698003133
MOSI,confidence_shrink_ensemble,gaussian,vision,1.0,656,3,0.796239837398374,0.7907381870508188,0.44861500188095965,0.286678541003172,0.04717267587014574,0.0025406504065039665,0.0013889201046664668,0.005589430894308866,0.008130081300812967,0.009634914169803634,0.22538598875204716,0.21152195831139878,0.3253311216831207,0.7764590124275786
MOSI,confidence_shrink_ensemble,gaussian,vision,2.0,656,3,0.7972560975609756,0.7904326565396004,0.45094470984335905,0.2887436365601997,0.0519209820874805,0.0005081300813007667,0.0010437885264936333,0.006605691056910499,0.0071138211382113,0.010325712704288099,0.23929449419180546,0.21120121578375495,0.3269416093826294,0.7719572854736086
MOSI,confidence_shrink_ensemble,mask,audio,0.25,656,3,0.7926829268292683,0.7875439344406163,0.449775548508457,0.2876327180458736,0.0517148918560036,-0.0005081300813007668,0.0012415630313836335,0.007621951219512133,0.007113821138211333,0.009153168419252233,0.21681119501590723,0.2117974559466044,0.32378973563512164,0.7759772280749545
MOSI,confidence_shrink_ensemble,mask,audio,0.5,656,3,0.7921747967479674,0.7869907567530612,0.45040365474518185,0.28828909430957944,0.0456147917683414,0.0,0.0008958238651747333,0.005589430894308868,0.0055894308943089,0.009028041689720833,0.2132497280836105,0.21188513437906895,0.32327698667844135,0.76718497397211
MOSI,confidence_shrink_ensemble,mask,audio,0.75,656,3,0.7886178861788617,0.7833809256502536,0.45105777426760485,0.28890363522011503,0.0462517486205804,-0.0020325203252032336,0.0005827720542639334,0.005589430894308866,0.003556910569105633,0.008873562713502333,0.20931762456893915,0.2118778228759765,0.3228441973527272,0.7692461624260863
MOSI,confidence_shrink_ensemble,mask,text,0.25,656,3,0.7820121951219512,0.7783428255727349,0.47520087147837925,0.30685293047004536,0.0651871778697158,-3.317129768697114e-17,0.0026769242178793,0.0076219512195121325,0.007621951219512166,0.008378345111494732,0.24555560946464539,0.20973897476991016,0.32579113046328223,0.7796975728039967
MOSI,confidence_shrink_ensemble,mask,text,0.5,656,3,0.7616869918699187,0.7601851248013248,0.519138175051571,0.34239098910163424,0.08791622231818014,0.0010162601626016333,0.004419805803734933,0.007621951219512133,0.008638211382113768,0.007694068312217334,0.2691604296366374,0.20705067614714304,0.32823145389556885,0.7194981053941568
MOSI,confidence_shrink_ensemble,mask,text,0.75,656,3,0.6869918699186992,0.6861256365278128,0.5966411012373325,0.40959991304488197,0.0675292260904505,0.007621951219512166,0.006259304487510867,0.011686991869918667,0.019308943089430833,0.007377004560760233,0.2811738650004069,0.20492697258790332,0.32865916689236957,0.675481482344137
MOSI,confidence_shrink_ensemble,mask,vision,0.25,656,3,0.7952235772357723,0.7905148565698877,0.44963762201632695,0.2875463167788511,0.0428165899321524,0.0010162601626016,0.001957108201924533,0.0060975609756097,0.007113821138211333,0.0089396645131018,0.21804547309875483,0.21189419428507486,0.32354727387428284,0.7818752012696067
MOSI,confidence_shrink_ensemble,mask,vision,0.5,656,3,0.7952235772357723,0.7904509466435752,0.4510205512567086,0.2887474479329267,0.04130018199930124,0.002540650406504,0.0020964319185690335,0.0055894308943089,0.008130081300812933,0.008656546678727632,0.21509335438410435,0.21198557813962296,0.32261643807093304,0.7799740434905831
MOSI,confidence_shrink_ensemble,mask,vision,0.75,656,3,0.7931910569105691,0.7883707944612713,0.4525122352042763,0.28997671504970923,0.04035295289393026,0.0045731707317072665,0.0020653597912222332,0.0060975609756097,0.010670731707317034,0.0084882767176508,0.21400714417298633,0.21211180090904233,0.32165324687957764,0.7765235118015366
MOSI,entropy_shrink_ensemble,clean,none,0.0,656,1,0.7957317073170732,0.7910688989665631,0.4495306313037871,0.2875601330210977,0.0414691218515721,-0.0015243902439023,0.0009153485298156,0.0015243902439024,0.0,0.0032710076775401,0.2215873748064041,0.2117166668176651,0.3244969546794891,0.776293251113395
MOSI,entropy_shrink_ensemble,gaussian,audio,0.25,656,3,0.796239837398374,0.7914906353158793,0.4494676887989044,0.2875234973194382,0.0435260209610791,0.0,0.0009476343790689667,0.0,0.0,0.0032514259995271334,0.22099478046099338,0.21164757013320917,0.32444214820861816,0.7726382713636216
MOSI,entropy_shrink_ensemble,gaussian,audio,0.5,656,3,0.7957317073170732,0.7910032873954951,0.44957578182220453,0.28761710417398656,0.044127738754439066,0.0005081300813008,0.0009424189726511332,0.0005081300813008,0.0010162601626016,0.0032871350801239,0.22223569452762595,0.21156765520572662,0.32454441984494525,0.7685506281578612
MOSI,entropy_shrink_ensemble,gaussian,audio,1.0,656,3,0.7942073170731707,0.7896056485026567,0.4500453273455302,0.28800218955979606,0.045354320872120664,0.0005081300813008,0.0009147028128305667,0.0,0.0005081300813008,0.0034167576426018666,0.22619945307572684,0.21132725973923996,0.3249768714110057,0.7698695773311737
MOSI,entropy_shrink_ensemble,gaussian,audio,2.0,656,3,0.7911585365853658,0.7866196306290322,0.4517914056777953,0.2893775836630364,0.0451218879864952,0.0,0.0006464223066965,0.0005081300813008,0.0005081300813008,0.0040154267723360995,0.23761759201685584,0.21062147120634714,0.3265560368696848,0.7645720708440094
MOSI,entropy_shrink_ensemble,gaussian,text,0.25,656,3,0.7916666666666666,0.7869774793227434,0.45317067702611286,0.2909848104736323,0.043558442192833544,-0.0010162601626015667,0.0007692674795786,0.0010162601626016,0.0,0.003369625890627433,0.22081728776295978,0.21179478367169693,0.32440056403477985,0.7822972230444253
MOSI,entropy_shrink_ensemble,gaussian,text,0.5,656,3,0.7815040650406504,0.7767099924715128,0.4599207540353139,0.29713021866789485,0.039326008197253265,0.0,0.0006255507469177,0.0010162601626016,0.0010162601626016,0.003487854575117367,0.21658908327420553,0.21197495857874546,0.3235692183176676,0.7755901717007727
MOSI,entropy_shrink_ensemble,gaussian,text,1.0,656,3,0.7647357723577236,0.7601703040318654,0.482121874888738,0.3164847861454976,0.025651519890965462,-0.0015243902439023335,0.0005522469679514334,0.0015243902439024003,0.0,0.003639821506415767,0.20558904608090714,0.21262342731157932,0.3213992913564046,0.776345187277015
MOSI,entropy_shrink_ensemble,gaussian,text,2.0,656,3,0.7271341463414634,0.7234994440734847,0.5503777066866556,0.3708633920916488,0.040092445758542365,0.0015243902439023669,0.0016852617263793332,0.0005081300813008,0.0020325203252032,0.004117295456429267,0.17961093286673227,0.2131229192018509,0.31990763545036316,0.7177140428810163
MOSI,entropy_shrink_ensemble,gaussian,vision,0.25,656,3,0.7967479674796748,0.7919779832362637,0.4494599799315135,0.2874887713416666,0.046650583999670564,-0.0005081300813008,0.0009076197942097334,0.0005081300813008,0.0,0.003276483931889066,0.22110207875569662,0.21167769034703574,0.3245968321959178,0.7802481205121757
MOSI,entropy_shrink_ensemble,gaussian,vision,0.5,656,3,0.7947154471544715,0.7898307630391547,0.4493083457152049,0.28735672549947394,0.0465741829295468,-0.0020325203252032,0.0008901755015055,0.0020325203252032,0.0,0.0032946145317206328,0.22235749165217075,0.211621955037117,0.324713259935379,0.7793863698003133
MOSI,entropy_shrink_ensemble,gaussian,vision,1.0,656,3,0.7931910569105691,0.7879651955611194,0.4490900933742523,0.28716926329126274,0.04989898198746077,-0.0005081300813008,0.0009138286113738668,0.0005081300813008,0.0,0.0033460999062904996,0.22538598875204716,0.21152195831139878,0.3253311216831207,0.7764590124275786
MOSI,entropy_shrink_ensemble,gaussian,vision,2.0,656,3,0.7957317073170732,0.789129679763644,0.45100899537404376,0.2888136743524475,0.05093861728664334,-0.0010162601626015667,0.0009795029958088667,0.0010162601626016,0.0,0.0036431693006306336,0.23929449419180546,0.21120121578375495,0.3269416093826294,0.7719572854736086
MOSI,entropy_shrink_ensemble,mask,audio,0.25,656,3,0.7921747967479674,0.7872637661217464,0.4502505461374918,0.2881433534363398,0.04288413578538383,-0.0010162601626015333,0.0007665654023487667,0.0010162601626016,0.0,0.003241914712513434,0.21681119501590723,0.2117974559466044,0.32378973563512164,0.7759772280749545
MOSI,entropy_shrink_ensemble,mask,audio,0.5,656,3,0.7916666666666666,0.7867094505653244,0.4506574074427287,0.2885755006355051,0.04216234740324133,-0.0005081300813008,0.0006420711676279,0.0005081300813008,0.0,0.003252165469651367,0.2132497280836105,0.21188513437906895,0.32327698667844135,0.76718497397211
MOSI,entropy_shrink_ensemble,mask,audio,0.75,656,3,0.7911585365853658,0.786223325556947,0.45105999708175654,0.28895332833897697,0.04268153572106741,0.0005081300813007667,0.0005805492401122333,0.0,0.0005081300813008,0.0032034295921523665,0.20931762456893915,0.2118778228759765,0.3228441973527272,0.7692461624260863
MOSI,entropy_shrink_ensemble,mask,text,0.25,656,3,0.782520325203252,0.7791614573583225,0.47690311074256897,0.30840809011086234,0.06322446644185034,0.0005081300813007667,0.0009746849536895333,0.0,0.0005081300813008,0.0024425464992721335,0.24555560946464539,0.20973897476991016,0.32579113046328223,0.7796975728039967
MOSI,entropy_shrink_ensemble,mask,text,0.5,656,3,0.7601626016260162,0.758805171267973,0.5221985578536987,0.3451561302504733,0.08932436109194906,-0.0005081300813008667,0.0013594230016072335,0.0015243902439024334,0.0010162601626016,0.0017841414082794998,0.2691604296366374,0.20705067614714304,0.32823145389556885,0.7194981053941568
MOSI,entropy_shrink_ensemble,mask,text,0.75,656,3,0.6803861788617886,0.6788430249755044,0.6014602184295654,0.41413092240951915,0.0652495582050424,0.0010162601626015667,0.0014401872952779,0.0,0.0010162601626016,0.0014734048551569,0.2811738650004069,0.20492697258790332,0.32865916689236957,0.675481482344137
MOSI,entropy_shrink_ensemble,mask,vision,0.25,656,3,0.7936991869918699,0.789184259681883,0.4506544868151347,0.2885230975492067,0.04262607644607377,-0.0005081300813008,0.0009402434031167999,0.0005081300813008,0.0,0.0031640811357647,0.21804547309875483,0.21189419428507486,0.32354727387428284,0.7818752012696067
MOSI,entropy_shrink_ensemble,mask,vision,0.5,656,3,0.7931910569105691,0.7886325296247704,0.45211889346440626,0.28977926247588603,0.04216902754534543,0.0005081300813007667,0.0009980897108713002,0.0,0.0005081300813008,0.003055371654530333,0.21509335438410435,0.21198557813962296,0.32261643807093304,0.7799740434905831
MOSI,entropy_shrink_ensemble,mask,vision,0.75,656,3,0.7896341463414634,0.7852241992882563,0.45362267891565955,0.291024630631095,0.03775666224035786,0.0010162601626016,0.000954916079839,0.0,0.0010162601626016,0.0030227353951583,0.21400714417298633,0.21211180090904233,0.32165324687957764,0.7765235118015366
MOSI,full_ensemble,clean,none,0.0,656,1,0.7972560975609756,0.7925309427277158,0.4504459798336029,0.2883164307780088,0.0438819685723723,0.0,0.0,0.0,0.0,0.0,0.2215873748064041,0.2117166668176651,0.3244969546794891,0.776293251113395
MOSI,full_ensemble,gaussian,audio,0.25,656,3,0.796239837398374,0.7914906353158793,0.45041532317797334,0.2883016645532043,0.04286334306243957,0.0,0.0,0.0,0.0,0.0,0.22099478046099338,0.21164757013320917,0.32444214820861816,0.7726382713636216
MOSI,full_ensemble,gaussian,audio,0.5,656,3,0.7952235772357723,0.7905802288283761,0.45051820079485566,0.28839340420553533,0.04255953812744556,0.0,0.0,0.0,0.0,0.0,0.22223569452762595,0.21156765520572662,0.32454441984494525,0.7685506281578612
MOSI,full_ensemble,gaussian,audio,1.0,656,3,0.7936991869918699,0.7891186481108151,0.45096003015836067,0.2887575986186272,0.04384240629227176,0.0,0.0,0.0,0.0,0.0,0.22619945307572684,0.21132725973923996,0.3249768714110057,0.7698695773311737
MOSI,full_ensemble,gaussian,audio,2.0,656,3,0.7911585365853658,0.7866196699082311,0.452437827984492,0.2899190940256262,0.04359849966396157,0.0,0.0,0.0,0.0,0.0,0.23761759201685584,0.21062147120634714,0.3265560368696848,0.7645720708440094
MOSI,full_ensemble,gaussian,text,0.25,656,3,0.7926829268292683,0.7880166982242606,0.45393994450569153,0.2916638222514209,0.04244014863076243,0.0,0.0,0.0,0.0,0.0,0.22081728776295978,0.21179478367169693,0.32440056403477985,0.7822972230444253
MOSI,full_ensemble,gaussian,text,0.5,656,3,0.7815040650406504,0.7767099924715128,0.4605463047822315,0.29772698034798484,0.04173031007129,0.0,0.0,0.0,0.0,0.0,0.21658908327420553,0.21197495857874546,0.3235692183176676,0.7755901717007727
MOSI,full_ensemble,gaussian,text,1.0,656,3,0.766260162601626,0.7616217017048349,0.48267412185668945,0.3170601419786743,0.024568393372180936,0.0,0.0,0.0,0.0,0.0,0.20558904608090714,0.21262342731157932,0.3213992913564046,0.776345187277015
MOSI,full_ensemble,gaussian,text,2.0,656,3,0.725609756097561,0.7220549964066197,0.552062968413035,0.3719271439894476,0.042311247407905435,0.0,0.0,0.0,0.0,0.0,0.17961093286673227,0.2131229192018509,0.31990763545036316,0.7177140428810163
MOSI,full_ensemble,gaussian,vision,0.25,656,3,0.7972560975609756,0.7924654612360883,0.45036759972572327,0.2882401781953594,0.0460378085452366,0.0,0.0,0.0,0.0,0.0,0.22110207875569662,0.21167769034703574,0.3245968321959178,0.7802481205121757
MOSI,full_ensemble,gaussian,vision,0.5,656,3,0.7967479674796748,0.7919116434433272,0.4501985212167104,0.2880912821630607,0.0450888595324221,0.0,0.0,0.0,0.0,0.0,0.22235749165217075,0.211621955037117,0.324713259935379,0.7793863698003133
MOSI,full_ensemble,gaussian,vision,1.0,656,3,0.7936991869918699,0.7884509423763714,0.4500039219856262,0.28790095492253426,0.047970418068693836,0.0,0.0,0.0,0.0,0.0,0.22538598875204716,0.21152195831139878,0.3253311216831207,0.7764590124275786
MOSI,full_ensemble,gaussian,vision,2.0,656,3,0.7967479674796748,0.7901812877330386,0.4519884983698527,0.2895322753172327,0.05303264233639566,0.0,0.0,0.0,0.0,0.0,0.23929449419180546,0.21120121578375495,0.3269416093826294,0.7719572854736086
MOSI,full_ensemble,mask,audio,0.25,656,3,0.7931910569105691,0.7883033398900956,0.4510171115398407,0.28879709471260956,0.04152087379640673,0.0,0.0,0.0,0.0,0.0,0.21681119501590723,0.2117974559466044,0.32378973563512164,0.7759772280749545
MOSI,full_ensemble,mask,audio,0.5,656,3,0.7921747967479674,0.7872637661217464,0.4512994786103566,0.2891236565489401,0.04152570601280137,0.0,0.0,0.0,0.0,0.0,0.2132497280836105,0.21188513437906895,0.32327698667844135,0.76718497397211
MOSI,full_ensemble,mask,audio,0.75,656,3,0.790650406504065,0.7857369515068382,0.4516405463218689,0.28945222941300314,0.043193457602727636,0.0,0.0,0.0,0.0,0.0,0.20931762456893915,0.2118778228759765,0.3228441973527272,0.7692461624260863
MOSI,full_ensemble,mask,text,0.25,656,3,0.7820121951219512,0.7786743637197865,0.47787779569625854,0.30924503097620953,0.06442849710583683,0.0,0.0,0.0,0.0,0.0,0.24555560946464539,0.20973897476991016,0.32579113046328223,0.7796975728039967
MOSI,full_ensemble,mask,text,0.5,656,3,0.760670731707317,0.7592949531751819,0.523557980855306,0.3462530799255797,0.09182509676954603,0.0,0.0,0.0,0.0,0.0,0.2691604296366374,0.20705067614714304,0.32823145389556885,0.7194981053941568
MOSI,full_ensemble,mask,text,0.75,656,3,0.679369918699187,0.6778111583698516,0.6029004057248434,0.41526906755738957,0.066406270867683,0.0,0.0,0.0,0.0,0.0,0.2811738650004069,0.20492697258790332,0.32865916689236957,0.675481482344137
MOSI,full_ensemble,mask,vision,0.25,656,3,0.7942073170731707,0.7896717308746216,0.4515947302182515,0.2893423952774228,0.04180168911693536,0.0,0.0,0.0,0.0,0.0,0.21804547309875483,0.21189419428507486,0.32354727387428284,0.7818752012696067
MOSI,full_ensemble,mask,vision,0.5,656,3,0.7926829268292683,0.788145896656535,0.4531169831752777,0.29062078658790824,0.04171143090579566,0.0,0.0,0.0,0.0,0.0,0.21509335438410435,0.21198557813962296,0.32261643807093304,0.7799740434905831
MOSI,full_ensemble,mask,vision,0.75,656,3,0.7886178861788617,0.7841862641789287,0.45457759499549866,0.2918222282043138,0.04192753296678623,0.0,0.0,0.0,0.0,0.0,0.21400714417298633,0.21211180090904233,0.32165324687957764,0.7765235118015366
MOSI,posterior_ensemble,clean,none,0.0,656,1,0.7942073170731707,0.7894111072800123,0.46027466654777516,0.2968688176405062,0.0316704494378915,-0.0030487804878048,-0.0098286867141723,0.024390243902439,0.0213414634146341,0.0585457682609558,0.2215873748064041,0.2117166668176651,0.3244969546794891,0.776293251113395
MOSI,posterior_ensemble,gaussian,audio,0.25,656,3,0.7936991869918699,0.7892465108114837,0.46033987402915955,0.2969825624418748,0.0374798062371044,-0.002540650406504,-0.0099245508511861,0.02693089430894307,0.024390243902438997,0.05880293870965637,0.22099478046099338,0.21164757013320917,0.32444214820861816,0.7726382713636216
MOSI,posterior_ensemble,gaussian,audio,0.5,656,3,0.7911585365853658,0.7868078695314215,0.4610712031523387,0.29767102491149683,0.033729662467551394,-0.004065040650406467,-0.010553002357482832,0.029979674796747936,0.025914634146341434,0.059647083282470675,0.22223569452762595,0.21156765520572662,0.32454441984494525,0.7685506281578612
MOSI,posterior_ensemble,gaussian,audio,1.0,656,3,0.7860772357723578,0.7815428258720455,0.4640038907527923,0.30027526733327237,0.02940057493685703,-0.007621951219512166,-0.0130438605944315,0.03455284552845524,0.02693089430894307,0.06295388191938396,0.22619945307572684,0.21132725973923996,0.3249768714110057,0.7698695773311737
MOSI,posterior_ensemble,gaussian,audio,2.0,656,3,0.7738821138211383,0.770062638158768,0.4740955134232839,0.3087773461124314,0.025955749297045066,-0.017276422764227597,-0.021657685438791867,0.04827235772357721,0.030995934959349537,0.07453372081120803,0.23761759201685584,0.21062147120634714,0.3265560368696848,0.7645720708440094
MOSI,posterior_ensemble,gaussian,text,0.25,656,3,0.7957317073170732,0.7910692749460483,0.46425878008206684,0.30021130806800306,0.03311440012440443,0.0030487804878048005,-0.010318835576375267,0.024390243902438966,0.027439024390243868,0.05899827927350993,0.22081728776295978,0.21179478367169693,0.32440056403477985,0.7822972230444253
MOSI,posterior_ensemble,gaussian,text,0.5,656,3,0.7886178861788617,0.7841879283419464,0.4713538984457652,0.30620341159588765,0.026483630292056966,0.007113821138211368,-0.010807593663533467,0.024390243902438997,0.03150406504065037,0.059538226574659334,0.21658908327420553,0.21197495857874546,0.3235692183176676,0.7755901717007727
MOSI,posterior_ensemble,gaussian,text,1.0,656,3,0.7657520325203252,0.761737902214104,0.4934204618136088,0.3245811030891466,0.018974477107205,-0.0005081300813007668,-0.010746339956919334,0.029979674796747933,0.029471544715447134,0.061006279041369696,0.20558904608090714,0.21262342731157932,0.3213992913564046,0.776345187277015
MOSI,posterior_ensemble,gaussian,text,2.0,656,3,0.7184959349593496,0.7160915408899771,0.5561505754788717,0.37417772311715547,0.05137279054255983,-0.007113821138211401,-0.0040876070658366,0.04217479674796744,0.03506097560975603,0.0655994762976964,0.17961093286673227,0.2131229192018509,0.31990763545036316,0.7177140428810163
MOSI,posterior_ensemble,gaussian,vision,0.25,656,3,0.796239837398374,0.791422727194812,0.4602668186028798,0.2968444375901425,0.033902265282908066,-0.0010162601626016,-0.009899218877156566,0.022865853658536536,0.0218495934959349,0.0585267792145411,0.22110207875569662,0.21167769034703574,0.3245968321959178,0.7802481205121757
MOSI,posterior_ensemble,gaussian,vision,0.5,656,3,0.7972560975609756,0.7927224017990425,0.46010218063990277,0.2967038270649018,0.03500187197109544,0.0005081300813008665,-0.009903659423192332,0.024898373983739803,0.025406504065040632,0.058493323624134036,0.22235749165217075,0.211621955037117,0.324713259935379,0.7793863698003133
MOSI,posterior_ensemble,gaussian,vision,1.0,656,3,0.7952235772357723,0.7901121636109728,0.45994166533152264,0.2966547226846597,0.0350545865854596,0.0015243902439024,-0.009937743345896335,0.025914634146341434,0.027439024390243833,0.058682154864072765,0.22538598875204716,0.21152195831139878,0.3253311216831207,0.7764590124275786
MOSI,posterior_ensemble,gaussian,vision,2.0,656,3,0.7860772357723578,0.7787874087578617,0.46306248505910236,0.2995768815850383,0.0330242997080814,-0.010670731707317067,-0.011073986689249632,0.0355691056910569,0.024898373983739803,0.0603819203873475,0.23929449419180546,0.21120121578375495,0.3269416093826294,0.7719572854736086
MOSI,posterior_ensemble,mask,audio,0.25,656,3,0.7967479674796748,0.7919131258910729,0.4619180957476298,0.2981075692804257,0.03471072950983434,0.0035569105691057,-0.010900984207789068,0.023373983739837335,0.02693089430894303,0.05720918004711463,0.21681119501590723,0.2117974559466044,0.32378973563512164,0.7759772280749545
MOSI,posterior_ensemble,mask,audio,0.5,656,3,0.7952235772357723,0.7900445801865151,0.46284350752830505,0.29895576878986796,0.0342227232650043,0.0030487804878048335,-0.011544028917948366,0.022865853658536568,0.025914634146341434,0.05602807179093357,0.2132497280836105,0.21188513437906895,0.32327698667844135,0.76718497397211
MOSI,posterior_ensemble,mask,audio,0.75,656,3,0.7926829268292683,0.7872631287769648,0.46361131469408673,0.29962614345249844,0.03353623785381386,0.0020325203252031998,-0.011970768372217767,0.021341463414634103,0.02337398373983737,0.05458436906337733,0.20931762456893915,0.2118778228759765,0.3228441973527272,0.7692461624260863
MOSI,posterior_ensemble,mask,text,0.25,656,3,0.779979674796748,0.7765124409365626,0.47997082273165387,0.31187069542438284,0.044960429240775264,-0.0020325203252032666,-0.002093027035395233,0.0335365853658536,0.03150406504065037,0.05280099560817077,0.24555560946464539,0.20973897476991016,0.32579113046328223,0.7796975728039967
MOSI,posterior_ensemble,mask,text,0.5,656,3,0.7484756097560976,0.7465369081839592,0.5143783489863077,0.3397785658661695,0.0561133064632493,-0.012195121951219502,0.009179631868998166,0.049288617886178804,0.0370934959349593,0.04888911793629323,0.2691604296366374,0.20705067614714304,0.32823145389556885,0.7194981053941568
MOSI,posterior_ensemble,mask,text,0.75,656,3,0.6915650406504065,0.6914882154692374,0.5803946852684021,0.3960915432835488,0.039377449822377335,0.012195121951219502,0.0225057204564412,0.05487804878048776,0.06707317073170727,0.046274709204832634,0.2811738650004069,0.20492697258790332,0.32865916689236957,0.675481482344137
MOSI,posterior_ensemble,mask,vision,0.25,656,3,0.7936991869918699,0.7888576563899733,0.45966411630312604,0.29616616442536187,0.03140008225431284,-0.0005081300813008,-0.0080693860848744,0.024898373983739803,0.024390243902438966,0.05643241355816517,0.21804547309875483,0.21189419428507486,0.32354727387428284,0.7818752012696067
MOSI,posterior_ensemble,mask,vision,0.5,656,3,0.7916666666666666,0.7869761902209302,0.45912243922551466,0.29588245335110963,0.029458414490629938,-0.0010162601626016,-0.006005456050236967,0.026422764227642233,0.0254065040650406,0.0544303754965464,0.21509335438410435,0.21198557813962296,0.32261643807093304,0.7799740434905831
MOSI,posterior_ensemble,mask,vision,0.75,656,3,0.7916666666666666,0.7867770206907525,0.4599294761816661,0.2964570524843808,0.0311827174107718,0.0030487804878048005,-0.005351881186167366,0.0284552845528455,0.03150406504065036,0.0532608143985271,0.21400714417298633,0.21211180090904233,0.32165324687957764,0.7765235118015366
MOSI,raw_mixer_ensemble,clean,none,0.0,656,1,0.7972560975609756,0.7929130737151416,0.4509061574935913,0.2890791142337475,0.0383043231033697,0.0,-0.0004601776599884,0.0182926829268292,0.0182926829268292,0.0281384494155645,0.2215873748064041,0.2117166668176651,0.3244969546794891,0.776293251113395
MOSI,raw_mixer_ensemble,gaussian,audio,0.25,656,3,0.7972560975609756,0.7927871272846941,0.45094630122184753,0.28917339469369235,0.040999156915075365,0.0010162601626015333,-0.000530978043874055,0.017784552845528403,0.018800813008130066,0.028418445338805467,0.22099478046099338,0.21164757013320917,0.32444214820861816,0.7726382713636216
MOSI,raw_mixer_ensemble,gaussian,audio,0.5,656,3,0.790650406504065,0.7858702700406887,0.4514910777409871,0.28969033632958036,0.03573743196401167,-0.0045731707317072665,-0.0009728769461313332,0.023373983739837335,0.018800813008130034,0.0292029703656832,0.22223569452762595,0.21156765520572662,0.32454441984494525,0.7685506281578612
MOSI,raw_mixer_ensemble,gaussian,audio,1.0,656,3,0.7916666666666666,0.7870307108005457,0.45362554987271625,0.2916760139277272,0.039735958283025,-0.0020325203252032666,-0.0026655197143554002,0.026422764227642233,0.024390243902438997,0.0316085964441299,0.22619945307572684,0.21132725973923996,0.3249768714110057,0.7698695773311737
MOSI,raw_mixer_ensemble,gaussian,audio,2.0,656,3,0.7779471544715447,0.7739527729808688,0.4600172241528828,0.29729288934076104,0.04216377337167897,-0.013211382113821103,-0.007579396168390866,0.03810975609756093,0.024898373983739803,0.0392353199422359,0.23761759201685584,0.21062147120634714,0.3265560368696848,0.7645720708440094
MOSI,raw_mixer_ensemble,gaussian,text,0.25,656,3,0.7952235772357723,0.7905163956031063,0.4548097749551137,0.29268940608633526,0.0402734428947049,0.002540650406504,-0.0008698304494221666,0.016260162601625966,0.018800813008130003,0.02861120179295537,0.22081728776295978,0.21179478367169693,0.32440056403477985,0.7822972230444253
MOSI,raw_mixer_ensemble,gaussian,text,0.5,656,3,0.7855691056910569,0.7810115277574602,0.46143744389216107,0.2986411377955678,0.03270170195558203,0.004065040650406467,-0.0008911391099294001,0.0182926829268292,0.0223577235772357,0.02889850114782647,0.21658908327420553,0.21197495857874546,0.3235692183176676,0.7755901717007727
MOSI,raw_mixer_ensemble,gaussian,text,1.0,656,3,0.7677845528455285,0.7637391072251093,0.48316024740537006,0.3173373079573317,0.021835837785790565,0.0015243902439023669,-0.00048612554868060004,0.019817073170731666,0.0213414634146341,0.029584705208738602,0.20558904608090714,0.21262342731157932,0.3213992913564046,0.776345187277015
MOSI,raw_mixer_ensemble,gaussian,text,2.0,656,3,0.725609756097561,0.7231124622903494,0.5486632386843363,0.36930258818260725,0.04081867253634986,3.339695277327707e-17,0.0033997297286986997,0.028963414634146336,0.028963414634146298,0.03238745095829166,0.17961093286673227,0.2131229192018509,0.31990763545036316,0.7177140428810163
MOSI,raw_mixer_ensemble,gaussian,vision,0.25,656,3,0.796239837398374,0.7916843355280093,0.45105316241582233,0.2892195384134328,0.038995822300998136,-0.0010162601626016,-0.0006855626900990667,0.018292682926829236,0.017276422764227597,0.028228137021263398,0.22110207875569662,0.21167769034703574,0.3245968321959178,0.7802481205121757
MOSI,raw_mixer_ensemble,gaussian,vision,0.5,656,3,0.7947154471544715,0.7898252359751662,0.45111828049023944,0.28928493330712246,0.039801183815409466,-0.002032520325203167,-0.0009197592735290333,0.018800813008130034,0.0167682926829268,0.028400639072060564,0.22235749165217075,0.211621955037117,0.324713259935379,0.7793863698003133
MOSI,raw_mixer_ensemble,gaussian,vision,1.0,656,3,0.7947154471544715,0.789274182703603,0.4510630170504251,0.2893035254346734,0.037817477029028934,0.0010162601626015667,-0.0010590950647989665,0.019308943089430868,0.02032520325203247,0.028872579336166333,0.22538598875204716,0.21152195831139878,0.3253311216831207,0.7764590124275786
MOSI,raw_mixer_ensemble,gaussian,vision,2.0,656,3,0.7896341463414634,0.7827509202256262,0.4539542595545451,0.29202661796977464,0.04471108329489943,-0.007113821138211333,-0.0019657611846923668,0.024898373983739803,0.017784552845528434,0.030872321377197864,0.23929449419180546,0.21120121578375495,0.3269416093826294,0.7719572854736086
MOSI,raw_mixer_ensemble,mask,audio,0.25,656,3,0.7942073170731707,0.7893448975812305,0.45200968782107037,0.28997584777812924,0.03686009514016827,0.0010162601626016998,-0.0009925762812296333,0.017276422764227597,0.018292682926829232,0.027360004683335565,0.21681119501590723,0.2117974559466044,0.32378973563512164,0.7759772280749545
MOSI,raw_mixer_ensemble,mask,audio,0.5,656,3,0.7921747967479674,0.7869219535461631,0.45298104484875984,0.29092908951779894,0.03832192606921117,0.0,-0.0016815662384032668,0.016768292682926768,0.016768292682926768,0.0268576772262652,0.2132497280836105,0.21188513437906895,0.32327698667844135,0.76718497397211
MOSI,raw_mixer_ensemble,mask,audio,0.75,656,3,0.7901422764227642,0.7845504738629312,0.45384373267491657,0.2917434505100561,0.03900439713180546,-0.0005081300813008,-0.0022031863530476334,0.016260162601625966,0.015752032520325168,0.026274247094988767,0.20931762456893915,0.2118778228759765,0.3228441973527272,0.7692461624260863
MOSI,raw_mixer_ensemble,mask,text,0.25,656,3,0.782520325203252,0.7789509931537986,0.47467008233070374,0.30688335625074625,0.0559951780530495,0.0005081300813008,0.0032077133655547332,0.0259146341463414,0.026422764227642233,0.025409418468674002,0.24555560946464539,0.20973897476991016,0.32579113046328223,0.7796975728039967
MOSI,raw_mixer_ensemble,mask,text,0.5,656,3,0.7520325203252033,0.7500326653452395,0.5150595307350159,0.3393776342286855,0.07775909929134978,-0.008638211382113799,0.008498450120290066,0.03455284552845527,0.0259146341463414,0.023706391453742932,0.2691604296366374,0.20705067614714304,0.32823145389556885,0.7194981053941568
MOSI,raw_mixer_ensemble,mask,text,0.75,656,3,0.695630081300813,0.695332742411808,0.5878384510676066,0.4018056869491977,0.062702918712928,0.016260162601626035,0.015061954657236667,0.0330284552845528,0.04928861788617883,0.022261022279659863,0.2811738650004069,0.20492697258790332,0.32865916689236957,0.675481482344137
MOSI,raw_mixer_ensemble,mask,vision,0.25,656,3,0.7947154471544715,0.7902203633720607,0.45059991876284283,0.288741535498815,0.03589140554148003,0.0005081300813007668,0.0009948114554087,0.018800813008130066,0.019308943089430833,0.0265288495769103,0.21804547309875483,0.21189419428507486,0.32354727387428284,0.7818752012696067
MOSI,raw_mixer_ensemble,mask,vision,0.5,656,3,0.7982723577235772,0.7936993297183836,0.45152779420216876,0.2895622260912977,0.039344869099739097,0.005589430894308868,0.0015891889731089,0.017276422764227597,0.022865853658536536,0.02554851832489167,0.21509335438410435,0.21198557813962296,0.32261643807093304,0.7799740434905831
MOSI,raw_mixer_ensemble,mask,vision,0.75,656,3,0.7977642276422764,0.7930831831008687,0.4529118339220683,0.2906632593139019,0.03881851650350457,0.009146341463414634,0.0016657610734303332,0.015243902439024333,0.024390243902438997,0.024896283944447768,0.21400714417298633,0.21211180090904233,0.32165324687957764,0.7765235118015366
