dataset,variant,train_seed,n_test,router_epochs,mixer_epochs,residual_blend,shrinkage_strength,route_ndcg,route_pairwise_accuracy,route_top1_recovery,route_top2_recovery,route_candidate_k,route_candidate_oracle_recovery,route_candidate_oracle_nll,route_action_oracle_nll,route_candidate_mean_benefit,route_candidate_headroom_fraction,route_selected_nll,route_full_nll,route_global_oracle_nll,route_anchor_preserved,raw_accuracy,raw_macro_f1,raw_nll,raw_brier,raw_ece,raw_accuracy_gain,raw_macro_f1_gain,raw_nll_gain,raw_relative_nll_reduction,raw_negative_flip_rate,raw_correction_rate,raw_clipped_harm,raw_harmful_action_rate,raw_regret_reduction,raw_mean_alpha,raw_activation_rate,raw_full_nll,raw_full_accuracy,adaptive_accuracy,adaptive_macro_f1,adaptive_nll,adaptive_brier,adaptive_ece,adaptive_accuracy_gain,adaptive_macro_f1_gain,adaptive_nll_gain,adaptive_relative_nll_reduction,adaptive_negative_flip_rate,adaptive_correction_rate,adaptive_clipped_harm,adaptive_harmful_action_rate,adaptive_regret_reduction,adaptive_mean_alpha,adaptive_activation_rate,adaptive_full_nll,adaptive_full_accuracy
mosi,analytic_only,11,656,0.0,69.0,0.0,1.0,0.8712108220066727,0.7337108156901362,0.4253048780487805,0.4390243902439024,3.0,0.4847560975609756,0.4389650225639343,0.4232657849788666,0.0611057691276073,0.3903965981447317,0.4647558331489563,0.4843716025352478,0.3278492987155914,,0.7865853658536586,0.7842672980794527,0.465726763010025,0.3000536204650689,0.0301792368111086,0.0152439024390244,0.0140557245891907,0.0186448395252227,0.0384928419164828,0.0381097560975609,0.0533536585365853,0.0499315597116947,0.4435975609756097,0.1191194848683358,1.0,1.0,0.4843716025352478,0.7713414634146342,0.7926829268292683,0.7909339732293501,0.4668742716312408,0.3002348803341308,0.0290914959296947,0.0213414634146341,0.0207223997390882,0.0174973309040069,0.0361237752428594,0.0121951219512195,0.0335365853658536,0.0174823552370071,0.4268292682926829,0.1117880151366622,0.3508979380130768,0.9253048780487804,0.4843716025352478,0.7713414634146342
mosi,analytic_only,22,656,0.0,15.0,0.0,1.0,0.8287116806601454,0.714192972490465,0.3201219512195122,0.3475609756097561,3.0,0.375,0.423291802406311,0.4122545123100281,0.0433081202208995,0.2491743795307852,0.4651393294334411,0.4555626511573791,0.2817561626434326,,0.788109756097561,0.7827540282135769,0.4603781402111053,0.2976041657938089,0.0387306077087797,0.0045731707317072,0.0064555545864961,-0.0048154890537261,-0.0105704210858642,0.0259146341463414,0.0304878048780487,0.0427364446222782,0.524390243902439,-0.0277059539410089,1.0,1.0,0.4555626511573791,0.7835365853658537,0.7835365853658537,0.7762984736270808,0.4533032774925232,0.2932726038263967,0.0420100071081301,0.0,0.0,0.0022593736648559,0.0049595234796265,0.0091463414634146,0.0091463414634146,0.0117475008592009,0.4954268292682927,0.0129991928123864,0.267283171415329,0.8567073170731707,0.4555626511573791,0.7835365853658537
mosi,analytic_only,33,656,0.0,11.0,0.0,1.0,0.8378674439340998,0.7330623306233063,0.3429878048780488,0.3810975609756097,3.0,0.4176829268292683,0.426165223121643,0.4195132255554199,0.0470216497778892,0.2672455773122606,0.4603246748447418,0.4665349125862121,0.2905857264995575,,0.7926829268292683,0.7883368920521945,0.4614996016025543,0.2976072906267212,0.0322370959854707,0.0198170731707317,0.0197301901121591,0.0050353109836578,0.0107929992971905,0.0076219512195121,0.0274390243902439,0.0175986140966415,0.4954268292682927,0.0286179791038971,1.0,1.0,0.4665349125862121,0.7728658536585366,0.7789634146341463,0.7748186025590946,0.4640415608882904,0.2994960336169961,0.0277622822762989,0.0060975609756097,0.0062119006190592,0.0024933516979217,0.0053444053824396,0.0,0.0060975609756097,0.0047359582968056,0.4435975609756097,0.0141708599570857,0.2261554449796676,0.7972560975609756,0.4665349125862121,0.7728658536585366
mosi,analytic_only,44,656,0.0,14.0,0.0,1.0,0.8351215489295828,0.710762154016972,0.3094512195121951,0.3384146341463415,3.0,0.3689024390243902,0.4333845973014831,0.4237523972988128,0.0554757826030254,0.3144510198432912,0.4693163931369781,0.4792282283306122,0.3028071522712707,,0.774390243902439,0.7704449803754669,0.4653446972370147,0.3032185035218864,0.0272764869761176,0.0076219512195122,0.0057109696163515,0.0138835310935974,0.0289706037183172,0.0335365853658536,0.0411585365853658,0.0319297164678573,0.5030487804878049,0.0786955979335807,1.0,1.0,0.4792282283306122,0.7667682926829268,0.7698170731707317,0.766768461377266,0.469853937625885,0.3074748674945418,0.0207809937618127,0.0030487804878048,0.0020344506181505,0.0093742907047271,0.0195612239650039,0.0137195121951219,0.0167682926829268,0.0093534812331199,0.461890243902439,0.0531357245040021,0.2602778077125549,0.8490853658536586,0.4792282283306122,0.7667682926829268
mosi,analytic_only,55,656,0.0,11.0,0.0,0.0,0.8468629431572108,0.7357427055702918,0.274390243902439,0.3079268292682927,3.0,0.3429878048780488,0.4116573333740234,0.401712566614151,0.0414678566157817,0.2428026525532199,0.4453712105751037,0.4431804120540619,0.2723921239376068,,0.8079268292682927,0.7993006993006992,0.4431702196598053,0.281710709494303,0.0370015320254535,0.0091463414634146,0.0092817847073629,1.0192394256591795e-05,2.299829590696907e-05,0.0121951219512195,0.0213414634146341,0.0230811331421136,0.5670731707317073,6.020201702927608e-05,1.0,1.0,0.4431804120540619,0.7987804878048781,0.7987804878048781,0.7900189145933363,0.4431804120540619,0.2817417798809198,0.0401765288012783,0.0,0.0,0.0,0.0,0.0,0.0,0.0,0.0,0.0,0.0,0.0,0.4431804120540619,0.7987804878048781
mosi,hard_oracle_classifier,11,656,12.0,69.0,0.1,1.0,0.879463840737173,0.7296898079763663,0.4908536585365853,0.5838414634146342,3.0,0.6692073170731707,0.437663197517395,0.4184404611587524,0.0659311488270759,0.4212253046044314,0.4741905927658081,0.4843716025352478,0.3278492987155914,,0.7865853658536586,0.7842672980794527,0.4654527902603149,0.2998569780680603,0.0302284839676647,0.0152439024390244,0.0140557245891907,0.0189188122749328,0.0390584670445376,0.0381097560975609,0.0533536585365853,0.049228198826313,0.4466463414634146,0.1208694793704475,1.0,1.0,0.4843716025352478,0.7713414634146342,0.7926829268292683,0.7909339732293501,0.4668530821800232,0.3002231452068621,0.0291287248454442,0.0213414634146341,0.0207223997390882,0.0175185203552246,0.0361675215135052,0.0121951219512195,0.0335365853658536,0.0172833651304245,0.4283536585365853,0.111923582113651,0.349631130695343,0.923780487804878,0.4843716025352478,0.7713414634146342
mosi,hard_oracle_classifier,22,656,11.0,15.0,0.1,1.0,0.8283382654069147,0.6984500527468961,0.2530487804878049,0.3734756097560975,3.0,0.5274390243902439,0.4180249869823456,0.4071230888366699,0.0484394915401935,0.2786978559159393,0.4681350290775299,0.4555626511573791,0.2817561626434326,,0.7896341463414634,0.7846294393056983,0.4603429734706878,0.2975518504643736,0.0425085594377866,0.0060975609756097,0.0083309656786174,-0.0047803223133087,-0.0104932270043737,0.0274390243902439,0.0335365853658536,0.0427035652101039,0.5304878048780488,-0.0275036211988128,1.0,1.0,0.4555626511573791,0.7835365853658537,0.7835365853658537,0.7762984736270808,0.4533028900623321,0.2932518777418926,0.0420540805633475,0.0,0.0,0.0022597610950469,0.0049603739228972,0.0091463414634146,0.0091463414634146,0.0116946548223495,0.5015243902439024,0.0130015076361319,0.2646571695804596,0.8582317073170732,0.4555626511573791,0.7835365853658537
mosi,hard_oracle_classifier,33,656,12.0,11.0,1.0,0.1,0.8582353390370029,0.7116212338593975,0.5289634146341463,0.6646341463414634,3.0,0.7576219512195121,0.4027837514877319,0.3994439244270324,0.0670909881591796,0.3813088215267394,0.4640387594699859,0.4665349125862121,0.2905857264995575,,0.7911585365853658,0.7874195478833494,0.4644737243652344,0.3000863107974322,0.0341632308029546,0.0182926829268292,0.0188128459433141,0.0020611882209777,0.0044180792591741,0.0076219512195121,0.0259146341463414,0.0208298936486244,0.538109756097561,0.0117148463145229,1.0,1.0,0.4665349125862121,0.7728658536585366,0.774390243902439,0.770255944267757,0.4663343727588653,0.3013381912624435,0.039125021910522,0.0015243902439024,0.0016492423277216,0.0002005398273468,0.000429849560958,0.0,0.0015243902439024,0.0004374413401819,0.4939024390243902,0.0011399290906516,0.0208603870123624,0.8307926829268293,0.4665349125862121,0.7728658536585366
mosi,hard_oracle_classifier,44,656,13.0,14.0,0.25,1.0,0.8572915462065622,0.7362201602030296,0.4588414634146341,0.625,3.0,0.7027439024390244,0.4166862666606903,0.4065359532833099,0.0726922303438186,0.412038278574021,0.4661152958869934,0.4792282283306122,0.3028071522712707,,0.7759146341463414,0.7727841435226093,0.4651669859886169,0.3032039583321534,0.0282525119439857,0.0091463414634146,0.0080501327634938,0.0140612423419952,0.0293414317244571,0.0320121951219512,0.0411585365853658,0.0319521352648735,0.4984756097560975,0.079702573192582,1.0,1.0,0.4792282283306122,0.7667682926829268,0.7713414634146342,0.7683942945911595,0.4701262712478637,0.3076557631229054,0.0192292947776433,0.0045731707317073,0.003660283832044,0.0091019570827484,0.0189929485465724,0.0121951219512195,0.0167682926829268,0.009348539635539,0.4679878048780488,0.0515922363406914,0.2591353058815002,0.8567073170731707,0.4792282283306122,0.7667682926829268
mosi,hard_oracle_classifier,55,656,12.0,11.0,1.0,0.0,0.8428822640590377,0.6682692307692307,0.2073170731707317,0.3856707317073171,3.0,0.5929878048780488,0.3920187950134277,0.3846820592880249,0.0584983713924884,0.3425197466978321,0.4519521296024322,0.4431804120540619,0.2723921239376068,,0.8048780487804879,0.796114996114996,0.4435453712940216,0.2822637667282537,0.0451279014530705,0.0060975609756097,0.0060960815216597,-0.0003649592399597,-0.0008235003850197,0.0091463414634146,0.0152439024390243,0.0233713891357183,0.6204268292682927,-0.0021366481087405,1.0,1.0,0.4431804120540619,0.7987804878048781,0.7987804878048781,0.7900189145933363,0.4431804120540619,0.2817417798809198,0.0401765288012783,0.0,0.0,0.0,0.0,0.0,0.0,0.0,0.0,0.0,0.0,0.0,0.4431804120540619,0.7987804878048781
mosi,listwise_pairwise_anchored,11,656,12.0,69.0,0.25,1.0,0.8723047422349026,0.7255046774987691,0.3445121951219512,0.4283536585365853,3.0,0.5579268292682927,0.4350239038467407,0.4185909032821655,0.0657806769013404,0.4202639595667683,0.4650613665580749,0.4843716025352478,0.3278492987155914,1.0,0.7865853658536586,0.7842672980794527,0.4653978645801544,0.2997845178053249,0.0290160484430266,0.0152439024390244,0.0140557245891907,0.0189737379550933,0.0391718627924985,0.0381097560975609,0.0533536585365853,0.0495640113949775,0.4451219512195122,0.1212205826086038,1.0,1.0,0.4843716025352478,0.7713414634146342,0.7926829268292683,0.7909339732293501,0.4668261706829071,0.3002040642855479,0.0291262929577652,0.0213414634146341,0.0207223997390882,0.0175454318523406,0.0362230811230596,0.0121951219512195,0.0335365853658536,0.0173773765563964,0.4268292682926829,0.112095230470049,0.3507804870605469,0.923780487804878,0.4843716025352478,0.7713414634146342
mosi,listwise_pairwise_anchored,22,656,12.0,15.0,0.1,1.0,0.8294295743666499,0.7150856122697395,0.2804878048780488,0.3597560975609756,3.0,0.4527439024390244,0.4221024513244629,0.4118951857089996,0.0436674691736698,0.2512419029394404,0.4645802974700928,0.4555626511573791,0.2817561626434326,1.0,0.788109756097561,0.7827540282135769,0.4603048264980316,0.2975387563629218,0.0386192686855793,0.0045731707317072,0.0064555545864961,-0.0047421753406524,-0.0104094910515704,0.0259146341463414,0.0304878048780487,0.0425863526761531,0.5228658536585366,-0.0272841416140579,1.0,1.0,0.4555626511573791,0.7835365853658537,0.7835365853658537,0.7762984736270808,0.4533354043960571,0.2932942690120117,0.042074429371008,0.0,0.0,0.002227246761322,0.004889002106875,0.0091463414634146,0.0091463414634146,0.0117784952744841,0.4984756097560975,0.0128142641153879,0.2686434686183929,0.8597560975609756,0.4555626511573791,0.7835365853658537
mosi,listwise_pairwise_anchored,33,656,12.0,11.0,1.0,1.0,0.8499714676239697,0.713534194165471,0.4679878048780488,0.5884146341463414,3.0,0.711890243902439,0.4094294905662536,0.4072328805923462,0.0593020394444465,0.3370406576967402,0.4643756449222564,0.4665349125862121,0.2905857264995575,1.0,0.7911585365853658,0.7870609280780941,0.4623846709728241,0.2984544957092891,0.0358180441870921,0.0182926829268292,0.0184542261380588,0.004150241613388,0.0088958864629903,0.0076219512195121,0.0259146341463414,0.016254786401987,0.5228658536585366,0.0235878937836769,1.0,1.0,0.4665349125862121,0.7728658536585366,0.7774390243902439,0.7733605936695441,0.4645546376705169,0.2999005552408559,0.0261052347174505,0.0045731707317073,0.0047538917295087,0.0019802749156951,0.004244644639171,0.0,0.0045731707317073,0.0041339555755257,0.4695121951219512,0.0112548095522331,0.20821613073349,0.8094512195121951,0.4665349125862121,0.7728658536585366
mosi,listwise_pairwise_anchored,44,656,11.0,14.0,0.1,1.0,0.8372352468721322,0.710762154016972,0.3140243902439024,0.3536585365853658,3.0,0.4207317073170731,0.4329983294010162,0.4232078194618225,0.0560204349458217,0.3175382495607681,0.4681174159049988,0.4792282283306122,0.3028071522712707,1.0,0.774390243902439,0.7704449803754669,0.4653942883014679,0.3032825689762439,0.027309836956059,0.0076219512195122,0.0057109696163515,0.0138339400291442,0.028867122617828,0.0335365853658536,0.0411585365853658,0.0316298827528953,0.5030487804878049,0.0784142496205683,1.0,1.0,0.4792282283306122,0.7667682926829268,0.7698170731707317,0.766768461377266,0.4698944687843323,0.3075126188381097,0.0216772616273019,0.0030487804878048,0.0020344506181505,0.0093337595462799,0.0194766480655657,0.0137195121951219,0.0167682926829268,0.0093187866732478,0.4603658536585366,0.052906067925473,0.2600967586040497,0.8475609756097561,0.4792282283306122,0.7667682926829268
mosi,listwise_pairwise_anchored,55,656,12.0,11.0,0.75,0.5,0.8474999343684468,0.7248010610079576,0.1920731707317073,0.3490853658536585,3.0,0.5335365853658537,0.4124797582626343,0.4031790792942047,0.0400013364851474,0.2342158818155881,0.4472058117389679,0.4431804120540619,0.2723921239376068,1.0,0.8033536585365854,0.7943858472618066,0.443665862083435,0.282308293740896,0.0392112131344108,0.0045731707317072,0.0043669326684703,-0.0004854500293731,-0.0010953779006684,0.0121951219512195,0.0167682926829268,0.0207798387855291,0.573170731707317,-0.0028423204474841,1.0,1.0,0.4431804120540619,0.7987804878048781,0.8003048780487805,0.7914736563692791,0.4425212442874908,0.2812175587461252,0.0370269455015659,0.0015243902439023,0.0014547417759428,0.000659167766571,0.0014873576282758,0.0015243902439024,0.0030487804878048,0.0028305631130933,0.5289634146341463,0.0038597345352796,0.0991859883069992,0.823170731707317,0.4431804120540619,0.7987804878048781
mosi,listwise_pairwise_unanchored,11,656,12.0,69.0,0.25,1.0,0.8723047422349026,0.7255046774987691,0.3445121951219512,0.4283536585365853,3.0,0.5137195121951219,0.4349271357059479,0.4184681177139282,0.0659034773707389,0.4210485153654791,0.4650613665580749,0.4843716025352478,0.3278492987155914,,0.7865853658536586,0.7842672980794527,0.4654716253280639,0.2998713808050231,0.0271611458099469,0.0152439024390244,0.0140557245891907,0.0188999772071838,0.0390195814706302,0.0381097560975609,0.0533536585365853,0.0495531857013702,0.4435975609756097,0.120749239839593,1.0,1.0,0.4843716025352478,0.7713414634146342,0.7926829268292683,0.7909339732293501,0.4668269753456116,0.3002082709543139,0.0291088813143532,0.0213414634146341,0.0207223997390882,0.0175446271896362,0.0362214198722756,0.0121951219512195,0.0335365853658536,0.0173668600618839,0.4268292682926829,0.1120902799905522,0.3515573740005493,0.9253048780487804,0.4843716025352478,0.7713414634146342
mosi,listwise_pairwise_unanchored,22,656,12.0,15.0,0.1,1.0,0.8294295743666499,0.7150856122697395,0.2804878048780488,0.3597560975609756,3.0,0.4557926829268293,0.4220912158489227,0.4118887782096863,0.0436738245189189,0.2512784685811973,0.4645802974700928,0.4555626511573791,0.2817561626434326,,0.788109756097561,0.7827540282135769,0.4602955281734466,0.2975272589543929,0.0386487083827577,0.0045731707317072,0.0064555545864961,-0.0047328770160675,-0.0103890804130746,0.0259146341463414,0.0304878048780487,0.0425308048725128,0.524390243902439,-0.0272307291994868,1.0,1.0,0.4555626511573791,0.7835365853658537,0.7835365853658537,0.7762984736270808,0.4533433616161346,0.2932926481554759,0.042090779670128,0.0,0.0,0.0022192895412445,0.00487153531047,0.0091463414634146,0.0091463414634146,0.0117591926828026,0.4969512195121951,0.0127688249826066,0.2672319710254669,0.8567073170731707,0.4555626511573791,0.7835365853658537
mosi,listwise_pairwise_unanchored,33,656,12.0,11.0,1.0,0.25,0.8499714676239697,0.713534194165471,0.4679878048780488,0.5884146341463414,3.0,0.663109756097561,0.4146775901317596,0.4128769636154175,0.0536579452455043,0.3049626846837569,0.4643756449222564,0.4665349125862121,0.2905857264995575,,0.788109756097561,0.7843161836188729,0.4634042978286743,0.2993529624098283,0.0277564348425806,0.0152439024390244,0.0157094816788374,0.0031306147575378,0.0067103547303318,0.0060975609756097,0.0213414634146341,0.0155091201886534,0.5198170731707317,0.0177926331786101,1.0,1.0,0.4665349125862121,0.7728658536585366,0.7759146341463414,0.7719027265609661,0.4660944640636444,0.3011471149564926,0.0344336185513473,0.0030487804878048,0.0032960246209308,0.0004404485225677,0.0009440848062712,0.0,0.0030487804878048,0.000953723269049,0.4664634146341463,0.0025033554227764,0.0499645918607711,0.8003048780487805,0.4665349125862121,0.7728658536585366
mosi,listwise_pairwise_unanchored,44,656,11.0,14.0,0.1,1.0,0.8372352468721322,0.710762154016972,0.3140243902439024,0.3536585365853658,3.0,0.4192073170731707,0.4329167008399963,0.4231029748916626,0.0561252683401107,0.3181324722323743,0.4681174159049988,0.4792282283306122,0.3028071522712707,,0.774390243902439,0.7704449803754669,0.4653070569038391,0.3032119252081604,0.0272701588890901,0.0076219512195122,0.0057109696163515,0.013921171426773,0.0290491473661043,0.0335365853658536,0.0411585365853658,0.0316820219159126,0.5060975609756098,0.0789086996428962,1.0,1.0,0.4792282283306122,0.7667682926829268,0.7698170731707317,0.766768461377266,0.4698660373687744,0.307489180089272,0.0225690673218994,0.0030487804878048,0.0020344506181505,0.0093621909618377,0.0195359755714952,0.0137195121951219,0.0167682926829268,0.0093413051217794,0.4634146341463415,0.0530672245094501,0.2604347467422485,0.8521341463414634,0.4792282283306122,0.7667682926829268
mosi,listwise_pairwise_unanchored,55,656,12.0,11.0,0.75,0.1,0.8474999343684468,0.7248010610079576,0.1920731707317073,0.3490853658536585,3.0,0.5426829268292683,0.419737845659256,0.4107354879379272,0.032444953918457,0.1899717399517162,0.4472058117389679,0.4431804120540619,0.2723921239376068,,0.8064024390243902,0.7975736635833292,0.4440019130706787,0.2826726592804319,0.0346511207157518,0.0076219512195121,0.0075547489899927,-0.0008215010166168,-0.0018536492008058,0.010670731707317,0.0182926829268292,0.0197842475026845,0.5685975609756098,-0.0048098794127424,1.0,1.0,0.4431804120540619,0.7987804878048781,0.7987804878048781,0.7900189145933363,0.4430395364761352,0.2816258318414049,0.0413064444210471,0.0,0.0,0.0001408755779266,0.0003178741074626,0.0,0.0,0.0005306404782459,0.5198170731707317,0.0008248548826017,0.0193148758262395,0.8109756097560976,0.4431804120540619,0.7987804878048781
mosi,pairwise_only,11,656,12.0,51.0,1.0,1.0,0.871617940920242,0.7314130969965534,0.2820121951219512,0.4161585365853658,3.0,0.5594512195121951,0.4347456395626068,0.4248264133930206,0.0595451854169368,0.380426237236688,0.4671457707881927,0.4843716025352478,0.3278492987155914,,0.7896341463414634,0.7870690952882734,0.4645939469337463,0.2989427529006218,0.0236227750414755,0.0182926829268292,0.0168575217980114,0.0197776556015014,0.0408315753813462,0.0335365853658536,0.0518292682926829,0.0465104803442955,0.4420731707317073,0.1263568002880417,1.0,1.0,0.4843716025352478,0.7713414634146342,0.7911585365853658,0.789336990026136,0.4669160544872284,0.3002538053695241,0.0283097161388978,0.0198170731707316,0.019125416535874,0.0174555480480194,0.0360375132577041,0.0121951219512195,0.0320121951219512,0.0168509874492883,0.4283536585365853,0.11152116525148,0.3496577441692352,0.926829268292683,0.4843716025352478,0.7713414634146342
mosi,pairwise_only,22,656,11.0,14.0,1.0,1.0,0.8345106462398099,0.7275825691795829,0.2560975609756097,0.4253048780487805,3.0,0.5320121951219512,0.4259756207466125,0.4234129786491394,0.0321497060358524,0.1849741575649083,0.4598917067050934,0.4555626511573791,0.2817561626434326,,0.7896341463414634,0.7839942734430924,0.4589771032333374,0.2964175649134539,0.0394393259250536,0.0060975609756097,0.0076957998160115,-0.0034144520759582,-0.0074950219630245,0.0213414634146341,0.0274390243902439,0.0367036089301109,0.5289634146341463,-0.019645394722459,1.0,1.0,0.4555626511573791,0.7835365853658537,0.7820121951219512,0.7748501729281623,0.4534666538238525,0.293442341065604,0.0449460561319095,-0.0015243902439024,-0.0014483006989185,0.0020959973335266,0.0046008980942613,0.0091463414634146,0.0076219512195121,0.0102592324838042,0.4984756097560975,0.0120595458401545,0.2577089071273803,0.8445121951219512,0.4555626511573791,0.7835365853658537
mosi,pairwise_only,33,656,12.0,11.0,1.0,1.0,0.8351929120792332,0.7241351825282959,0.2789634146341463,0.4679878048780488,3.0,0.614329268292683,0.4345370829105377,0.43410724401474,0.0324276946485042,0.1843014445086583,0.4639021754264831,0.4665349125862121,0.2905857264995575,,0.7896341463414634,0.7854135851632724,0.4634294807910919,0.2991857726751693,0.02482645340809,0.0167682926829269,0.0168068832232369,0.0031054317951202,0.0066563759996126,0.0015243902439024,0.0182926829268292,0.0123298298567533,0.5,0.0176496762465878,1.0,1.0,0.4665349125862121,0.7728658536585366,0.7759146341463414,0.7719027265609661,0.4649220108985901,0.3002400246607875,0.0364358685002094,0.0030487804878048,0.0032960246209308,0.001612901687622,0.0034571939722174,0.0,0.0030487804878048,0.0034895641729235,0.4344512195121951,0.0091671979560545,0.212576612830162,0.7774390243902439,0.4665349125862121,0.7728658536585366
mosi,pairwise_only,44,656,12.0,14.0,1.0,1.0,0.8322633693900331,0.7160758188595447,0.1295731707317073,0.3445121951219512,3.0,0.5442073170731707,0.4394734501838684,0.4347378015518188,0.0444904528558254,0.2521833423047773,0.4693414568901062,0.4792282283306122,0.3028071522712707,,0.7789634146341463,0.7746265297176909,0.4654045104980469,0.3031394888673238,0.0294035278805871,0.0121951219512195,0.0098925189585754,0.0138237178325653,0.0288457920784844,0.0289634146341463,0.0411585365853658,0.0290584042668342,0.4969512195121951,0.0783564765055576,1.0,1.0,0.4792282283306122,0.7667682926829268,0.7698170731707317,0.766768461377266,0.4700844883918762,0.3076753009098236,0.0225772702294151,0.0030487804878048,0.0020344506181505,0.0091437399387359,0.0190801363487875,0.0121951219512195,0.0152439024390243,0.0089535601437091,0.461890243902439,0.0518288189359323,0.2593995034694671,0.8521341463414634,0.4792282283306122,0.7667682926829268
mosi,pairwise_only,55,656,12.0,11.0,0.5,0.0,0.8420208051316372,0.7245523872679045,0.1371951219512195,0.3018292682926829,3.0,0.5213414634146342,0.420513242483139,0.4150514006614685,0.028129044920206,0.1647012234969345,0.4493368268013,0.4431804120540619,0.2723921239376068,,0.8048780487804879,0.7958433424428386,0.4441241323947906,0.2827314916198731,0.0366548403370671,0.0060975609756097,0.0058244278495023,-0.0009437203407287,-0.0021294270122517,0.0091463414634146,0.0152439024390243,0.0185242053121328,0.5701219512195121,-0.0055253236730907,1.0,1.0,0.4431804120540619,0.7987804878048781,0.7987804878048781,0.7900189145933363,0.4431804120540619,0.2817417798809198,0.0401765288012783,0.0,0.0,0.0,0.0,0.0,0.0,0.0,0.0,0.0,0.0,0.0,0.4431804120540619,0.7987804878048781
mosi,soft_listwise,11,656,11.0,69.0,0.0,1.0,0.8712108220066727,0.7337108156901362,0.4253048780487805,0.4390243902439024,3.0,0.4847560975609756,0.4389650225639343,0.4232657849788666,0.0611057691276073,0.3903965981447317,0.4647558331489563,0.4843716025352478,0.3278492987155914,,0.7865853658536586,0.7842672980794527,0.465726763010025,0.3000536204650689,0.0301792368111086,0.0152439024390244,0.0140557245891907,0.0186448395252227,0.0384928419164828,0.0381097560975609,0.0533536585365853,0.0499315597116947,0.4435975609756097,0.1191194848683358,1.0,1.0,0.4843716025352478,0.7713414634146342,0.7926829268292683,0.7909339732293501,0.4668742716312408,0.3002348803341308,0.0290914959296947,0.0213414634146341,0.0207223997390882,0.0174973309040069,0.0361237752428594,0.0121951219512195,0.0335365853658536,0.0174823552370071,0.4268292682926829,0.1117880151366622,0.3508979380130768,0.9253048780487804,0.4843716025352478,0.7713414634146342
mosi,soft_listwise,22,656,12.0,15.0,0.1,1.0,0.8286120184266452,0.711839649436014,0.3018292682926829,0.3673780487804878,3.0,0.4740853658536585,0.4220485091209411,0.4114896357059479,0.04407300055027,0.2535751381071,0.4655517041683197,0.4555626511573791,0.2817561626434326,,0.788109756097561,0.7827540282135769,0.4602069854736328,0.2974693895185731,0.0386738966150981,0.0045731707317072,0.0064555545864961,-0.0046443343162536,-0.0101947214163727,0.0259146341463414,0.0304878048780487,0.0423952005803585,0.5274390243902439,-0.0267212965070595,1.0,1.0,0.4555626511573791,0.7835365853658537,0.7835365853658537,0.7762984736270808,0.4532551765441894,0.2932374926176656,0.0421124977491251,0.0,0.0,0.0023074746131896,0.0050651092826144,0.0091463414634146,0.0091463414634146,0.0115690845996141,0.4954268292682927,0.0132762857881396,0.2601822316646576,0.8490853658536586,0.4555626511573791,0.7835365853658537
mosi,soft_listwise,33,656,12.0,11.0,0.75,1.0,0.8501831159702323,0.7113821138211383,0.3810975609756097,0.5548780487804879,3.0,0.6692073170731707,0.4108079969882965,0.4081940054893493,0.058340910822153,0.3315781234226464,0.4611910879611969,0.4665349125862121,0.2905857264995575,,0.7850609756097561,0.7808437288978924,0.4626099169254303,0.2985465070983396,0.0225163853568274,0.0121951219512195,0.0122370269578571,0.0039249956607818,0.0084130802537881,0.0076219512195121,0.0198170731707317,0.0160625409334898,0.5076219512195121,0.0223074637746456,1.0,1.0,0.4665349125862121,0.7728658536585366,0.7789634146341463,0.7748186025590946,0.4645608961582184,0.2999101997941993,0.029105619958988,0.0060975609756097,0.0062119006190592,0.0019740164279937,0.0042312298066845,0.0,0.0060975609756097,0.0042241173796355,0.461890243902439,0.0112191550093532,0.2115677893161773,0.8033536585365854,0.4665349125862121,0.7728658536585366
mosi,soft_listwise,44,656,13.0,11.0,0.75,1.0,0.8458994374206635,0.7119517804742644,0.3841463414634146,0.538109756097561,3.0,0.6539634146341463,0.4214359819889068,0.4113631248474121,0.067865066230297,0.3846766694677618,0.4696512818336487,0.4792282283306122,0.3028071522712707,,0.7804878048780488,0.777658522807513,0.4668366909027099,0.3050659684142056,0.031784444865657,0.013719512195122,0.0129245120483976,0.0123915374279022,0.0258572777965689,0.0198170731707317,0.0335365853658536,0.0204081628471612,0.5015243902439024,0.0702380024286668,1.0,1.0,0.4792282283306122,0.7667682926829268,0.7698170731707317,0.7670887266485615,0.4733317792415619,0.3103855254791231,0.0211711296947991,0.0030487804878048,0.0023547158894461,0.0058964490890502,0.012304052099749,0.010670731707317,0.0137195121951219,0.0053774737752974,0.4466463414634146,0.0334226761334616,0.2304535657167434,0.8323170731707317,0.4792282283306122,0.7667682926829268
mosi,soft_listwise,55,656,12.0,11.0,1.0,0.5,0.8492638228968442,0.7250497347480106,0.1829268292682926,0.3734756097560975,3.0,0.5426829268292683,0.4146587550640106,0.4075259566307068,0.0356544628739357,0.2087640613153181,0.4477913975715637,0.4431804120540619,0.2723921239376068,,0.8094512195121951,0.8007614799048515,0.4436007142066955,0.2822406526098598,0.035261796287647,0.010670731707317,0.0107425653115151,-0.0004203021526336,-0.0009483770970058,0.0076219512195121,0.0182926829268292,0.0193981137126684,0.5701219512195121,-0.0024610410062986,1.0,1.0,0.4431804120540619,0.7987804878048781,0.801829268292683,0.7932004461904069,0.4425616264343261,0.2812332852679433,0.0355071339120225,0.0030487804878048,0.0031815315970706,0.0006187856197357,0.0013962386488783,0.0015243902439024,0.0045731707317073,0.0026551678311079,0.5198170731707317,0.0036233761814645,0.0961768254637718,0.8064024390243902,0.4431804120540619,0.7987804878048781
mosei,analytic_only,11,3634,0.0,12.0,0.0,1.0,0.8862078501355718,0.7967738939286045,0.4350577875619152,0.4664281783159053,3.0,0.4939460649422124,0.3418328762054443,0.3384890258312225,0.0288854036480188,0.1840068763846435,0.3663292527198791,0.3673743903636932,0.2103943824768066,,0.8387451843698404,0.8216192218514201,0.3596326112747192,0.2257951181888851,0.0141829723798776,0.000275178866263,-0.000913907211848,0.0077417790889739,0.0210732682844598,0.0110071546505228,0.0112823335167859,0.0216047782450914,0.3852504127682994,0.0493168798500202,1.0,1.0,0.3673743903636932,0.8384700055035773,0.8392955421023666,0.8228902953586498,0.3650296330451965,0.2277010459178228,0.0166077113243401,0.0008255365987892,0.0003571662953817,0.0023447573184967,0.0063824735202022,0.004127682993946,0.0049532195927352,0.0073989671654999,0.3530544854155201,0.0149366619995728,0.2658998966217041,0.7033571821684095,0.3673743903636932,0.8384700055035773
mosei,analytic_only,22,3634,0.0,24.0,0.0,1.0,0.8779220885086052,0.791110977461697,0.4645019262520638,0.5129334067143644,3.0,0.5555861309851403,0.3332582712173462,0.3301755785942077,0.0361533276736736,0.2254674678715592,0.3602591753005981,0.3663288950920105,0.205980584025383,,0.840946615299945,0.8258484165897249,0.3574133515357971,0.2239261718320554,0.010251646472913,0.0030269675288937,0.0035357154808861,0.0089155435562133,0.0243375384133268,0.0093560814529444,0.0123830489818381,0.0187638457864522,0.3893780957622454,0.055601287414293,1.0,1.0,0.3663288950920105,0.8379196477710512,0.8398458998348927,0.8245809077255504,0.3625203371047973,0.2272083027023872,0.0154077853222239,0.0019262520638414,0.0022682066167116,0.0038085579872131,0.0103965535840587,0.0030269675288937,0.0049532195927352,0.0067626754753291,0.3481012658227848,0.0237519647713728,0.2400869727134704,0.6857457347275729,0.3663288950920105,0.8379196477710512
mosei,analytic_only,33,3634,0.0,11.0,0.0,1.0,0.8904512883959744,0.7916562578066451,0.5170610897083104,0.5365987892129884,3.0,0.566042927903137,0.3407698273658752,0.3305373787879944,0.0411441549658775,0.24538159470187,0.3715811371803283,0.3716815412044525,0.2040073722600937,,0.8439735828288387,0.8289495781472181,0.3587540686130523,0.225204243680989,0.0093069516766117,0.0077050082553659,0.0055504866222207,0.0129274725914001,0.0347810454872416,0.019537699504678,0.027242707760044,0.032083474099636,0.3445239405613648,0.0770985946760088,1.0,1.0,0.3716815412044525,0.8362685745734728,0.841221794166208,0.8279586884506118,0.3666103482246399,0.2298376213257555,0.0162534729983036,0.0049532195927352,0.0045595969256144,0.0050711929798126,0.0136439193708118,0.0052283984589983,0.0101816180517336,0.0114420475438237,0.3238855255916346,0.0302445082272502,0.2761962115764618,0.6807925151348376,0.3716815412044525,0.8362685745734728
mosei,analytic_only,44,3634,0.0,11.0,0.0,1.0,0.8807207713427148,0.794841097083152,0.3018712162905889,0.3379196477710511,3.0,0.3681893230599889,0.335407555103302,0.3313230872154236,0.0314125344157218,0.1859704352405792,0.3601277768611908,0.3627355992794037,0.1938241720199585,,0.841221794166208,0.8254931162835213,0.3573018014431,0.2243234940769049,0.0166355562065746,0.0008255365987891,-0.001883764477353,0.0054337978363037,0.0149800511642592,0.0162355531095211,0.0170610897083104,0.0200737249106168,0.5228398458998349,0.032169683528363,1.0,1.0,0.3627355992794037,0.8403962575674189,0.841221794166208,0.8271462048786262,0.3604970872402191,0.2259534650138547,0.0196385480049356,0.0008255365987891,-0.0002306758822481,0.0022385120391845,0.0061711947865925,0.0057787561915244,0.0066042927903137,0.0066025545820593,0.473032471106219,0.0132526660817761,0.1746768206357956,0.7413318657127133,0.3627355992794037,0.8403962575674189
mosei,analytic_only,55,3634,0.0,19.0,0.0,1.0,0.892993497222208,0.8054225977954131,0.3962575674188222,0.4314804623004953,3.0,0.4592735277930655,0.3432472646236419,0.3395601511001587,0.0303627401590347,0.1964712659150086,0.3650916516780853,0.3699228763580322,0.2153825163841247,,0.8431480462300496,0.8290379183923433,0.3589764535427093,0.2247781857536845,0.0066577193824944,0.0046780407264722,0.0038876943790751,0.0109464228153228,0.0295910945629875,0.0167859108420473,0.0214639515685195,0.0229947920888662,0.4157952669235003,0.0708322260821202,1.0,1.0,0.3699228763580322,0.8384700055035773,0.8420473307649973,0.8281329510249821,0.3650295436382293,0.2284528431562457,0.0092331760521438,0.0035773252614199,0.0029827270117137,0.0048933327198028,0.0132279808374619,0.0068794716565767,0.0104567969179966,0.0086477538570761,0.3602091359383599,0.031663881343296,0.2280371785163879,0.697578425976885,0.3699228763580322,0.8384700055035773
mosei,hard_oracle_classifier,11,3634,12.0,12.0,0.0,1.0,0.8862078501355718,0.7967738939286045,0.4350577875619152,0.4664281783159053,3.0,0.4939460649422124,0.3418328762054443,0.3384890258312225,0.0288854036480188,0.1840068763846435,0.3663292527198791,0.3673743903636932,0.2103943824768066,,0.8387451843698404,0.8216192218514201,0.3596326112747192,0.2257951181888851,0.0141829723798776,0.000275178866263,-0.000913907211848,0.0077417790889739,0.0210732682844598,0.0110071546505228,0.0112823335167859,0.0216047782450914,0.3852504127682994,0.0493168798500202,1.0,1.0,0.3673743903636932,0.8384700055035773,0.8392955421023666,0.8228902953586498,0.3650296330451965,0.2277010459178228,0.0166077113243401,0.0008255365987892,0.0003571662953817,0.0023447573184967,0.0063824735202022,0.004127682993946,0.0049532195927352,0.0073989671654999,0.3530544854155201,0.0149366619995728,0.2658998966217041,0.7033571821684095,0.3673743903636932,0.8384700055035773
mosei,hard_oracle_classifier,22,3634,11.0,76.0,0.5,1.0,0.8988457735952573,0.7237516727059495,0.4986241056686846,0.7017061089708311,3.0,0.8018712162905889,0.2901689112186432,0.288187712430954,0.0781411603093147,0.4873213804967719,0.367053747177124,0.3663288950920105,0.205980584025383,,0.8414969730324711,0.82570046764459,0.3573294878005981,0.2239618117332751,0.0062258722825436,0.0035773252614198,0.0033877665357513,0.0089994072914123,0.0245664685805141,0.0090809025866813,0.0126582278481012,0.0200531389564275,0.4100165107319757,0.0561241112876986,1.0,1.0,0.3663288950920105,0.8379196477710512,0.8395707209686296,0.82399663714616,0.3628528416156769,0.227456301113234,0.0151217886229826,0.0016510731975784,0.0016839360373213,0.0034760534763336,0.0094888869617029,0.0038525041276829,0.0055035773252614,0.0060655595734715,0.3725921849201981,0.0216781401075051,0.2218202650547027,0.6942762795817281,0.3663288950920105,0.8379196477710512
mosei,hard_oracle_classifier,33,3634,11.0,11.0,0.0,1.0,0.8904512883959744,0.7916562578066451,0.5170610897083104,0.5365987892129884,3.0,0.566042927903137,0.3407698273658752,0.3305373787879944,0.0411441549658775,0.24538159470187,0.3715811371803283,0.3716815412044525,0.2040073722600937,,0.8439735828288387,0.8289495781472181,0.3587540686130523,0.2252042434174291,0.0093069441645238,0.0077050082553659,0.0055504866222207,0.0129274725914001,0.0347810454872416,0.019537699504678,0.027242707760044,0.0320834703743457,0.3445239405613648,0.0770985946760088,1.0,1.0,0.3716815412044525,0.8362685745734728,0.841221794166208,0.8279586884506118,0.3666103482246399,0.2298376214260258,0.0162534729983036,0.0049532195927352,0.0045595969256144,0.0050711929798126,0.0136439193708118,0.0052283984589983,0.0101816180517336,0.0114420466125011,0.3238855255916346,0.0302445082272502,0.2761962115764618,0.6807925151348376,0.3716815412044525,0.8362685745734728
mosei,hard_oracle_classifier,44,3634,12.0,11.0,0.0,1.0,0.8807207713427148,0.794841097083152,0.3018712162905889,0.3379196477710511,3.0,0.3681893230599889,0.335407555103302,0.3313230872154236,0.0314125344157218,0.1859704352405792,0.3601277768611908,0.3627355992794037,0.1938241720199585,,0.841221794166208,0.8254931162835213,0.3573021590709686,0.2243236773329889,0.0166345804880527,0.0008255365987891,-0.001883764477353,0.005433440208435,0.0149790652453989,0.0162355531095211,0.0170610897083104,0.02007239125669,0.5228398458998349,0.0321674780588868,1.0,1.0,0.3627355992794037,0.8403962575674189,0.841221794166208,0.8271462048786262,0.3604971468448639,0.2259535163061127,0.0196375982342805,0.0008255365987891,-0.0002306758822481,0.0022384524345397,0.0061710304667824,0.0057787561915244,0.0066042927903137,0.0066017503850162,0.473032471106219,0.0132523132066599,0.1746768206357956,0.7413318657127133,0.3627355992794037,0.8403962575674189
mosei,hard_oracle_classifier,55,3634,12.0,19.0,0.0,1.0,0.8929934976834474,0.8054225977954131,0.3962575674188222,0.4314804623004953,3.0,0.4592735277930655,0.3432472646236419,0.3395601511001587,0.030362743884325,0.1964712900206228,0.3650916516780853,0.3699228763580322,0.2153825163841247,,0.8431480462300496,0.8290379183923433,0.3589767217636108,0.2247782723456106,0.0066630123044739,0.0046780407264722,0.0038876943790751,0.0109461545944213,0.0295903694904963,0.0167859108420473,0.0214639515685195,0.0229952707886695,0.4157952669235003,0.0708303940554397,1.0,1.0,0.3699228763580322,0.8384700055035773,0.8420473307649973,0.8281329510249821,0.3650293052196502,0.2284527102641878,0.0092347328093396,0.0035773252614199,0.0029827270117137,0.0048935711383819,0.0132286253463429,0.0068794716565767,0.0104567969179966,0.0086493091657757,0.3602091359383599,0.0316653276801489,0.2280371785163879,0.697578425976885,0.3699228763580322,0.8384700055035773
mosei,listwise_pairwise_anchored,11,3634,13.0,42.0,0.75,1.0,0.9010874948208843,0.7738629678937429,0.4766097963676389,0.682168409466153,3.0,0.7916895982388552,0.3279093503952026,0.3228874206542969,0.0444869436323642,0.2833923886762962,0.3766239285469055,0.3673743903636932,0.2103943824768066,1.0,0.8365437534397359,0.8182824400876448,0.3599402606487274,0.226274461232498,0.015067136641971,-0.0019262520638414,-0.0042506889756231,0.0074341297149658,0.0202358409022637,0.0173362685745734,0.0154100165107319,0.0237905960530042,0.3935057787561915,0.047356985215596,1.0,1.0,0.3673743903636932,0.8384700055035773,0.8395707209686296,0.8232912935124824,0.3646095693111419,0.2274696460548712,0.0155741057687233,0.0011007154650523,0.0007581644492142,0.0027648210525512,0.0075258949046887,0.004127682993946,0.0052283984589983,0.0071044685319066,0.3558062740781508,0.0176123780820617,0.2496415078639984,0.6912493120528344,0.3673743903636932,0.8384700055035773
mosei,listwise_pairwise_anchored,22,3634,13.0,32.0,0.1,1.0,0.8817714914908799,0.7960727119637945,0.3976334617501376,0.5671436433681893,3.0,0.6571271326362136,0.3322725892066955,0.3294377326965332,0.0368911400437355,0.2300687783883585,0.3605483174324035,0.3663288950920105,0.205980584025383,1.0,0.8403962575674189,0.8251837224756344,0.3573639094829559,0.2238841513043974,0.011039124193858,0.0024766097963676,0.0028710213667957,0.0089649856090545,0.0244725047059223,0.0093560814529444,0.011832691249312,0.0187303442507982,0.3929554210236654,0.0559097219034209,1.0,1.0,0.3663288950920105,0.8379196477710512,0.8398458998348927,0.8245809077255504,0.3625168800354004,0.2271977879041066,0.0150515428433132,0.0019262520638414,0.0022682066167116,0.0038120150566101,0.0104059906485199,0.0030269675288937,0.0049532195927352,0.0068143759854137,0.3522289488167309,0.0237734315887842,0.2395429015159607,0.6890478811227297,0.3663288950920105,0.8379196477710512
mosei,listwise_pairwise_anchored,33,3634,13.0,11.0,0.0,1.0,0.8904512883959744,0.7916562578066451,0.5170610897083104,0.5365987892129884,3.0,0.566042927903137,0.3407698273658752,0.3305373787879944,0.0411441549658775,0.24538159470187,0.3715811371803283,0.3716815412044525,0.2040073722600937,1.0,0.8439735828288387,0.8289495781472181,0.3587540686130523,0.2252042434174291,0.0093069441645238,0.0077050082553659,0.0055504866222207,0.0129274725914001,0.0347810454872416,0.019537699504678,0.027242707760044,0.0320834703743457,0.3445239405613648,0.0770985946760088,1.0,1.0,0.3716815412044525,0.8362685745734728,0.841221794166208,0.8279586884506118,0.3666103482246399,0.2298376214260258,0.0162534729983036,0.0049532195927352,0.0045595969256144,0.0050711929798126,0.0136439193708118,0.0052283984589983,0.0101816180517336,0.0114420466125011,0.3238855255916346,0.0302445082272502,0.2761962115764618,0.6807925151348376,0.3716815412044525,0.8362685745734728
mosei,listwise_pairwise_anchored,44,3634,13.0,81.0,0.75,1.0,0.8952716366130501,0.7865694383979103,0.3827738029719317,0.6117226197028068,3.0,0.7105118326912493,0.3279427289962768,0.3229704201221466,0.0397651940584182,0.2354203690985496,0.3674387037754059,0.3627355992794037,0.1938241720199585,1.0,0.8395707209686296,0.8236143660302747,0.3580211997032165,0.2251565597826855,0.0176923346834387,-0.0008255365987892,-0.0037625147305997,0.0047143995761871,0.0129967932167467,0.0211887727022564,0.0203632361034672,0.0246765445917844,0.5085305448541552,0.0279104808761536,1.0,1.0,0.3627355992794037,0.8403962575674189,0.8434232250963126,0.8296010022801494,0.3600564897060394,0.2256747645639745,0.0196015496436356,0.0030269675288937,0.002224121519275,0.0026791095733642,0.0073858468225519,0.0049532195927352,0.007980187121629,0.0072339591570198,0.4523940561364887,0.0158612071593068,0.1657641679048538,0.71326362135388,0.3627355992794037,0.8403962575674189
mosei,listwise_pairwise_anchored,55,3634,13.0,19.0,0.1,1.0,0.8978592715629123,0.8094139291226866,0.364336818932306,0.5255916345624656,3.0,0.6309851403412218,0.3422769904136657,0.3384498655796051,0.031473021954298,0.20365567907058,0.3662118315696716,0.3699228763580322,0.2153825163841247,1.0,0.8436984039625757,0.8296964272513175,0.3590847849845886,0.2248653596846144,0.0066209038043979,0.0052283984589983,0.0045462032380492,0.0108380913734436,0.0292982458401785,0.0159603742432581,0.0211887727022564,0.0229261834174394,0.4168959823885526,0.0701312348206947,1.0,1.0,0.3699228763580322,0.8384700055035773,0.8425976884975234,0.8286733494551071,0.365030825138092,0.2284536477704902,0.0097955523379635,0.004127682993946,0.0035231254418388,0.0048920512199401,0.0132245166022265,0.0068794716565767,0.0110071546505228,0.0086541716009378,0.3599339570720968,0.0316555890120053,0.2287923544645309,0.6984039625756742,0.3699228763580322,0.8384700055035773
mosei,listwise_pairwise_unanchored,11,3634,13.0,41.0,0.75,1.0,0.9010874948208843,0.7738629678937429,0.4766097963676389,0.682168409466153,3.0,0.782883874518437,0.3284574747085571,0.321224957704544,0.0461494289338588,0.2939828145914412,0.3766239285469055,0.3673743903636932,0.2103943824768066,,0.8357182168409466,0.8175412374424396,0.3601930141448974,0.2265484319259213,0.0145229821062114,-0.0027517886626307,-0.0049918916208284,0.0071813762187957,0.0195478411320025,0.0187121629058888,0.0159603742432581,0.0254556089639663,0.3924050632911392,0.0457470751560312,1.0,1.0,0.3673743903636932,0.8384700055035773,0.8395707209686296,0.8232912935124824,0.3645161986351013,0.227408149794265,0.0157062966841948,0.0011007154650523,0.0007581644492142,0.0028581917285919,0.0077800516409496,0.004127682993946,0.0052283984589983,0.0074442359618842,0.3580077050082553,0.0182072664277747,0.2556881010532379,0.7017061089708311,0.3673743903636932,0.8384700055035773
mosei,listwise_pairwise_unanchored,22,3634,13.0,32.0,0.1,1.0,0.8817714914908799,0.7960727119637945,0.3976334617501376,0.5671436433681893,3.0,0.6502476609796367,0.3321535885334015,0.3294336199760437,0.0368952639400959,0.2300944967531668,0.3605483174324035,0.3663288950920105,0.205980584025383,,0.8406714364336819,0.8255161430360858,0.3573305606842041,0.2238555438644488,0.0107135894571481,0.0027517886626307,0.003203441927247,0.0089983344078063,0.024563539836371,0.0093560814529444,0.0121078701155751,0.018686318770051,0.3907539900935608,0.0561173274016768,1.0,1.0,0.3663288950920105,0.8379196477710512,0.8398458998348927,0.8245809077255504,0.362501710653305,0.2271849203814487,0.015270654208462,0.0019262520638414,0.0022682066167116,0.0038271844387054,0.0104473998365435,0.0030269675288937,0.0049532195927352,0.0067838421091437,0.352779306549257,0.0238680342733073,0.2386071383953094,0.6882223445239406,0.3663288950920105,0.8379196477710512
mosei,listwise_pairwise_unanchored,33,3634,13.0,11.0,0.0,1.0,0.8904512883959744,0.7916562578066451,0.5170610897083104,0.5365987892129884,3.0,0.566042927903137,0.3407698273658752,0.3305373787879944,0.0411441549658775,0.24538159470187,0.3715811371803283,0.3716815412044525,0.2040073722600937,,0.8439735828288387,0.8289495781472181,0.3587540686130523,0.2252042434174291,0.0093069441645238,0.0077050082553659,0.0055504866222207,0.0129274725914001,0.0347810454872416,0.019537699504678,0.027242707760044,0.0320834703743457,0.3445239405613648,0.0770985946760088,1.0,1.0,0.3716815412044525,0.8362685745734728,0.841221794166208,0.8279586884506118,0.3666103482246399,0.2298376214260258,0.0162534729983036,0.0049532195927352,0.0045595969256144,0.0050711929798126,0.0136439193708118,0.0052283984589983,0.0101816180517336,0.0114420466125011,0.3238855255916346,0.0302445082272502,0.2761962115764618,0.6807925151348376,0.3716815412044525,0.8362685745734728
mosei,listwise_pairwise_unanchored,44,3634,13.0,61.0,0.75,1.0,0.8952716366130501,0.7865694383979103,0.3827738029719317,0.6117226197028068,3.0,0.7030820033021464,0.3283328711986542,0.3225740194320678,0.0401616096496582,0.2377672532774379,0.3674387037754059,0.3627355992794037,0.1938241720199585,,0.8387451843698404,0.8228033353037347,0.3586480617523193,0.2256992725857481,0.0187124445927818,-0.0016510731975785,-0.0045735454571396,0.0040875375270843,0.0112686417743516,0.0225646670335718,0.0209135938359933,0.0255211070179939,0.5099064391854705,0.0241994697169192,1.0,1.0,0.3627355992794037,0.8403962575674189,0.8423225096312603,0.8283444980857069,0.3601188659667969,0.2257421729512203,0.0199100968761633,0.0019262520638414,0.0009676173248325,0.0026167333126068,0.0072138861413247,0.0063291139240506,0.0082553659878921,0.0073615866713225,0.4521188772702256,0.0154918351314525,0.1647226810455322,0.712988442487617,0.3627355992794037,0.8403962575674189
mosei,listwise_pairwise_unanchored,55,3634,13.0,19.0,0.1,1.0,0.8978592715629123,0.8094139291226866,0.364336818932306,0.5255916345624656,3.0,0.6271326362135388,0.3423927426338196,0.3385472595691681,0.0313756242394447,0.2030254377868809,0.3662118315696716,0.3699228763580322,0.2153825163841247,,0.8434232250963126,0.8293672435802061,0.3591139018535614,0.2248971922919845,0.0070255329042066,0.0049532195927353,0.0042170195669378,0.0108089745044708,0.0292195351930851,0.0162355531095211,0.0211887727022564,0.0230067875236272,0.4171711612548156,0.0699428253399759,1.0,1.0,0.3699228763580322,0.8384700055035773,0.8423225096312603,0.8284031182891487,0.3650346994400024,0.2284623119160771,0.009699017449139,0.003852504127683,0.0032528942758804,0.0048881769180297,0.0132140433329101,0.0068794716565767,0.0107319757842597,0.0086781214922666,0.3602091359383599,0.0316306155956767,0.229960486292839,0.7003302146395157,0.3699228763580322,0.8384700055035773
mosei,pairwise_only,11,3634,14.0,12.0,0.0,1.0,0.8862078501355718,0.7967738939286045,0.4350577875619152,0.4664281783159053,3.0,0.4939460649422124,0.3418328762054443,0.3384890258312225,0.0288854036480188,0.1840068763846435,0.3663292527198791,0.3673743903636932,0.2103943824768066,,0.8387451843698404,0.8216192218514201,0.3596326112747192,0.2257951181888851,0.0141829723798776,0.000275178866263,-0.000913907211848,0.0077417790889739,0.0210732682844598,0.0110071546505228,0.0112823335167859,0.0216047782450914,0.3852504127682994,0.0493168798500202,1.0,1.0,0.3673743903636932,0.8384700055035773,0.8392955421023666,0.8228902953586498,0.3650296330451965,0.2277010459178228,0.0166077113243401,0.0008255365987892,0.0003571662953817,0.0023447573184967,0.0063824735202022,0.004127682993946,0.0049532195927352,0.0073989671654999,0.3530544854155201,0.0149366619995728,0.2658998966217041,0.7033571821684095,0.3673743903636932,0.8384700055035773
mosei,pairwise_only,22,3634,12.0,24.0,0.0,1.0,0.877920067650953,0.7910959419025997,0.4645019262520638,0.5126582278481012,3.0,0.5555861309851403,0.3332582712173462,0.3301755785942077,0.0361533276736736,0.2254674678715592,0.3602591753005981,0.3663288950920105,0.205980584025383,,0.840946615299945,0.8258484165897249,0.3574142456054687,0.2239266462187261,0.0102603915765119,0.0030269675288937,0.0035357154808861,0.0089146494865417,0.0243350977932075,0.0093560814529444,0.0123830489818381,0.018764279782772,0.3893780957622454,0.0555956186876173,1.0,1.0,0.3663288950920105,0.8379196477710512,0.8398458998348927,0.8245809077255504,0.3625202775001526,0.2272081688732017,0.0154084156979291,0.0019262520638414,0.0022682066167116,0.0038086175918579,0.0103967162920667,0.0030269675288937,0.0049532195927352,0.0067647765390574,0.3481012658227848,0.0237522435612093,0.2400869727134704,0.6857457347275729,0.3663288950920105,0.8379196477710512
mosei,pairwise_only,33,3634,14.0,11.0,0.0,1.0,0.8904512883959744,0.7916562578066451,0.5170610897083104,0.5365987892129884,3.0,0.566042927903137,0.3407698273658752,0.3305373787879944,0.0411441549658775,0.24538159470187,0.3715811371803283,0.3716815412044525,0.2040073722600937,,0.8439735828288387,0.8289495781472181,0.3587540686130523,0.2252042434174291,0.0093069441645238,0.0077050082553659,0.0055504866222207,0.0129274725914001,0.0347810454872416,0.019537699504678,0.027242707760044,0.0320834703743457,0.3445239405613648,0.0770985946760088,1.0,1.0,0.3716815412044525,0.8362685745734728,0.841221794166208,0.8279586884506118,0.3666103482246399,0.2298376214260258,0.0162534729983036,0.0049532195927352,0.0045595969256144,0.0050711929798126,0.0136439193708118,0.0052283984589983,0.0101816180517336,0.0114420466125011,0.3238855255916346,0.0302445082272502,0.2761962115764618,0.6807925151348376,0.3716815412044525,0.8362685745734728
mosei,pairwise_only,44,3634,13.0,11.0,0.1,1.0,0.8840989023584694,0.7986193171217115,0.3260869565217391,0.5123830489818382,3.0,0.5952118877270226,0.3356634080410003,0.3315405547618866,0.0311950612813234,0.1846829372971795,0.3611230552196502,0.3627355992794037,0.1938241720199585,,0.8406714364336819,0.8248245590592265,0.3574361801147461,0.2244311551868918,0.0172850222756853,0.000275178866263,-0.0025523217016478,0.0052994191646575,0.0146095921524802,0.0167859108420473,0.0170610897083104,0.0200806651264429,0.5198128783709411,0.0313742147977297,1.0,1.0,0.3627355992794037,0.8403962575674189,0.8414969730324711,0.8274162568334846,0.360520988702774,0.2259770013226837,0.0189590822817141,0.0011007154650521,3.937607261028653e-05,0.0022146105766296,0.0061053025427586,0.0057787561915244,0.0068794716565767,0.0066052847541868,0.4694551458447991,0.0131113395977487,0.1746770143508911,0.7363786461199779,0.3627355992794037,0.8403962575674189
mosei,pairwise_only,55,3634,12.0,19.0,0.0,1.0,0.8929934976834474,0.8054225977954131,0.3962575674188222,0.4314804623004953,3.0,0.4592735277930655,0.3432472646236419,0.3395601511001587,0.030362743884325,0.1964712900206228,0.3650916516780853,0.3699228763580322,0.2153825163841247,,0.8431480462300496,0.8290379183923433,0.3589767217636108,0.2247782723456106,0.0066630123044739,0.0046780407264722,0.0038876943790751,0.0109461545944213,0.0295903694904963,0.0167859108420473,0.0214639515685195,0.0229952707886695,0.4157952669235003,0.0708303940554397,1.0,1.0,0.3699228763580322,0.8384700055035773,0.8420473307649973,0.8281329510249821,0.3650293052196502,0.2284527102641878,0.0092347328093396,0.0035773252614199,0.0029827270117137,0.0048935711383819,0.0132286253463429,0.0068794716565767,0.0104567969179966,0.0086493091657757,0.3602091359383599,0.0316653276801489,0.2280371785163879,0.697578425976885,0.3699228763580322,0.8384700055035773
mosei,soft_listwise,11,3634,13.0,42.0,0.5,1.0,0.9023050065072886,0.7611535960865663,0.3998348926802421,0.6161254815630159,3.0,0.7410566868464502,0.3253324329853058,0.3196245729923248,0.0477498061954975,0.3041775975530888,0.3748278319835663,0.3673743903636932,0.2103943824768066,,0.8357182168409466,0.8176816905103717,0.3595612347126007,0.2259327553612024,0.014189768375508,-0.0027517886626307,-0.0048514385528963,0.0078131556510925,0.0212675566289682,0.0200880572372041,0.0173362685745734,0.0259332600980997,0.395432030820033,0.0497717553810009,1.0,1.0,0.3673743903636932,0.8384700055035773,0.8398458998348927,0.8235619171879197,0.3644517362117767,0.2273137568904051,0.0151214566313439,0.0013758943313153,0.0010287881246516,0.0029226541519165,0.0079555195696225,0.0044028618602091,0.0057787561915244,0.0073390649631619,0.3610346725371491,0.0186180972495787,0.2498471736907959,0.7003302146395157,0.3673743903636932,0.8384700055035773
mosei,soft_listwise,22,3634,13.0,24.0,0.25,1.0,0.8902551435407413,0.796674134327685,0.4501926252063841,0.6133736929003852,3.0,0.6970280682443588,0.3288700580596924,0.3255355358123779,0.0407933928072452,0.2544048798262358,0.3596978783607483,0.3663288950920105,0.205980584025383,,0.8414969730324711,0.8261410968975933,0.3571276068687439,0.2236563270261273,0.0105457356754212,0.0035773252614198,0.0038283957887546,0.0092012882232666,0.0251175606034449,0.0099064391854705,0.0134837644468904,0.0188772995024919,0.387727022564667,0.0573831261893871,1.0,1.0,0.3663288950920105,0.8379196477710512,0.8395707209686296,0.8240597788604032,0.3624618351459503,0.2271358160499981,0.0156917897599965,0.0016510731975784,0.0017470777515644,0.0038670599460601,0.0105562514938628,0.0038525041276829,0.0055035773252614,0.0069306655786931,0.3478260869565217,0.024116528947585,0.2429641336202621,0.6904237754540451,0.3663288950920105,0.8379196477710512
mosei,soft_listwise,33,3634,13.0,11.0,0.0,1.0,0.8904512883959744,0.7916562578066451,0.5170610897083104,0.5365987892129884,3.0,0.566042927903137,0.3407698273658752,0.3305373787879944,0.0411441549658775,0.24538159470187,0.3715811371803283,0.3716815412044525,0.2040073722600937,,0.8439735828288387,0.8289495781472181,0.3587540686130523,0.2252042434174291,0.0093069441645238,0.0077050082553659,0.0055504866222207,0.0129274725914001,0.0347810454872416,0.019537699504678,0.027242707760044,0.0320834703743457,0.3445239405613648,0.0770985946760088,1.0,1.0,0.3716815412044525,0.8362685745734728,0.841221794166208,0.8279586884506118,0.3666103482246399,0.2298376214260258,0.0162534729983036,0.0049532195927352,0.0045595969256144,0.0050711929798126,0.0136439193708118,0.0052283984589983,0.0101816180517336,0.0114420466125011,0.3238855255916346,0.0302445082272502,0.2761962115764618,0.6807925151348376,0.3716815412044525,0.8362685745734728
mosei,soft_listwise,44,3634,13.0,61.0,0.75,1.0,0.8992264327103797,0.7613657565769015,0.3951568519537699,0.5987892129884425,3.0,0.7022564667033572,0.32175013422966,0.3170006573200226,0.0457349643111228,0.2707629733433726,0.3676174283027649,0.3627355992794037,0.1938241720199585,,0.8381948266373143,0.8215452064898725,0.3579280972480774,0.2249603419356407,0.0192936643769469,-0.0022014309301046,-0.0058316742710018,0.0048075020313262,0.0132534607600596,0.0255916345624656,0.023390203632361,0.0257952101528644,0.5082553659878921,0.0284619364639531,1.0,1.0,0.3627355992794037,0.8403962575674189,0.8423225096312603,0.8283444980857069,0.3597729206085205,0.2254379502695719,0.0201745349821574,0.0019262520638414,0.0009676173248325,0.0029626786708831,0.0081675983189097,0.0063291139240506,0.0082553659878921,0.0072980439290404,0.4510181618051733,0.0175397458681632,0.166231483221054,0.7154650522839846,0.3627355992794037,0.8403962575674189
mosei,soft_listwise,55,3634,13.0,19.0,0.1,1.0,0.898868857663328,0.8095074759506696,0.3858007705008255,0.5071546505228398,3.0,0.597138139790864,0.3423551023006439,0.33843594789505,0.03148690238595,0.203745496589152,0.3661293685436249,0.3699228763580322,0.2153825163841247,,0.8436984039625757,0.8296964272513175,0.3590894937515259,0.2248748724561883,0.0074636431992152,0.0052283984589983,0.0045462032380492,0.0108333826065063,0.0292855167897786,0.0159603742432581,0.0211887727022564,0.0230192188173532,0.4163456246560264,0.0701005724794109,1.0,1.0,0.3699228763580322,0.8384700055035773,0.8423225096312603,0.8284031182891487,0.365028440952301,0.228456218548051,0.0096884503689977,0.003852504127683,0.0032528942758804,0.0048944354057312,0.0132309616910366,0.0068794716565767,0.0107319757842597,0.0086919413879513,0.3602091359383599,0.0316710166051041,0.2300920039415359,0.7003302146395157,0.3699228763580322,0.8384700055035773
cremad,analytic_only,11,7442,0.0,11.0,0.0,0.5989317387798979,0.8389732534000904,0.7172244513282499,0.527277613544746,0.8004568664337544,2.0,0.8004568664337544,0.8743458156366561,0.872263045544523,0.1590457790018377,0.4864353221282811,1.0312761750569814,1.0313087836592725,0.7048593365162555,,0.6334318731523784,0.6322753069265058,0.9787254878523785,0.4941287438894932,0.0558354344596403,0.0177371674281107,0.018730233451512,0.0525832958068939,0.0519474650279937,0.0386992743886052,0.0564364418167159,0.0923095672033192,0.5166621875839827,0.1634060818527716,1.0,1.0,1.0313087836592725,0.6156947057242677,0.624966406879871,0.6228456710374469,1.0066638409338533,0.5052521490508491,0.0567474859083125,0.0092717011556033,0.009300597562453,0.0246449427254191,0.0243456158921135,0.0085998387530233,0.0178715399086267,0.0178646303288332,0.5155872077398549,0.0760629101325881,0.2005464384926483,1.0,1.0313087836592725,0.6156947057242677
cremad,analytic_only,22,7442,0.0,11.198199408761086,0.0,0.4480650362805697,0.8443975300640818,0.7215597877193317,0.5485084654662725,0.805025530771298,2.0,0.805025530771298,0.9052788047933412,0.9021490684154052,0.1806151668684548,0.5377602776754554,1.0654305295097155,1.0827642116486402,0.7457370288716116,,0.6224133297500671,0.6198813691427087,1.0046536932466363,0.5067234738983929,0.0537261942827518,0.0294275732330018,0.0317853780637989,0.0781104947587746,0.0686297781571684,0.0388336468691212,0.068261220102123,0.0918048371807906,0.4892502015587208,0.2174875468993115,1.0,1.0,1.082764188005411,0.5929857565170653,0.6038699274388605,0.5999283449049336,1.0543257099939465,0.5275898595974943,0.0507255740037242,0.0108841709217952,0.0118323538260235,0.0284384780114647,0.0249303631488725,0.0073904864283794,0.0182746573501746,0.0134654498976439,0.4880408492340768,0.080512318010184,0.1610879207115537,1.0,1.082764188005411,0.5929857565170653
cremad,analytic_only,33,7442,0.0,12.975275463585058,0.0,0.4976148884708412,0.8363367921823431,0.7080972526557368,0.5120935232464391,0.7977694168234346,2.0,0.7977694168234346,0.8601820435183755,0.8564002234764043,0.1704966012159203,0.5201109059459914,1.034975615040457,1.0268968398998386,0.6980479951588514,,0.637597420048374,0.6356530519082367,0.9763789948309278,0.4914870981276861,0.0544887433983375,0.0221714592851384,0.0223013586002785,0.0505178450689108,0.0480348178012469,0.0419242139209889,0.0640956732061273,0.1024502663192602,0.5247245364149422,0.1478353798128875,1.0,1.0,1.0268968398998386,0.6154259607632356,0.6263101316850309,0.6244292990752849,1.0049260859446512,0.5059639444004633,0.0584504162510759,0.0108841709217952,0.0110776057673267,0.0219707539551875,0.021124588019944,0.0075248589088954,0.0184090298306906,0.0174843226401778,0.5239183015318463,0.0661834731594735,0.1727290015003912,0.999865627519484,1.0268968398998386,0.6154259607632356
cremad,analytic_only,44,7442,0.0,24.07941413598495,0.0,0.5,0.8389352678543315,0.7168212335925624,0.5262026337006181,0.8003224939532384,2.0,0.8003224939532384,0.8884409843625897,0.8856686443146503,0.1745092227886806,0.5089897200146792,1.0537937466446603,1.060177880216433,0.7142616377598302,,0.6306100510615426,0.6290840447267236,0.9944837741539768,0.5011105727948495,0.0558788997972886,0.027008868583714,0.0293196568305432,0.0656941296896669,0.0626429232101319,0.0436710561676968,0.0706799247514109,0.0943450598535246,0.4961031980650363,0.1855528042997875,1.0,1.0,1.0601779038436436,0.6036011824778286,0.6158290782047836,0.6124682807235309,1.0324432852046523,0.518351793346492,0.061696260374613,0.0122278957269551,0.0127038928273503,0.0277346186389912,0.0260910094047485,0.0080623488309594,0.0202902445579145,0.0160588783922073,0.4957000806234883,0.078981406845818,0.1734051680979758,1.0,1.0601779038436436,0.6036011824778286
cremad,analytic_only,55,7442,0.0,11.0,0.0,0.4506181134103735,0.8382050424519005,0.7155611708846839,0.52781510346681,0.8074442354205859,2.0,0.8074442354205859,0.844121176384047,0.8389838435050141,0.2025545426523996,0.553253521017204,1.0365498059861475,1.0415383973643204,0.6720989348266241,,0.6410911045417899,0.6395647220163674,0.9686740113663052,0.4866608829244778,0.0506278940408148,0.0227089492072023,0.024276796013064,0.0728643859980151,0.068983676718533,0.0451491534533727,0.0678581026605751,0.1027448932026798,0.5365493147003494,0.185901032893085,1.0,1.0,1.0415383973643204,0.6183821553345875,0.6277882289707069,0.6251407924382443,1.014375363345173,0.5025386321941372,0.0551104746044114,0.0094060736361193,0.0098528664349408,0.0271630340191472,0.0257901796150256,0.0084654662725073,0.0178715399086267,0.0155241499819888,0.5357430798172534,0.0713626916849297,0.149868152180656,0.999865627519484,1.0415383973643204,0.6183821553345875
cremad,hard_oracle_classifier,11,7442,13.1983337812416,11.0,0.2199005643644181,0.5989317387798979,0.8437896805836668,0.7185832791073384,0.5452835259338887,0.8047567858102661,2.0,0.8047567858102661,0.870719682846746,0.8689015392685603,0.1624072961222898,0.4986866689263908,1.0313390288516997,1.0313087836592725,0.7048593365162555,,0.6332975006718624,0.632110942452708,0.9787175036492254,0.4941128011655832,0.0557323670802145,0.0176027949475947,0.0185658689777142,0.052591280010047,0.0519562182862926,0.0385649019080892,0.0561676968556839,0.0923873915821834,0.5169309325450148,0.1634200984091237,1.0,1.0,1.0313087836592725,0.6156947057242677,0.624697661918839,0.6225945537326826,1.006683734180273,0.5052691595771462,0.056380439572711,0.0090029561945713,0.0090494802576888,0.0246250494789993,0.0243255752821981,0.0087342112335393,0.0177371674281107,0.0178975168882386,0.5158559527008869,0.0759949507105141,0.2003465801141044,1.0,1.0313087836592725,0.6156947057242677
cremad,hard_oracle_classifier,22,7442,13.188121472722386,11.198199408761086,0.5739183015318463,0.4480650362805697,0.854925037655935,0.726665649779676,0.5898951894651975,0.8168503090567052,2.0,0.8168503090567052,0.8970871711411613,0.8954892230831594,0.1872749791426288,0.5567509949158439,1.0597020019865973,1.0827642116486402,0.7457370288716116,,0.6221445847890352,0.6196499831020694,1.004693691799699,0.5067475371423108,0.0547727018562704,0.0291588282719698,0.0315539920231595,0.078070496205712,0.0685868483304129,0.0392367643106691,0.068395592582639,0.0919816947039802,0.4892502015587208,0.2172555361464888,1.0,1.0,1.082764188005411,0.5929857565170653,0.6037355549583445,0.5998306547510485,1.0542886536853733,0.5275736099701316,0.0512035105881015,0.0107497984412792,0.0117346636721385,0.0284755343200378,0.0249574820759887,0.0073904864283794,0.0181402848696586,0.0134567960357662,0.4880408492340768,0.0805946157728809,0.1606865382441203,1.0,1.082764188005411,0.5929857565170653
cremad,hard_oracle_classifier,33,7442,12.614350980919108,12.777747917226552,0.319436979306638,0.4976148884708412,0.8454802574772984,0.719784498404086,0.5517334049986563,0.8059661381349099,2.0,0.8059661381349099,0.8561582701944979,0.8532744087028554,0.1736224122451569,0.5297396997753093,1.03057786667741,1.0268968398998386,0.6980479951588514,,0.6374630475678581,0.635489872733353,0.9763956652617332,0.4914687536117791,0.0561148352326324,0.0220370868046224,0.0221381794253947,0.0505011746381053,0.047994673408122,0.0421929588820209,0.0642300456866433,0.1028491649181011,0.5245901639344263,0.1475822148730685,1.0,1.0,1.0268968398998386,0.6154259607632356,0.6263101316850309,0.6244217129099388,1.004889218341404,0.5059494370929466,0.0580922121828328,0.0108841709217952,0.0110700196019806,0.0220076215584346,0.0211469793697009,0.0075248589088954,0.0184090298306906,0.0174797507688989,0.5237839290513303,0.0662775687974588,0.172504226566242,0.999865627519484,1.0268968398998386,0.6154259607632356
cremad,hard_oracle_classifier,44,7442,13.406745498521902,23.08841709217952,0.5719900564364419,0.5,0.8503729331987763,0.7203145504117059,0.5736361193227627,0.8116097823165815,2.0,0.8116097823165815,0.8736189123011827,0.8721173133894309,0.1880605494309676,0.5474155286547325,1.0579556247874695,1.060177880216433,0.7142616377598302,,0.6306100510615426,0.6290859370009889,0.9940718615513212,0.5008722237580092,0.0560188990019239,0.027008868583714,0.0293215491048083,0.0661060422923224,0.0630086949594369,0.0439398011287288,0.0709486697124428,0.0954863065100347,0.4944907282988444,0.1866538991461872,1.0,1.0,1.0601779038436436,0.6036011824778286,0.6152915882827197,0.611946612614249,1.0323344318256746,0.5182712447921425,0.0619032557405985,0.0116904058048911,0.0121822247180685,0.0278434720179689,0.0261638946676025,0.0081967213114754,0.0198871271163665,0.0162442833010244,0.4940876108572964,0.079111545811129,0.1725744620582263,0.999865627519484,1.0601779038436436,0.6036011824778286
cremad,hard_oracle_classifier,55,7442,12.604138672399891,11.0,0.5176699811878527,0.4506181134103735,0.8477502708475242,0.7227427945306529,0.5681268476216071,0.8171190540177372,2.0,0.8171190540177372,0.8389667205210175,0.8357782795028128,0.205760120730812,0.5626086672487433,1.039941647237938,1.0415383973643204,0.6720989348266241,,0.6412254770223058,0.6396682172571215,0.9685376530147246,0.4865779731972369,0.0512933734362883,0.0228433216877183,0.0243802912538181,0.0730007443495957,0.0691244961778472,0.0450147809728567,0.0678581026605751,0.1028206602401693,0.5368180596613813,0.1863314639783619,1.0,1.0,1.0415383973643204,0.6183821553345875,0.6279226014512228,0.6252708124124873,1.0142476702210597,0.5024887095832197,0.0548930974039971,0.0095404461166353,0.0099828864091838,0.0272907271432607,0.0259089142509306,0.0084654662725073,0.0180059123891427,0.0154492316753306,0.5360118247782855,0.0716809450296959,0.1497849476125989,0.999865627519484,1.0415383973643204,0.6183821553345875
cremad,listwise_pairwise_anchored,11,7442,13.596210696049448,11.0,0.3386656812684762,0.5989317387798979,0.8463735071213122,0.7256127967960941,0.5596613813490997,0.80462241332975,2.0,0.8044880408492341,0.8708890610021854,0.8690360159170433,0.1622728123876459,0.4976181523516409,1.0274756920414565,1.0313087836592725,0.7048593365162555,1.0,0.6334318731523784,0.6322753069265058,0.9787254878523785,0.4941287438894932,0.0558354344596403,0.0177371674281107,0.018730233451512,0.0525832958068939,0.0519474650279937,0.0386992743886052,0.0564364418167159,0.0923095672033192,0.5166621875839827,0.1634060818527716,1.0,1.0,1.0313087836592725,0.6156947057242677,0.624966406879871,0.6228456710374469,1.0066638409338533,0.5052521490508491,0.0567474859083125,0.0092717011556033,0.009300597562453,0.0246449427254191,0.0243456158921135,0.0085998387530233,0.0178715399086267,0.0178646303288332,0.5155872077398549,0.0760629101325881,0.2005464384926483,1.0,1.0313087836592725,0.6156947057242677
cremad,listwise_pairwise_anchored,22,7442,14.235554958344531,11.198199408761086,0.8513504434291858,0.4480650362805697,0.852614537480314,0.7296486523372,0.5868046224133298,0.8116097823165815,2.0,0.8106691749529696,0.9030533110268876,0.901388418583164,0.1813757932436815,0.5359063926147484,1.0620781104912589,1.0827642116486402,0.7457370288716116,1.0,0.6224133297500671,0.6198813691427087,1.0046536932466363,0.5067234738983929,0.0537261942827518,0.0294275732330018,0.0317853780637989,0.0781104947587746,0.0686297781571684,0.0388336468691212,0.068261220102123,0.0918048371807906,0.4892502015587208,0.2174875468993115,1.0,1.0,1.082764188005411,0.5929857565170653,0.6038699274388605,0.5999283449049336,1.0543257099939465,0.5275898595974943,0.0507255740037242,0.0108841709217952,0.0118323538260235,0.0284384780114647,0.0249303631488725,0.0073904864283794,0.0182746573501746,0.0134654498976439,0.4880408492340768,0.080512318010184,0.1610879207115537,1.0,1.082764188005411,0.5929857565170653
cremad,listwise_pairwise_anchored,33,7442,13.397608169846816,12.975275463585058,0.7001814028486966,0.4976148884708412,0.8436060196201556,0.716022266848377,0.5452835259338887,0.80462241332975,2.0,0.8032786885245902,0.8588882629764365,0.8558102162157903,0.1710866186462465,0.5214083413847862,1.0370077997630271,1.0268968398998386,0.6980479951588514,1.0,0.637597420048374,0.6356530519082367,0.9763789948309278,0.4914870981276861,0.0544887433983375,0.0221714592851384,0.0223013586002785,0.0505178450689108,0.0480348178012469,0.0419242139209889,0.0640956732061273,0.1024502663192602,0.5247245364149422,0.1478353798128875,1.0,1.0,1.0268968398998386,0.6154259607632356,0.6263101316850309,0.6244292990752849,1.0049260859446512,0.5059639444004633,0.0584504162510759,0.0108841709217952,0.0110776057673267,0.0219707539551875,0.021124588019944,0.0075248589088954,0.0184090298306906,0.0174843226401778,0.5239183015318463,0.0661834731594735,0.1727290015003912,0.999865627519484,1.0268968398998386,0.6154259607632356
cremad,listwise_pairwise_anchored,44,7442,14.009809191077668,24.07941413598495,0.6014176296694437,0.5,0.8493977177035995,0.7248465682351213,0.5737704918032787,0.8078473528621338,2.0,0.8062348830959419,0.8811770991127647,0.8790349589820448,0.1811428650176451,0.5265379168252688,1.0560515029748836,1.060177880216433,0.7142616377598302,1.0,0.6306100510615426,0.6290840447267236,0.9944837741539768,0.5011105727948495,0.0558788997972886,0.027008868583714,0.0293196568305432,0.0656941296896669,0.0626429232101319,0.0436710561676968,0.0706799247514109,0.0943450598535246,0.4961031980650363,0.1855528042997875,1.0,1.0,1.0601779038436436,0.6036011824778286,0.6158290782047836,0.6124682807235309,1.0324432852046523,0.518351793346492,0.061696260374613,0.0122278957269551,0.0127038928273503,0.0277346186389912,0.0260910094047485,0.0080623488309594,0.0202902445579145,0.0160588783922073,0.4957000806234883,0.078981406845818,0.1734051680979758,1.0,1.0601779038436436,0.6036011824778286
cremad,listwise_pairwise_anchored,55,7442,13.781241601719968,11.0,0.7994154797097555,0.4506181134103735,0.8524705335737214,0.7292384751835601,0.5799516259070142,0.8222252082773448,2.0,0.820075248589089,0.8361890605142507,0.8334848925859754,0.2080534638972636,0.5690040238153248,1.0352674990660142,1.0415383973643204,0.6720989348266241,1.0,0.6410911045417899,0.6395647220163674,0.9686740113663052,0.4866608829244778,0.0506278940408148,0.0227089492072023,0.024276796013064,0.0728643859980151,0.068983676718533,0.0451491534533727,0.0678581026605751,0.1027448932026798,0.5365493147003494,0.185901032893085,1.0,1.0,1.0415383973643204,0.6183821553345875,0.6277882289707069,0.6251407924382443,1.014375363345173,0.5025386321941372,0.0551104746044114,0.0094060736361193,0.0098528664349408,0.0271630340191472,0.0257901796150256,0.0084654662725073,0.0178715399086267,0.0155241499819888,0.5357430798172534,0.0713626916849297,0.149868152180656,0.999865627519484,1.0415383973643204,0.6183821553345875
cremad,listwise_pairwise_unanchored,11,7442,13.596210696049448,11.0,0.3386656812684762,0.5989317387798979,0.8463735071213122,0.7256127967960941,0.5596613813490997,0.80462241332975,2.0,0.80462241332975,0.870887747649639,0.8690701999256797,0.1622386254256081,0.4975682631946856,1.0274756920414565,1.0313087836592725,0.7048593365162555,,0.6331631281913465,0.6319740607605578,0.9786708942666806,0.494072108095043,0.0557324768346152,0.0174684224670787,0.0184289872855641,0.0526378893925918,0.0520019144712682,0.0386992743886052,0.0561676968556839,0.0923612350925855,0.5170653050255307,0.1635795336348816,1.0,1.0,1.0313087836592725,0.6156947057242677,0.624697661918839,0.6225945537326826,1.0066544291586108,0.5052457952538203,0.056568821710433,0.0090029561945713,0.0090494802576888,0.0246543545006616,0.0243537400508458,0.0087342112335393,0.0177371674281107,0.0178749345876707,0.5161246976619188,0.0760855966784977,0.2003814746149923,1.0,1.0313087836592725,0.6156947057242677
cremad,listwise_pairwise_unanchored,22,7442,14.235554958344531,11.198199408761086,0.8513504434291858,0.3986831496909433,0.852614537480314,0.7296486523372,0.5868046224133298,0.8116097823165815,2.0,0.8116097823165815,0.9028937524283198,0.9013944262219704,0.1813697850021807,0.5352104647651712,1.0620781104912589,1.0827642116486402,0.7457370288716116,,0.6213383499059393,0.6188022669359208,1.0050653176774136,0.5068437130222242,0.0537162973007121,0.0283525933888739,0.0307062758570107,0.0776988703279974,0.0681972623888389,0.0392367643106691,0.0675893576995431,0.0919486402362,0.4912657887664606,0.215900208307077,1.0,1.0,1.082764188005411,0.5929857565170653,0.6034668099973125,0.5994454123046605,1.0556378300168827,0.5282596759703845,0.0512007953570562,0.0104810534802472,0.0113494212257504,0.0271263579885282,0.0236448081272229,0.0067186240257995,0.0171996775060467,0.0124800348095245,0.4899220639613007,0.0755783982112263,0.147562592787164,1.0,1.082764188005411,0.5929857565170653
cremad,listwise_pairwise_unanchored,33,7442,13.397608169846816,12.777747917226552,0.7001814028486966,0.4976148884708412,0.8436060196201556,0.716022266848377,0.5452835259338887,0.80462241332975,2.0,0.80462241332975,0.858720801436302,0.8558318450370164,0.1710650154525347,0.5212959541492314,1.0370077997630271,1.0268968398998386,0.6980479951588514,,0.6378661650094061,0.635888395996555,0.9765370848101336,0.4914739789698349,0.0557463725138274,0.0224402042461703,0.0225367026885967,0.0503597550897052,0.0478689129766546,0.0421929588820209,0.0646331631281913,0.1029200610118795,0.5236495565708142,0.147202770128218,1.0,1.0,1.0268968398998386,0.6154259607632356,0.6263101316850309,0.6244573177872997,1.0048969005727857,0.5059313273308768,0.058349894030829,0.0108841709217952,0.0111056244793415,0.0219999393270528,0.0211461555888789,0.0076592313894114,0.0185434023112066,0.0174836872476664,0.5228433216877184,0.0662983211228261,0.1727696779061152,0.999865627519484,1.0268968398998386,0.6154259607632356
cremad,listwise_pairwise_unanchored,44,7442,14.009809191077668,21.50282182209084,0.6014176296694437,0.5,0.8493977177035995,0.7248465682351213,0.5737704918032787,0.8078473528621338,2.0,0.8078473528621338,0.8800285151330927,0.8782911847528992,0.1818866247641114,0.5281547447047665,1.0560515029748836,1.060177880216433,0.7142616377598302,,0.6330287557108304,0.6315812795776929,0.9885799417938478,0.4984014081524108,0.0520479750870312,0.0294275732330019,0.0318168916815123,0.0715979620497959,0.0673982869681358,0.0417898414404729,0.0712174146734748,0.0916119442481294,0.4952969631819403,0.19916291301084,1.0,1.0,1.0601779038436436,0.6036011824778286,0.6158290782047836,0.6125190323928921,1.032356686856086,0.5182855887596461,0.0608114692608024,0.0122278957269551,0.0127546444967115,0.0278212169875575,0.02615761131169,0.0077936038699274,0.0200214995968825,0.0153693894544569,0.4950282182209083,0.0791210726371711,0.1715030821320095,1.0,1.0601779038436436,0.6036011824778286
cremad,listwise_pairwise_unanchored,55,7442,13.781241601719968,11.0,0.7994154797097555,0.4506181134103735,0.8524705335737214,0.7292384751835601,0.5799516259070142,0.8222252082773448,2.0,0.8222252082773448,0.8352475355658855,0.8329192590918537,0.2086191269494262,0.5700413787930427,1.0352674990660142,1.0415383973643204,0.6720989348266241,,0.6408223595807578,0.6393902221109224,0.9684237508211876,0.4863994066916108,0.0524849495966887,0.0224402042461704,0.024102296107619,0.0731146465431327,0.0692412040120185,0.0455522708949207,0.0679924751410911,0.1028943119625175,0.5370868046224133,0.1867457317024286,1.0,1.0,1.0415383973643204,0.6183821553345875,0.6277882289707069,0.6251194537074141,1.0141471640873392,0.5024395553482127,0.0558685436884871,0.0094060736361193,0.0098315277041105,0.0273912332769812,0.0260027580375346,0.0085998387530233,0.0180059123891427,0.0153931796214613,0.5361461972588014,0.0719331365089388,0.1491495502636625,0.999865627519484,1.0415383973643204,0.6183821553345875
cremad,pairwise_only,11,7442,12.39707067992475,11.0,0.5021499596882558,0.5989317387798979,0.8460919159033887,0.7255678090076625,0.5529427573233002,0.8040849234076861,2.0,0.8040849234076861,0.8708858034425575,0.8693706019851861,0.1619382223789649,0.4964156677299915,1.0273188966732132,1.0313087836592725,0.7048593365162555,,0.6330287557108304,0.63184303549448,0.9786968577840384,0.4941011532133351,0.0554318359640777,0.0173340499865627,0.0182979620194863,0.0526119258752339,0.0519771335495444,0.0388336468691212,0.0561676968556839,0.0923947150624029,0.5167965600644988,0.1634835635395318,1.0,1.0,1.0313087836592725,0.6156947057242677,0.624832034399355,0.6227136439887874,1.0066539251381466,0.5052435729841596,0.0566519114382322,0.0091373286750873,0.0091685705137936,0.0246548585211259,0.0243536848570034,0.0087342112335393,0.0178715399086267,0.0178717252618421,0.5158559527008869,0.0760836970759157,0.2002888406854392,1.0,1.0313087836592725,0.6156947057242677
cremad,pairwise_only,22,7442,13.196855683955926,11.198199408761086,0.8017669981187853,0.4480650362805697,0.8524736084329649,0.7331285690704186,0.5865358774522977,0.8128191346412255,2.0,0.8128191346412255,0.9027044640068596,0.9016152400141983,0.1811489631086227,0.5368112962372599,1.0601112135986075,1.0827642116486402,0.7457370288716116,,0.6214727223864552,0.6190045479625705,1.00508567931126,0.5069112231907931,0.0532272657586246,0.0284869658693899,0.0309085568836605,0.0776785086941507,0.0681973955019625,0.0389680193496371,0.0674549852190271,0.0920835951374715,0.4904595538833647,0.2158204532817597,1.0,1.0,1.082764188005411,0.5929857565170653,0.6038699274388605,0.5999563858529551,1.0543934054446458,0.5276233176763819,0.0511892398129032,0.0108841709217952,0.0118603947740452,0.0283707825607652,0.024865605400628,0.0073904864283794,0.0182746573501746,0.0134874761459492,0.4891158290782048,0.080253388451804,0.1606790572384838,1.0,1.082764188005411,0.5929857565170653
cremad,pairwise_only,33,7442,12.812550389680194,12.777747917226552,0.7993482934694974,0.4976148884708412,0.8464222416100154,0.7223330245283531,0.5588551464660038,0.8048911582907821,2.0,0.8048911582907821,0.8591430774301458,0.8569088604414344,0.1699879963818944,0.5194886195799205,1.0293032542988358,1.0268968398998386,0.6980479951588514,,0.6381349099704381,0.6361648153362779,0.9765354118674584,0.4915053114353133,0.0556474856329489,0.0227089492072023,0.0228131220283196,0.0503614280323801,0.0478684303498766,0.0424617038430529,0.0651706530502553,0.1028562152977993,0.5243214189733942,0.1471554184850071,1.0,1.0,1.0268968398998386,0.6154259607632356,0.6263101316850309,0.6244590754540388,1.0049488401899924,0.5059568460023345,0.0584105787514935,0.0108841709217952,0.0111073821460805,0.0219479997098461,0.0211012066177004,0.0076592313894114,0.0185434023112066,0.0174646600702959,0.5232464391292663,0.0661373178237441,0.1725415016687932,0.999865627519484,1.0268968398998386,0.6154259607632356
cremad,pairwise_only,44,7442,13.20814297231927,23.08841709217952,0.4975477022305832,0.5,0.8462335504914825,0.7262532375888113,0.5638269282450954,0.806503628056974,2.0,0.806503628056974,0.8831742801226714,0.8811553689748554,0.1790224622811914,0.5199455895532469,1.0518183575558169,1.060177880216433,0.7142616377598302,,0.6306100510615426,0.6290253211329133,0.9941501475508192,0.5009016566663926,0.0556943004921346,0.027008868583714,0.0292609332367329,0.0660277562928244,0.0629071428355432,0.0440741736092448,0.0710830421929588,0.0955340681405869,0.4952969631819403,0.186271228308983,1.0,1.0,1.0601779038436436,0.6036011824778286,0.6156947057242677,0.6123864447196007,1.0323316192905674,0.5182679285786451,0.0619725271022246,0.0120935232464391,0.0126220568234201,0.0278462845530762,0.0261614472342825,0.0080623488309594,0.0201558720773985,0.0162251343774426,0.4947594732598764,0.0791047922111506,0.1733019917070048,1.0,1.0601779038436436,0.6036011824778286
cremad,pairwise_only,55,7442,14.21714592851384,11.0,0.6482800322493953,0.4506181134103735,0.8497670755145095,0.7296450520480298,0.5729642569201827,0.8181940338618651,2.0,0.8181940338618651,0.840530824009304,0.8375797331797695,0.2039586317411868,0.5559973761211977,1.0339294402742218,1.0415383973643204,0.6720989348266241,,0.6414942219833378,0.6399659471640589,0.9687216724080124,0.4865637033142161,0.0525088009455293,0.0231120666487503,0.0246780211607553,0.0728167249563079,0.068932147240985,0.0450147809728567,0.068126847621607,0.1029655878556988,0.5376242945444772,0.1856700668685737,1.0,1.0,1.0415383973643204,0.6183821553345875,0.6275194840096748,0.6248717006139518,1.0142272861373582,0.5024804198741794,0.0554964385708472,0.0091373286750873,0.0095837746106484,0.0273111112269622,0.025917315039327,0.0085998387530233,0.0177371674281107,0.0154994582518078,0.5366836871808653,0.0716734299318897,0.1496726322886092,0.999865627519484,1.0415383973643204,0.6183821553345875
cremad,soft_listwise,11,7442,12.406611126041389,11.0,0.2199005643644181,0.5989317387798979,0.8444241674086354,0.7232542479432679,0.5517334049986563,0.8024724536414942,2.0,0.8024724536414942,0.8719017366605624,0.8699809216149101,0.1613278928938907,0.4948948298859246,1.0279763189735864,1.0313087836592725,0.7048593365162555,,0.6328943832303144,0.6317265982224987,0.9787237835776194,0.494126317427534,0.0559137362653419,0.0171996775060467,0.0181815247475049,0.052585000081653,0.051947827423068,0.0388336468691212,0.0560333243751679,0.0923625076361334,0.5170653050255307,0.1634094917261306,1.0,1.0,1.0313087836592725,0.6156947057242677,0.624697661918839,0.6225945537326826,1.0066779257709126,0.5052618978289763,0.0567314591387913,0.0090029561945713,0.0090494802576888,0.0246308578883598,0.0243305674641259,0.0087342112335393,0.0177371674281107,0.0178779057124206,0.5159903251814029,0.0760190768011051,0.2003204613899998,1.0,1.0313087836592725,0.6156947057242677
cremad,soft_listwise,22,7442,13.385649019080892,11.198199408761086,0.8017334049986563,0.4480650362805697,0.8544129407442378,0.7311842227415526,0.5896264445041656,0.8165815640956732,2.0,0.8165815640956732,0.8993111426024244,0.8978639641009297,0.1849002267197235,0.5486416396588634,1.0613399705269169,1.0827642116486402,0.7457370288716116,,0.6214727223864552,0.6190072698421663,1.0049300376316834,0.5068171689545035,0.0550697702444935,0.0284869658693899,0.0309112787632563,0.0778341503737274,0.0683451088591493,0.0392367643106691,0.0677237301800591,0.0920813314494539,0.4904595538833647,0.2163846861348383,1.0,1.0,1.082764188005411,0.5929857565170653,0.6038699274388605,0.5999527246890802,1.0543292703022402,0.5275972049878707,0.0511684606742295,0.0108841709217952,0.0118567336101702,0.0284349177031707,0.0249164481416756,0.0073904864283794,0.0182746573501746,0.0134731681117158,0.4891158290782048,0.08045191082546,0.1606464589220386,1.0,1.082764188005411,0.5929857565170653
cremad,soft_listwise,33,7442,13.19873689868315,14.357968288094598,0.4006651437785541,0.4976148884708412,0.8451188459935187,0.7200498086329963,0.5528083848427842,0.8018005912389142,2.0,0.8018005912389142,0.8600271741922938,0.8570513591286445,0.1698454721512668,0.5198264517661936,1.031889450098359,1.0268968398998386,0.6980479951588514,,0.6378661650094061,0.6358389140261221,0.9760874900901808,0.4913218052555463,0.0546153565186449,0.0224402042461704,0.0224872207181639,0.0508093498096578,0.0483436923073804,0.0419242139209889,0.0643644181671593,0.101316979666033,0.5249932813759742,0.1491129062537162,1.0,1.0,1.0268968398998386,0.6154259607632356,0.6259070142434829,0.624032467567093,1.005076211407376,0.5060226090163351,0.058435718564217,0.0104810534802472,0.0106807742591347,0.0218206284924624,0.0209690054720311,0.0077936038699274,0.0182746573501746,0.0173774913335817,0.5240526740123622,0.065565539759115,0.1721054937463234,0.999865627519484,1.0268968398998386,0.6154259607632356
cremad,soft_listwise,44,7442,14.39707067992475,21.50282182209084,0.500100779360387,0.5,0.8490772139960685,0.7251676557943258,0.5704111797903789,0.8099973125503896,2.0,0.8099973125503896,0.8806379232410461,0.8790072634459759,0.1811705605937601,0.5268077314736906,1.054654160644123,1.060177880216433,0.7142616377598302,,0.6332975006718624,0.6317828835971222,0.9885636757888068,0.4984185007408537,0.052837549062289,0.0296963181940338,0.0320184957009417,0.071614228054837,0.0674173747367301,0.041386723998925,0.0710830421929588,0.0915929191154887,0.4952969631819403,0.1991886610128969,1.0,1.0,1.0601779038436436,0.6036011824778286,0.6156947057242677,0.6123782229614139,1.032343249116268,0.5182655480795719,0.0610964864580517,0.0120935232464391,0.0126138350652333,0.0278346547273755,0.0261677075746776,0.0077936038699274,0.0198871271163665,0.0153495023355941,0.4948938457403923,0.0791304762025667,0.1714680834291155,1.0,1.0601779038436436,0.6036011824778286
cremad,soft_listwise,55,7442,14.404461166353132,11.0,0.7474133297500671,0.4506181134103735,0.8525079399269423,0.7280157894929814,0.5806234883095942,0.8216877183552809,2.0,0.8216877183552809,0.8336728386054337,0.8310540031598672,0.2104843826811821,0.5741858411356127,1.0326170295965476,1.0415383973643204,0.6720989348266241,,0.6412254770223058,0.6397791452581015,0.9682398414986648,0.4862444534734441,0.0531084696809568,0.0228433216877183,0.0244912192547981,0.0732985558656555,0.069407811458476,0.0450147809728567,0.0678581026605751,0.1028599032701199,0.5365493147003494,0.187235590630416,1.0,1.0,1.0415383973643204,0.6183821553345875,0.6277882289707069,0.6251286197819396,1.014231698434861,0.502456509320672,0.0556657768143213,0.0094060736361193,0.0098406937786361,0.0273066989294593,0.0259351555654475,0.0085998387530233,0.0180059123891427,0.0154400431672178,0.5358774522977694,0.0717525407228419,0.149354420231895,0.999865627519484,1.0415383973643204,0.6183821553345875
avmnist,analytic_only,11,3600,0.0,16.0,0.0,1.0,0.9942571175143524,0.9864610313162232,0.9402777777777778,0.9916666666666668,2.0,0.9916666666666668,0.0361662581562995,0.0361662581562995,0.0085977166891098,0.3887000161345575,0.0483373887836933,0.0447639748454093,0.022644817829132,,0.9872222222222222,0.987234220199634,0.0473996140062809,0.0199280775201955,0.0041744604127274,0.0024999999999999,0.0024669477352228,-0.0026356317102909,-0.0588784012303349,0.0016666666666666,0.0041666666666666,0.0102159604430198,0.8958333333333334,-0.1191563075546184,1.0,1.0,0.0447639822959899,0.9847222222222224,0.9863888888888888,0.9864118640885764,0.0430786609649658,0.0201470354333004,0.004298238588704,0.0016666666666665,0.0016445916241654,0.0016853213310241,0.0376490482879835,0.0011111111111111,0.0027777777777777,0.0041491067968308,0.1319444444444444,0.0761927466412376,0.0624989494681358,0.8608333333333333,0.0447639822959899,0.9847222222222224
avmnist,analytic_only,22,3600,0.0,16.0,0.0,1.0,0.9969505882591636,0.9915742793791574,0.9297222222222222,0.9961111111111112,2.0,0.9961111111111112,0.0154231647029519,0.0154071552678942,0.009465924464166,0.5832417399862946,0.0232613869011401,0.0248730815947055,0.0086432341486215,,0.9947222222222222,0.994722169244724,0.0237734541296958,0.0094024050886016,0.0045786422987778,0.0019444444444444,0.0019471866000343,0.0010996274650096,0.0442095387667506,0.0002777777777777,0.0022222222222222,0.0062088840641081,0.9647222222222224,0.0677534073356315,1.0,1.0,0.0248730815947055,0.9927777777777778,0.9933333333333332,0.9933305469614488,0.0219090078026056,0.0102800002487339,0.0034699903262986,0.0005555555555555,0.0005555643167591,0.0029640737920999,0.1191679358592574,0.0,0.0005555555555555,0.0013014748692512,0.045,0.1826310896186337,0.0178798418492078,0.3747222222222222,0.0248730815947055,0.9927777777777778
avmnist,analytic_only,33,3600,0.0,58.0,0.0,1.0,0.9948599328726432,0.9861642989499692,0.9688888888888888,0.9930555555555556,2.0,0.9930555555555556,0.0332936644554138,0.033275980502367,0.0111857736483216,0.4756330318245486,0.0454232096672058,0.044461753219366,0.0209440942853689,,0.9886111111111112,0.9886148552398282,0.041537158191204,0.0185458733737141,0.0045718513180812,0.0005555555555555,0.0005667982528154,0.002924595028162,0.0657777711493424,0.0019444444444444,0.0025,0.0089591573923826,0.905,0.1243573451333741,1.0,1.0,0.044461753219366,0.9880555555555556,0.9894444444444443,0.9894413199205212,0.0395704098045825,0.0182377962795982,0.0041483332547876,0.0013888888888888,0.0013932629335083,0.0048913434147834,0.1100123827922505,0.0005555555555555,0.0019444444444444,0.0035446691326797,0.0619444444444444,0.2079860952982133,0.0491351746022701,0.5336111111111111,0.044461753219366,0.9880555555555556
avmnist,analytic_only,44,3600,0.0,50.0,0.0,0.75,0.9944261348748584,0.9860821155184412,0.9475,0.9927777777777778,2.0,0.9927777777777778,0.0359313450753688,0.0359313450753688,0.0131509630009531,0.4898788758076334,0.0497906059026718,0.0490823052823543,0.022236967459321,,0.9880555555555556,0.988057274612906,0.0506453439593315,0.0206754003491276,0.0032403809991147,0.0025,0.0024991415930779,-0.0015630424022674,-0.0318453363571435,0.0011111111111111,0.0036111111111111,0.0107704037800431,0.9308333333333332,-0.0582238448899843,1.0,1.0,0.049082301557064,0.9855555555555556,0.9869444444444444,0.98695325438811,0.0464960820972919,0.0213112299446653,0.0046494153473112,0.0013888888888888,0.0013951213682817,0.0025862194597721,0.0526914871089596,0.0,0.0013888888888888,0.0023663621395826,0.125,0.0963379654299606,0.0299173630774021,0.8597222222222223,0.049082301557064,0.9855555555555556
avmnist,analytic_only,55,3600,0.0,19.0,0.0,1.0,0.995725782709442,0.9888732574498018,0.9555555555555556,0.995,2.0,0.995,0.0291805397719144,0.0290998499840497,0.013733142055571,0.5753744771787898,0.0389569513499736,0.0428329929709434,0.0189648140221834,,0.9897222222222222,0.9897281136397768,0.0384847670793533,0.0160181576568666,0.0049634058773518,0.0002777777777777,0.0002765855961247,0.0043482258915901,0.1015158080253653,0.0019444444444444,0.0022222222222222,0.0095235826447606,0.8841666666666667,0.1821766780613778,1.0,1.0,0.0428329929709434,0.9894444444444443,0.99,0.99000822138164,0.0350922867655754,0.0161934888483433,0.0024809779392348,0.0005555555555555,0.0005566933379879,0.007740706205368,0.1807183124144299,0.0011111111111111,0.0016666666666666,0.0039990707300603,0.0558333333333333,0.3243107687668584,0.0543995760381221,0.4975,0.0428329929709434,0.9894444444444443
avmnist,hard_oracle_classifier,11,3600,13.0,16.0,0.5,1.0,0.9941725314050832,0.9825759359547916,0.9655555555555556,0.9922222222222222,2.0,0.9922222222222222,0.0357782989740371,0.0357782989740371,0.0089856758713722,0.4062395264322114,0.0454025939106941,0.0447639748454093,0.022644817829132,,0.9875,0.9875111714381476,0.0474284365773201,0.0199033253988222,0.0045207763132121,0.0027777777777777,0.0027438989737363,-0.0026644542813301,-0.0595222798479391,0.0013888888888888,0.0041666666666666,0.0102394148707389,0.8961111111111111,-0.1204592824349841,1.0,1.0,0.0447639822959899,0.9847222222222224,0.9863888888888888,0.9864118640885764,0.0430630110204218,0.0201361335154632,0.0046160674591859,0.0016666666666665,0.0016445916241654,0.001700971275568,0.0379986584821874,0.0011111111111111,0.0027777777777777,0.0041276486590504,0.1319444444444444,0.0769001913494358,0.0616818107664585,0.8608333333333333,0.0447639822959899,0.9847222222222224
avmnist,hard_oracle_classifier,22,3600,14.0,16.0,0.1,1.0,0.9970278400713248,0.9909830007390984,0.9744444444444444,0.9963888888888888,2.0,0.9963888888888888,0.0154071934521198,0.0154071804136037,0.0094658993184566,0.5832401906365795,0.0232318416237831,0.0248730815947055,0.0086432341486215,,0.9947222222222222,0.994722169244724,0.0237957388162612,0.0094107075688116,0.0044156806833214,0.0019444444444444,0.0019471866000343,0.0010773427784442,0.0433136028739442,0.0002777777777777,0.0022222222222222,0.0062453639693558,0.9647222222222224,0.066380396571553,1.0,1.0,0.0248730815947055,0.9927777777777778,0.9933333333333332,0.9933305469614488,0.0218841210007667,0.0102801795494686,0.0034694097273879,0.0005555555555555,0.0005555643167591,0.0029889605939388,0.1201684874694034,0.0,0.0005555555555555,0.0013007598463445,0.0447222222222222,0.1841643146199049,0.0184350907802581,0.3752777777777777,0.0248730815947055,0.9927777777777778
avmnist,hard_oracle_classifier,33,3600,12.0,57.0,0.25,1.0,0.9948514602139816,0.9855466337245212,0.9730555555555556,0.9930555555555556,2.0,0.9930555555555556,0.0332936644554138,0.033275980502367,0.0111857736483216,0.4756330318245486,0.0453670434653759,0.044461753219366,0.0209440942853689,,0.9886111111111112,0.9886148552398282,0.0417549796402454,0.0185643837165204,0.0041907998836702,0.0005555555555555,0.0005667982528154,0.0027067735791206,0.0608786964779799,0.0019444444444444,0.0025,0.009160965681076,0.9077777777777778,0.1150952265355187,1.0,1.0,0.044461753219366,0.9880555555555556,0.9894444444444443,0.9894413199205212,0.0396595634520053,0.0182481723295217,0.0040874446100658,0.0013888888888888,0.0013932629335083,0.0048021897673606,0.10800720663595,0.0005555555555555,0.0019444444444444,0.0035701408050954,0.0633333333333333,0.2041951711337251,0.0484185777604579,0.5352777777777777,0.044461753219366,0.9880555555555556
avmnist,hard_oracle_classifier,44,3600,13.0,44.0,0.5,0.75,0.9942898885492965,0.9765715611227094,0.9783333333333334,0.9930555555555556,2.0,0.9930555555555556,0.0359246544539928,0.0359246544539928,0.013157651759684,0.4901280348697794,0.048531848937273,0.0490823052823543,0.022236967459321,,0.9883333333333332,0.988338192143549,0.0504732951521873,0.0206393579684407,0.0030351060297753,0.0027777777777777,0.002780059123721,-0.0013909935951232,-0.0283400238170594,0.0011111111111111,0.0038888888888888,0.0107124680653214,0.9311111111111112,-0.0518149548169364,1.0,1.0,0.049082301557064,0.9855555555555556,0.9869444444444444,0.98695325438811,0.0464454665780067,0.0212975422189104,0.0043581429041093,0.0013888888888888,0.0013951213682817,0.0026368349790573,0.0537227247991147,0.0,0.0013888888888888,0.0023677938152104,0.1244444444444444,0.0982234147072537,0.0302787534892559,0.8597222222222223,0.049082301557064,0.9855555555555556
avmnist,hard_oracle_classifier,55,3600,13.0,19.0,0.0,1.0,0.9957257825633198,0.9888732574498018,0.9552777777777778,0.995,2.0,0.995,0.0291805397719144,0.0290998499840497,0.013733142055571,0.5753744771787898,0.0389569513499736,0.0428329929709434,0.0189648140221834,,0.9897222222222222,0.9897281136397768,0.0384847670793533,0.0160181576568666,0.0049634058773518,0.0002777777777777,0.0002765855961247,0.0043482258915901,0.1015158080253653,0.0019444444444444,0.0022222222222222,0.0095235826447606,0.8841666666666667,0.1821766780613778,1.0,1.0,0.0428329929709434,0.9894444444444443,0.99,0.99000822138164,0.0350922867655754,0.0161934888483433,0.0024809779392348,0.0005555555555555,0.0005566933379879,0.007740706205368,0.1807183124144299,0.0011111111111111,0.0016666666666666,0.0039990707300603,0.0558333333333333,0.3243107687668584,0.0543995760381221,0.4975,0.0428329929709434,0.9894444444444443
avmnist,listwise_pairwise_anchored,11,3600,12.0,16.0,0.25,1.0,0.9941298552753984,0.9850482693666116,0.9686111111111112,0.9913888888888888,2.0,0.9911111111111112,0.0364412367343902,0.0361662581562995,0.0085977166891098,0.3887000161345575,0.0467585884034633,0.0447639748454093,0.022644817829132,1.0,0.9872222222222222,0.987234220199634,0.0473996140062809,0.0199280775201955,0.0041744604127274,0.0024999999999999,0.0024669477352228,-0.0026356317102909,-0.0588784012303349,0.0016666666666666,0.0041666666666666,0.0102159604430198,0.8958333333333334,-0.1191563075546184,1.0,1.0,0.0447639822959899,0.9847222222222224,0.9863888888888888,0.9864118640885764,0.0430786609649658,0.0201470354333004,0.004298238588704,0.0016666666666665,0.0016445916241654,0.0016853213310241,0.0376490482879835,0.0011111111111111,0.0027777777777777,0.0041491067968308,0.1319444444444444,0.0761927466412376,0.0624989494681358,0.8608333333333333,0.0447639822959899,0.9847222222222224
avmnist,listwise_pairwise_anchored,22,3600,13.0,16.0,0.1,1.0,0.9969461492414756,0.991130820399113,0.945,0.9955555555555556,2.0,0.9958333333333332,0.0154231898486614,0.0154071804136037,0.0094658993184566,0.5832401906365795,0.0232372898608446,0.0248730815947055,0.0086432341486215,1.0,0.9947222222222222,0.994722169244724,0.0237734541296958,0.0094024050886016,0.0045786422987778,0.0019444444444444,0.0019471866000343,0.0010996274650096,0.0442095387667506,0.0002777777777777,0.0022222222222222,0.0062088840641081,0.9647222222222224,0.0677534073356315,1.0,1.0,0.0248730815947055,0.9927777777777778,0.9933333333333332,0.9933305469614488,0.0219090078026056,0.0102800002487339,0.0034699903262986,0.0005555555555555,0.0005555643167591,0.0029640737920999,0.1191679358592574,0.0,0.0005555555555555,0.0013014748692512,0.045,0.1826310896186337,0.0178798418492078,0.3747222222222222,0.0248730815947055,0.9927777777777778
avmnist,listwise_pairwise_anchored,33,3600,13.0,58.0,0.0,1.0,0.9948599327509658,0.9861642989499692,0.9683333333333334,0.9930555555555556,2.0,0.9930555555555556,0.0332936644554138,0.033275980502367,0.0111857736483216,0.4756330318245486,0.0454232096672058,0.044461753219366,0.0209440942853689,1.0,0.9886111111111112,0.9886148552398282,0.041537158191204,0.0185458733737141,0.0045718513180812,0.0005555555555555,0.0005667982528154,0.002924595028162,0.0657777711493424,0.0019444444444444,0.0025,0.0089591573923826,0.905,0.1243573451333741,1.0,1.0,0.044461753219366,0.9880555555555556,0.9894444444444443,0.9894413199205212,0.0395704098045825,0.0182377962795982,0.0041483332547876,0.0013888888888888,0.0013932629335083,0.0048913434147834,0.1100123827922505,0.0005555555555555,0.0019444444444444,0.0035446691326797,0.0619444444444444,0.2079860952982133,0.0491351746022701,0.5336111111111111,0.044461753219366,0.9880555555555556
avmnist,listwise_pairwise_anchored,44,3600,14.0,50.0,0.0,0.75,0.9944261348748584,0.9860821155184412,0.9475,0.9927777777777778,2.0,0.9927777777777778,0.0359313450753688,0.0359313450753688,0.0131509630009531,0.4898788758076334,0.0497906059026718,0.0490823052823543,0.022236967459321,1.0,0.9880555555555556,0.988057274612906,0.0506453439593315,0.0206754003491276,0.0032403809991147,0.0025,0.0024991415930779,-0.0015630424022674,-0.0318453363571435,0.0011111111111111,0.0036111111111111,0.0107704037800431,0.9308333333333332,-0.0582238448899843,1.0,1.0,0.049082301557064,0.9855555555555556,0.9869444444444444,0.98695325438811,0.0464960820972919,0.0213112299446653,0.0046494153473112,0.0013888888888888,0.0013951213682817,0.0025862194597721,0.0526914871089596,0.0,0.0013888888888888,0.0023663621395826,0.125,0.0963379654299606,0.0299173630774021,0.8597222222222223,0.049082301557064,0.9855555555555556
avmnist,listwise_pairwise_anchored,55,3600,11.0,19.0,0.25,1.0,0.9955619144146602,0.9852922368589336,0.9344444444444444,0.9947222222222222,2.0,0.995,0.0291805397719144,0.0290998499840497,0.013733142055571,0.5753744771787898,0.0389442108571529,0.0428329929709434,0.0189648140221834,1.0,0.9897222222222222,0.9897281136397768,0.0384847670793533,0.0160181576568666,0.0049634058773518,0.0002777777777777,0.0002765855961247,0.0043482258915901,0.1015158080253653,0.0019444444444444,0.0022222222222222,0.0095235826447606,0.8841666666666667,0.1821766780613778,1.0,1.0,0.0428329929709434,0.9894444444444443,0.99,0.99000822138164,0.0350922867655754,0.0161934888483433,0.0024809779392348,0.0005555555555555,0.0005566933379879,0.007740706205368,0.1807183124144299,0.0011111111111111,0.0016666666666666,0.0039990707300603,0.0558333333333333,0.3243107687668584,0.0543995760381221,0.4975,0.0428329929709434,0.9894444444444443
avmnist,listwise_pairwise_unanchored,11,3600,12.0,34.0,0.25,1.0,0.9941298552753984,0.9850482693666116,0.9686111111111112,0.9913888888888888,2.0,0.9913888888888888,0.0364409796893596,0.0361662581562995,0.0085977166891098,0.3887000161345575,0.0467585884034633,0.0447639748454093,0.022644817829132,,0.9877777777777778,0.987787513553842,0.0474014058709144,0.0199065490123414,0.0045998093237479,0.0030555555555554,0.0030202410894307,-0.0026374235749244,-0.058918430390871,0.0013888888888888,0.0044444444444444,0.0098845269531011,0.8858333333333334,-0.1192373171736265,1.0,1.0,0.0447639822959899,0.9847222222222224,0.9863888888888888,0.9864118640885764,0.04316321387887,0.0201573982549483,0.0040880116571983,0.0016666666666665,0.0016445916241654,0.0016007684171199,0.0357601878790703,0.0011111111111111,0.0027777777777777,0.0040991664864122,0.1205555555555555,0.0723698841941391,0.0636861026287078,0.8591666666666666,0.0447639822959899,0.9847222222222224
avmnist,listwise_pairwise_unanchored,22,3600,13.0,21.0,0.1,1.0,0.9969461492414756,0.991130820399113,0.945,0.9955555555555556,2.0,0.9955555555555556,0.0154231898486614,0.0154071804136037,0.0094658993184566,0.5832401906365795,0.0232372898608446,0.0248730815947055,0.0086432341486215,,0.9947222222222222,0.994722169244724,0.0242294818162918,0.0094225136682735,0.0039398600823349,0.0019444444444444,0.0019471866000343,0.0006435997784137,0.0258753534805581,0.0002777777777777,0.0022222222222222,0.0064487978816032,0.9636111111111112,0.0396553190380765,1.0,1.0,0.0248730815947055,0.9927777777777778,0.9933333333333332,0.9933305469614488,0.0219947304576635,0.0102808752430283,0.0035282295776738,0.0005555555555555,0.0005555643167591,0.002878351137042,0.1157215331796573,0.0,0.0005555555555555,0.0013867527013644,0.0438888888888888,0.1773492990569739,0.0195160247385501,0.3708333333333333,0.0248730815947055,0.9927777777777778
avmnist,listwise_pairwise_unanchored,33,3600,13.0,58.0,0.0,1.0,0.9948599327509658,0.9861642989499692,0.9683333333333334,0.9930555555555556,2.0,0.9930555555555556,0.0332936644554138,0.033275980502367,0.0111857736483216,0.4756330318245486,0.0454232096672058,0.044461753219366,0.0209440942853689,,0.9886111111111112,0.9886148552398282,0.041537158191204,0.0185458733737141,0.0045718513180812,0.0005555555555555,0.0005667982528154,0.002924595028162,0.0657777711493424,0.0019444444444444,0.0025,0.0089591573923826,0.905,0.1243573451333741,1.0,1.0,0.044461753219366,0.9880555555555556,0.9894444444444443,0.9894413199205212,0.0395704098045825,0.0182377962795982,0.0041483332547876,0.0013888888888888,0.0013932629335083,0.0048913434147834,0.1100123827922505,0.0005555555555555,0.0019444444444444,0.0035446691326797,0.0619444444444444,0.2079860952982133,0.0491351746022701,0.5336111111111111,0.044461753219366,0.9880555555555556
avmnist,listwise_pairwise_unanchored,44,3600,14.0,50.0,0.0,0.75,0.9944261348748584,0.9860821155184412,0.9475,0.9927777777777778,2.0,0.9927777777777778,0.0359313450753688,0.0359313450753688,0.0131509630009531,0.4898788758076334,0.0497906059026718,0.0490823052823543,0.022236967459321,,0.9880555555555556,0.988057274612906,0.0506453439593315,0.0206754003491276,0.0032403809991147,0.0025,0.0024991415930779,-0.0015630424022674,-0.0318453363571435,0.0011111111111111,0.0036111111111111,0.0107704037800431,0.9308333333333332,-0.0582238448899843,1.0,1.0,0.049082301557064,0.9855555555555556,0.9869444444444444,0.98695325438811,0.0464960820972919,0.0213112299446653,0.0046494153473112,0.0013888888888888,0.0013951213682817,0.0025862194597721,0.0526914871089596,0.0,0.0013888888888888,0.0023663621395826,0.125,0.0963379654299606,0.0299173630774021,0.8597222222222223,0.049082301557064,0.9855555555555556
avmnist,listwise_pairwise_unanchored,55,3600,11.0,20.0,0.25,1.0,0.9955619144146602,0.9852922368589336,0.9344444444444444,0.9947222222222222,2.0,0.9947222222222222,0.0291805397719144,0.0290998499840497,0.013733142055571,0.5753744771787898,0.0389442108571529,0.0428329929709434,0.0189648140221834,,0.9897222222222222,0.9897281136397768,0.0386100485920906,0.015985340314865,0.0058795523809062,0.0002777777777777,0.0002765855961247,0.0042229443788528,0.0985909245640984,0.0019444444444444,0.0022222222222222,0.0096070757135748,0.885,0.1769278637054776,1.0,1.0,0.0428329929709434,0.9894444444444443,0.99,0.99000822138164,0.03542922437191,0.016196460992248,0.0026077450480725,0.0005555555555555,0.0005566933379879,0.0074037685990333,0.172852002288419,0.0011111111111111,0.0016666666666666,0.0042680208571255,0.0575,0.3101942449164719,0.0532484464347362,0.4980555555555555,0.0428329929709434,0.9894444444444443
avmnist,pairwise_only,11,3600,13.0,16.0,0.0,1.0,0.9942571170552454,0.9864610313162232,0.94,0.9916666666666668,2.0,0.9916666666666668,0.0361662581562995,0.0361662581562995,0.0085977166891098,0.3887000161345575,0.0483373887836933,0.0447639748454093,0.022644817829132,,0.9872222222222222,0.987234220199634,0.0473996140062809,0.0199280775201955,0.0041744604127274,0.0024999999999999,0.0024669477352228,-0.0026356317102909,-0.0588784012303349,0.0016666666666666,0.0041666666666666,0.0102159604430198,0.8958333333333334,-0.1191563075546184,1.0,1.0,0.0447639822959899,0.9847222222222224,0.9863888888888888,0.9864118640885764,0.0430786609649658,0.0201470354333004,0.004298238588704,0.0016666666666665,0.0016445916241654,0.0016853213310241,0.0376490482879835,0.0011111111111111,0.0027777777777777,0.0041491067968308,0.1319444444444444,0.0761927466412376,0.0624989494681358,0.8608333333333333,0.0447639822959899,0.9847222222222224
avmnist,pairwise_only,22,3600,14.0,16.0,0.25,1.0,0.9969675625608996,0.9875831485587584,0.9747222222222224,0.9969444444444444,2.0,0.9969444444444444,0.0154071552678942,0.0154071552678942,0.009465924464166,0.5832417399862946,0.0231557246297597,0.0248730815947055,0.0086432341486215,,0.9947222222222222,0.994722169244724,0.0238264854997396,0.0094041473822069,0.0046531137658489,0.0019444444444444,0.0019471866000343,0.0010465960949659,0.0420774599633328,0.0002777777777777,0.0022222222222222,0.0062758610583841,0.9647222222222224,0.0644857140201115,1.0,1.0,0.0248730815947055,0.9927777777777778,0.9933333333333332,0.9933305469614488,0.0218899995088577,0.0102789597342788,0.0034691547354062,0.0005555555555555,0.0005555643167591,0.0029830820858478,0.1199321473091145,0.0,0.0005555555555555,0.0013137139612808,0.0452777777777777,0.1838022832365066,0.0178798753768205,0.3744444444444444,0.0248730815947055,0.9927777777777778
avmnist,pairwise_only,33,3600,12.0,58.0,0.0,1.0,0.9948599327509658,0.9861642989499692,0.9683333333333334,0.9930555555555556,2.0,0.9930555555555556,0.0332936644554138,0.033275980502367,0.0111857736483216,0.4756330318245486,0.0454232096672058,0.044461753219366,0.0209440942853689,,0.9886111111111112,0.9886148552398282,0.041537158191204,0.0185458733737141,0.0045718513180812,0.0005555555555555,0.0005667982528154,0.002924595028162,0.0657777711493424,0.0019444444444444,0.0025,0.0089591573923826,0.905,0.1243573451333741,1.0,1.0,0.044461753219366,0.9880555555555556,0.9894444444444443,0.9894413199205212,0.0395704098045825,0.0182377962795982,0.0041483332547876,0.0013888888888888,0.0013932629335083,0.0048913434147834,0.1100123827922505,0.0005555555555555,0.0019444444444444,0.0035446691326797,0.0619444444444444,0.2079860952982133,0.0491351746022701,0.5336111111111111,0.044461753219366,0.9880555555555556
avmnist,pairwise_only,44,3600,13.0,44.0,0.25,0.75,0.9944676355422872,0.9828346091394108,0.9791666666666666,0.9927777777777778,2.0,0.9927777777777778,0.0359313450753688,0.0359313450753688,0.0131509630009531,0.4898788758076334,0.0492101199924945,0.0490823052823543,0.022236967459321,,0.9880555555555556,0.988057274612906,0.0505179092288017,0.0206578750227104,0.0031760160293844,0.0025,0.0024991415930779,-0.0014356076717376,-0.0292489884580617,0.0011111111111111,0.0036111111111111,0.0107554597780108,0.9305555555555556,-0.0534769866116033,1.0,1.0,0.049082301557064,0.9855555555555556,0.9869444444444444,0.98695325438811,0.0464691631495952,0.0213067695626484,0.0043451553252008,0.0013888888888888,0.0013951213682817,0.0026131384074687,0.0532399322071461,0.0,0.0013888888888888,0.0023674149997532,0.1241666666666666,0.0973406381136348,0.0299962740391492,0.8597222222222223,0.049082301557064,0.9855555555555556
avmnist,pairwise_only,55,3600,15.0,20.0,0.75,1.0,0.9944869056798809,0.9773628341220104,0.9538888888888888,0.9936111111111112,2.0,0.9936111111111112,0.0280325952917337,0.0279519073665142,0.0148810874670743,0.623469697362256,0.0373670198023319,0.0428329929709434,0.0189648140221834,,0.9897222222222222,0.9897281136397768,0.0386185087263584,0.0160214643473486,0.0052709597183598,0.0002777777777777,0.0002765855961247,0.004214484244585,0.0983934101323251,0.0019444444444444,0.0022222222222222,0.0096036652103066,0.8844444444444445,0.1765734893319345,1.0,1.0,0.0428329929709434,0.9894444444444443,0.99,0.99000822138164,0.035409115254879,0.0162061151043204,0.0025100817614131,0.0005555555555555,0.0005566933379879,0.0074238777160644,0.1733214795683453,0.0011111111111111,0.0016666666666666,0.0042401975952088,0.0572222222222222,0.3110366741968944,0.0528931431472301,0.4975,0.0428329929709434,0.9894444444444443
avmnist,soft_listwise,11,3600,12.0,16.0,0.5,1.0,0.9940934188305288,0.984341888391806,0.9591666666666666,0.9913888888888888,2.0,0.9913888888888888,0.0364409796893596,0.0361662581562995,0.0085977166891098,0.3887000161345575,0.0468140058219431,0.0447639748454093,0.022644817829132,,0.9875,0.9875111714381476,0.0474472641944884,0.0199185935346578,0.0044846992774141,0.0027777777777777,0.0027438989737363,-0.0026832818984985,-0.0599428773060458,0.0013888888888888,0.0041666666666666,0.0102580413222312,0.8958333333333334,-0.1213103044824845,1.0,1.0,0.0447639822959899,0.9847222222222224,0.9863888888888888,0.9864118640885764,0.0430700182914733,0.0201417998706163,0.0043164711859491,0.0016666666666665,0.0016445916241654,0.0016939640045166,0.037842120330486,0.0011111111111111,0.0027777777777777,0.0041430289857089,0.1327777777777777,0.076583394897556,0.0627726837992668,0.8608333333333333,0.0447639822959899,0.9847222222222224
avmnist,soft_listwise,22,3600,11.0,16.0,0.1,1.0,0.9970366992604752,0.9917220990391722,0.9677777777777776,0.9955555555555556,2.0,0.9955555555555556,0.0154231898486614,0.0154071804136037,0.0094658993184566,0.5832401906365795,0.0231732688844203,0.0248730815947055,0.0086432341486215,,0.9947222222222222,0.994722169244724,0.0237623248249292,0.0094060798173719,0.0046175801588429,0.0019444444444444,0.0019471866000343,0.0011107567697763,0.0446569825112774,0.0002777777777777,0.0022222222222222,0.0062573095783591,0.9644444444444444,0.0684391380428132,1.0,1.0,0.0248730815947055,0.9927777777777778,0.9933333333333332,0.9933305469614488,0.0218957662582397,0.0102787390724762,0.0034704831242561,0.0005555555555555,0.0005555643167591,0.0029773153364658,0.1197003003077664,0.0,0.0005555555555555,0.0013083514058962,0.0447222222222222,0.1834468509352276,0.017879843711853,0.375,0.0248730815947055,0.9927777777777778
avmnist,soft_listwise,33,3600,15.0,58.0,0.0,1.0,0.9948599327509658,0.9861642989499692,0.9683333333333334,0.9930555555555556,2.0,0.9930555555555556,0.0332936644554138,0.033275980502367,0.0111857736483216,0.4756330318245486,0.0454232096672058,0.044461753219366,0.0209440942853689,,0.9886111111111112,0.9886148552398282,0.041537158191204,0.0185458733737141,0.0045718513180812,0.0005555555555555,0.0005667982528154,0.002924595028162,0.0657777711493424,0.0019444444444444,0.0025,0.0089591573923826,0.905,0.1243573451333741,1.0,1.0,0.044461753219366,0.9880555555555556,0.9894444444444443,0.9894413199205212,0.0395704098045825,0.0182377962795982,0.0041483332547876,0.0013888888888888,0.0013932629335083,0.0048913434147834,0.1100123827922505,0.0005555555555555,0.0019444444444444,0.0035446691326797,0.0619444444444444,0.2079860952982133,0.0491351746022701,0.5336111111111111,0.044461753219366,0.9880555555555556
avmnist,soft_listwise,44,3600,16.0,50.0,0.0,0.75,0.9944261348748584,0.9860821155184412,0.9475,0.9927777777777778,2.0,0.9927777777777778,0.0359313450753688,0.0359313450753688,0.0131509630009531,0.4898788758076334,0.0497906059026718,0.0490823052823543,0.022236967459321,,0.9880555555555556,0.988057274612906,0.0506453439593315,0.0206754003491276,0.0032403809991147,0.0025,0.0024991415930779,-0.0015630424022674,-0.0318453363571435,0.0011111111111111,0.0036111111111111,0.0107704037800431,0.9308333333333332,-0.0582238448899843,1.0,1.0,0.049082301557064,0.9855555555555556,0.9869444444444444,0.98695325438811,0.0464960820972919,0.0213112299446653,0.0046494153473112,0.0013888888888888,0.0013951213682817,0.0025862194597721,0.0526914871089596,0.0,0.0013888888888888,0.0023663621395826,0.125,0.0963379654299606,0.0299173630774021,0.8597222222222223,0.049082301557064,0.9855555555555556
avmnist,soft_listwise,55,3600,11.0,19.0,0.75,1.0,0.995022354736424,0.981199641897941,0.925,0.9944444444444444,2.0,0.9944444444444444,0.0301037859171628,0.0300230961292982,0.0128098987042903,0.5366935505268714,0.0393652692437171,0.0428329929709434,0.0189648140221834,,0.9897222222222222,0.9897281136397768,0.0384313948452472,0.0160227004423578,0.005029689355029,0.0002777777777777,0.0002765855961247,0.0044015981256961,0.1027618623027834,0.0019444444444444,0.0022222222222222,0.0095043648034334,0.8833333333333333,0.1844127249508589,1.0,1.0,0.0428329929709434,0.9894444444444443,0.99,0.99000822138164,0.0350710749626159,0.01619560582499,0.0019429695523447,0.0005555555555555,0.0005566933379879,0.0077619180083274,0.1812135335392725,0.0011111111111111,0.0016666666666666,0.0039941794238984,0.0552777777777777,0.3251993970407048,0.0535683780908584,0.4966666666666666,0.0428329929709434,0.9894444444444443
