dataset,train_seed,action,controller,budget,n_test,strength,selection_accuracy,selection_macro_f1,selection_nll,selection_brier,selection_ece,selection_accuracy_gain,selection_macro_f1_gain,selection_nll_gain,selection_negative_flip_rate,selection_correction_rate,selection_clipped_harm,selection_harm_p95,selection_harmful_action_rate,selection_regret_reduction,selection_mean_alpha,selection_activation_rate,test_accuracy,test_macro_f1,test_nll,test_brier,test_ece,test_accuracy_gain,test_macro_f1_gain,test_nll_gain,test_negative_flip_rate,test_correction_rate,test_clipped_harm,test_harm_p95,test_harmful_action_rate,test_regret_reduction,test_mean_alpha,test_activation_rate
avmnist,11,candidate_mixer,analytic_pi_g1,0.005,3600,1.0,0.9894444444444443,0.9894517680767292,0.0301640089601278,0.0153703540958592,0.0029738606346977996,0.0044444444444444,0.0043893659738779,0.0145862456411123,0.0,0.0044444444444444,0.0021119602024555,3.708094300236549e-05,0.8805555555555555,0.5488563207418367,0.0609195046126842,1.0,0.9872222222222222,0.9872367227821308,0.043096184730529695,0.0199376815277911,0.0036102237552404,0.0024999999999999,0.0024694503177198,0.0016677975654602,0.0013888888888888,0.0038888888888888,0.0047636423259973,3.919076407328244e-05,0.8844444444444445,0.0754003344636223,0.0681385323405265,0.9997222222222222
avmnist,11,candidate_mixer,analytic_pi_g1,0.01,3600,1.0,0.9894444444444443,0.9894517680767292,0.0301640089601278,0.0153703540958592,0.0029738606346977996,0.0044444444444444,0.0043893659738779,0.0145862456411123,0.0,0.0044444444444444,0.0021119602024555,3.708094300236549e-05,0.8805555555555555,0.5488563207418367,0.0609195046126842,1.0,0.9872222222222222,0.9872367227821308,0.043096184730529695,0.0199376815277911,0.0036102237552404,0.0024999999999999,0.0024694503177198,0.0016677975654602,0.0013888888888888,0.0038888888888888,0.0047636423259973,3.919076407328244e-05,0.8844444444444445,0.0754003344636223,0.0681385323405265,0.9997222222222222
avmnist,11,candidate_mixer,analytic_pi_g1,0.02,3600,1.0,0.9894444444444443,0.9894517680767292,0.0301640089601278,0.0153703540958592,0.0029738606346977996,0.0044444444444444,0.0043893659738779,0.0145862456411123,0.0,0.0044444444444444,0.0021119602024555,3.708094300236549e-05,0.8805555555555555,0.5488563207418367,0.0609195046126842,1.0,0.9872222222222222,0.9872367227821308,0.043096184730529695,0.0199376815277911,0.0036102237552404,0.0024999999999999,0.0024694503177198,0.0016677975654602,0.0013888888888888,0.0038888888888888,0.0047636423259973,3.919076407328244e-05,0.8844444444444445,0.0754003344636223,0.0681385323405265,0.9997222222222222
avmnist,11,candidate_mixer,analytic_pi_g1,0.05,3600,1.0,0.9894444444444443,0.9894517680767292,0.0301640089601278,0.0153703540958592,0.0029738606346977996,0.0044444444444444,0.0043893659738779,0.0145862456411123,0.0,0.0044444444444444,0.0021119602024555,3.708094300236549e-05,0.8805555555555555,0.5488563207418367,0.0609195046126842,1.0,0.9872222222222222,0.9872367227821308,0.043096184730529695,0.0199376815277911,0.0036102237552404,0.0024999999999999,0.0024694503177198,0.0016677975654602,0.0013888888888888,0.0038888888888888,0.0047636423259973,3.919076407328244e-05,0.8844444444444445,0.0754003344636223,0.0681385323405265,0.9997222222222222
avmnist,11,candidate_mixer,analytic_pi_g2,0.005,3600,1.0,0.9888888888888888,0.9889022589166254,0.0318687558174133,0.0166348597196202,0.0027644611398378,0.0038888888888889,0.0038398568137741,0.0128814987838268,0.0,0.0038888888888888,0.0015169355319812,2.3865723051130774e-07,0.1333333333333333,0.4847095093793516,0.054497167468070894,0.8638888888888889,0.9863888888888888,0.9864118640885764,0.0430544763803482,0.0201447120192862,0.004289852703611,0.0016666666666665002,0.0016445916241654,0.0017095059156417,0.0011111111111111,0.0027777777777777,0.0041411882266402,2.387736458331346e-07,0.1344444444444444,0.0772861238690968,0.0624990351498127,0.8608333333333333
avmnist,11,candidate_mixer,analytic_pi_g2,0.01,3600,1.0,0.9888888888888888,0.9889022589166254,0.0318687558174133,0.0166348597196202,0.0027644611398378,0.0038888888888889,0.0038398568137741,0.0128814987838268,0.0,0.0038888888888888,0.0015169355319812,2.3865723051130774e-07,0.1333333333333333,0.4847095093793516,0.054497167468070894,0.8638888888888889,0.9863888888888888,0.9864118640885764,0.0430544763803482,0.0201447120192862,0.004289852703611,0.0016666666666665002,0.0016445916241654,0.0017095059156417,0.0011111111111111,0.0027777777777777,0.0041411882266402,2.387736458331346e-07,0.1344444444444444,0.0772861238690968,0.0624990351498127,0.8608333333333333
avmnist,11,candidate_mixer,analytic_pi_g2,0.02,3600,1.0,0.9888888888888888,0.9889022589166254,0.0318687558174133,0.0166348597196202,0.0027644611398378,0.0038888888888889,0.0038398568137741,0.0128814987838268,0.0,0.0038888888888888,0.0015169355319812,2.3865723051130774e-07,0.1333333333333333,0.4847095093793516,0.054497167468070894,0.8638888888888889,0.9863888888888888,0.9864118640885764,0.0430544763803482,0.0201447120192862,0.004289852703611,0.0016666666666665002,0.0016445916241654,0.0017095059156417,0.0011111111111111,0.0027777777777777,0.0041411882266402,2.387736458331346e-07,0.1344444444444444,0.0772861238690968,0.0624990351498127,0.8608333333333333
avmnist,11,candidate_mixer,analytic_pi_g2,0.05,3600,1.0,0.9888888888888888,0.9889022589166254,0.0318687558174133,0.0166348597196202,0.0027644611398378,0.0038888888888889,0.0038398568137741,0.0128814987838268,0.0,0.0038888888888888,0.0015169355319812,2.3865723051130774e-07,0.1333333333333333,0.4847095093793516,0.054497167468070894,0.8638888888888889,0.9863888888888888,0.9864118640885764,0.0430544763803482,0.0201447120192862,0.004289852703611,0.0016666666666665002,0.0016445916241654,0.0017095059156417,0.0011111111111111,0.0027777777777777,0.0041411882266402,2.387736458331346e-07,0.1344444444444444,0.0772861238690968,0.0624990351498127,0.8608333333333333
avmnist,11,candidate_mixer,analytic_pi_g3,0.005,3600,1.0,0.9883333333333332,0.9883526786274842,0.033526562154293,0.0175287691482297,0.005106783029105901,0.0033333333333332,0.0032902765246329,0.011223692446947,0.0,0.0033333333333333,0.0012595962034538,0.0,0.0305555555555555,0.4223290974790373,0.0516083501279354,0.175,0.9863888888888888,0.9864118640885764,0.043122760951519,0.0203137270597272,0.0047757521851194,0.0016666666666665002,0.0016445916241654,0.0016412213444708997,0.0011111111111111,0.0027777777777777,0.0037782853469252,0.0,0.0305555555555555,0.07419900055014111,0.059948425740003496,0.1755555555555555
avmnist,11,candidate_mixer,analytic_pi_g3,0.01,3600,1.0,0.9883333333333332,0.9883526786274842,0.033526562154293,0.0175287691482297,0.005106783029105901,0.0033333333333332,0.0032902765246329,0.011223692446947,0.0,0.0033333333333333,0.0012595962034538,0.0,0.0305555555555555,0.4223290974790373,0.0516083501279354,0.175,0.9863888888888888,0.9864118640885764,0.043122760951519,0.0203137270597272,0.0047757521851194,0.0016666666666665002,0.0016445916241654,0.0016412213444708997,0.0011111111111111,0.0027777777777777,0.0037782853469252,0.0,0.0305555555555555,0.07419900055014111,0.059948425740003496,0.1755555555555555
avmnist,11,candidate_mixer,analytic_pi_g3,0.02,3600,1.0,0.9883333333333332,0.9883526786274842,0.033526562154293,0.0175287691482297,0.005106783029105901,0.0033333333333332,0.0032902765246329,0.011223692446947,0.0,0.0033333333333333,0.0012595962034538,0.0,0.0305555555555555,0.4223290974790373,0.0516083501279354,0.175,0.9863888888888888,0.9864118640885764,0.043122760951519,0.0203137270597272,0.0047757521851194,0.0016666666666665002,0.0016445916241654,0.0016412213444708997,0.0011111111111111,0.0027777777777777,0.0037782853469252,0.0,0.0305555555555555,0.07419900055014111,0.059948425740003496,0.1755555555555555
avmnist,11,candidate_mixer,analytic_pi_g3,0.05,3600,1.0,0.9883333333333332,0.9883526786274842,0.033526562154293,0.0175287691482297,0.005106783029105901,0.0033333333333332,0.0032902765246329,0.011223692446947,0.0,0.0033333333333333,0.0012595962034538,0.0,0.0305555555555555,0.4223290974790373,0.0516083501279354,0.175,0.9863888888888888,0.9864118640885764,0.043122760951519,0.0203137270597272,0.0047757521851194,0.0016666666666665002,0.0016445916241654,0.0016412213444708997,0.0011111111111111,0.0027777777777777,0.0037782853469252,0.0,0.0305555555555555,0.07419900055014111,0.059948425740003496,0.1755555555555555
avmnist,11,candidate_mixer,analytic_pi_selected,0.005,3600,1.0,0.9894444444444443,0.9894517680767292,0.0301640089601278,0.0153703540958592,0.0029738606346977996,0.0044444444444444,0.0043893659738779,0.0145862456411123,0.0,0.0044444444444444,0.0021119602024555,3.708094300236549e-05,0.8805555555555555,0.5488563207418367,0.0609195046126842,1.0,0.9872222222222222,0.9872367227821308,0.043096184730529695,0.0199376815277911,0.0036102237552404,0.0024999999999999,0.0024694503177198,0.0016677975654602,0.0013888888888888,0.0038888888888888,0.0047636423259973,3.919076407328244e-05,0.8844444444444445,0.0754003344636223,0.0681385323405265,0.9997222222222222
avmnist,11,candidate_mixer,analytic_pi_selected,0.01,3600,1.0,0.9894444444444443,0.9894517680767292,0.0301640089601278,0.0153703540958592,0.0029738606346977996,0.0044444444444444,0.0043893659738779,0.0145862456411123,0.0,0.0044444444444444,0.0021119602024555,3.708094300236549e-05,0.8805555555555555,0.5488563207418367,0.0609195046126842,1.0,0.9872222222222222,0.9872367227821308,0.043096184730529695,0.0199376815277911,0.0036102237552404,0.0024999999999999,0.0024694503177198,0.0016677975654602,0.0013888888888888,0.0038888888888888,0.0047636423259973,3.919076407328244e-05,0.8844444444444445,0.0754003344636223,0.0681385323405265,0.9997222222222222
avmnist,11,candidate_mixer,analytic_pi_selected,0.02,3600,1.0,0.9894444444444443,0.9894517680767292,0.0301640089601278,0.0153703540958592,0.0029738606346977996,0.0044444444444444,0.0043893659738779,0.0145862456411123,0.0,0.0044444444444444,0.0021119602024555,3.708094300236549e-05,0.8805555555555555,0.5488563207418367,0.0609195046126842,1.0,0.9872222222222222,0.9872367227821308,0.043096184730529695,0.0199376815277911,0.0036102237552404,0.0024999999999999,0.0024694503177198,0.0016677975654602,0.0013888888888888,0.0038888888888888,0.0047636423259973,3.919076407328244e-05,0.8844444444444445,0.0754003344636223,0.0681385323405265,0.9997222222222222
avmnist,11,candidate_mixer,analytic_pi_selected,0.05,3600,1.0,0.9894444444444443,0.9894517680767292,0.0301640089601278,0.0153703540958592,0.0029738606346977996,0.0044444444444444,0.0043893659738779,0.0145862456411123,0.0,0.0044444444444444,0.0021119602024555,3.708094300236549e-05,0.8805555555555555,0.5488563207418367,0.0609195046126842,1.0,0.9872222222222222,0.9872367227821308,0.043096184730529695,0.0199376815277911,0.0036102237552404,0.0024999999999999,0.0024694503177198,0.0016677975654602,0.0013888888888888,0.0038888888888888,0.0047636423259973,3.919076407328244e-05,0.8844444444444445,0.0754003344636223,0.0681385323405265,0.9997222222222222
avmnist,11,candidate_mixer,fixed,0.005,3600,0.625,0.9888888888888888,0.9889022589166254,0.0342625141354085,0.0159033760302999,0.0061681663834799,0.0038888888888889,0.0038398568137741,0.0104877404658315,0.0,0.0038888888888888,0.004858423740050701,0.0072792293815162,0.8994444444444445,0.3946363091076718,0.625,1.0,0.9869444444444444,0.9869611698841901,0.0435703466194125,0.019529735783937196,0.0043151268083602,0.0022222222222221,0.0021938974197789,0.0011936356765774002,0.0013888888888888,0.0036111111111111,0.0067836787209135,0.007408941947096501,0.8972222222222223,0.0539636706675139,0.625,1.0
avmnist,11,candidate_mixer,fixed,0.01,3600,0.95,0.9916666666666668,0.9916756990060442,0.0332520450124716,0.0141164244039396,0.0096462601603318,0.0066666666666667,0.006613296903193,0.0114982095887684,0.0,0.0066666666666666,0.007432201140654,0.011085473495334099,0.8994444444444445,0.43265859490314795,0.9499999999999996,1.0,0.9875,0.9875111714381476,0.0463118200777079,0.0198118452302319,0.0055033394520481,0.0027777777777777,0.0027438989737363006,-0.0015478377817179,0.0013888888888888,0.0041666666666666,0.0098899840414853,0.0112833951164075,0.8972222222222223,-0.0699774553627234,0.9499999999999996,1.0
avmnist,11,candidate_mixer,fixed,0.02,3600,0.95,0.9916666666666668,0.9916756990060442,0.0332520450124716,0.0141164244039396,0.0096462601603318,0.0066666666666667,0.006613296903193,0.0114982095887684,0.0,0.0066666666666666,0.007432201140654,0.011085473495334099,0.8994444444444445,0.43265859490314795,0.9499999999999996,1.0,0.9875,0.9875111714381476,0.0463118200777079,0.0198118452302319,0.0055033394520481,0.0027777777777777,0.0027438989737363006,-0.0015478377817179,0.0013888888888888,0.0041666666666666,0.0098899840414853,0.0112833951164075,0.8972222222222223,-0.0699774553627234,0.9499999999999996,1.0
avmnist,11,candidate_mixer,fixed,0.05,3600,0.95,0.9916666666666668,0.9916756990060442,0.0332520450124716,0.0141164244039396,0.0096462601603318,0.0066666666666667,0.006613296903193,0.0114982095887684,0.0,0.0066666666666666,0.007432201140654,0.011085473495334099,0.8994444444444445,0.43265859490314795,0.9499999999999996,1.0,0.9875,0.9875111714381476,0.0463118200777079,0.0198118452302319,0.0055033394520481,0.0027777777777777,0.0027438989737363006,-0.0015478377817179,0.0013888888888888,0.0041666666666666,0.0098899840414853,0.0112833951164075,0.8972222222222223,-0.0699774553627234,0.9499999999999996,1.0
avmnist,11,candidate_mixer,max_confidence,0.005,3600,0.75,0.9888888888888888,0.9889097816915512,0.035834077745676,0.0170475050092488,0.0060416947470771,0.0038888888888889,0.0038473795886998,0.0089161768555641,0.0,0.0038888888888888,0.00494494009763,0.0086000068578869,0.8994444444444445,0.3355008128836808,0.7373839616775513,1.0,0.9863888888888888,0.9864118640885764,0.0439776144921779,0.0197010189164855,0.005073666771252901,0.0016666666666665002,0.0016445916241654,0.000786367803812,0.0011111111111111,0.0027777777777777,0.0068268394097685,0.0087174091022461,0.8972222222222223,0.0355514334028932,0.7381296753883362,1.0
avmnist,11,candidate_mixer,max_confidence,0.01,3600,1.0,0.9894444444444443,0.9894517680767292,0.0349814593791961,0.0159507788413923,0.0080617926849259,0.0044444444444444,0.0043893659738779,0.0097687952220439,0.0,0.0044444444444444,0.0067166090011595994,0.0114831919316202,0.8994444444444445,0.3675835753481073,0.9831785559654236,1.0,0.9866666666666668,0.9866923733700717,0.0455863699316978,0.0197872414976988,0.0057404406285947,0.0019444444444444,0.0019251009056605,-0.0008223876357078,0.0011111111111111,0.0030555555555555,0.0087527483701705,0.0116401434410363,0.8972222222222223,-0.0371801309509542,0.9841728806495668,1.0
avmnist,11,candidate_mixer,max_confidence,0.02,3600,1.0,0.9894444444444443,0.9894517680767292,0.0349814593791961,0.0159507788413923,0.0080617926849259,0.0044444444444444,0.0043893659738779,0.0097687952220439,0.0,0.0044444444444444,0.0067166090011595994,0.0114831919316202,0.8994444444444445,0.3675835753481073,0.9831785559654236,1.0,0.9866666666666668,0.9866923733700717,0.0455863699316978,0.0197872414976988,0.0057404406285947,0.0019444444444444,0.0019251009056605,-0.0008223876357078,0.0011111111111111,0.0030555555555555,0.0087527483701705,0.0116401434410363,0.8972222222222223,-0.0371801309509542,0.9841728806495668,1.0
avmnist,11,candidate_mixer,max_confidence,0.05,3600,1.0,0.9894444444444443,0.9894517680767292,0.0349814593791961,0.0159507788413923,0.0080617926849259,0.0044444444444444,0.0043893659738779,0.0097687952220439,0.0,0.0044444444444444,0.0067166090011595994,0.0114831919316202,0.8994444444444445,0.3675835753481073,0.9831785559654236,1.0,0.9866666666666668,0.9866923733700717,0.0455863699316978,0.0197872414976988,0.0057404406285947,0.0019444444444444,0.0019251009056605,-0.0008223876357078,0.0011111111111111,0.0030555555555555,0.0087527483701705,0.0116401434410363,0.8972222222222223,-0.0371801309509542,0.9841728806495668,1.0
avmnist,11,candidate_mixer,negative_entropy,0.005,3600,0.75,0.9888888888888888,0.9889097816915512,0.0354626215994358,0.0167103844025677,0.00656078149875,0.0038888888888889,0.0038473795886998,0.0092876330018043,0.0,0.0038888888888888,0.0049124103970825,0.0083630445413291,0.8994444444444445,0.3494780947542859,0.7282143235206604,1.0,0.9861111111111112,0.9861317493239944,0.0437205098569393,0.0195702334324099,0.0061709884636932,0.0013888888888888,0.0013644768595831,0.0010434724390506,0.0011111111111111,0.0025,0.006599078886210901,0.0084819980897009,0.8972222222222223,0.0471748821676355,0.728786826133728,1.0
avmnist,11,candidate_mixer,negative_entropy,0.01,3600,1.0,0.9894444444444443,0.9894517680767292,0.0345872119069099,0.015502607132770201,0.0067121860053803006,0.0044444444444444,0.0043893659738779,0.0101630426943302,0.0,0.0044444444444444,0.0067092832177877,0.0111662663519382,0.8994444444444445,0.3824184572115356,0.9709523916244508,1.0,0.9872222222222222,0.9872428245683345,0.0448757298290729,0.0195669634732018,0.0050140446921189,0.0024999999999999,0.0024755521039233,-0.0001117475330829,0.0011111111111111,0.0036111111111111,0.0086763892322778,0.0113254171330481,0.8972222222222223,-0.0050524065709411,0.9717156887054444,1.0
avmnist,11,candidate_mixer,negative_entropy,0.02,3600,1.0,0.9894444444444443,0.9894517680767292,0.0345872119069099,0.015502607132770201,0.0067121860053803006,0.0044444444444444,0.0043893659738779,0.0101630426943302,0.0,0.0044444444444444,0.0067092832177877,0.0111662663519382,0.8994444444444445,0.3824184572115356,0.9709523916244508,1.0,0.9872222222222222,0.9872428245683345,0.0448757298290729,0.0195669634732018,0.0050140446921189,0.0024999999999999,0.0024755521039233,-0.0001117475330829,0.0011111111111111,0.0036111111111111,0.0086763892322778,0.0113254171330481,0.8972222222222223,-0.0050524065709411,0.9717156887054444,1.0
avmnist,11,candidate_mixer,negative_entropy,0.05,3600,1.0,0.9894444444444443,0.9894517680767292,0.0345872119069099,0.015502607132770201,0.0067121860053803006,0.0044444444444444,0.0043893659738779,0.0101630426943302,0.0,0.0044444444444444,0.0067092832177877,0.0111662663519382,0.8994444444444445,0.3824184572115356,0.9709523916244508,1.0,0.9872222222222222,0.9872428245683345,0.0448757298290729,0.0195669634732018,0.0050140446921189,0.0024999999999999,0.0024755521039233,-0.0001117475330829,0.0011111111111111,0.0036111111111111,0.0086763892322778,0.0113254171330481,0.8972222222222223,-0.0050524065709411,0.9717156887054444,1.0
avmnist,11,convex_projection,analytic_pi_g2,0.005,3600,1.0,0.9877777777777778,0.9878106707682323,0.0382769816219908,0.019169682580075197,0.004194616942338,0.0027777777777777,0.002748268665381,0.0064732729792493,0.0,0.0027777777777777,0.000253912030615,2.3833008141386883e-08,0.4644444444444444,0.2435785215645604,0.0119180278852581,0.2277777777777777,0.9855555555555556,0.985586822049586,0.043662400642324,0.0206128465532344,0.0040107140867855,0.0008333333333332,0.0008195495851749,0.0011015816536659,0.0005555555555555,0.0013888888888888,0.0017159528996198,2.1560387962572185e-08,0.4752777777777778,0.0498019381434456,0.0133558958768844,0.2225
avmnist,11,convex_projection,analytic_pi_g2,0.01,3600,1.0,0.9877777777777778,0.9878106707682323,0.0382769816219908,0.019169682580075197,0.004194616942338,0.0027777777777777,0.002748268665381,0.0064732729792493,0.0,0.0027777777777777,0.000253912030615,2.3833008141386883e-08,0.4644444444444444,0.2435785215645604,0.0119180278852581,0.2277777777777777,0.9855555555555556,0.985586822049586,0.043662400642324,0.0206128465532344,0.0040107140867855,0.0008333333333332,0.0008195495851749,0.0011015816536659,0.0005555555555555,0.0013888888888888,0.0017159528996198,2.1560387962572185e-08,0.4752777777777778,0.0498019381434456,0.0133558958768844,0.2225
avmnist,11,convex_projection,analytic_pi_g2,0.02,3600,1.0,0.9877777777777778,0.9878106707682323,0.0382769816219908,0.019169682580075197,0.004194616942338,0.0027777777777777,0.002748268665381,0.0064732729792493,0.0,0.0027777777777777,0.000253912030615,2.3833008141386883e-08,0.4644444444444444,0.2435785215645604,0.0119180278852581,0.2277777777777777,0.9855555555555556,0.985586822049586,0.043662400642324,0.0206128465532344,0.0040107140867855,0.0008333333333332,0.0008195495851749,0.0011015816536659,0.0005555555555555,0.0013888888888888,0.0017159528996198,2.1560387962572185e-08,0.4752777777777778,0.0498019381434456,0.0133558958768844,0.2225
avmnist,11,convex_projection,analytic_pi_g2,0.05,3600,1.0,0.9877777777777778,0.9878106707682323,0.0382769816219908,0.019169682580075197,0.004194616942338,0.0027777777777777,0.002748268665381,0.0064732729792493,0.0,0.0027777777777777,0.000253912030615,2.3833008141386883e-08,0.4644444444444444,0.2435785215645604,0.0119180278852581,0.2277777777777777,0.9855555555555556,0.985586822049586,0.043662400642324,0.0206128465532344,0.0040107140867855,0.0008333333333332,0.0008195495851749,0.0011015816536659,0.0005555555555555,0.0013888888888888,0.0017159528996198,2.1560387962572185e-08,0.4752777777777778,0.0498019381434456,0.0133558958768844,0.2225
avmnist,11,convex_projection,fixed,0.005,3600,1.0,0.9905555555555556,0.9905721611409788,0.0357101312702952,0.0168711185893359,0.0071520884458226,0.0055555555555555,0.0055097590381275,0.0090401233309449,0.0005555555555555,0.0061111111111111,0.0018962549721974,0.0004937052693603,0.6283333333333333,0.3401648649282488,1.0,1.0,0.9855555555555556,0.9855773836025473,0.0448696743868815,0.0208183996838386,0.0031645137929733,0.0008333333333332,0.0008101111381361,-0.00010569209089149999,0.0011111111111111,0.0019444444444444,0.0038970855522741,0.0003718564198265,0.6341666666666667,-0.0047785163469799994,1.0,1.0
avmnist,11,convex_projection,fixed,0.01,3600,1.0,0.9905555555555556,0.9905721611409788,0.0357101312702952,0.0168711185893359,0.0071520884458226,0.0055555555555555,0.0055097590381275,0.0090401233309449,0.0005555555555555,0.0061111111111111,0.0018962549721974,0.0004937052693603,0.6283333333333333,0.3401648649282488,1.0,1.0,0.9855555555555556,0.9855773836025473,0.0448696743868815,0.0208183996838386,0.0031645137929733,0.0008333333333332,0.0008101111381361,-0.00010569209089149999,0.0011111111111111,0.0019444444444444,0.0038970855522741,0.0003718564198265,0.6341666666666667,-0.0047785163469799994,1.0,1.0
avmnist,11,convex_projection,fixed,0.02,3600,1.0,0.9905555555555556,0.9905721611409788,0.0357101312702952,0.0168711185893359,0.0071520884458226,0.0055555555555555,0.0055097590381275,0.0090401233309449,0.0005555555555555,0.0061111111111111,0.0018962549721974,0.0004937052693603,0.6283333333333333,0.3401648649282488,1.0,1.0,0.9855555555555556,0.9855773836025473,0.0448696743868815,0.0208183996838386,0.0031645137929733,0.0008333333333332,0.0008101111381361,-0.00010569209089149999,0.0011111111111111,0.0019444444444444,0.0038970855522741,0.0003718564198265,0.6341666666666667,-0.0047785163469799994,1.0,1.0
avmnist,11,convex_projection,fixed,0.05,3600,1.0,0.9905555555555556,0.9905721611409788,0.0357101312702952,0.0168711185893359,0.0071520884458226,0.0055555555555555,0.0055097590381275,0.0090401233309449,0.0005555555555555,0.0061111111111111,0.0018962549721974,0.0004937052693603,0.6283333333333333,0.3401648649282488,1.0,1.0,0.9855555555555556,0.9855773836025473,0.0448696743868815,0.0208183996838386,0.0031645137929733,0.0008333333333332,0.0008101111381361,-0.00010569209089149999,0.0011111111111111,0.0019444444444444,0.0038970855522741,0.0003718564198265,0.6341666666666667,-0.0047785163469799994,1.0,1.0
avmnist,22,candidate_mixer,analytic_pi_g1,0.005,3600,1.0,0.9972222222222222,0.9972252659406202,0.0117734316736459,0.004979379837194899,0.0011097405685318,0.0016666666666667,0.0016682143180732,0.0023687789216637,0.0,0.0016666666666666,0.0011878410587087,1.587432334417825e-05,0.7216666666666667,0.2665185622026175,0.020759241655468896,0.9994444444444444,0.9938888888888887,0.9938872431536214,0.0213641859591007,0.0098414057973421,0.0026477860907713,0.0011111111111111,0.0011122605089317,0.0035088956356048,0.0,0.0011111111111111,0.0016641084803268001,8.4914985563955e-06,0.7058333333333333,0.2162000465263981,0.0210235845297575,0.9994444444444444
avmnist,22,candidate_mixer,analytic_pi_g1,0.01,3600,1.0,0.9972222222222222,0.9972252659406202,0.0117734316736459,0.004979379837194899,0.0011097405685318,0.0016666666666667,0.0016682143180732,0.0023687789216637,0.0,0.0016666666666666,0.0011878410587087,1.587432334417825e-05,0.7216666666666667,0.2665185622026175,0.020759241655468896,0.9994444444444444,0.9938888888888887,0.9938872431536214,0.0213641859591007,0.0098414057973421,0.0026477860907713,0.0011111111111111,0.0011122605089317,0.0035088956356048,0.0,0.0011111111111111,0.0016641084803268001,8.4914985563955e-06,0.7058333333333333,0.2162000465263981,0.0210235845297575,0.9994444444444444
avmnist,22,candidate_mixer,analytic_pi_g1,0.02,3600,1.0,0.9972222222222222,0.9972252659406202,0.0117734316736459,0.004979379837194899,0.0011097405685318,0.0016666666666667,0.0016682143180732,0.0023687789216637,0.0,0.0016666666666666,0.0011878410587087,1.587432334417825e-05,0.7216666666666667,0.2665185622026175,0.020759241655468896,0.9994444444444444,0.9938888888888887,0.9938872431536214,0.0213641859591007,0.0098414057973421,0.0026477860907713,0.0011111111111111,0.0011122605089317,0.0035088956356048,0.0,0.0011111111111111,0.0016641084803268001,8.4914985563955e-06,0.7058333333333333,0.2162000465263981,0.0210235845297575,0.9994444444444444
avmnist,22,candidate_mixer,analytic_pi_g1,0.05,3600,1.0,0.9972222222222222,0.9972252659406202,0.0117734316736459,0.004979379837194899,0.0011097405685318,0.0016666666666667,0.0016682143180732,0.0023687789216637,0.0,0.0016666666666666,0.0011878410587087,1.587432334417825e-05,0.7216666666666667,0.2665185622026175,0.020759241655468896,0.9994444444444444,0.9938888888888887,0.9938872431536214,0.0213641859591007,0.0098414057973421,0.0026477860907713,0.0011111111111111,0.0011122605089317,0.0035088956356048,0.0,0.0011111111111111,0.0016641084803268001,8.4914985563955e-06,0.7058333333333333,0.2162000465263981,0.0210235845297575,0.9994444444444444
avmnist,22,candidate_mixer,analytic_pi_g2,0.005,3600,1.0,0.9972222222222222,0.9972252659406202,0.0116985458880662,0.0049789538024543,0.0015186018413968,0.0016666666666667,0.0016682143180732,0.0024436647072434,0.0,0.0016666666666666,0.0009069725056178,5.960464477539064e-08,0.0577777777777777,0.2749442433951319,0.0180387999862432,0.3794444444444444,0.9933333333333332,0.9933305469614488,0.0218973439186811,0.0102794915042505,0.0034692925380335996,0.0005555555555555,0.0005555643167591001,0.0029757376760244,0.0,0.0005555555555555,0.0013094189343973,0.0,0.0452777777777777,0.1833497583530894,0.017879752442240698,0.3747222222222222
avmnist,22,candidate_mixer,analytic_pi_g2,0.01,3600,1.0,0.9972222222222222,0.9972252659406202,0.0116985458880662,0.0049789538024543,0.0015186018413968,0.0016666666666667,0.0016682143180732,0.0024436647072434,0.0,0.0016666666666666,0.0009069725056178,5.960464477539064e-08,0.0577777777777777,0.2749442433951319,0.0180387999862432,0.3794444444444444,0.9933333333333332,0.9933305469614488,0.0218973439186811,0.0102794915042505,0.0034692925380335996,0.0005555555555555,0.0005555643167591001,0.0029757376760244,0.0,0.0005555555555555,0.0013094189343973,0.0,0.0452777777777777,0.1833497583530894,0.017879752442240698,0.3747222222222222
avmnist,22,candidate_mixer,analytic_pi_g2,0.02,3600,1.0,0.9972222222222222,0.9972252659406202,0.0116985458880662,0.0049789538024543,0.0015186018413968,0.0016666666666667,0.0016682143180732,0.0024436647072434,0.0,0.0016666666666666,0.0009069725056178,5.960464477539064e-08,0.0577777777777777,0.2749442433951319,0.0180387999862432,0.3794444444444444,0.9933333333333332,0.9933305469614488,0.0218973439186811,0.0102794915042505,0.0034692925380335996,0.0005555555555555,0.0005555643167591001,0.0029757376760244,0.0,0.0005555555555555,0.0013094189343973,0.0,0.0452777777777777,0.1833497583530894,0.017879752442240698,0.3747222222222222
avmnist,22,candidate_mixer,analytic_pi_g2,0.05,3600,1.0,0.9972222222222222,0.9972252659406202,0.0116985458880662,0.0049789538024543,0.0015186018413968,0.0016666666666667,0.0016682143180732,0.0024436647072434,0.0,0.0016666666666666,0.0009069725056178,5.960464477539064e-08,0.0577777777777777,0.2749442433951319,0.0180387999862432,0.3794444444444444,0.9933333333333332,0.9933305469614488,0.0218973439186811,0.0102794915042505,0.0034692925380335996,0.0005555555555555,0.0005555643167591001,0.0029757376760244,0.0,0.0005555555555555,0.0013094189343973,0.0,0.0452777777777777,0.1833497583530894,0.017879752442240698,0.3747222222222222
avmnist,22,candidate_mixer,analytic_pi_g3,0.005,3600,1.0,0.9972222222222222,0.9972252659406202,0.011706419289112,0.0050216942396825,0.0015898428029484,0.0016666666666667,0.0016682143180732,0.0024357913061976,0.0,0.0016666666666666,0.0007790802046656,0.0,0.02,0.2740584877459117,0.0170478243380785,0.07555555555555551,0.9933333333333332,0.9933305469614488,0.0224669389426708,0.0106010296680199,0.0032818491094642,0.0005555555555555,0.0005555643167591001,0.0024061426520347,0.0,0.0005555555555555,0.0011704534990713,0.0,0.0186111111111111,0.1482540607595279,0.016557864844799,0.0627777777777777
avmnist,22,candidate_mixer,analytic_pi_g3,0.01,3600,1.0,0.9972222222222222,0.9972252659406202,0.011706419289112,0.0050216942396825,0.0015898428029484,0.0016666666666667,0.0016682143180732,0.0024357913061976,0.0,0.0016666666666666,0.0007790802046656,0.0,0.02,0.2740584877459117,0.0170478243380785,0.07555555555555551,0.9933333333333332,0.9933305469614488,0.0224669389426708,0.0106010296680199,0.0032818491094642,0.0005555555555555,0.0005555643167591001,0.0024061426520347,0.0,0.0005555555555555,0.0011704534990713,0.0,0.0186111111111111,0.1482540607595279,0.016557864844799,0.0627777777777777
avmnist,22,candidate_mixer,analytic_pi_g3,0.02,3600,1.0,0.9972222222222222,0.9972252659406202,0.011706419289112,0.0050216942396825,0.0015898428029484,0.0016666666666667,0.0016682143180732,0.0024357913061976,0.0,0.0016666666666666,0.0007790802046656,0.0,0.02,0.2740584877459117,0.0170478243380785,0.07555555555555551,0.9933333333333332,0.9933305469614488,0.0224669389426708,0.0106010296680199,0.0032818491094642,0.0005555555555555,0.0005555643167591001,0.0024061426520347,0.0,0.0005555555555555,0.0011704534990713,0.0,0.0186111111111111,0.1482540607595279,0.016557864844799,0.0627777777777777
avmnist,22,candidate_mixer,analytic_pi_g3,0.05,3600,1.0,0.9972222222222222,0.9972252659406202,0.011706419289112,0.0050216942396825,0.0015898428029484,0.0016666666666667,0.0016682143180732,0.0024357913061976,0.0,0.0016666666666666,0.0007790802046656,0.0,0.02,0.2740584877459117,0.0170478243380785,0.07555555555555551,0.9933333333333332,0.9933305469614488,0.0224669389426708,0.0106010296680199,0.0032818491094642,0.0005555555555555,0.0005555643167591001,0.0024061426520347,0.0,0.0005555555555555,0.0011704534990713,0.0,0.0186111111111111,0.1482540607595279,0.016557864844799,0.0627777777777777
avmnist,22,candidate_mixer,analytic_pi_selected,0.005,3600,1.0,0.9972222222222222,0.9972252659406202,0.0116985458880662,0.0049789538024543,0.0015186018413968,0.0016666666666667,0.0016682143180732,0.0024436647072434,0.0,0.0016666666666666,0.0009069725056178,5.960464477539064e-08,0.0577777777777777,0.2749442433951319,0.0180387999862432,0.3794444444444444,0.9933333333333332,0.9933305469614488,0.0218973439186811,0.0102794915042505,0.0034692925380335996,0.0005555555555555,0.0005555643167591001,0.0029757376760244,0.0,0.0005555555555555,0.0013094189343973,0.0,0.0452777777777777,0.1833497583530894,0.017879752442240698,0.3747222222222222
avmnist,22,candidate_mixer,analytic_pi_selected,0.01,3600,1.0,0.9972222222222222,0.9972252659406202,0.0116985458880662,0.0049789538024543,0.0015186018413968,0.0016666666666667,0.0016682143180732,0.0024436647072434,0.0,0.0016666666666666,0.0009069725056178,5.960464477539064e-08,0.0577777777777777,0.2749442433951319,0.0180387999862432,0.3794444444444444,0.9933333333333332,0.9933305469614488,0.0218973439186811,0.0102794915042505,0.0034692925380335996,0.0005555555555555,0.0005555643167591001,0.0029757376760244,0.0,0.0005555555555555,0.0013094189343973,0.0,0.0452777777777777,0.1833497583530894,0.017879752442240698,0.3747222222222222
avmnist,22,candidate_mixer,analytic_pi_selected,0.02,3600,1.0,0.9972222222222222,0.9972252659406202,0.0116985458880662,0.0049789538024543,0.0015186018413968,0.0016666666666667,0.0016682143180732,0.0024436647072434,0.0,0.0016666666666666,0.0009069725056178,5.960464477539064e-08,0.0577777777777777,0.2749442433951319,0.0180387999862432,0.3794444444444444,0.9933333333333332,0.9933305469614488,0.0218973439186811,0.0102794915042505,0.0034692925380335996,0.0005555555555555,0.0005555643167591001,0.0029757376760244,0.0,0.0005555555555555,0.0013094189343973,0.0,0.0452777777777777,0.1833497583530894,0.017879752442240698,0.3747222222222222
avmnist,22,candidate_mixer,analytic_pi_selected,0.05,3600,1.0,0.9972222222222222,0.9972252659406202,0.0116985458880662,0.0049789538024543,0.0015186018413968,0.0016666666666667,0.0016682143180732,0.0024436647072434,0.0,0.0016666666666666,0.0009069725056178,5.960464477539064e-08,0.0577777777777777,0.2749442433951319,0.0180387999862432,0.3794444444444444,0.9933333333333332,0.9933305469614488,0.0218973439186811,0.0102794915042505,0.0034692925380335996,0.0005555555555555,0.0005555643167591001,0.0029757376760244,0.0,0.0005555555555555,0.0013094189343973,0.0,0.0452777777777777,0.1833497583530894,0.017879752442240698,0.3747222222222222
avmnist,22,candidate_mixer,fixed,0.005,3600,0.275,0.9972222222222222,0.9972237355079673,0.0135674286891833,0.0060550026042411,0.0034680727525716,0.0016666666666667,0.0016666838854201,0.0005747819061263,0.0,0.0016666666666666,0.0014378375473703,0.0027869305495423,0.97,0.0646704276961935,0.2749999999999999,1.0,0.9933333333333332,0.9933305469614488,0.0223416410113548,0.010574360634220898,0.0015670084247571003,0.0005555555555555,0.0005555643167591001,0.0025314405833507,0.0,0.0005555555555555,0.0016215744295172,0.0028889381904339006,0.9647222222222224,0.15597433975311953,0.2749999999999999,1.0
avmnist,22,candidate_mixer,fixed,0.01,3600,0.275,0.9972222222222222,0.9972237355079673,0.0135674286891833,0.0060550026042411,0.0034680727525716,0.0016666666666667,0.0016666838854201,0.0005747819061263,0.0,0.0016666666666666,0.0014378375473703,0.0027869305495423,0.97,0.0646704276961935,0.2749999999999999,1.0,0.9933333333333332,0.9933305469614488,0.0223416410113548,0.010574360634220898,0.0015670084247571003,0.0005555555555555,0.0005555643167591001,0.0025314405833507,0.0,0.0005555555555555,0.0016215744295172,0.0028889381904339006,0.9647222222222224,0.15597433975311953,0.2749999999999999,1.0
avmnist,22,candidate_mixer,fixed,0.02,3600,0.275,0.9972222222222222,0.9972237355079673,0.0135674286891833,0.0060550026042411,0.0034680727525716,0.0016666666666667,0.0016666838854201,0.0005747819061263,0.0,0.0016666666666666,0.0014378375473703,0.0027869305495423,0.97,0.0646704276961935,0.2749999999999999,1.0,0.9933333333333332,0.9933305469614488,0.0223416410113548,0.010574360634220898,0.0015670084247571003,0.0005555555555555,0.0005555643167591001,0.0025314405833507,0.0,0.0005555555555555,0.0016215744295172,0.0028889381904339006,0.9647222222222224,0.15597433975311953,0.2749999999999999,1.0
avmnist,22,candidate_mixer,fixed,0.05,3600,0.275,0.9972222222222222,0.9972237355079673,0.0135674286891833,0.0060550026042411,0.0034680727525716,0.0016666666666667,0.0016666838854201,0.0005747819061263,0.0,0.0016666666666666,0.0014378375473703,0.0027869305495423,0.97,0.0646704276961935,0.2749999999999999,1.0,0.9933333333333332,0.9933305469614488,0.0223416410113548,0.010574360634220898,0.0015670084247571003,0.0005555555555555,0.0005555643167591001,0.0025314405833507,0.0,0.0005555555555555,0.0016215744295172,0.0028889381904339006,0.9647222222222224,0.15597433975311953,0.2749999999999999,1.0
avmnist,22,candidate_mixer,max_confidence,0.005,3600,0.3,0.9961111111111111,0.9961110682430455,0.0135979522019624,0.0060943784827648,0.0027962068054411,0.0005555555555555,0.0005540166204985,0.0005442583933472,0.0,0.0005555555555555,0.0014042444527149,0.002997076686006,0.97,0.0612360718513078,0.2974653542041778,1.0,0.9930555555555556,0.9930535514358894,0.0227879416197538,0.0108231080659539,0.0024055978738599,0.0002777777777778,0.0002785687911996,0.0020851399749517,0.0,0.0002777777777777,0.0015453770756721,0.003114593331702,0.9647222222222224,0.1284755787481093,0.2972205877304077,1.0
avmnist,22,candidate_mixer,max_confidence,0.01,3600,0.3,0.9961111111111111,0.9961110682430455,0.0135979522019624,0.0060943784827648,0.0027962068054411,0.0005555555555555,0.0005540166204985,0.0005442583933472,0.0,0.0005555555555555,0.0014042444527149,0.002997076686006,0.97,0.0612360718513078,0.2974653542041778,1.0,0.9930555555555556,0.9930535514358894,0.0227879416197538,0.0108231080659539,0.0024055978738599,0.0002777777777778,0.0002785687911996,0.0020851399749517,0.0,0.0002777777777777,0.0015453770756721,0.003114593331702,0.9647222222222224,0.1284755787481093,0.2972205877304077,1.0
avmnist,22,candidate_mixer,max_confidence,0.02,3600,0.3,0.9961111111111111,0.9961110682430455,0.0135979522019624,0.0060943784827648,0.0027962068054411,0.0005555555555555,0.0005540166204985,0.0005442583933472,0.0,0.0005555555555555,0.0014042444527149,0.002997076686006,0.97,0.0612360718513078,0.2974653542041778,1.0,0.9930555555555556,0.9930535514358894,0.0227879416197538,0.0108231080659539,0.0024055978738599,0.0002777777777778,0.0002785687911996,0.0020851399749517,0.0,0.0002777777777777,0.0015453770756721,0.003114593331702,0.9647222222222224,0.1284755787481093,0.2972205877304077,1.0
avmnist,22,candidate_mixer,max_confidence,0.05,3600,0.3,0.9961111111111111,0.9961110682430455,0.0135979522019624,0.0060943784827648,0.0027962068054411,0.0005555555555555,0.0005540166204985,0.0005442583933472,0.0,0.0005555555555555,0.0014042444527149,0.002997076686006,0.97,0.0612360718513078,0.2974653542041778,1.0,0.9930555555555556,0.9930535514358894,0.0227879416197538,0.0108231080659539,0.0024055978738599,0.0002777777777778,0.0002785687911996,0.0020851399749517,0.0,0.0002777777777777,0.0015453770756721,0.003114593331702,0.9647222222222224,0.1284755787481093,0.2972205877304077,1.0
avmnist,22,candidate_mixer,negative_entropy,0.005,3600,0.275,0.9955555555555556,0.9955570516225468,0.0136343026533722,0.0061954666212993,0.0017928595675362,0.0,0.0,0.0005079079419374,0.0,0.0,0.0012738825753331,0.0026964489836245,0.97,0.057146276158765,0.2703626453876495,1.0,0.9927777777777778,0.9927749826446896,0.022720884531736305,0.0108265259287839,0.0027454622752136,0.0,0.0,0.0021521970629692,0.0,0.0,0.0014089891919866,0.0027930626180021996,0.9647222222222224,0.1326073501380011,0.2702129185199737,1.0
avmnist,22,candidate_mixer,negative_entropy,0.01,3600,0.275,0.9955555555555556,0.9955570516225468,0.0136343026533722,0.0061954666212993,0.0017928595675362,0.0,0.0,0.0005079079419374,0.0,0.0,0.0012738825753331,0.0026964489836245,0.97,0.057146276158765,0.2703626453876495,1.0,0.9927777777777778,0.9927749826446896,0.022720884531736305,0.0108265259287839,0.0027454622752136,0.0,0.0,0.0021521970629692,0.0,0.0,0.0014089891919866,0.0027930626180021996,0.9647222222222224,0.1326073501380011,0.2702129185199737,1.0
avmnist,22,candidate_mixer,negative_entropy,0.02,3600,0.275,0.9955555555555556,0.9955570516225468,0.0136343026533722,0.0061954666212993,0.0017928595675362,0.0,0.0,0.0005079079419374,0.0,0.0,0.0012738825753331,0.0026964489836245,0.97,0.057146276158765,0.2703626453876495,1.0,0.9927777777777778,0.9927749826446896,0.022720884531736305,0.0108265259287839,0.0027454622752136,0.0,0.0,0.0021521970629692,0.0,0.0,0.0014089891919866,0.0027930626180021996,0.9647222222222224,0.1326073501380011,0.2702129185199737,1.0
avmnist,22,candidate_mixer,negative_entropy,0.05,3600,0.275,0.9955555555555556,0.9955570516225468,0.0136343026533722,0.0061954666212993,0.0017928595675362,0.0,0.0,0.0005079079419374,0.0,0.0,0.0012738825753331,0.0026964489836245,0.97,0.057146276158765,0.2703626453876495,1.0,0.9927777777777778,0.9927749826446896,0.022720884531736305,0.0108265259287839,0.0027454622752136,0.0,0.0,0.0021521970629692,0.0,0.0,0.0014089891919866,0.0027930626180021996,0.9647222222222224,0.1326073501380011,0.2702129185199737,1.0
avmnist,22,convex_projection,analytic_pi_g2,0.005,3600,1.0,0.9961111111111111,0.9961141418264322,0.0127942923289234,0.00605247038951,0.0023316048636150004,0.0005555555555555,0.0005570902038852,0.0013479182663862,0.0,0.0005555555555555,0.00035902752783319994,3.0332056302415004e-10,0.4027777777777778,0.1516583644928884,0.0033474606461821998,0.0922222222222222,0.9930555555555556,0.9930535514358894,0.0234669278642036,0.010794741492322,0.0026538281002676,0.0002777777777778,0.0002785687911996,0.0014061537305018,0.0,0.0002777777777777,0.0001896072550342,1.353757076924527e-10,0.3963888888888889,0.08663993247744681,0.0037657655775547,0.08472222222222221
avmnist,22,convex_projection,analytic_pi_g2,0.01,3600,1.0,0.9961111111111111,0.9961141418264322,0.0127942923289234,0.00605247038951,0.0023316048636150004,0.0005555555555555,0.0005570902038852,0.0013479182663862,0.0,0.0005555555555555,0.00035902752783319994,3.0332056302415004e-10,0.4027777777777778,0.1516583644928884,0.0033474606461821998,0.0922222222222222,0.9930555555555556,0.9930535514358894,0.0234669278642036,0.010794741492322,0.0026538281002676,0.0002777777777778,0.0002785687911996,0.0014061537305018,0.0,0.0002777777777777,0.0001896072550342,1.353757076924527e-10,0.3963888888888889,0.08663993247744681,0.0037657655775547,0.08472222222222221
avmnist,22,convex_projection,analytic_pi_g2,0.02,3600,1.0,0.9961111111111111,0.9961141418264322,0.0127942923289234,0.00605247038951,0.0023316048636150004,0.0005555555555555,0.0005570902038852,0.0013479182663862,0.0,0.0005555555555555,0.00035902752783319994,3.0332056302415004e-10,0.4027777777777778,0.1516583644928884,0.0033474606461821998,0.0922222222222222,0.9930555555555556,0.9930535514358894,0.0234669278642036,0.010794741492322,0.0026538281002676,0.0002777777777778,0.0002785687911996,0.0014061537305018,0.0,0.0002777777777777,0.0001896072550342,1.353757076924527e-10,0.3963888888888889,0.08663993247744681,0.0037657655775547,0.08472222222222221
avmnist,22,convex_projection,analytic_pi_g2,0.05,3600,1.0,0.9961111111111111,0.9961141418264322,0.0127942923289234,0.00605247038951,0.0023316048636150004,0.0005555555555555,0.0005570902038852,0.0013479182663862,0.0,0.0005555555555555,0.00035902752783319994,3.0332056302415004e-10,0.4027777777777778,0.1516583644928884,0.0033474606461821998,0.0922222222222222,0.9930555555555556,0.9930535514358894,0.0234669278642036,0.010794741492322,0.0026538281002676,0.0002777777777778,0.0002785687911996,0.0014061537305018,0.0,0.0002777777777777,0.0001896072550342,1.353757076924527e-10,0.3963888888888889,0.08663993247744681,0.0037657655775547,0.08472222222222221
avmnist,22,convex_projection,fixed,0.005,3600,0.5,0.9955555555555556,0.9955585862708766,0.0134294854679976,0.006408099621637399,0.0026873571794051995,0.0,1.5346483296374558e-06,0.000712725127312,0.0,0.0,0.0005715508813993,6.435928465431946e-05,0.6461111111111111,0.0801908414586514,0.5,1.0,0.9930555555555556,0.9930535514358894,0.0234779713952746,0.0107318825730711,0.0022614724839777,0.0002777777777778,0.0002785687911996,0.0013951101994309,0.0,0.0002777777777777,0.00036312429119199997,5.006000660466867e-05,0.6338888888888888,0.0859594867056914,0.5,1.0
avmnist,22,convex_projection,fixed,0.01,3600,0.5,0.9955555555555556,0.9955585862708766,0.0134294854679976,0.006408099621637399,0.0026873571794051995,0.0,1.5346483296374558e-06,0.000712725127312,0.0,0.0,0.0005715508813993,6.435928465431946e-05,0.6461111111111111,0.0801908414586514,0.5,1.0,0.9930555555555556,0.9930535514358894,0.0234779713952746,0.0107318825730711,0.0022614724839777,0.0002777777777778,0.0002785687911996,0.0013951101994309,0.0,0.0002777777777777,0.00036312429119199997,5.006000660466867e-05,0.6338888888888888,0.0859594867056914,0.5,1.0
avmnist,22,convex_projection,fixed,0.02,3600,0.5,0.9955555555555556,0.9955585862708766,0.0134294854679976,0.006408099621637399,0.0026873571794051995,0.0,1.5346483296374558e-06,0.000712725127312,0.0,0.0,0.0005715508813993,6.435928465431946e-05,0.6461111111111111,0.0801908414586514,0.5,1.0,0.9930555555555556,0.9930535514358894,0.0234779713952746,0.0107318825730711,0.0022614724839777,0.0002777777777778,0.0002785687911996,0.0013951101994309,0.0,0.0002777777777777,0.00036312429119199997,5.006000660466867e-05,0.6338888888888888,0.0859594867056914,0.5,1.0
avmnist,22,convex_projection,fixed,0.05,3600,0.5,0.9955555555555556,0.9955585862708766,0.0134294854679976,0.006408099621637399,0.0026873571794051995,0.0,1.5346483296374558e-06,0.000712725127312,0.0,0.0,0.0005715508813993,6.435928465431946e-05,0.6461111111111111,0.0801908414586514,0.5,1.0,0.9930555555555556,0.9930535514358894,0.0234779713952746,0.0107318825730711,0.0022614724839777,0.0002777777777778,0.0002785687911996,0.0013951101994309,0.0,0.0002777777777777,0.00036312429119199997,5.006000660466867e-05,0.6338888888888888,0.0859594867056914,0.5,1.0
avmnist,33,candidate_mixer,analytic_pi_g1,0.005,3600,1.0,0.9922222222222222,0.99221592437059,0.0255607850849628,0.0128505327258508,0.0041454133225811,0.001111111111111,0.0011080461011787,0.0131638161838054,0.0,0.0011111111111111,0.0024637132883071,1.4376398758031416e-05,0.795,0.5473867213407682,0.053538080304861,1.0,0.9894444444444443,0.9894428545866872,0.0395956560969352,0.018255280712095097,0.0044980719685554,0.0013888888888888,0.0013947975996746,0.0048660971224308,0.0008333333333333,0.0022222222222222,0.0043343640863895,1.2166571104899015e-05,0.8002777777777778,0.2069125122911591,0.052861750125885,0.9997222222222222
avmnist,33,candidate_mixer,analytic_pi_g1,0.01,3600,1.0,0.9922222222222222,0.99221592437059,0.0255607850849628,0.0128505327258508,0.0041454133225811,0.001111111111111,0.0011080461011787,0.0131638161838054,0.0,0.0011111111111111,0.0024637132883071,1.4376398758031416e-05,0.795,0.5473867213407682,0.053538080304861,1.0,0.9894444444444443,0.9894428545866872,0.0395956560969352,0.018255280712095097,0.0044980719685554,0.0013888888888888,0.0013947975996746,0.0048660971224308,0.0008333333333333,0.0022222222222222,0.0043343640863895,1.2166571104899015e-05,0.8002777777777778,0.2069125122911591,0.052861750125885,0.9997222222222222
avmnist,33,candidate_mixer,analytic_pi_g1,0.02,3600,1.0,0.9922222222222222,0.99221592437059,0.0255607850849628,0.0128505327258508,0.0041454133225811,0.001111111111111,0.0011080461011787,0.0131638161838054,0.0,0.0011111111111111,0.0024637132883071,1.4376398758031416e-05,0.795,0.5473867213407682,0.053538080304861,1.0,0.9894444444444443,0.9894428545866872,0.0395956560969352,0.018255280712095097,0.0044980719685554,0.0013888888888888,0.0013947975996746,0.0048660971224308,0.0008333333333333,0.0022222222222222,0.0043343640863895,1.2166571104899015e-05,0.8002777777777778,0.2069125122911591,0.052861750125885,0.9997222222222222
avmnist,33,candidate_mixer,analytic_pi_g1,0.05,3600,1.0,0.9922222222222222,0.99221592437059,0.0255607850849628,0.0128505327258508,0.0041454133225811,0.001111111111111,0.0011080461011787,0.0131638161838054,0.0,0.0011111111111111,0.0024637132883071,1.4376398758031416e-05,0.795,0.5473867213407682,0.053538080304861,1.0,0.9894444444444443,0.9894428545866872,0.0395956560969352,0.018255280712095097,0.0044980719685554,0.0013888888888888,0.0013947975996746,0.0048660971224308,0.0008333333333333,0.0022222222222222,0.0043343640863895,1.2166571104899015e-05,0.8002777777777778,0.2069125122911591,0.052861750125885,0.9997222222222222
avmnist,33,candidate_mixer,analytic_pi_g2,0.005,3600,1.0,0.9916666666666668,0.991660355954853,0.0259211510419845,0.0131809194426539,0.004982514348295,0.0005555555555555,0.0005524776854418,0.0128034502267837,0.0,0.0005555555555555,0.0017484914278611,5.995971150696277e-08,0.0716666666666666,0.5324017012875992,0.0483443439006805,0.5461111111111111,0.9894444444444443,0.9894413199205212,0.0394998267292976,0.0182380664933549,0.0040638489193386,0.0013888888888888,0.0013932629335083,0.0049619264900684,0.0005555555555555,0.0019444444444444,0.0035552273038774,5.966285243630409e-08,0.0622222222222222,0.2109873755984205,0.0479072257876396,0.5358333333333334
avmnist,33,candidate_mixer,analytic_pi_g2,0.01,3600,1.0,0.9916666666666668,0.991660355954853,0.0259211510419845,0.0131809194426539,0.004982514348295,0.0005555555555555,0.0005524776854418,0.0128034502267837,0.0,0.0005555555555555,0.0017484914278611,5.995971150696277e-08,0.0716666666666666,0.5324017012875992,0.0483443439006805,0.5461111111111111,0.9894444444444443,0.9894413199205212,0.0394998267292976,0.0182380664933549,0.0040638489193386,0.0013888888888888,0.0013932629335083,0.0049619264900684,0.0005555555555555,0.0019444444444444,0.0035552273038774,5.966285243630409e-08,0.0622222222222222,0.2109873755984205,0.0479072257876396,0.5358333333333334
avmnist,33,candidate_mixer,analytic_pi_g2,0.02,3600,1.0,0.9916666666666668,0.991660355954853,0.0259211510419845,0.0131809194426539,0.004982514348295,0.0005555555555555,0.0005524776854418,0.0128034502267837,0.0,0.0005555555555555,0.0017484914278611,5.995971150696277e-08,0.0716666666666666,0.5324017012875992,0.0483443439006805,0.5461111111111111,0.9894444444444443,0.9894413199205212,0.0394998267292976,0.0182380664933549,0.0040638489193386,0.0013888888888888,0.0013932629335083,0.0049619264900684,0.0005555555555555,0.0019444444444444,0.0035552273038774,5.966285243630409e-08,0.0622222222222222,0.2109873755984205,0.0479072257876396,0.5358333333333334
avmnist,33,candidate_mixer,analytic_pi_g2,0.05,3600,1.0,0.9916666666666668,0.991660355954853,0.0259211510419845,0.0131809194426539,0.004982514348295,0.0005555555555555,0.0005524776854418,0.0128034502267837,0.0,0.0005555555555555,0.0017484914278611,5.995971150696277e-08,0.0716666666666666,0.5324017012875992,0.0483443439006805,0.5461111111111111,0.9894444444444443,0.9894413199205212,0.0394998267292976,0.0182380664933549,0.0040638489193386,0.0013888888888888,0.0013932629335083,0.0049619264900684,0.0005555555555555,0.0019444444444444,0.0035552273038774,5.966285243630409e-08,0.0622222222222222,0.2109873755984205,0.0479072257876396,0.5358333333333334
avmnist,33,candidate_mixer,analytic_pi_g3,0.005,3600,1.0,0.9916666666666668,0.991660355954853,0.026395596563816,0.0134015876976751,0.0033496147063042,0.0005555555555555,0.0005524776854418,0.0123290047049522,0.0,0.0005555555555555,0.0014185436302796,0.0,0.025,0.5126730636769924,0.0460053384304046,0.1172222222222222,0.9891666666666666,0.989164691541534,0.0395833924412727,0.0183028761989173,0.0043858403464158,0.001111111111111,0.0011166345545212,0.0048783607780933,0.0005555555555555,0.0016666666666666,0.0031328706536442,0.0,0.0269444444444444,0.2074341366131405,0.04541808366775509,0.1083333333333333
avmnist,33,candidate_mixer,analytic_pi_g3,0.01,3600,1.0,0.9916666666666668,0.991660355954853,0.026395596563816,0.0134015876976751,0.0033496147063042,0.0005555555555555,0.0005524776854418,0.0123290047049522,0.0,0.0005555555555555,0.0014185436302796,0.0,0.025,0.5126730636769924,0.0460053384304046,0.1172222222222222,0.9891666666666666,0.989164691541534,0.0395833924412727,0.0183028761989173,0.0043858403464158,0.001111111111111,0.0011166345545212,0.0048783607780933,0.0005555555555555,0.0016666666666666,0.0031328706536442,0.0,0.0269444444444444,0.2074341366131405,0.04541808366775509,0.1083333333333333
avmnist,33,candidate_mixer,analytic_pi_g3,0.02,3600,1.0,0.9916666666666668,0.991660355954853,0.026395596563816,0.0134015876976751,0.0033496147063042,0.0005555555555555,0.0005524776854418,0.0123290047049522,0.0,0.0005555555555555,0.0014185436302796,0.0,0.025,0.5126730636769924,0.0460053384304046,0.1172222222222222,0.9891666666666666,0.989164691541534,0.0395833924412727,0.0183028761989173,0.0043858403464158,0.001111111111111,0.0011166345545212,0.0048783607780933,0.0005555555555555,0.0016666666666666,0.0031328706536442,0.0,0.0269444444444444,0.2074341366131405,0.04541808366775509,0.1083333333333333
avmnist,33,candidate_mixer,analytic_pi_g3,0.05,3600,1.0,0.9916666666666668,0.991660355954853,0.026395596563816,0.0134015876976751,0.0033496147063042,0.0005555555555555,0.0005524776854418,0.0123290047049522,0.0,0.0005555555555555,0.0014185436302796,0.0,0.025,0.5126730636769924,0.0460053384304046,0.1172222222222222,0.9891666666666666,0.989164691541534,0.0395833924412727,0.0183028761989173,0.0043858403464158,0.001111111111111,0.0011166345545212,0.0048783607780933,0.0005555555555555,0.0016666666666666,0.0031328706536442,0.0,0.0269444444444444,0.2074341366131405,0.04541808366775509,0.1083333333333333
avmnist,33,candidate_mixer,analytic_pi_selected,0.005,3600,1.0,0.9922222222222222,0.99221592437059,0.0255607850849628,0.0128505327258508,0.0041454133225811,0.001111111111111,0.0011080461011787,0.0131638161838054,0.0,0.0011111111111111,0.0024637132883071,1.4376398758031416e-05,0.795,0.5473867213407682,0.053538080304861,1.0,0.9894444444444443,0.9894428545866872,0.0395956560969352,0.018255280712095097,0.0044980719685554,0.0013888888888888,0.0013947975996746,0.0048660971224308,0.0008333333333333,0.0022222222222222,0.0043343640863895,1.2166571104899015e-05,0.8002777777777778,0.2069125122911591,0.052861750125885,0.9997222222222222
avmnist,33,candidate_mixer,analytic_pi_selected,0.01,3600,1.0,0.9922222222222222,0.99221592437059,0.0255607850849628,0.0128505327258508,0.0041454133225811,0.001111111111111,0.0011080461011787,0.0131638161838054,0.0,0.0011111111111111,0.0024637132883071,1.4376398758031416e-05,0.795,0.5473867213407682,0.053538080304861,1.0,0.9894444444444443,0.9894428545866872,0.0395956560969352,0.018255280712095097,0.0044980719685554,0.0013888888888888,0.0013947975996746,0.0048660971224308,0.0008333333333333,0.0022222222222222,0.0043343640863895,1.2166571104899015e-05,0.8002777777777778,0.2069125122911591,0.052861750125885,0.9997222222222222
avmnist,33,candidate_mixer,analytic_pi_selected,0.02,3600,1.0,0.9922222222222222,0.99221592437059,0.0255607850849628,0.0128505327258508,0.0041454133225811,0.001111111111111,0.0011080461011787,0.0131638161838054,0.0,0.0011111111111111,0.0024637132883071,1.4376398758031416e-05,0.795,0.5473867213407682,0.053538080304861,1.0,0.9894444444444443,0.9894428545866872,0.0395956560969352,0.018255280712095097,0.0044980719685554,0.0013888888888888,0.0013947975996746,0.0048660971224308,0.0008333333333333,0.0022222222222222,0.0043343640863895,1.2166571104899015e-05,0.8002777777777778,0.2069125122911591,0.052861750125885,0.9997222222222222
avmnist,33,candidate_mixer,analytic_pi_selected,0.05,3600,1.0,0.9922222222222222,0.99221592437059,0.0255607850849628,0.0128505327258508,0.0041454133225811,0.001111111111111,0.0011080461011787,0.0131638161838054,0.0,0.0011111111111111,0.0024637132883071,1.4376398758031416e-05,0.795,0.5473867213407682,0.053538080304861,1.0,0.9894444444444443,0.9894428545866872,0.0395956560969352,0.018255280712095097,0.0044980719685554,0.0013888888888888,0.0013947975996746,0.0048660971224308,0.0008333333333333,0.0022222222222222,0.0043343640863895,1.2166571104899015e-05,0.8002777777777778,0.2069125122911591,0.052861750125885,0.9997222222222222
avmnist,33,candidate_mixer,fixed,0.005,3600,0.425,0.9922222222222222,0.99221592437059,0.0278792074173744,0.0132318144349784,0.0062049702894355,0.001111111111111,0.0011080461011787,0.0108453938513938,0.0,0.0011111111111111,0.0029003604755814005,0.0035980098021678,0.9105555555555556,0.4509805201354701,0.4249999999999999,1.0,0.9894444444444443,0.9894420878028009,0.0395109737682213,0.0186526447244418,0.0035470149228348006,0.0013888888888888,0.001394030815788,0.0049507794511446,0.0002777777777777,0.0016666666666666,0.0035217648382927,0.0035304648133259995,0.9072222222222224,0.2105132514871547,0.4249999999999999,1.0
avmnist,33,candidate_mixer,fixed,0.01,3600,0.425,0.9922222222222222,0.99221592437059,0.0278792074173744,0.0132318144349784,0.0062049702894355,0.001111111111111,0.0011080461011787,0.0108453938513938,0.0,0.0011111111111111,0.0029003604755814005,0.0035980098021678,0.9105555555555556,0.4509805201354701,0.4249999999999999,1.0,0.9894444444444443,0.9894420878028009,0.0395109737682213,0.0186526447244418,0.0035470149228348006,0.0013888888888888,0.001394030815788,0.0049507794511446,0.0002777777777777,0.0016666666666666,0.0035217648382927,0.0035304648133259995,0.9072222222222224,0.2105132514871547,0.4249999999999999,1.0
avmnist,33,candidate_mixer,fixed,0.02,3600,0.425,0.9922222222222222,0.99221592437059,0.0278792074173744,0.0132318144349784,0.0062049702894355,0.001111111111111,0.0011080461011787,0.0108453938513938,0.0,0.0011111111111111,0.0029003604755814005,0.0035980098021678,0.9105555555555556,0.4509805201354701,0.4249999999999999,1.0,0.9894444444444443,0.9894420878028009,0.0395109737682213,0.0186526447244418,0.0035470149228348006,0.0013888888888888,0.001394030815788,0.0049507794511446,0.0002777777777777,0.0016666666666666,0.0035217648382927,0.0035304648133259995,0.9072222222222224,0.2105132514871547,0.4249999999999999,1.0
avmnist,33,candidate_mixer,fixed,0.05,3600,0.425,0.9922222222222222,0.99221592437059,0.0278792074173744,0.0132318144349784,0.0062049702894355,0.001111111111111,0.0011080461011787,0.0108453938513938,0.0,0.0011111111111111,0.0029003604755814005,0.0035980098021678,0.9105555555555556,0.4509805201354701,0.4249999999999999,1.0,0.9894444444444443,0.9894420878028009,0.0395109737682213,0.0186526447244418,0.0035470149228348006,0.0013888888888888,0.001394030815788,0.0049507794511446,0.0002777777777777,0.0016666666666666,0.0035217648382927,0.0035304648133259995,0.9072222222222224,0.2105132514871547,0.4249999999999999,1.0
avmnist,33,candidate_mixer,max_confidence,0.005,3600,0.5750000000000002,0.9916666666666668,0.991660355954853,0.0281871780753135,0.0133308220282921,0.0070530626674492,0.0005555555555555,0.0005524776854418,0.0105374231934547,0.0,0.0005555555555555,0.0031883579213172,0.0048160959500819,0.9105555555555556,0.4381743077007561,0.5671618580818176,1.0,0.9894444444444443,0.9894420878028009,0.0395409390330314,0.0185136867580567,0.0035939583347903,0.0013888888888888,0.001394030815788,0.004920814186334599,0.0002777777777777,0.0016666666666666,0.0039511364884674,0.0047322740312665,0.9072222222222224,0.209238991616073,0.5668520927429199,1.0
avmnist,33,candidate_mixer,max_confidence,0.01,3600,0.5750000000000002,0.9916666666666668,0.991660355954853,0.0281871780753135,0.0133308220282921,0.0070530626674492,0.0005555555555555,0.0005524776854418,0.0105374231934547,0.0,0.0005555555555555,0.0031883579213172,0.0048160959500819,0.9105555555555556,0.4381743077007561,0.5671618580818176,1.0,0.9894444444444443,0.9894420878028009,0.0395409390330314,0.0185136867580567,0.0035939583347903,0.0013888888888888,0.001394030815788,0.004920814186334599,0.0002777777777777,0.0016666666666666,0.0039511364884674,0.0047322740312665,0.9072222222222224,0.209238991616073,0.5668520927429199,1.0
avmnist,33,candidate_mixer,max_confidence,0.02,3600,0.5750000000000002,0.9916666666666668,0.991660355954853,0.0281871780753135,0.0133308220282921,0.0070530626674492,0.0005555555555555,0.0005524776854418,0.0105374231934547,0.0,0.0005555555555555,0.0031883579213172,0.0048160959500819,0.9105555555555556,0.4381743077007561,0.5671618580818176,1.0,0.9894444444444443,0.9894420878028009,0.0395409390330314,0.0185136867580567,0.0035939583347903,0.0013888888888888,0.001394030815788,0.004920814186334599,0.0002777777777777,0.0016666666666666,0.0039511364884674,0.0047322740312665,0.9072222222222224,0.209238991616073,0.5668520927429199,1.0
avmnist,33,candidate_mixer,max_confidence,0.05,3600,0.5750000000000002,0.9916666666666668,0.991660355954853,0.0281871780753135,0.0133308220282921,0.0070530626674492,0.0005555555555555,0.0005524776854418,0.0105374231934547,0.0,0.0005555555555555,0.0031883579213172,0.0048160959500819,0.9105555555555556,0.4381743077007561,0.5671618580818176,1.0,0.9894444444444443,0.9894420878028009,0.0395409390330314,0.0185136867580567,0.0035939583347903,0.0013888888888888,0.001394030815788,0.004920814186334599,0.0002777777777777,0.0016666666666666,0.0039511364884674,0.0047322740312665,0.9072222222222224,0.209238991616073,0.5668520927429199,1.0
avmnist,33,candidate_mixer,negative_entropy,0.005,3600,0.5750000000000002,0.9922222222222222,0.99221592437059,0.02812971919775,0.0132914522343172,0.0067096933391358,0.001111111111111,0.0011080461011787,0.0105948820710182,0.0,0.0011111111111111,0.0031482628546655,0.0047106558922678,0.9105555555555556,0.44056356294168486,0.5611096024513245,1.0,0.9894444444444443,0.9894420878028009,0.0396253727376461,0.018589423422350995,0.0036956764674848,0.0013888888888888,0.001394030815788,0.0048363804817199,0.0002777777777777,0.0016666666666666,0.0038926063571125004,0.0046454983064904,0.9072222222222224,0.2056490821083095,0.5610457062721252,1.0
avmnist,33,candidate_mixer,negative_entropy,0.01,3600,0.5750000000000002,0.9922222222222222,0.99221592437059,0.02812971919775,0.0132914522343172,0.0067096933391358,0.001111111111111,0.0011080461011787,0.0105948820710182,0.0,0.0011111111111111,0.0031482628546655,0.0047106558922678,0.9105555555555556,0.44056356294168486,0.5611096024513245,1.0,0.9894444444444443,0.9894420878028009,0.0396253727376461,0.018589423422350995,0.0036956764674848,0.0013888888888888,0.001394030815788,0.0048363804817199,0.0002777777777777,0.0016666666666666,0.0038926063571125004,0.0046454983064904,0.9072222222222224,0.2056490821083095,0.5610457062721252,1.0
avmnist,33,candidate_mixer,negative_entropy,0.02,3600,0.5750000000000002,0.9922222222222222,0.99221592437059,0.02812971919775,0.0132914522343172,0.0067096933391358,0.001111111111111,0.0011080461011787,0.0105948820710182,0.0,0.0011111111111111,0.0031482628546655,0.0047106558922678,0.9105555555555556,0.44056356294168486,0.5611096024513245,1.0,0.9894444444444443,0.9894420878028009,0.0396253727376461,0.018589423422350995,0.0036956764674848,0.0013888888888888,0.001394030815788,0.0048363804817199,0.0002777777777777,0.0016666666666666,0.0038926063571125004,0.0046454983064904,0.9072222222222224,0.2056490821083095,0.5610457062721252,1.0
avmnist,33,candidate_mixer,negative_entropy,0.05,3600,0.5750000000000002,0.9922222222222222,0.99221592437059,0.02812971919775,0.0132914522343172,0.0067096933391358,0.001111111111111,0.0011080461011787,0.0105948820710182,0.0,0.0011111111111111,0.0031482628546655,0.0047106558922678,0.9105555555555556,0.44056356294168486,0.5611096024513245,1.0,0.9894444444444443,0.9894420878028009,0.0396253727376461,0.018589423422350995,0.0036956764674848,0.0013888888888888,0.001394030815788,0.0048363804817199,0.0002777777777777,0.0016666666666666,0.0038926063571125004,0.0046454983064904,0.9072222222222224,0.2056490821083095,0.5610457062721252,1.0
avmnist,33,convex_projection,analytic_pi_g2,0.005,3600,1.0,0.9916666666666668,0.991660355954853,0.0267598420392644,0.0133578409035775,0.0042260165404201,0.0005555555555555,0.0005524776854418,0.0119647592295038,0.0,0.0005555555555555,0.00015084583010229998,1.2776881901191972e-08,0.4483333333333333,0.497526729513553,0.0082524772733449,0.1266666666666666,0.9891666666666666,0.9891639130225403,0.040498331631825,0.018854035280159404,0.0035733298179346,0.001111111111111,0.0011158560355276,0.003963421587541,0.0002777777777777,0.0013888888888888,0.0009286198068338999,7.4280022059521744e-09,0.4355555555555555,0.16852956498264002,0.0087089724838733,0.1138888888888888
avmnist,33,convex_projection,analytic_pi_g2,0.01,3600,1.0,0.9916666666666668,0.991660355954853,0.0267598420392644,0.0133578409035775,0.0042260165404201,0.0005555555555555,0.0005524776854418,0.0119647592295038,0.0,0.0005555555555555,0.00015084583010229998,1.2776881901191972e-08,0.4483333333333333,0.497526729513553,0.0082524772733449,0.1266666666666666,0.9891666666666666,0.9891639130225403,0.040498331631825,0.018854035280159404,0.0035733298179346,0.001111111111111,0.0011158560355276,0.003963421587541,0.0002777777777777,0.0013888888888888,0.0009286198068338999,7.4280022059521744e-09,0.4355555555555555,0.16852956498264002,0.0087089724838733,0.1138888888888888
avmnist,33,convex_projection,analytic_pi_g2,0.02,3600,1.0,0.9916666666666668,0.991660355954853,0.0267598420392644,0.0133578409035775,0.0042260165404201,0.0005555555555555,0.0005524776854418,0.0119647592295038,0.0,0.0005555555555555,0.00015084583010229998,1.2776881901191972e-08,0.4483333333333333,0.497526729513553,0.0082524772733449,0.1266666666666666,0.9891666666666666,0.9891639130225403,0.040498331631825,0.018854035280159404,0.0035733298179346,0.001111111111111,0.0011158560355276,0.003963421587541,0.0002777777777777,0.0013888888888888,0.0009286198068338999,7.4280022059521744e-09,0.4355555555555555,0.16852956498264002,0.0087089724838733,0.1138888888888888
avmnist,33,convex_projection,analytic_pi_g2,0.05,3600,1.0,0.9916666666666668,0.991660355954853,0.0267598420392644,0.0133578409035775,0.0042260165404201,0.0005555555555555,0.0005524776854418,0.0119647592295038,0.0,0.0005555555555555,0.00015084583010229998,1.2776881901191972e-08,0.4483333333333333,0.497526729513553,0.0082524772733449,0.1266666666666666,0.9891666666666666,0.9891639130225403,0.040498331631825,0.018854035280159404,0.0035733298179346,0.001111111111111,0.0011158560355276,0.003963421587541,0.0002777777777777,0.0013888888888888,0.0009286198068338999,7.4280022059521744e-09,0.4355555555555555,0.16852956498264002,0.0087089724838733,0.1138888888888888
avmnist,33,convex_projection,fixed,0.005,3600,1.0,0.9933333333333332,0.9933286054983856,0.025960040653067,0.0122943011457936,0.0054691473182666,0.0022222222222221,0.0022207272289744,0.012764560615701201,0.0,0.0022222222222222,0.0017279874737052,0.0001390105347118,0.67,0.5307846125165836,1.0,1.0,0.9886111111111112,0.9886137265613189,0.0402400699168167,0.0190059218091283,0.002529620234925,0.0005555555555555,0.0005656695743061,0.0042216833025493,0.0011111111111111,0.0016666666666666,0.0024278799922752,9.589387747334871e-05,0.6558333333333334,0.17951117487173357,1.0,1.0
avmnist,33,convex_projection,fixed,0.01,3600,1.0,0.9933333333333332,0.9933286054983856,0.025960040653067,0.0122943011457936,0.0054691473182666,0.0022222222222221,0.0022207272289744,0.012764560615701201,0.0,0.0022222222222222,0.0017279874737052,0.0001390105347118,0.67,0.5307846125165836,1.0,1.0,0.9886111111111112,0.9886137265613189,0.0402400699168167,0.0190059218091283,0.002529620234925,0.0005555555555555,0.0005656695743061,0.0042216833025493,0.0011111111111111,0.0016666666666666,0.0024278799922752,9.589387747334871e-05,0.6558333333333334,0.17951117487173357,1.0,1.0
avmnist,33,convex_projection,fixed,0.02,3600,1.0,0.9933333333333332,0.9933286054983856,0.025960040653067,0.0122943011457936,0.0054691473182666,0.0022222222222221,0.0022207272289744,0.012764560615701201,0.0,0.0022222222222222,0.0017279874737052,0.0001390105347118,0.67,0.5307846125165836,1.0,1.0,0.9886111111111112,0.9886137265613189,0.0402400699168167,0.0190059218091283,0.002529620234925,0.0005555555555555,0.0005656695743061,0.0042216833025493,0.0011111111111111,0.0016666666666666,0.0024278799922752,9.589387747334871e-05,0.6558333333333334,0.17951117487173357,1.0,1.0
avmnist,33,convex_projection,fixed,0.05,3600,1.0,0.9933333333333332,0.9933286054983856,0.025960040653067,0.0122943011457936,0.0054691473182666,0.0022222222222221,0.0022207272289744,0.012764560615701201,0.0,0.0022222222222222,0.0017279874737052,0.0001390105347118,0.67,0.5307846125165836,1.0,1.0,0.9886111111111112,0.9886137265613189,0.0402400699168167,0.0190059218091283,0.002529620234925,0.0005555555555555,0.0005656695743061,0.0042216833025493,0.0011111111111111,0.0016666666666666,0.0024278799922752,9.589387747334871e-05,0.6558333333333334,0.17951117487173357,1.0,1.0
avmnist,44,candidate_mixer,analytic_pi_g1,0.005,3600,0.8,0.99,0.990007399803296,0.0277491696178913,0.0154630703585381,0.0026035683353741,0.0027777777777777,0.0027672271161469,0.0069232173264026,0.0011111111111111,0.0038888888888888,0.0037227259017527,3.897955757565784e-05,0.9188888888888888,0.378713162330182,0.0381706319749355,1.0,0.9877777777777778,0.9877863985038212,0.0459944531321525,0.0209033608452475,0.0046072902157902,0.0022222222222222,0.0022282654839932,0.0030878484249114,0.0002777777777777,0.0025,0.0033288840204477,3.667662385851139e-05,0.9205555555555556,0.1150237155576278,0.0376421362161636,1.0
avmnist,44,candidate_mixer,analytic_pi_g1,0.01,3600,0.8,0.99,0.990007399803296,0.0277491696178913,0.0154630703585381,0.0026035683353741,0.0027777777777777,0.0027672271161469,0.0069232173264026,0.0011111111111111,0.0038888888888888,0.0037227259017527,3.897955757565784e-05,0.9188888888888888,0.378713162330182,0.0381706319749355,1.0,0.9877777777777778,0.9877863985038212,0.0459944531321525,0.0209033608452475,0.0046072902157902,0.0022222222222222,0.0022282654839932,0.0030878484249114,0.0002777777777777,0.0025,0.0033288840204477,3.667662385851139e-05,0.9205555555555556,0.1150237155576278,0.0376421362161636,1.0
avmnist,44,candidate_mixer,analytic_pi_g1,0.02,3600,0.8,0.99,0.990007399803296,0.0277491696178913,0.0154630703585381,0.0026035683353741,0.0027777777777777,0.0027672271161469,0.0069232173264026,0.0011111111111111,0.0038888888888888,0.0037227259017527,3.897955757565784e-05,0.9188888888888888,0.378713162330182,0.0381706319749355,1.0,0.9877777777777778,0.9877863985038212,0.0459944531321525,0.0209033608452475,0.0046072902157902,0.0022222222222222,0.0022282654839932,0.0030878484249114,0.0002777777777777,0.0025,0.0033288840204477,3.667662385851139e-05,0.9205555555555556,0.1150237155576278,0.0376421362161636,1.0
avmnist,44,candidate_mixer,analytic_pi_g1,0.05,3600,0.8,0.99,0.990007399803296,0.0277491696178913,0.0154630703585381,0.0026035683353741,0.0027777777777777,0.0027672271161469,0.0069232173264026,0.0011111111111111,0.0038888888888888,0.0037227259017527,3.897955757565784e-05,0.9188888888888888,0.378713162330182,0.0381706319749355,1.0,0.9877777777777778,0.9877863985038212,0.0459944531321525,0.0209033608452475,0.0046072902157902,0.0022222222222222,0.0022282654839932,0.0030878484249114,0.0002777777777777,0.0025,0.0033288840204477,3.667662385851139e-05,0.9205555555555556,0.1150237155576278,0.0376421362161636,1.0
avmnist,44,candidate_mixer,analytic_pi_g2,0.005,3600,0.8500000000000001,0.99,0.990007399803296,0.0284287445247173,0.0157814831198328,0.0030552637908194,0.0027777777777777,0.0027672271161469,0.0062436424195766,0.0011111111111111,0.0038888888888888,0.0034265576396137,2.987158950418233e-07,0.1288888888888889,0.3415389998326962,0.0355379395186901,0.8677777777777778,0.9866666666666668,0.9866766620839508,0.0465192720293998,0.0212380140180836,0.0055305560678243,0.0011111111111111,0.0011185290641227,0.0025630295276641,0.0002777777777777,0.0013888888888888,0.0028642101678997,2.994434908032416e-07,0.1269444444444444,0.0954740613690356,0.0347014889121055,0.8686111111111111
avmnist,44,candidate_mixer,analytic_pi_g2,0.01,3600,0.8500000000000001,0.99,0.990007399803296,0.0284287445247173,0.0157814831198328,0.0030552637908194,0.0027777777777777,0.0027672271161469,0.0062436424195766,0.0011111111111111,0.0038888888888888,0.0034265576396137,2.987158950418233e-07,0.1288888888888889,0.3415389998326962,0.0355379395186901,0.8677777777777778,0.9866666666666668,0.9866766620839508,0.0465192720293998,0.0212380140180836,0.0055305560678243,0.0011111111111111,0.0011185290641227,0.0025630295276641,0.0002777777777777,0.0013888888888888,0.0028642101678997,2.994434908032416e-07,0.1269444444444444,0.0954740613690356,0.0347014889121055,0.8686111111111111
avmnist,44,candidate_mixer,analytic_pi_g2,0.02,3600,0.8500000000000001,0.99,0.990007399803296,0.0284287445247173,0.0157814831198328,0.0030552637908194,0.0027777777777777,0.0027672271161469,0.0062436424195766,0.0011111111111111,0.0038888888888888,0.0034265576396137,2.987158950418233e-07,0.1288888888888889,0.3415389998326962,0.0355379395186901,0.8677777777777778,0.9866666666666668,0.9866766620839508,0.0465192720293998,0.0212380140180836,0.0055305560678243,0.0011111111111111,0.0011185290641227,0.0025630295276641,0.0002777777777777,0.0013888888888888,0.0028642101678997,2.994434908032416e-07,0.1269444444444444,0.0954740613690356,0.0347014889121055,0.8686111111111111
avmnist,44,candidate_mixer,analytic_pi_g2,0.05,3600,0.8500000000000001,0.99,0.990007399803296,0.0284287445247173,0.0157814831198328,0.0030552637908194,0.0027777777777777,0.0027672271161469,0.0062436424195766,0.0011111111111111,0.0038888888888888,0.0034265576396137,2.987158950418233e-07,0.1288888888888889,0.3415389998326962,0.0355379395186901,0.8677777777777778,0.9866666666666668,0.9866766620839508,0.0465192720293998,0.0212380140180836,0.0055305560678243,0.0011111111111111,0.0011185290641227,0.0025630295276641,0.0002777777777777,0.0013888888888888,0.0028642101678997,2.994434908032416e-07,0.1269444444444444,0.0954740613690356,0.0347014889121055,0.8686111111111111
avmnist,44,candidate_mixer,analytic_pi_g3,0.005,3600,0.8500000000000001,0.9883333333333332,0.9883463933086682,0.0291070509701967,0.0160300428843899,0.0032083206044303,0.001111111111111,0.0011062206215193,0.0055653359740972,0.0011111111111111,0.0022222222222222,0.0030574451666325,0.0,0.0361111111111111,0.3044344793477554,0.0333891436457634,0.1677777777777777,0.9869444444444444,0.9869498664528116,0.0469263978302478,0.0214996840298674,0.004541780286365,0.0013888888888888,0.0013917334329834,0.0021559037268161,0.0,0.0013888888888888,0.0024952855892479,0.0,0.0369444444444444,0.0803084548946468,0.0325397625565528,0.16111111111111107
avmnist,44,candidate_mixer,analytic_pi_g3,0.01,3600,0.8500000000000001,0.9883333333333332,0.9883463933086682,0.0291070509701967,0.0160300428843899,0.0032083206044303,0.001111111111111,0.0011062206215193,0.0055653359740972,0.0011111111111111,0.0022222222222222,0.0030574451666325,0.0,0.0361111111111111,0.3044344793477554,0.0333891436457634,0.1677777777777777,0.9869444444444444,0.9869498664528116,0.0469263978302478,0.0214996840298674,0.004541780286365,0.0013888888888888,0.0013917334329834,0.0021559037268161,0.0,0.0013888888888888,0.0024952855892479,0.0,0.0369444444444444,0.0803084548946468,0.0325397625565528,0.16111111111111107
avmnist,44,candidate_mixer,analytic_pi_g3,0.02,3600,0.8500000000000001,0.9883333333333332,0.9883463933086682,0.0291070509701967,0.0160300428843899,0.0032083206044303,0.001111111111111,0.0011062206215193,0.0055653359740972,0.0011111111111111,0.0022222222222222,0.0030574451666325,0.0,0.0361111111111111,0.3044344793477554,0.0333891436457634,0.1677777777777777,0.9869444444444444,0.9869498664528116,0.0469263978302478,0.0214996840298674,0.004541780286365,0.0013888888888888,0.0013917334329834,0.0021559037268161,0.0,0.0013888888888888,0.0024952855892479,0.0,0.0369444444444444,0.0803084548946468,0.0325397625565528,0.16111111111111107
avmnist,44,candidate_mixer,analytic_pi_g3,0.05,3600,0.8500000000000001,0.9883333333333332,0.9883463933086682,0.0291070509701967,0.0160300428843899,0.0032083206044303,0.001111111111111,0.0011062206215193,0.0055653359740972,0.0011111111111111,0.0022222222222222,0.0030574451666325,0.0,0.0361111111111111,0.3044344793477554,0.0333891436457634,0.1677777777777777,0.9869444444444444,0.9869498664528116,0.0469263978302478,0.0214996840298674,0.004541780286365,0.0013888888888888,0.0013917334329834,0.0021559037268161,0.0,0.0013888888888888,0.0024952855892479,0.0,0.0369444444444444,0.0803084548946468,0.0325397625565528,0.16111111111111107
avmnist,44,candidate_mixer,analytic_pi_selected,0.005,3600,0.8,0.99,0.990007399803296,0.0277491696178913,0.0154630703585381,0.0026035683353741,0.0027777777777777,0.0027672271161469,0.0069232173264026,0.0011111111111111,0.0038888888888888,0.0037227259017527,3.897955757565784e-05,0.9188888888888888,0.378713162330182,0.0381706319749355,1.0,0.9877777777777778,0.9877863985038212,0.0459944531321525,0.0209033608452475,0.0046072902157902,0.0022222222222222,0.0022282654839932,0.0030878484249114,0.0002777777777777,0.0025,0.0033288840204477,3.667662385851139e-05,0.9205555555555556,0.1150237155576278,0.0376421362161636,1.0
avmnist,44,candidate_mixer,analytic_pi_selected,0.01,3600,0.8,0.99,0.990007399803296,0.0277491696178913,0.0154630703585381,0.0026035683353741,0.0027777777777777,0.0027672271161469,0.0069232173264026,0.0011111111111111,0.0038888888888888,0.0037227259017527,3.897955757565784e-05,0.9188888888888888,0.378713162330182,0.0381706319749355,1.0,0.9877777777777778,0.9877863985038212,0.0459944531321525,0.0209033608452475,0.0046072902157902,0.0022222222222222,0.0022282654839932,0.0030878484249114,0.0002777777777777,0.0025,0.0033288840204477,3.667662385851139e-05,0.9205555555555556,0.1150237155576278,0.0376421362161636,1.0
avmnist,44,candidate_mixer,analytic_pi_selected,0.02,3600,0.8,0.99,0.990007399803296,0.0277491696178913,0.0154630703585381,0.0026035683353741,0.0027777777777777,0.0027672271161469,0.0069232173264026,0.0011111111111111,0.0038888888888888,0.0037227259017527,3.897955757565784e-05,0.9188888888888888,0.378713162330182,0.0381706319749355,1.0,0.9877777777777778,0.9877863985038212,0.0459944531321525,0.0209033608452475,0.0046072902157902,0.0022222222222222,0.0022282654839932,0.0030878484249114,0.0002777777777777,0.0025,0.0033288840204477,3.667662385851139e-05,0.9205555555555556,0.1150237155576278,0.0376421362161636,1.0
avmnist,44,candidate_mixer,analytic_pi_selected,0.05,3600,0.8,0.99,0.990007399803296,0.0277491696178913,0.0154630703585381,0.0026035683353741,0.0027777777777777,0.0027672271161469,0.0069232173264026,0.0011111111111111,0.0038888888888888,0.0037227259017527,3.897955757565784e-05,0.9188888888888888,0.378713162330182,0.0381706319749355,1.0,0.9877777777777778,0.9877863985038212,0.0459944531321525,0.0209033608452475,0.0046072902157902,0.0022222222222222,0.0022282654839932,0.0030878484249114,0.0002777777777777,0.0025,0.0033288840204477,3.667662385851139e-05,0.9205555555555556,0.1150237155576278,0.0376421362161636,1.0
avmnist,44,candidate_mixer,fixed,0.005,3600,0.375,0.9888888888888888,0.9888989471671225,0.0294191970980078,0.0159109268238091,0.0054918900649581,0.0016666666666667,0.0016587744799734,0.0052531898462861,0.0011111111111111,0.0027777777777777,0.0035541986010612005,0.0036918640599365,0.9311111111111112,0.287359415882194,0.375,1.0,0.9875,0.9875073677386436,0.047300677743777,0.021192212556456,0.0021020936971116,0.0019444444444445,0.0019492347188156,0.0017816238132869,0.0,0.0019444444444444,0.0036329825432921,0.0036785855235516,0.93,0.0663663518664597,0.375,1.0
avmnist,44,candidate_mixer,fixed,0.01,3600,0.375,0.9888888888888888,0.9888989471671225,0.0294191970980078,0.0159109268238091,0.0054918900649581,0.0016666666666667,0.0016587744799734,0.0052531898462861,0.0011111111111111,0.0027777777777777,0.0035541986010612005,0.0036918640599365,0.9311111111111112,0.287359415882194,0.375,1.0,0.9875,0.9875073677386436,0.047300677743777,0.021192212556456,0.0021020936971116,0.0019444444444445,0.0019492347188156,0.0017816238132869,0.0,0.0019444444444444,0.0036329825432921,0.0036785855235516,0.93,0.0663663518664597,0.375,1.0
avmnist,44,candidate_mixer,fixed,0.02,3600,0.375,0.9888888888888888,0.9888989471671225,0.0294191970980078,0.0159109268238091,0.0054918900649581,0.0016666666666667,0.0016587744799734,0.0052531898462861,0.0011111111111111,0.0027777777777777,0.0035541986010612005,0.0036918640599365,0.9311111111111112,0.287359415882194,0.375,1.0,0.9875,0.9875073677386436,0.047300677743777,0.021192212556456,0.0021020936971116,0.0019444444444445,0.0019492347188156,0.0017816238132869,0.0,0.0019444444444444,0.0036329825432921,0.0036785855235516,0.93,0.0663663518664597,0.375,1.0
avmnist,44,candidate_mixer,fixed,0.05,3600,0.375,0.9888888888888888,0.9888989471671225,0.0294191970980078,0.0159109268238091,0.0054918900649581,0.0016666666666667,0.0016587744799734,0.0052531898462861,0.0011111111111111,0.0027777777777777,0.0035541986010612005,0.0036918640599365,0.9311111111111112,0.287359415882194,0.375,1.0,0.9875,0.9875073677386436,0.047300677743777,0.021192212556456,0.0021020936971116,0.0019444444444445,0.0019492347188156,0.0017816238132869,0.0,0.0019444444444444,0.0036329825432921,0.0036785855235516,0.93,0.0663663518664597,0.375,1.0
avmnist,44,candidate_mixer,max_confidence,0.005,3600,0.4,0.9883333333333332,0.9883463933086682,0.0299287661910057,0.0162425983190796,0.0053579449653625,0.001111111111111,0.0011062206215193,0.0047436207532882,0.0011111111111111,0.0022222222222222,0.0032793569844216,0.0038797207991592,0.9311111111111112,0.2594848651145787,0.3944675922393799,1.0,0.9869444444444444,0.9869498664528116,0.0477777682244777,0.0215363879576948,0.0020940934204393,0.0013888888888888,0.0013917334329834,0.0013045333325862,0.0,0.0013888888888888,0.0032338732853531,0.003875423874706,0.93,0.0485946207731077,0.3939620554447174,1.0
avmnist,44,candidate_mixer,max_confidence,0.01,3600,0.4,0.9883333333333332,0.9883463933086682,0.0299287661910057,0.0162425983190796,0.0053579449653625,0.001111111111111,0.0011062206215193,0.0047436207532882,0.0011111111111111,0.0022222222222222,0.0032793569844216,0.0038797207991592,0.9311111111111112,0.2594848651145787,0.3944675922393799,1.0,0.9869444444444444,0.9869498664528116,0.0477777682244777,0.0215363879576948,0.0020940934204393,0.0013888888888888,0.0013917334329834,0.0013045333325862,0.0,0.0013888888888888,0.0032338732853531,0.003875423874706,0.93,0.0485946207731077,0.3939620554447174,1.0
avmnist,44,candidate_mixer,max_confidence,0.02,3600,0.4,0.9883333333333332,0.9883463933086682,0.0299287661910057,0.0162425983190796,0.0053579449653625,0.001111111111111,0.0011062206215193,0.0047436207532882,0.0011111111111111,0.0022222222222222,0.0032793569844216,0.0038797207991592,0.9311111111111112,0.2594848651145787,0.3944675922393799,1.0,0.9869444444444444,0.9869498664528116,0.0477777682244777,0.0215363879576948,0.0020940934204393,0.0013888888888888,0.0013917334329834,0.0013045333325862,0.0,0.0013888888888888,0.0032338732853531,0.003875423874706,0.93,0.0485946207731077,0.3939620554447174,1.0
avmnist,44,candidate_mixer,max_confidence,0.05,3600,0.4,0.9883333333333332,0.9883463933086682,0.0299287661910057,0.0162425983190796,0.0053579449653625,0.001111111111111,0.0011062206215193,0.0047436207532882,0.0011111111111111,0.0022222222222222,0.0032793569844216,0.0038797207991592,0.9311111111111112,0.2594848651145787,0.3944675922393799,1.0,0.9869444444444444,0.9869498664528116,0.0477777682244777,0.0215363879576948,0.0020940934204393,0.0013888888888888,0.0013917334329834,0.0013045333325862,0.0,0.0013888888888888,0.0032338732853531,0.003875423874706,0.93,0.0485946207731077,0.3939620554447174,1.0
avmnist,44,candidate_mixer,negative_entropy,0.005,3600,0.425,0.9888888888888888,0.9888989471671225,0.0298181902617216,0.0161685639804633,0.0064216389424271,0.0016666666666667,0.0016587744799734,0.0048541966825723,0.0011111111111111,0.0027777777777777,0.0033870611805468,0.0040401351405307,0.9311111111111112,0.2655339387382599,0.4138372838497162,1.0,0.9869444444444444,0.9869498664528116,0.0476754829287529,0.021407730350623305,0.0027466497487492,0.0013888888888888,0.0013917334329834,0.0014068186283111,0.0,0.0013888888888888,0.0033735721372067,0.0040283754467964,0.93,0.0524047214636204,0.413596510887146,1.0
avmnist,44,candidate_mixer,negative_entropy,0.01,3600,0.425,0.9888888888888888,0.9888989471671225,0.0298181902617216,0.0161685639804633,0.0064216389424271,0.0016666666666667,0.0016587744799734,0.0048541966825723,0.0011111111111111,0.0027777777777777,0.0033870611805468,0.0040401351405307,0.9311111111111112,0.2655339387382599,0.4138372838497162,1.0,0.9869444444444444,0.9869498664528116,0.0476754829287529,0.021407730350623305,0.0027466497487492,0.0013888888888888,0.0013917334329834,0.0014068186283111,0.0,0.0013888888888888,0.0033735721372067,0.0040283754467964,0.93,0.0524047214636204,0.413596510887146,1.0
avmnist,44,candidate_mixer,negative_entropy,0.02,3600,0.425,0.9888888888888888,0.9888989471671225,0.0298181902617216,0.0161685639804633,0.0064216389424271,0.0016666666666667,0.0016587744799734,0.0048541966825723,0.0011111111111111,0.0027777777777777,0.0033870611805468,0.0040401351405307,0.9311111111111112,0.2655339387382599,0.4138372838497162,1.0,0.9869444444444444,0.9869498664528116,0.0476754829287529,0.021407730350623305,0.0027466497487492,0.0013888888888888,0.0013917334329834,0.0014068186283111,0.0,0.0013888888888888,0.0033735721372067,0.0040283754467964,0.93,0.0524047214636204,0.413596510887146,1.0
avmnist,44,candidate_mixer,negative_entropy,0.05,3600,0.425,0.9888888888888888,0.9888989471671225,0.0298181902617216,0.0161685639804633,0.0064216389424271,0.0016666666666667,0.0016587744799734,0.0048541966825723,0.0011111111111111,0.0027777777777777,0.0033870611805468,0.0040401351405307,0.9311111111111112,0.2655339387382599,0.4138372838497162,1.0,0.9869444444444444,0.9869498664528116,0.0476754829287529,0.021407730350623305,0.0027466497487492,0.0013888888888888,0.0013917334329834,0.0014068186283111,0.0,0.0013888888888888,0.0033735721372067,0.0040283754467964,0.93,0.0524047214636204,0.413596510887146,1.0
avmnist,44,convex_projection,analytic_pi_g2,0.005,3600,1.0,0.9883333333333332,0.9883454775834812,0.0329764871855656,0.0164116542619158,0.0023117033425203,0.001111111111111,0.0011053048963324,0.0016958997587283,0.0005555555555555,0.0016666666666666,0.0002986295056078,2.13681835969804e-08,0.4961111111111111,0.092768774020678,0.007304691709578,0.1838888888888888,0.9861111111111112,0.9861151001782017,0.046803464565109,0.0216264917674321,0.0041167357707209,0.0005555555555556,0.0005569671583738,0.0022788369919549,0.0,0.0005555555555555,0.0004483526642217,2.2092383465918433e-08,0.5133333333333333,0.0848877508685678,0.0068555534817278,0.1783333333333333
avmnist,44,convex_projection,analytic_pi_g2,0.01,3600,1.0,0.9883333333333332,0.9883454775834812,0.0329764871855656,0.0164116542619158,0.0023117033425203,0.001111111111111,0.0011053048963324,0.0016958997587283,0.0005555555555555,0.0016666666666666,0.0002986295056078,2.13681835969804e-08,0.4961111111111111,0.092768774020678,0.007304691709578,0.1838888888888888,0.9861111111111112,0.9861151001782017,0.046803464565109,0.0216264917674321,0.0041167357707209,0.0005555555555556,0.0005569671583738,0.0022788369919549,0.0,0.0005555555555555,0.0004483526642217,2.2092383465918433e-08,0.5133333333333333,0.0848877508685678,0.0068555534817278,0.1783333333333333
avmnist,44,convex_projection,analytic_pi_g2,0.02,3600,1.0,0.9883333333333332,0.9883454775834812,0.0329764871855656,0.0164116542619158,0.0023117033425203,0.001111111111111,0.0011053048963324,0.0016958997587283,0.0005555555555555,0.0016666666666666,0.0002986295056078,2.13681835969804e-08,0.4961111111111111,0.092768774020678,0.007304691709578,0.1838888888888888,0.9861111111111112,0.9861151001782017,0.046803464565109,0.0216264917674321,0.0041167357707209,0.0005555555555556,0.0005569671583738,0.0022788369919549,0.0,0.0005555555555555,0.0004483526642217,2.2092383465918433e-08,0.5133333333333333,0.0848877508685678,0.0068555534817278,0.1783333333333333
avmnist,44,convex_projection,analytic_pi_g2,0.05,3600,1.0,0.9883333333333332,0.9883454775834812,0.0329764871855656,0.0164116542619158,0.0023117033425203,0.001111111111111,0.0011053048963324,0.0016958997587283,0.0005555555555555,0.0016666666666666,0.0002986295056078,2.13681835969804e-08,0.4961111111111111,0.092768774020678,0.007304691709578,0.1838888888888888,0.9861111111111112,0.9861151001782017,0.046803464565109,0.0216264917674321,0.0041167357707209,0.0005555555555556,0.0005569671583738,0.0022788369919549,0.0,0.0005555555555555,0.0004483526642217,2.2092383465918433e-08,0.5133333333333333,0.0848877508685678,0.0068555534817278,0.1783333333333333
avmnist,44,convex_projection,fixed,0.005,3600,1.0,0.9894444444444443,0.989454489790652,0.0333561056002331,0.016383529404438,0.0033515978029606,0.0022222222222222,0.0022143171035029,0.0013162813440607002,0.0005555555555555,0.0027777777777777,0.0019726715123581,0.0003766248475068,0.6355555555555555,0.072002913167502,1.0,1.0,0.9866666666666668,0.9866658338707531,0.04739969726804911,0.0217242253575115,0.0037894182660818,0.0011111111111111,0.001107700850925,0.0016826042890149,0.0008333333333333,0.0019444444444444,0.0026607401675577,0.0003609785791143,0.6505555555555556,0.0626778331450645,1.0,1.0
avmnist,44,convex_projection,fixed,0.01,3600,1.0,0.9894444444444443,0.989454489790652,0.0333561056002331,0.016383529404438,0.0033515978029606,0.0022222222222222,0.0022143171035029,0.0013162813440607002,0.0005555555555555,0.0027777777777777,0.0019726715123581,0.0003766248475068,0.6355555555555555,0.072002913167502,1.0,1.0,0.9866666666666668,0.9866658338707531,0.04739969726804911,0.0217242253575115,0.0037894182660818,0.0011111111111111,0.001107700850925,0.0016826042890149,0.0008333333333333,0.0019444444444444,0.0026607401675577,0.0003609785791143,0.6505555555555556,0.0626778331450645,1.0,1.0
avmnist,44,convex_projection,fixed,0.02,3600,1.0,0.9894444444444443,0.989454489790652,0.0333561056002331,0.016383529404438,0.0033515978029606,0.0022222222222222,0.0022143171035029,0.0013162813440607002,0.0005555555555555,0.0027777777777777,0.0019726715123581,0.0003766248475068,0.6355555555555555,0.072002913167502,1.0,1.0,0.9866666666666668,0.9866658338707531,0.04739969726804911,0.0217242253575115,0.0037894182660818,0.0011111111111111,0.001107700850925,0.0016826042890149,0.0008333333333333,0.0019444444444444,0.0026607401675577,0.0003609785791143,0.6505555555555556,0.0626778331450645,1.0,1.0
avmnist,44,convex_projection,fixed,0.05,3600,1.0,0.9894444444444443,0.989454489790652,0.0333561056002331,0.016383529404438,0.0033515978029606,0.0022222222222222,0.0022143171035029,0.0013162813440607002,0.0005555555555555,0.0027777777777777,0.0019726715123581,0.0003766248475068,0.6355555555555555,0.072002913167502,1.0,1.0,0.9866666666666668,0.9866658338707531,0.04739969726804911,0.0217242253575115,0.0037894182660818,0.0011111111111111,0.001107700850925,0.0016826042890149,0.0008333333333333,0.0019444444444444,0.0026607401675577,0.0003609785791143,0.6505555555555556,0.0626778331450645,1.0,1.0
avmnist,55,candidate_mixer,analytic_pi_g1,0.005,3600,1.0,0.9933333333333332,0.9933301568669066,0.0244402438402175,0.0118036746336438,0.0042835555142826,0.0027777777777777,0.0027716738387066,0.020684864372015,0.0005555555555555,0.0033333333333333,0.0028469942044465997,1.0229542385786767e-05,0.785,0.6812025788668143,0.0600403770804405,0.9983333333333332,0.99,0.99000890870984,0.0347489528357982,0.0160677248037716,0.0033907744288444,0.0005555555555555,0.000557380666188,0.0080840401351451,0.0013888888888888,0.0019444444444444,0.0045320764183997995,1.0339918662793832e-05,0.7855555555555556,0.3386953560334793,0.0584728792309761,0.9988888888888889
avmnist,55,candidate_mixer,analytic_pi_g1,0.01,3600,1.0,0.9933333333333332,0.9933301568669066,0.0244402438402175,0.0118036746336438,0.0042835555142826,0.0027777777777777,0.0027716738387066,0.020684864372015,0.0005555555555555,0.0033333333333333,0.0028469942044465997,1.0229542385786767e-05,0.785,0.6812025788668143,0.0600403770804405,0.9983333333333332,0.99,0.99000890870984,0.0347489528357982,0.0160677248037716,0.0033907744288444,0.0005555555555555,0.000557380666188,0.0080840401351451,0.0013888888888888,0.0019444444444444,0.0045320764183997995,1.0339918662793832e-05,0.7855555555555556,0.3386953560334793,0.0584728792309761,0.9988888888888889
avmnist,55,candidate_mixer,analytic_pi_g1,0.02,3600,1.0,0.9933333333333332,0.9933301568669066,0.0244402438402175,0.0118036746336438,0.0042835555142826,0.0027777777777777,0.0027716738387066,0.020684864372015,0.0005555555555555,0.0033333333333333,0.0028469942044465997,1.0229542385786767e-05,0.785,0.6812025788668143,0.0600403770804405,0.9983333333333332,0.99,0.99000890870984,0.0347489528357982,0.0160677248037716,0.0033907744288444,0.0005555555555555,0.000557380666188,0.0080840401351451,0.0013888888888888,0.0019444444444444,0.0045320764183997995,1.0339918662793832e-05,0.7855555555555556,0.3386953560334793,0.0584728792309761,0.9988888888888889
avmnist,55,candidate_mixer,analytic_pi_g1,0.05,3600,1.0,0.9933333333333332,0.9933301568669066,0.0244402438402175,0.0118036746336438,0.0042835555142826,0.0027777777777777,0.0027716738387066,0.020684864372015,0.0005555555555555,0.0033333333333333,0.0028469942044465997,1.0229542385786767e-05,0.785,0.6812025788668143,0.0600403770804405,0.9983333333333332,0.99,0.99000890870984,0.0347489528357982,0.0160677248037716,0.0033907744288444,0.0005555555555555,0.000557380666188,0.0080840401351451,0.0013888888888888,0.0019444444444444,0.0045320764183997995,1.0339918662793832e-05,0.7855555555555556,0.3386953560334793,0.0584728792309761,0.9988888888888889
avmnist,55,candidate_mixer,analytic_pi_g2,0.005,3600,1.0,0.9933333333333332,0.9933285790647206,0.0255680456757545,0.0121980489307697,0.0042824457585811,0.0027777777777777,0.0027700960365206,0.019557062536477997,0.0,0.0027777777777777,0.0022946516983211,5.960464477539064e-08,0.0583333333333333,0.6440613011778349,0.0542654320597648,0.5177777777777778,0.99,0.99000822138164,0.035084281116724,0.016192557374326,0.002584515619609,0.0005555555555555,0.0005566933379879,0.0077487118542194,0.0011111111111111,0.0016666666666666,0.0039925877936184,5.960464477539064e-08,0.0555555555555555,0.32464617970222254,0.054119236767292,0.4986111111111111
avmnist,55,candidate_mixer,analytic_pi_g2,0.01,3600,1.0,0.9933333333333332,0.9933285790647206,0.0255680456757545,0.0121980489307697,0.0042824457585811,0.0027777777777777,0.0027700960365206,0.019557062536477997,0.0,0.0027777777777777,0.0022946516983211,5.960464477539064e-08,0.0583333333333333,0.6440613011778349,0.0542654320597648,0.5177777777777778,0.99,0.99000822138164,0.035084281116724,0.016192557374326,0.002584515619609,0.0005555555555555,0.0005566933379879,0.0077487118542194,0.0011111111111111,0.0016666666666666,0.0039925877936184,5.960464477539064e-08,0.0555555555555555,0.32464617970222254,0.054119236767292,0.4986111111111111
avmnist,55,candidate_mixer,analytic_pi_g2,0.02,3600,1.0,0.9933333333333332,0.9933285790647206,0.0255680456757545,0.0121980489307697,0.0042824457585811,0.0027777777777777,0.0027700960365206,0.019557062536477997,0.0,0.0027777777777777,0.0022946516983211,5.960464477539064e-08,0.0583333333333333,0.6440613011778349,0.0542654320597648,0.5177777777777778,0.99,0.99000822138164,0.035084281116724,0.016192557374326,0.002584515619609,0.0005555555555555,0.0005566933379879,0.0077487118542194,0.0011111111111111,0.0016666666666666,0.0039925877936184,5.960464477539064e-08,0.0555555555555555,0.32464617970222254,0.054119236767292,0.4986111111111111
avmnist,55,candidate_mixer,analytic_pi_g2,0.05,3600,1.0,0.9933333333333332,0.9933285790647206,0.0255680456757545,0.0121980489307697,0.0042824457585811,0.0027777777777777,0.0027700960365206,0.019557062536477997,0.0,0.0027777777777777,0.0022946516983211,5.960464477539064e-08,0.0583333333333333,0.6440613011778349,0.0542654320597648,0.5177777777777778,0.99,0.99000822138164,0.035084281116724,0.016192557374326,0.002584515619609,0.0005555555555555,0.0005566933379879,0.0077487118542194,0.0011111111111111,0.0016666666666666,0.0039925877936184,5.960464477539064e-08,0.0555555555555555,0.32464617970222254,0.054119236767292,0.4986111111111111
avmnist,55,candidate_mixer,analytic_pi_g3,0.005,3600,1.0,0.9933333333333332,0.9933285790647206,0.0268027894198894,0.0125468154288428,0.0042190232541826,0.0027777777777777,0.0027700960365206,0.0183223187923431,0.0,0.0027777777777777,0.0020316937007009,0.0,0.0294444444444444,0.6033982900098325,0.0513448826968669,0.1122222222222222,0.9894444444444443,0.989454158220062,0.0354876033961772,0.0162771044554154,0.0035168585843510006,0.0,2.630176410001184e-06,0.0073453895747661,0.0011111111111111,0.0011111111111111,0.0036266082897782,0.0,0.0255555555555555,0.3077482735467373,0.05204790830612179,0.1083333333333333
avmnist,55,candidate_mixer,analytic_pi_g3,0.01,3600,1.0,0.9933333333333332,0.9933285790647206,0.0268027894198894,0.0125468154288428,0.0042190232541826,0.0027777777777777,0.0027700960365206,0.0183223187923431,0.0,0.0027777777777777,0.0020316937007009,0.0,0.0294444444444444,0.6033982900098325,0.0513448826968669,0.1122222222222222,0.9894444444444443,0.989454158220062,0.0354876033961772,0.0162771044554154,0.0035168585843510006,0.0,2.630176410001184e-06,0.0073453895747661,0.0011111111111111,0.0011111111111111,0.0036266082897782,0.0,0.0255555555555555,0.3077482735467373,0.05204790830612179,0.1083333333333333
avmnist,55,candidate_mixer,analytic_pi_g3,0.02,3600,1.0,0.9933333333333332,0.9933285790647206,0.0268027894198894,0.0125468154288428,0.0042190232541826,0.0027777777777777,0.0027700960365206,0.0183223187923431,0.0,0.0027777777777777,0.0020316937007009,0.0,0.0294444444444444,0.6033982900098325,0.0513448826968669,0.1122222222222222,0.9894444444444443,0.989454158220062,0.0354876033961772,0.0162771044554154,0.0035168585843510006,0.0,2.630176410001184e-06,0.0073453895747661,0.0011111111111111,0.0011111111111111,0.0036266082897782,0.0,0.0255555555555555,0.3077482735467373,0.05204790830612179,0.1083333333333333
avmnist,55,candidate_mixer,analytic_pi_g3,0.05,3600,1.0,0.9933333333333332,0.9933285790647206,0.0268027894198894,0.0125468154288428,0.0042190232541826,0.0027777777777777,0.0027700960365206,0.0183223187923431,0.0,0.0027777777777777,0.0020316937007009,0.0,0.0294444444444444,0.6033982900098325,0.0513448826968669,0.1122222222222222,0.9894444444444443,0.989454158220062,0.0354876033961772,0.0162771044554154,0.0035168585843510006,0.0,2.630176410001184e-06,0.0073453895747661,0.0011111111111111,0.0011111111111111,0.0036266082897782,0.0,0.0255555555555555,0.3077482735467373,0.05204790830612179,0.1083333333333333
avmnist,55,candidate_mixer,analytic_pi_selected,0.005,3600,1.0,0.9933333333333332,0.9933301568669066,0.0244402438402175,0.0118036746336438,0.0042835555142826,0.0027777777777777,0.0027716738387066,0.020684864372015,0.0005555555555555,0.0033333333333333,0.0028469942044465997,1.0229542385786767e-05,0.785,0.6812025788668143,0.0600403770804405,0.9983333333333332,0.99,0.99000890870984,0.0347489528357982,0.0160677248037716,0.0033907744288444,0.0005555555555555,0.000557380666188,0.0080840401351451,0.0013888888888888,0.0019444444444444,0.0045320764183997995,1.0339918662793832e-05,0.7855555555555556,0.3386953560334793,0.0584728792309761,0.9988888888888889
avmnist,55,candidate_mixer,analytic_pi_selected,0.01,3600,1.0,0.9933333333333332,0.9933301568669066,0.0244402438402175,0.0118036746336438,0.0042835555142826,0.0027777777777777,0.0027716738387066,0.020684864372015,0.0005555555555555,0.0033333333333333,0.0028469942044465997,1.0229542385786767e-05,0.785,0.6812025788668143,0.0600403770804405,0.9983333333333332,0.99,0.99000890870984,0.0347489528357982,0.0160677248037716,0.0033907744288444,0.0005555555555555,0.000557380666188,0.0080840401351451,0.0013888888888888,0.0019444444444444,0.0045320764183997995,1.0339918662793832e-05,0.7855555555555556,0.3386953560334793,0.0584728792309761,0.9988888888888889
avmnist,55,candidate_mixer,analytic_pi_selected,0.02,3600,1.0,0.9933333333333332,0.9933301568669066,0.0244402438402175,0.0118036746336438,0.0042835555142826,0.0027777777777777,0.0027716738387066,0.020684864372015,0.0005555555555555,0.0033333333333333,0.0028469942044465997,1.0229542385786767e-05,0.785,0.6812025788668143,0.0600403770804405,0.9983333333333332,0.99,0.99000890870984,0.0347489528357982,0.0160677248037716,0.0033907744288444,0.0005555555555555,0.000557380666188,0.0080840401351451,0.0013888888888888,0.0019444444444444,0.0045320764183997995,1.0339918662793832e-05,0.7855555555555556,0.3386953560334793,0.0584728792309761,0.9988888888888889
avmnist,55,candidate_mixer,analytic_pi_selected,0.05,3600,1.0,0.9933333333333332,0.9933301568669066,0.0244402438402175,0.0118036746336438,0.0042835555142826,0.0027777777777777,0.0027716738387066,0.020684864372015,0.0005555555555555,0.0033333333333333,0.0028469942044465997,1.0229542385786767e-05,0.785,0.6812025788668143,0.0600403770804405,0.9983333333333332,0.99,0.99000890870984,0.0347489528357982,0.0160677248037716,0.0033907744288444,0.0005555555555555,0.000557380666188,0.0080840401351451,0.0013888888888888,0.0019444444444444,0.0045320764183997995,1.0339918662793832e-05,0.7855555555555556,0.3386953560334793,0.0584728792309761,0.9988888888888889
avmnist,55,candidate_mixer,fixed,0.005,3600,0.7000000000000002,0.9933333333333332,0.9933301440067251,0.0267175758164058,0.0119869933822951,0.007539960367481999,0.0027777777777777,0.0027716609785253,0.0184075323958267,0.0011111111111111,0.0038888888888888,0.0049956234130407,0.006105625103488401,0.8877777777777778,0.6062045318181216,0.7,1.0,0.9897222222222222,0.9897300391212152,0.0361557821650402,0.0157788060311303,0.0076000550207028,0.0002777777777777,0.0002785110775631,0.0066772108059032,0.0016666666666666,0.0019444444444444,0.0066636275368701,0.0064497655461807,0.8836111111111111,0.2797536964845231,0.7,1.0
avmnist,55,candidate_mixer,fixed,0.01,3600,0.775,0.9927777777777778,0.992777645170676,0.0266900625450547,0.0118282403875966,0.006907704228161901,0.0022222222222222,0.002219162142476,0.0184350456671778,0.0016666666666666,0.0038888888888888,0.0056141924847614,0.0067620157309383,0.8877777777777778,0.6071106105061788,0.7750000000000002,1.0,0.9897222222222222,0.9897311639909704,0.0365203343253542,0.0157842634116938,0.007046978534313,0.0002777777777777,0.0002796359473182,0.006312658645589201,0.0016666666666666,0.0019444444444444,0.0075099321863524,0.0071432856286139,0.8836111111111111,0.264480133610397,0.7750000000000002,1.0
avmnist,55,candidate_mixer,fixed,0.02,3600,0.775,0.9927777777777778,0.992777645170676,0.0266900625450547,0.0118282403875966,0.006907704228161901,0.0022222222222222,0.002219162142476,0.0184350456671778,0.0016666666666666,0.0038888888888888,0.0056141924847614,0.0067620157309383,0.8877777777777778,0.6071106105061788,0.7750000000000002,1.0,0.9897222222222222,0.9897311639909704,0.0365203343253542,0.0157842634116938,0.007046978534313,0.0002777777777777,0.0002796359473182,0.006312658645589201,0.0016666666666666,0.0019444444444444,0.0075099321863524,0.0071432856286139,0.8836111111111111,0.264480133610397,0.7750000000000002,1.0
avmnist,55,candidate_mixer,fixed,0.05,3600,0.775,0.9927777777777778,0.992777645170676,0.0266900625450547,0.0118282403875966,0.006907704228161901,0.0022222222222222,0.002219162142476,0.0184350456671778,0.0016666666666666,0.0038888888888888,0.0056141924847614,0.0067620157309383,0.8877777777777778,0.6071106105061788,0.7750000000000002,1.0,0.9897222222222222,0.9897311639909704,0.0365203343253542,0.0157842634116938,0.007046978534313,0.0002777777777777,0.0002796359473182,0.006312658645589201,0.0016666666666666,0.0019444444444444,0.0075099321863524,0.0071432856286139,0.8836111111111111,0.264480133610397,0.7750000000000002,1.0
avmnist,55,candidate_mixer,max_confidence,0.005,3600,0.8,0.9927777777777778,0.9927746098137546,0.0271875634789466,0.0122084855242293,0.0079560841785537,0.0022222222222222,0.0022161267855547,0.0179375447332859,0.0005555555555555,0.0027777777777777,0.0048865978606045,0.0068955528317019,0.8877777777777778,0.5907266866267551,0.7878446578979492,1.0,0.9897222222222222,0.9897323407354264,0.0366731397807598,0.0159289798165045,0.0064008889926804,0.0002777777777777,0.0002808126917742,0.0061598531901836,0.0011111111111111,0.0013888888888888,0.0066226078197359995,0.007291150256059999,0.8836111111111111,0.2580780344700679,0.7890715599060059,1.0
avmnist,55,candidate_mixer,max_confidence,0.01,3600,0.875,0.9927777777777778,0.9927746098137546,0.0271678213030099,0.012053485180629,0.0084988438751962,0.0022222222222222,0.0022161267855547,0.0179572869092226,0.0005555555555555,0.0027777777777777,0.0054076057858765,0.0075444041052833,0.8877777777777778,0.5913769363261975,0.8617050647735596,1.0,0.99,0.9900089525077704,0.0370219983160495,0.0159179868123032,0.0064959978477822,0.0005555555555555,0.0005574244641183,0.0058109946548938005,0.0011111111111111,0.0016666666666666,0.0072961710393428,0.0079773908481001,0.8836111111111111,0.2434621400809669,0.8630470037460327,1.0
avmnist,55,candidate_mixer,max_confidence,0.02,3600,0.875,0.9927777777777778,0.9927746098137546,0.0271678213030099,0.012053485180629,0.0084988438751962,0.0022222222222222,0.0022161267855547,0.0179572869092226,0.0005555555555555,0.0027777777777777,0.0054076057858765,0.0075444041052833,0.8877777777777778,0.5913769363261975,0.8617050647735596,1.0,0.99,0.9900089525077704,0.0370219983160495,0.0159179868123032,0.0064959978477822,0.0005555555555555,0.0005574244641183,0.0058109946548938005,0.0011111111111111,0.0016666666666666,0.0072961710393428,0.0079773908481001,0.8836111111111111,0.2434621400809669,0.8630470037460327,1.0
avmnist,55,candidate_mixer,max_confidence,0.05,3600,0.875,0.9927777777777778,0.9927746098137546,0.0271678213030099,0.012053485180629,0.0084988438751962,0.0022222222222222,0.0022161267855547,0.0179572869092226,0.0005555555555555,0.0027777777777777,0.0054076057858765,0.0075444041052833,0.8877777777777778,0.5913769363261975,0.8617050647735596,1.0,0.99,0.9900089525077704,0.0370219983160495,0.0159179868123032,0.0064959978477822,0.0005555555555555,0.0005574244641183,0.0058109946548938005,0.0011111111111111,0.0016666666666666,0.0072961710393428,0.0079773908481001,0.8836111111111111,0.2434621400809669,0.8630470037460327,1.0
avmnist,55,candidate_mixer,negative_entropy,0.005,3600,0.8250000000000002,0.9927777777777778,0.9927746098137546,0.0271887723356485,0.0121691906777796,0.0078473168280389,0.0022222222222222,0.0022161267855547,0.017936335876584,0.0005555555555555,0.0027777777777777,0.0049399738200008,0.0069841934135183,0.8877777777777778,0.5906869067173085,0.803192675113678,1.0,0.99,0.9900089525077704,0.0365197695791721,0.0158318502307295,0.0060040352493524,0.0005555555555555,0.0005574244641183,0.0063132233917713,0.0011111111111111,0.0016666666666666,0.0065953494049608,0.0073757759993895,0.8836111111111111,0.2645038306145122,0.8044219017028809,1.0
avmnist,55,candidate_mixer,negative_entropy,0.01,3600,0.9,0.9922222222222222,0.9922143642912878,0.0271721351891756,0.012014606599883,0.0075116524762577,0.0016666666666667,0.0016558812630879,0.0179529730230569,0.0011111111111111,0.0027777777777777,0.0054561616852879,0.0076215965440496,0.8877777777777778,0.5912347775904343,0.8762101531028748,1.0,0.99,0.9900074070848928,0.0368298850953578,0.0158133507145863,0.0060106067856153,0.0005555555555555,0.0005558790412407998,0.0060031078755855,0.0013888888888888,0.0019444444444444,0.0072327484376728006,0.0080489612184464,0.8836111111111111,0.2515108319471034,0.8775511384010315,1.0
avmnist,55,candidate_mixer,negative_entropy,0.02,3600,0.9,0.9922222222222222,0.9922143642912878,0.0271721351891756,0.012014606599883,0.0075116524762577,0.0016666666666667,0.0016558812630879,0.0179529730230569,0.0011111111111111,0.0027777777777777,0.0054561616852879,0.0076215965440496,0.8877777777777778,0.5912347775904343,0.8762101531028748,1.0,0.99,0.9900074070848928,0.0368298850953578,0.0158133507145863,0.0060106067856153,0.0005555555555555,0.0005558790412407998,0.0060031078755855,0.0013888888888888,0.0019444444444444,0.0072327484376728006,0.0080489612184464,0.8836111111111111,0.2515108319471034,0.8775511384010315,1.0
avmnist,55,candidate_mixer,negative_entropy,0.05,3600,0.9,0.9922222222222222,0.9922143642912878,0.0271721351891756,0.012014606599883,0.0075116524762577,0.0016666666666667,0.0016558812630879,0.0179529730230569,0.0011111111111111,0.0027777777777777,0.0054561616852879,0.0076215965440496,0.8877777777777778,0.5912347775904343,0.8762101531028748,1.0,0.99,0.9900074070848928,0.0368298850953578,0.0158133507145863,0.0060106067856153,0.0005555555555555,0.0005558790412407998,0.0060031078755855,0.0013888888888888,0.0019444444444444,0.0072327484376728006,0.0080489612184464,0.8836111111111111,0.2515108319471034,0.8775511384010315,1.0
avmnist,55,convex_projection,analytic_pi_g2,0.005,3600,1.0,0.9938888888888887,0.9938841261178728,0.0397046054788669,0.0127943453823088,0.0079170674157398,0.0033333333333334,0.0033256430896727,0.0054205027333656,0.0,0.0033333333333333,0.0001712415455628,1.3058231933195542e-08,0.455,0.1785101784945892,0.0115925893187522,0.1277777777777777,0.9894444444444443,0.9894530201038596,0.0361121215406817,0.0158515406125124,0.0034752567257223,0.0,1.4920602077195255e-06,0.0067208714302616,0.0005555555555555,0.0005555555555555,0.0005635696842641,5.844055878269736e-09,0.44972222222222213,0.2815829362034375,0.0135940965265035,0.11
avmnist,55,convex_projection,analytic_pi_g2,0.01,3600,1.0,0.9938888888888887,0.9938841261178728,0.0397046054788669,0.0127943453823088,0.0079170674157398,0.0033333333333334,0.0033256430896727,0.0054205027333656,0.0,0.0033333333333333,0.0001712415455628,1.3058231933195542e-08,0.455,0.1785101784945892,0.0115925893187522,0.1277777777777777,0.9894444444444443,0.9894530201038596,0.0361121215406817,0.0158515406125124,0.0034752567257223,0.0,1.4920602077195255e-06,0.0067208714302616,0.0005555555555555,0.0005555555555555,0.0005635696842641,5.844055878269736e-09,0.44972222222222213,0.2815829362034375,0.0135940965265035,0.11
avmnist,55,convex_projection,analytic_pi_g2,0.02,3600,1.0,0.9938888888888887,0.9938841261178728,0.0397046054788669,0.0127943453823088,0.0079170674157398,0.0033333333333334,0.0033256430896727,0.0054205027333656,0.0,0.0033333333333333,0.0001712415455628,1.3058231933195542e-08,0.455,0.1785101784945892,0.0115925893187522,0.1277777777777777,0.9894444444444443,0.9894530201038596,0.0361121215406817,0.0158515406125124,0.0034752567257223,0.0,1.4920602077195255e-06,0.0067208714302616,0.0005555555555555,0.0005555555555555,0.0005635696842641,5.844055878269736e-09,0.44972222222222213,0.2815829362034375,0.0135940965265035,0.11
avmnist,55,convex_projection,analytic_pi_g2,0.05,3600,1.0,0.9938888888888887,0.9938841261178728,0.0397046054788669,0.0127943453823088,0.0079170674157398,0.0033333333333334,0.0033256430896727,0.0054205027333656,0.0,0.0033333333333333,0.0001712415455628,1.3058231933195542e-08,0.455,0.1785101784945892,0.0115925893187522,0.1277777777777777,0.9894444444444443,0.9894530201038596,0.0361121215406817,0.0158515406125124,0.0034752567257223,0.0,1.4920602077195255e-06,0.0067208714302616,0.0005555555555555,0.0005555555555555,0.0005635696842641,5.844055878269736e-09,0.44972222222222213,0.2815829362034375,0.0135940965265035,0.11
avmnist,55,convex_projection,fixed,0.005,3600,1.0,0.9933333333333332,0.9933301568669066,0.0320224810694097,0.012434905978050602,0.0072585328352415,0.0027777777777777,0.0027716738387066,0.0131026271428228,0.0005555555555555,0.0033333333333333,0.0016131738818267,0.0001235890326765,0.5844444444444444,0.4315011484737184,1.0,1.0,0.9894444444444443,0.9894526059361132,0.0367410905793354,0.015744141249346,0.0036583155827259,0.0,1.0778924611765106e-06,0.006091902391608,0.0011111111111111,0.0011111111111111,0.0019127069437980002,8.290427469806391e-05,0.5847222222222223,0.2552311566680201,1.0,1.0
avmnist,55,convex_projection,fixed,0.01,3600,1.0,0.9933333333333332,0.9933301568669066,0.0320224810694097,0.012434905978050602,0.0072585328352415,0.0027777777777777,0.0027716738387066,0.0131026271428228,0.0005555555555555,0.0033333333333333,0.0016131738818267,0.0001235890326765,0.5844444444444444,0.4315011484737184,1.0,1.0,0.9894444444444443,0.9894526059361132,0.0367410905793354,0.015744141249346,0.0036583155827259,0.0,1.0778924611765106e-06,0.006091902391608,0.0011111111111111,0.0011111111111111,0.0019127069437980002,8.290427469806391e-05,0.5847222222222223,0.2552311566680201,1.0,1.0
avmnist,55,convex_projection,fixed,0.02,3600,1.0,0.9933333333333332,0.9933301568669066,0.0320224810694097,0.012434905978050602,0.0072585328352415,0.0027777777777777,0.0027716738387066,0.0131026271428228,0.0005555555555555,0.0033333333333333,0.0016131738818267,0.0001235890326765,0.5844444444444444,0.4315011484737184,1.0,1.0,0.9894444444444443,0.9894526059361132,0.0367410905793354,0.015744141249346,0.0036583155827259,0.0,1.0778924611765106e-06,0.006091902391608,0.0011111111111111,0.0011111111111111,0.0019127069437980002,8.290427469806391e-05,0.5847222222222223,0.2552311566680201,1.0,1.0
avmnist,55,convex_projection,fixed,0.05,3600,1.0,0.9933333333333332,0.9933301568669066,0.0320224810694097,0.012434905978050602,0.0072585328352415,0.0027777777777777,0.0027716738387066,0.0131026271428228,0.0005555555555555,0.0033333333333333,0.0016131738818267,0.0001235890326765,0.5844444444444444,0.4315011484737184,1.0,1.0,0.9894444444444443,0.9894526059361132,0.0367410905793354,0.015744141249346,0.0036583155827259,0.0,1.0778924611765106e-06,0.006091902391608,0.0011111111111111,0.0011111111111111,0.0019127069437980002,8.290427469806391e-05,0.5847222222222223,0.2552311566680201,1.0,1.0
cremad,11,candidate_mixer,analytic_pi_g1,0.005,7442,0.10493818865896265,0.6371603637389273,0.635280531517798,0.9648150800136878,0.48480150816878015,0.03376500668987733,0.0035548602317147858,0.0039078879005727965,0.005905512374948629,0.0016239395994956326,0.0051787998312104394,0.004375831635936135,0.02440777371901069,0.5203601150064747,0.02105369928719757,0.0523530951135703,1.0,0.6178446654125235,0.6157761934778284,1.0230916284066764,0.5130636335661695,0.06061256275449952,0.0021499596882558225,0.0022311200028347256,0.008217155252596038,0.002956194571351744,0.005106154259607605,0.004400941194817214,0.025705247795075593,0.5165278151034668,0.0252448167032659,0.05260343207669601,1.0
cremad,11,candidate_mixer,analytic_pi_g1,0.01,7442,0.22472789572695515,0.6393243462847479,0.6374677980946117,0.9588584035546893,0.48193106215900555,0.03286703236788608,0.005718842777535294,0.006095154477386424,0.0118621888339471,0.004333598593888094,0.010052441371423427,0.009541470992702451,0.052969958026285416,0.5203601150064747,0.04239122003007355,0.11209503569567883,1.0,0.6203977425423274,0.618384868486774,1.0151209938321117,0.5096529243484815,0.06031687833214595,0.004703036818059623,0.004839795011780274,0.016187789827160688,0.004703036818059634,0.009406073636119257,0.00966198712292512,0.056350764687088134,0.5166621875839827,0.049741743268433,0.11253738314918499,1.0
cremad,11,candidate_mixer,analytic_pi_g1,0.02,7442,0.4397977694168234,0.646611589390338,0.6447565545032802,0.9501783836836201,0.47767673336706323,0.0327687078500419,0.013006085883125372,0.013383910886054888,0.020542208705016305,0.008158297234029782,0.021164383117155194,0.019292838347125103,0.10692535525158306,0.5203601150064747,0.07329800383936168,0.2196607316627165,1.0,0.6264445041655469,0.6243063573577888,1.0035942027851383,0.5045486050543629,0.05466269298655085,0.010749798441279188,0.010761283882794985,0.02771458087413418,0.00900295619457128,0.01975275463585055,0.019536580913944165,0.11352038796759836,0.5166621875839827,0.08558184645254571,0.22054890005202807,1.0
cremad,11,candidate_mixer,analytic_pi_g1,0.05,7442,0.955163262563827,0.6544534435412095,0.6535382794892225,0.9376904372965832,0.4717835713451185,0.037680553869329975,0.020847940033996877,0.02216563587199724,0.033030155092053266,0.019322678009142235,0.04017061804313917,0.046208830081773365,0.2529404726937648,0.5203601150064747,0.11755511913718188,0.4787655191391394,1.0,0.6303413061005106,0.6286773295864725,0.9875560346244965,0.4974533526409937,0.051872237936138765,0.014646600376242887,0.015132256111478741,0.04375274903477597,0.02190271432410637,0.036549314700349333,0.04730875131961186,0.27294096101182524,0.5166621875839827,0.13590018457150788,0.4802731404827347,1.0
cremad,11,candidate_mixer,analytic_pi_g2,0.005,7442,0.16976955119591508,0.6387975959134528,0.6369844405539845,0.9642109069667879,0.48440805087342953,0.03404671901316051,0.00519209240624024,0.005611796936759231,0.006509685421848512,0.0010738863967330223,0.006265978802973281,0.004568858447656573,0.02742621122497246,0.5192720246638488,0.02316747466026079,0.0560574365594043,1.0,0.6181134103735555,0.6160001268226543,1.0228382845506077,0.5126569109994606,0.06058874962167115,0.0024187046492877987,0.002455053347660482,0.00847049910866481,0.003359312012899702,0.005778016662187539,0.004685058115872096,0.028731200402540895,0.5145122278957269,0.02612804392540963,0.05677450735705634,1.0
cremad,11,candidate_mixer,analytic_pi_g2,0.01,7442,0.34473259876377316,0.6412039213349813,0.6393712082315417,0.9584933024633638,0.4815868692810049,0.032440468153928384,0.007598417827768683,0.007998564614316422,0.012227289925272536,0.004615088912150588,0.012213506739919291,0.009539216134103473,0.0568443103929947,0.5192725718816482,0.04354217332980874,0.11407792518549595,1.0,0.6212039774254233,0.6191304742335637,1.015658932591087,0.5093859846848465,0.05905744750968741,0.005509271701155556,0.005585400758569926,0.0156498510681855,0.005240526740123567,0.010749798441279162,0.009794228463950467,0.05966237215618068,0.5151840902983069,0.04848167921360642,0.11545528862019656,1.0
cremad,11,candidate_mixer,analytic_pi_g2,0.02,7442,0.6793167159365763,0.646344667171032,0.6446814941427894,0.9498012840139132,0.4772417623385998,0.03316217631844318,0.012739163663819424,0.013308850525564053,0.020919308374723174,0.009218161761401852,0.021957325425221337,0.01959723763386104,0.11501198663899109,0.5203601150064747,0.07440686316868762,0.22449060699065757,1.0,0.625369524321419,0.6232821396904952,1.0044768143167935,0.5042112771830858,0.0543342451876576,0.009674818597151276,0.009737066215501425,0.026831969342479032,0.009943563558183223,0.01961838215533454,0.020245646950517164,0.12098294426055074,0.5159903251814029,0.08340292828806782,0.22731805005098535,1.0
cremad,11,candidate_mixer,analytic_pi_g2,0.05,7442,1.0,0.6514883301844073,0.6500788825109481,0.9436365521120724,0.47439034848238965,0.03695843153965562,0.017882826677194888,0.01870623889372285,0.02708404027656397,0.014679728423005243,0.032562555100200154,0.031639397950746315,0.18099588479218975,0.5203601150064747,0.09648523778457287,0.33655630613936754,1.0,0.6281913464122548,0.6265029030126918,0.9987155553378971,0.501766670722078,0.055086444159311375,0.012496640687987046,0.012957829537697987,0.03259322832137525,0.01558720773985484,0.028083848427841944,0.03345897004786183,0.19767549584923297,0.5159903251814029,0.10149472689856151,0.3387679563546431,1.0
cremad,11,candidate_mixer,analytic_pi_g3,0.005,7442,0.24968758398280036,0.6385295802467519,0.636684843191429,0.9637522049822881,0.48415047304289865,0.032774756348820676,0.00492407673953941,0.005312199574203734,0.0069683874063483624,0.0013419020634338522,0.006265978802973281,0.004758695124650194,0.028751776676381673,0.5101128477931415,0.024786149210518152,0.06118550652112966,0.9994499467972373,0.6179790378930395,0.6160138561368257,1.0226889884350152,0.5124312229261373,0.06071766924630627,0.002284332168771804,0.0024687826618318667,0.008619795224257102,0.0034936844934156885,0.005778016662187533,0.004978922124024955,0.030103854821017198,0.5025530771298038,0.02672741141317541,0.06253809808785715,0.9994625100779361
cremad,11,candidate_mixer,analytic_pi_g3,0.01,7442,0.4991400161246977,0.641176789955326,0.6392867228564537,0.9578771695867081,0.481179236757763,0.0342880254924512,0.007571286448113471,0.007914079239228513,0.012843422801928335,0.004615818206481759,0.012187104654595248,0.009756853211810221,0.05809730637365042,0.5146917074282659,0.04567930220336983,0.12220125680739788,0.9994499467972373,0.6220102123085192,0.6199299638353785,1.015345557623094,0.5089745999954821,0.059195719212814184,0.006315506584251532,0.006384890360384658,0.01596322603617836,0.005509271701155559,0.011824778285407072,0.01028321394236296,0.06112712771261095,0.5063155065842515,0.04950724379743977,0.12503415293284748,0.9994625100779361
cremad,11,candidate_mixer,analytic_pi_g3,0.02,7442,0.869709083579683,0.6463178999444406,0.6447496735672205,0.9506248778167254,0.47769318126092764,0.03391743225643864,0.01271239643722794,0.013377029949995225,0.020095714571911026,0.00817158980905958,0.02088398624628758,0.018366518044216996,0.10633411091586899,0.5160354332216294,0.07143169657716666,0.21634181070090683,0.9997314371154998,0.6259070142434829,0.6237549241176916,1.0072667955295016,0.5052564989166282,0.05711735034943649,0.01021230851921522,0.010209850642697966,0.024041988129770788,0.008734211233539324,0.018946519752754604,0.019626124831829024,0.11367195401139481,0.5087342112335393,0.07476717582068912,0.22076772018422108,0.999596882558452
cremad,11,candidate_mixer,analytic_pi_g3,0.05,7442,1.0,0.6460626286467666,0.6444310389621875,0.9486686592139214,0.476813174894253,0.034789938449701,0.012457125139553974,0.01305839534496217,0.02205193317471507,0.010064821587386499,0.02252194672694049,0.022289500452900398,0.1262577766798349,0.5165984138581544,0.07869469104189415,0.25218338824285996,0.9997314371154998,0.6269819940876109,0.6249576331552708,1.0058964951901435,0.5047466705251298,0.057079194462513964,0.011287288363343166,0.011412559680277044,0.02541228846912898,0.010481053480247188,0.021768341843590396,0.024056221128463146,0.13927570352412386,0.5088685837140554,0.07910814853738041,0.2560066319151099,0.999596882558452
cremad,11,candidate_mixer,analytic_pi_selected,0.005,7442,0.2237201021230852,0.6379665996102271,0.6360765215719423,0.9636719431713108,0.4841142583423676,0.03307016015824515,0.0043610961030144,0.004703877954716918,0.007048649217325669,0.0016233923816963464,0.005984488484710787,0.004665400017389718,0.02730077636703236,0.5109573187479289,0.025071250860559592,0.060060017879624776,0.9997314371154998,0.6178446654125235,0.615857227923576,1.0228638383320858,0.5125684803931043,0.06113090800425272,0.002149959688255821,0.002312154448582188,0.008444945327186676,0.0034936844934156885,0.00564364418167155,0.004925024176596572,0.02957482275159338,0.5032249395323838,0.026053419776960768,0.06067444254899255,0.999731255038968
cremad,11,candidate_mixer,analytic_pi_selected,0.01,7442,0.3684493415748455,0.6409357235917486,0.6391238750209233,0.957498928794807,0.48109569573256333,0.03498085881189012,0.007330220084535989,0.007751231403698012,0.013221663593829399,0.004602343554920074,0.011932563639456101,0.009640548320162217,0.05336658652832795,0.51498667239809,0.04701808599753976,0.11995468344624496,0.9997314371154998,0.6218758398280032,0.6198138801909701,1.0156987866497398,0.509394059634996,0.059778757811842026,0.0061811341037355284,0.0062688067159763616,0.01560999700953259,0.005374899220639576,0.011556033324375107,0.010295653359694606,0.06084900169971962,0.5067186240257995,0.048209467549747746,0.12003792096925527,0.999731255038968
cremad,11,candidate_mixer,analytic_pi_selected,0.02,7442,0.6132457672668639,0.6468806985044336,0.6451830435301137,0.9491275965975229,0.4769950995133166,0.032048477882073816,0.013275194997221065,0.013810399912888396,0.021592995791113557,0.008695605079561877,0.021970800076783002,0.019198387400471098,0.10568048849329442,0.5198229892374744,0.0767684562299496,0.22423725265051458,1.0,0.6264445041655469,0.624326403112053,1.005808529034317,0.5048375221097872,0.055331738252724305,0.010749798441279221,0.0107813296370592,0.025500254624955428,0.009406073636119268,0.02015587207739851,0.02029862332972976,0.11751386048099545,0.513571620532115,0.07941492509546046,0.22505242096195616,1.0
cremad,11,candidate_mixer,analytic_pi_selected,0.05,7442,0.955163262563827,0.6544534435412095,0.6535382794892225,0.9376904372965832,0.4717835713451185,0.037680553869329975,0.020847940033996877,0.02216563587199724,0.033030155092053266,0.019322678009142235,0.04017061804313917,0.046208830081773365,0.2529404726937648,0.5203601150064747,0.11755511913718188,0.4787655191391394,1.0,0.6303413061005106,0.6286773295864725,0.9875560346244965,0.4974533526409937,0.051872237936138765,0.014646600376242887,0.015132256111478741,0.04375274903477597,0.02190271432410637,0.036549314700349333,0.04730875131961186,0.27294096101182524,0.5166621875839827,0.13590018457150788,0.4802731404827347,1.0
cremad,11,candidate_mixer,fixed,0.005,7442,0.05,0.6363559515975575,0.6345545751934676,0.9658804350708742,0.4855258881603178,0.033977287142163984,0.0027504480903448553,0.003181931576242252,0.004840157317762097,0.001623210305164482,0.0043736583955093986,0.0038122304886969646,0.017980911274228965,0.5203601150064747,0.017365275148721868,0.0499999999999999,1.0,0.6169040580489116,0.6148730464154186,1.024294119164134,0.5139863066279747,0.06000812663909446,0.00120935232464388,0.0013279729404248241,0.007014664495138484,0.002149959688255802,0.003359312012899702,0.0038578896387315028,0.01880524241096799,0.5166621875839827,0.02129940888565777,0.049999999999999954,1.0
cremad,11,candidate_mixer,fixed,0.01,7442,0.12004501478097286,0.6398725757575807,0.6379658238630519,0.9599943088464117,0.4829016421354379,0.031086283166579385,0.006267072250368161,0.006593180245826579,0.010726283542224848,0.002723498787221567,0.008990571037589748,0.009184728685010189,0.04348875872637343,0.5203601150064747,0.038513292891425153,0.12004501478097285,1.0,0.6186509002956194,0.6166566305785969,1.0157189606917676,0.5107811790119396,0.05940803130048036,0.0029561945713517264,0.0031115571036031417,0.015589822967504762,0.004299919376511636,0.007256113947863444,0.009249194425473608,0.04525928833734361,0.5166621875839827,0.04763801198413515,0.12004501478097286,1.0
cremad,11,candidate_mixer,fixed,0.02,7442,0.24009002956194572,0.643927238045671,0.6418765352138798,0.951492581444729,0.47895579500213326,0.031507131463701585,0.010321734538458386,0.010503891596654486,0.01922801094390729,0.006265430596970283,0.01658716513542871,0.018718008513266375,0.08898386329799425,0.5203601150064747,0.06898132354205629,0.2400900295619457,1.0,0.6232195646331631,0.6211605808117439,1.0038398338257746,0.505949869125844,0.053614508144738164,0.007524858908895393,0.007615507336750067,0.027468949833497836,0.007793603869927398,0.01531846277882285,0.018873014022695995,0.0927377110815699,0.5166621875839827,0.08407666363694499,0.24009002956194572,1.0
cremad,11,candidate_mixer,fixed,0.05,7442,0.5900732330018813,0.6558355864945927,0.6550329528596502,0.9362115612469968,0.4715827552996874,0.041900311293545836,0.022230082987380242,0.02366030924242505,0.03450903114163958,0.019563562296187848,0.041793645283568076,0.04892770342600331,0.23480198551542406,0.5203601150064747,0.12343204839315045,0.5900732330018812,1.0,0.6291319537758667,0.6273604245765144,0.9823440039973906,0.49622176172913446,0.0512488505227385,0.013437248051598976,0.013815351101520663,0.04896477966188177,0.02203708680462235,0.0354743348562214,0.049576317127312385,0.24590554178619525,0.5166621875839827,0.15039285032446056,0.5900732330018812,1.0
cremad,11,candidate_mixer,max_confidence,0.005,7442,0.12497984412792261,0.6371610930332585,0.635278160741313,0.9652265222986934,0.48518221652140325,0.03521005688485038,0.003555589526045917,0.003905517124087767,0.005494070089942976,0.000805141435701042,0.00436073096174702,0.004476602870214551,0.017891617882190822,0.5203601150064747,0.01952075191063466,0.06989692887043522,1.0,0.6170384305294275,0.6148947928005983,1.022627324602739,0.5135221785887605,0.06050606842035884,0.0013437248051598814,0.0013497193256046148,0.0086814590565333,0.0021499596882558186,0.003493684493415699,0.004677148408638628,0.019857957150243428,0.5166621875839827,0.026428171250860652,0.07044322702916546,1.0
cremad,11,candidate_mixer,max_confidence,0.01,7442,0.2598730180059124,0.63847859881783,0.6365083114992032,0.959927835905946,0.4828115352182027,0.0310667986931268,0.004873095310617354,0.00513566788197786,0.010792756482690433,0.0029922437482535476,0.007865339058870921,0.009467183934282836,0.03784381775998898,0.5203601150064747,0.03845026368762781,0.14578803073844096,1.0,0.6190540177371674,0.6170283529164358,1.0149124564582448,0.5107185100204409,0.058252708032803274,0.0033593120128997266,0.0034832794414419834,0.016396327201027686,0.003896801934963642,0.007256113947863428,0.009965857856568254,0.042461458148093836,0.5166621875839827,0.04981835179591045,0.14684975161663918,1.0
cremad,11,candidate_mixer,max_confidence,0.02,7442,0.5249260951357162,0.6412039213349813,0.6394429956466361,0.9514975983332127,0.478933596170844,0.03390450512377684,0.007598417827768663,0.008070352029410864,0.019222994055423704,0.005983940278707789,0.013582358106476492,0.019529920936359593,0.07785536098371293,0.5203601150064747,0.06857708030340287,0.2943784778127264,1.0,0.6234883095941951,0.6212340561727986,1.0031361649815544,0.506001985224129,0.05467941100816509,0.0077936038699273685,0.0076889826978047745,0.028172618677717948,0.006449879064767497,0.014243482934694946,0.020585509890115244,0.0871814921502303,0.5166621875839827,0.08603660766758757,0.2963170220885697,1.0
cremad,11,candidate_mixer,max_confidence,0.05,7442,1.0,0.6484665850969733,0.6467569964219482,0.9414042279512708,0.4743343196370499,0.0390159793852782,0.014861081589760733,0.015384352804722855,0.02931636443736564,0.01089581789061232,0.02575689948037311,0.039813626245228814,0.15793146947576484,0.5203601150064747,0.10463542540197351,0.5645018570992102,1.0,0.625369524321419,0.6233074840437243,0.9906801255006875,0.5008210228174951,0.05274541546695493,0.009674818597151264,0.009762410568730385,0.04062865815858494,0.012631013168503048,0.022305831765654333,0.042934419600269454,0.182315283498755,0.5166621875839827,0.1240304122626771,0.5678227595570459,1.0
cremad,11,candidate_mixer,native_pdf,0.005,7442,0.10493818865896265,0.636074461279295,0.6341815004763778,0.9652313936278487,0.48539185489729286,0.031916581512849325,0.002468957772082382,0.0028088568591524876,0.00548919876078778,0.0013546474206643662,0.0038236051927467876,0.004498658577730956,0.023472426849413745,0.5203601150064747,0.01969495612757173,0.05254024977637116,1.0,0.6177102929320075,0.6156486982383375,1.023960104143483,0.5138908127485868,0.0610261209058455,0.0020155872077398007,0.0021036247633437876,0.007348679515789514,0.0017468422467078388,0.0037624294544476803,0.00423986967576784,0.02262680582589268,0.5170653050255307,0.02226814279266151,0.05105104752690293,0.9928782585326525
cremad,11,candidate_mixer,native_pdf,0.01,7442,0.22002821822090837,0.6385046357618865,0.6366528802136289,0.9600877091954149,0.4832343623244564,0.030899772319527105,0.004899132254673954,0.005280236596403594,0.010632883193221468,0.002991514453922377,0.007890646708596391,0.009542792954333227,0.049897301160992565,0.5203601150064747,0.03828196505608668,0.11016330704905174,1.0,0.6199946251007794,0.6179404381271928,1.0172535964291507,0.5114052141960241,0.05857062416814391,0.00429991937651167,0.0043953646521989916,0.014055187230121745,0.0036280569739316885,0.007927976350443379,0.008997451801068729,0.04808267184278372,0.5170653050255307,0.04274454399471694,0.10692085516360536,0.9928782585326525
cremad,11,candidate_mixer,native_pdf,0.02,7442,0.44005643644181675,0.6474689867906841,0.6456128441278715,0.9522516582195568,0.4798061735505878,0.03678500749810222,0.013863483283471525,0.014240200510646226,0.018468934169079566,0.0062395757294455255,0.020103059012917108,0.01956113365443768,0.10245790169445158,0.5203601150064747,0.06644586934065509,0.2203266140981035,1.0,0.6214727223864552,0.6197528312081063,1.0067226636121565,0.5072364522123984,0.0556006016149295,0.005778016662187551,0.006207757733112624,0.024586120047115956,0.008868583714055326,0.014646600376242897,0.018384636620525356,0.09829963050395876,0.5170653050255307,0.0749523783270511,0.2134446833456537,0.9928782585326525
cremad,11,candidate_mixer,native_pdf,0.05,7442,0.9801800591238914,0.6509726835169449,0.6501519854430077,0.941570001754538,0.4751151138489306,0.03608999648586358,0.017367180009732454,0.018779341825782354,0.029150590634098344,0.018732931134229455,0.03610011114396192,0.0472230920757174,0.2464214754639137,0.5203601150064747,0.10474331017659784,0.49075465392828227,1.0,0.625503896801935,0.6243844379482765,0.9916798341027713,0.5008342868426456,0.05500249631217566,0.009809191077667256,0.010839364473282789,0.03962894955650115,0.02123085192152642,0.03104004299919375,0.044638030894949395,0.23694615191887486,0.5170653050255307,0.12085500644955871,0.47491430061573414,0.9928782585326525
cremad,11,candidate_mixer,native_qmf,0.005,7442,0.09504501478097287,0.6368797847915278,0.6349966317815514,0.9654382874445772,0.4854861559652344,0.03378327382530806,0.0032742812843153083,0.003623988164326084,0.005282304944059312,0.0010866317539635361,0.004360913038278884,0.0042037570216254105,0.02319319316223983,0.5203601150064747,0.01899632138488895,0.04758695560548625,1.0,0.6186509002956194,0.6165518060985176,1.0242690391757947,0.5139477697415828,0.06042257965983233,0.0029561945713517347,0.0030067326235237984,0.007039744483477771,0.0014780972856758654,0.00443429185702764,0.003798098117707786,0.02094578753801958,0.5157215802203708,0.02176554984508923,0.04495716723332583,0.9983875302338081
cremad,11,candidate_mixer,native_qmf,0.01,7442,0.2098965331900027,0.6382888770480346,0.6364069049023465,0.9598642056451677,0.4831659100731744,0.03219350856453919,0.004683373540821946,0.005034261285121289,0.010856386743468671,0.00296565958639762,0.007649033127219625,0.00941977260135549,0.052032057171525065,0.5203601150064747,0.03904031186084263,0.10509059570878683,1.0,0.6194571351787154,0.6173638572424532,1.0169119744570039,0.511188181714984,0.0586679054766718,0.0037624294544476833,0.0038187837674594927,0.014396809202268532,0.0037624294544476764,0.00752485890889544,0.00854665674384127,0.047136746425912965,0.5157215802203708,0.04440657659805606,0.09933023564034453,0.9983875302338081
cremad,11,candidate_mixer,native_qmf,0.02,7442,0.4200114216608438,0.6447454880034625,0.642970044864526,0.9520693797524804,0.47975136485888376,0.032319313631456785,0.011139984496249956,0.011597401247300793,0.018651212636155944,0.005985034714306381,0.017125019210556397,0.01933199410999619,0.10662709393257915,0.5203601150064747,0.06702541327210824,0.21029051243090932,1.0,0.6234883095941951,0.6216006340541942,1.0063260382188268,0.5068577358515286,0.05378534448675167,0.007793603869927375,0.008055560579200373,0.024982745440445524,0.007793603869927389,0.015587207739854824,0.017449735172650464,0.09610260641141573,0.5157215802203708,0.07754860339433012,0.19943208881993044,0.9983875302338081
cremad,11,candidate_mixer,native_qmf,0.05,7442,0.960121607094867,0.6495805293189202,0.6487206207343167,0.9412776512117943,0.4748370710739349,0.03902862289471202,0.015975025811707677,0.017347977117091476,0.029442941176842135,0.020383090742517283,0.036358116554225,0.04798513205402918,0.26507339009275604,0.5203601150064747,0.10578883793903329,0.480711838176623,1.0,0.6284600913732867,0.6273543580947445,0.9898579517485719,0.49963928001891456,0.05388987703618235,0.01276538564901904,0.013809284619750716,0.04145083191070054,0.020021499596882528,0.03278688524590159,0.043155596478885165,0.23699238420240762,0.5157215802203708,0.12902168238570963,0.45416604587710174,0.9983875302338081
cremad,11,candidate_mixer,native_tmc,0.005,7442,0.10493818865896265,0.6357931530375643,0.633806427306994,0.9650077917793634,0.48531707348165404,0.031868124543232956,0.0021876495303517324,0.002433783689768745,0.0057128006092730865,0.001623210305164482,0.0038108598355162736,0.0044802249092233334,0.024753141728242015,0.5203601150064747,0.020493965876614947,0.05254024977637116,1.0,0.6175759204514916,0.6154407041609109,1.0234590505300118,0.5137930713319895,0.0601020645011642,0.0018812147272238378,0.0018956306859171659,0.007849733129260655,0.0020155872077398146,0.0038968019349636717,0.004075049187564914,0.022606414286893133,0.5159903251814029,0.023985651163785277,0.049220695360048486,0.9963719430260682
cremad,11,candidate_mixer,native_tmc,0.01,7442,0.2249832034399355,0.6385301264763474,0.6366031332176215,0.9594729797041512,0.48298416950654177,0.029401686197855156,0.004924622969134984,0.0052304896003962644,0.011247612684485077,0.003247149904660115,0.008171772873795157,0.009732340696788798,0.0539914596787175,0.5203601150064747,0.04039618175357233,0.11264415669462156,1.0,0.6193227626981994,0.6173070995216513,1.0158503224705597,0.5110611136491642,0.06001862777849726,0.0036280569739317236,0.0037620260466575944,0.015458461188712655,0.004031174415479662,0.007659231389411407,0.008838350473735764,0.04922421810495728,0.5159903251814029,0.04728058788812318,0.10527018925532775,0.9963719430260682
cremad,11,candidate_mixer,native_tmc,0.02,7442,0.4400530771298038,0.6436053237727235,0.641694027866454,0.9517938832504601,0.479570395513734,0.030481957012628295,0.009999820265510839,0.010321384249228707,0.01892670913817618,0.00653472277580157,0.016534543041312466,0.019500253382636834,0.10817937706366326,0.5203601150064747,0.06789839213224047,0.22032492306231383,1.0,0.6224133297500671,0.6205933739975508,1.004968599377033,0.5068005056547787,0.052990220509155736,0.006718624025799469,0.007048300522557003,0.02634018428223948,0.007390486428379418,0.014109110454178946,0.017643348150154455,0.0981763026967747,0.5159903251814029,0.08084331096501456,0.20587953337694212,0.9963719430260682
cremad,11,candidate_mixer,native_tmc,0.05,7442,0.9752217145928515,0.6517508756495226,0.6507660098639657,0.9415080231517993,0.47484947021981216,0.03772177802266942,0.018145372142310167,0.019393366246740432,0.02921256923683719,0.01849295920625056,0.03663833134856075,0.04675668187881544,0.26003445365010475,0.5203601150064747,0.10466432750112939,0.4882721132469227,1.0,0.6280569739317388,0.626866574890298,0.9890425610957342,0.49999391034723384,0.050692880569663784,0.012362268207471064,0.01332150141530407,0.04226622256353824,0.01814028486965867,0.030502553077129756,0.04233573023056177,0.23520304051993368,0.5159903251814029,0.12989307598120484,0.455373369666599,0.9963719430260682
cremad,11,candidate_mixer,negative_entropy,0.005,7442,0.17496304756785808,0.636624879623325,0.6347261358453259,0.9651141476083334,0.4850731854383,0.034244779155587095,0.0030193761161124125,0.0033534922281006313,0.005606444780303021,0.0013419020634338522,0.0043612781795463055,0.0047002616387237465,0.020093330979803696,0.5203601150064747,0.019997233420224813,0.07616056302786109,1.0,0.6171728030099436,0.61510789504765,1.0224003423144503,0.5133464585174232,0.0595154964420879,0.001478097285675894,0.0015628215726561185,0.00890844134482213,0.0020155872077398285,0.0034936844934157223,0.004941188059652099,0.020906880654112264,0.5166621875839827,0.027180277958224086,0.07717061229350503,1.0
cremad,11,candidate_mixer,negative_entropy,0.01,7442,0.35488108035474336,0.6387466144845309,0.6368568745960688,0.9600634757900904,0.4827548733725375,0.03430709799662614,0.005141110977318184,0.005484230978843406,0.010657116598545959,0.0027236808637534312,0.007864791841071635,0.009669397753638042,0.04133393458483418,0.5203601150064747,0.03796738187993838,0.15455115966456798,1.0,0.6186509002956194,0.6165369344733822,1.0148932982022902,0.5105357358111398,0.05738941804916103,0.0029561945713517477,0.0029918609983883705,0.016415485456982296,0.004299919376511666,0.007256113947863413,0.01021409421749719,0.04315623970093082,0.5166621875839827,0.05003209810385217,0.15659879127983375,1.0
cremad,11,candidate_mixer,negative_entropy,0.02,7442,0.7001041386724,0.6409098687242237,0.6390556690126569,0.9521033350609541,0.47905610825024614,0.030910570240730822,0.007304365217011232,0.007683025395431655,0.01861725732768228,0.006802191224703093,0.014106556441714345,0.019509064456864886,0.08330489679133808,0.5203601150064747,0.06620529954940071,0.3045489062079336,1.0,0.6229508196721312,0.6207375175678685,1.0037119518409843,0.5060077103039087,0.05540819810510669,0.007256113947863408,0.0071924440928748164,0.02759683181828817,0.006987368986831436,0.01424348293469492,0.020720661355012795,0.08701011280107956,0.5166621875839827,0.08429472726092133,0.30861653136857825,1.0
cremad,11,candidate_mixer,negative_entropy,0.05,7442,1.0,0.6422270103557314,0.6404596724836631,0.9467897554281353,0.4766952029772792,0.039568774334994936,0.008621506848518918,0.009087028866437818,0.023930836960501092,0.009808638918849475,0.018430145767368417,0.02952760414117022,0.12755602471103938,0.5203601150064747,0.08548540074843851,0.4422525414389585,1.0,0.6233539371136791,0.6212425426870489,0.9972675152521433,0.5034903072626552,0.05444662013030825,0.007659231389411407,0.007697469212055147,0.03404126840712909,0.010749798441279186,0.018409029830690614,0.03199490324339532,0.13486690846995383,0.5166621875839827,0.10338459339002311,0.44710561387627334,1.0
cremad,11,convex_projection,analytic_pi_g2,0.005,7442,0.5456295350712175,0.6376607120248983,0.6356236777628894,0.9630875045192872,0.4832809489883655,0.032099685219153594,0.004055208517685778,0.004251034145664095,0.007633087869349154,0.0016235744582282108,0.0056787829759140296,0.004899691420171026,0.02649202421641917,0.6078154483103734,0.02764822513432802,0.075501459496768,0.8034728779633167,0.6181134103735555,0.6160305725396064,1.020528873831913,0.5114436322967633,0.05905531037606541,0.002418704649287793,0.0024854990646125904,0.010779909827359524,0.003090567051867717,0.00550927170115555,0.005844077711638142,0.028973568095028945,0.6030636925557645,0.032501093713530126,0.07833330413825693,0.8247782854071486
cremad,11,convex_projection,analytic_pi_g2,0.01,7442,0.9207034399355012,0.6395546721093527,0.63768668238634,0.9585471430745265,0.4806447553997451,0.03165544216078692,0.005949168602140135,0.006314038769114704,0.012173449314109863,0.002710753429991053,0.008659922032131248,0.008762081816498445,0.04662471166374095,0.607828193667604,0.04415826365426999,0.12859075622684657,0.8034728779633167,0.6205321150228433,0.6184637897316074,1.0151224918334953,0.5085842907865594,0.057345442468652655,0.004837409298575606,0.004918716256613718,0.016186291825776872,0.00537489922063955,0.010212308519215216,0.010584534129031422,0.05128187199339392,0.6033324375167965,0.048445363478276944,0.13246135749533525,0.8247782854071486
cremad,11,convex_projection,analytic_pi_g2,0.02,7442,1.0,0.6417039034914811,0.6399239808146312,0.9573947184270378,0.4800024794228547,0.031718221545042564,0.00809839998426852,0.008551337197405846,0.013325873961598431,0.002979316314491169,0.01107771629875975,0.009906717804423081,0.05234665382664266,0.6080967565521039,0.04838440711026012,0.14130159391571329,0.8034728779633167,0.6205321150228433,0.6185314787006665,1.0142984232368892,0.5081193769182334,0.056819451303977676,0.004837409298575598,0.004986405225672621,0.017010360422383214,0.005643644181671525,0.010481053480247183,0.011859265800734854,0.05751965550676704,0.6034668099973125,0.05068256009682953,0.14350348356805862,0.8247782854071486
cremad,11,convex_projection,analytic_pi_g2,0.05,7442,1.0,0.6417039034914811,0.6399239808146312,0.9573947184270378,0.4800024794228547,0.031718221545042564,0.00809839998426852,0.008551337197405846,0.013325873961598431,0.002979316314491169,0.01107771629875975,0.009906717804423081,0.05234665382664266,0.6080967565521039,0.04838440711026012,0.14130159391571329,0.8034728779633167,0.6205321150228433,0.6185314787006665,1.0142984232368892,0.5081193769182334,0.056819451303977676,0.004837409298575598,0.004986405225672621,0.017010360422383214,0.005643644181671525,0.010481053480247183,0.011859265800734854,0.05751965550676704,0.6034668099973125,0.05068256009682953,0.14350348356805862,0.8247782854071486
cremad,11,convex_projection,fixed,0.005,7442,0.10023851115291589,0.636048788488302,0.6339923123279866,0.9662143439844281,0.4853450850576776,0.03343428316278313,0.0024432849810894896,0.0026196687107612783,0.00450624840420837,0.00026801566670081015,0.002711300647790339,0.004190245878244636,0.020238135812694055,0.6080974858464351,0.01627954980951272,0.10023851115291582,1.0,0.6166353130878796,0.6145835413888984,1.0221144152123338,0.5135260810143277,0.05943491708026439,0.0009406073636119027,0.001038467913904488,0.009194368446938394,0.0010749798441278785,0.002015587207739822,0.00459115233889318,0.022231211339912783,0.6040042999193765,0.02718783479238012,0.10023851115291588,1.0
cremad,11,convex_projection,fixed,0.01,7442,0.22051867777479175,0.6379287276915991,0.6358747976003187,0.9618567376912678,0.4829905993781939,0.032007692079709084,0.004323224184386608,0.004502153983093383,0.008863854697368535,0.0019050647764907054,0.006228288960877334,0.009325967270090657,0.044979054807830446,0.6080974858464351,0.031872257957138966,0.22051867777479167,1.0,0.6186509002956194,0.6165997349807527,1.0143133435876452,0.51049567627382,0.0587415746062114,0.0029561945713517694,0.0030546615057589995,0.01699544007162714,0.0020155872077398233,0.004971781779091611,0.010232713993114153,0.04952119656064514,0.6040042999193765,0.05028386615729019,0.22051867777479167,1.0
cremad,11,convex_projection,fixed,0.02,7442,0.4506920182746574,0.6425188731070881,0.6406401567269189,0.9558973796539681,0.479373584897907,0.035143932212793015,0.008913369599875454,0.009267513109693622,0.014823212734668386,0.003555224384778536,0.012468593984654051,0.019582989761075822,0.0946025653898031,0.6080974858464351,0.053170379410835696,0.4506920182746573,1.0,0.6202633700618113,0.6181320039360547,1.0040563952099082,0.5056030905530696,0.051819832610400574,0.00456866433754364,0.00458693046106096,0.027252388449364236,0.006315506584251486,0.010884170921795167,0.021587686552231297,0.10437118016038725,0.6040042999193765,0.08049867775643454,0.4506920182746574,1.0
cremad,11,convex_projection,fixed,0.05,7442,0.8911146197258801,0.6498745809414739,0.6488408219811189,0.9508355023667429,0.4755851509394874,0.04503347512403528,0.016269077434261432,0.017468178363893663,0.01988509002189355,0.008695423991233705,0.024964501425495177,0.04128816564658944,0.20054709545530058,0.6080974858464351,0.07116492889482214,0.8911146197258802,1.0,0.623622682074711,0.621467479174908,0.995580740468124,0.500242611567252,0.04955456452288874,0.007927976350443388,0.007922405699914118,0.03572804319114837,0.01357162053211498,0.02149959688255841,0.04604409850768023,0.22347871154319962,0.6040042999193765,0.10467960641366245,0.8911146197258801,1.0
cremad,22,candidate_mixer,analytic_pi_g1,0.005,7442,0.08962980381617845,0.635574106075898,0.6321964927502943,0.9752034809969984,0.48509289180672505,0.04049584892013127,0.0024423736102264938,0.0029389559859947516,0.006628079156150232,0.001880486421096405,0.0043228600313228996,0.004158469835507472,0.025042323881068886,0.520515000866462,0.022600966659210794,0.04916573205681948,0.999731255038968,0.596748185971513,0.592262023196572,1.0725622388567537,0.5356870308251074,0.05674435084576052,0.0037624294544476786,0.004166032117662009,0.010201949148657321,0.002149959688255829,0.005912389142703527,0.003941059012871496,0.022791987262491955,0.4892502015587208,0.028436416837315185,0.048087435763242106,1.0
cremad,22,candidate_mixer,analytic_pi_g1,0.01,7442,0.1943496371943026,0.6387451489784425,0.6360950125345454,0.9688676658159813,0.4822802092417755,0.04198063632571394,0.005613416512770967,0.006837475770245753,0.012963894337167386,0.005704273690375057,0.011317690203146023,0.009262775750623002,0.05548747198952036,0.520515000866462,0.04452170331401655,0.10601574336487703,0.999731255038968,0.5987637731792529,0.5943419126266756,1.0625071905851684,0.5314807760497726,0.055354765112026465,0.0057780166621875665,0.006245921547765518,0.020256997420242513,0.004971781779091594,0.010749798441279159,0.008686618466461798,0.05001256576979772,0.4892502015587208,0.05699326877960405,0.1037195595159017,1.0
cremad,22,candidate_mixer,analytic_pi_g1,0.02,7442,0.35385649019080895,0.6437983199554812,0.6420108637764134,0.9590066839885533,0.4778205876578644,0.04138013223437177,0.010666587489809741,0.012753327012113808,0.02282487616459545,0.011664730049287137,0.02233131753909688,0.017104925192067556,0.10425138448361772,0.520515000866462,0.07774309898958938,0.19518460651914205,0.999731255038968,0.6054823972050524,0.6016115794268548,1.0480061480833043,0.5253870805782122,0.049093157317298144,0.01249664068798706,0.013515588347944807,0.03475803992210677,0.008599838753023328,0.021096479441010448,0.01654207929395668,0.0956311983013066,0.4892502015587208,0.09678609418734054,0.19089225141215918,1.0
cremad,22,candidate_mixer,analytic_pi_g1,0.05,7442,0.6314095673206127,0.649976540834707,0.6489028128866428,0.9438537739755901,0.4712579240523828,0.03448849527333799,0.016844808369035458,0.019645276122343278,0.03797778617755853,0.020529854309237067,0.03737466267827251,0.03153702012295523,0.1972027315115678,0.520515000866462,0.1291733862898933,0.35692364827210915,0.999731255038968,0.6123353937113679,0.609302582087804,1.0291359477451942,0.518014821211339,0.04882829953300408,0.019349637194302535,0.021206591008893938,0.053628240260216696,0.013974737973662967,0.03332437516796556,0.03225170530041425,0.18673761600858252,0.4892502015587208,0.14720679493345312,0.34736413200298516,1.0
cremad,22,candidate_mixer,analytic_pi_g2,0.005,7442,0.1445679924751411,0.6360853759891699,0.6327626368013779,0.9748630483555428,0.4848998351495868,0.03997973310447734,0.002953643523498257,0.0035051000370783163,0.00696851179760581,0.0027249573758838883,0.005678600899382164,0.004533229002982313,0.028598300881585666,0.519683275268905,0.024067071566499593,0.05399125356009906,0.999731255038968,0.597285675893577,0.5928395011666165,1.0722192200689153,0.5353456410837754,0.057416114226299955,0.004299919376511654,0.004743510087706394,0.010544967936495526,0.002149959688255829,0.0064498790647674826,0.004255915350566986,0.02587461926881994,0.48736898683149693,0.02983049710838226,0.052491584069400084,1.0
cremad,22,candidate_mixer,analytic_pi_g2,0.01,7442,0.29410776672937383,0.6389882221366853,0.6364343100024717,0.9682037321206416,0.48187431773486256,0.04236786857938707,0.005856489671013727,0.007176773238172258,0.01362782803250712,0.006535269993600856,0.01239175966461462,0.009340284474081867,0.05893973164566729,0.519683275268905,0.046681401610046795,0.11052444586027244,0.999731255038968,0.6001074979844128,0.5959687561899941,1.0623339551714472,0.5311202860792561,0.05523412080981717,0.0071217414673474455,0.007872765111084154,0.02043023283396375,0.0049717817790915836,0.01209352324643907,0.008919480897536702,0.05394227608930222,0.48804084923407687,0.05749831217277712,0.10750845696369632,1.0
cremad,22,candidate_mixer,analytic_pi_g2,0.02,7442,0.5120834453104005,0.6438238106699423,0.6419600732097451,0.9580715219040963,0.4771930932249163,0.045244818108018385,0.010692078204270749,0.012702536445445656,0.02376003824905243,0.01163923933482611,0.02233131753909688,0.016265023375333955,0.1020743517810315,0.519683275268905,0.08121028088955384,0.19739256048856868,0.999731255038968,0.6058855146466003,0.6021434201580543,1.0491703015698826,0.5256140183660012,0.05232966089963077,0.012899758129535015,0.014047429079144252,0.03359388643552843,0.008599838753023318,0.02149959688255839,0.016275546737255488,0.09715277680592067,0.48804084923407687,0.09319872066345362,0.1907871664511488,1.0
cremad,22,candidate_mixer,analytic_pi_g2,0.05,7442,0.7152915882827197,0.647316038551103,0.6461695795846979,0.950548604687386,0.4740569268166488,0.03830261024943302,0.014184306085431577,0.016912042820398307,0.031282955465762693,0.01674339075258323,0.03092769683801483,0.023507613891691065,0.145202198941776,0.5199520202299369,0.10763254004401789,0.2804684411304848,0.999731255038968,0.6091104541789841,0.6057553074459586,1.0397186420579585,0.5218083216261127,0.05250833568570429,0.016124697661918794,0.017659316367048632,0.043045545947452364,0.011152915882827132,0.027277613544745984,0.024119699039956696,0.14096531286751565,0.4887127116366568,0.11848997890721143,0.2695749932156715,1.0
cremad,22,candidate_mixer,analytic_pi_g3,0.005,7442,0.20943294813222252,0.6363273547118139,0.6331963278156185,0.9743005783927597,0.4846108425236829,0.039304376819554745,0.003195622246142426,0.003938791051319018,0.007530981760388924,0.0032879380124088767,0.006483560258551343,0.004654350693859927,0.029394910300740613,0.5156433651327106,0.02604782263863871,0.059221078425713856,0.9986437119141414,0.597420048374093,0.5930140053821742,1.0717955861992492,0.5350680497850513,0.057975337926465545,0.004434291857027628,0.00491801430326417,0.010968601806161812,0.0024187046492877965,0.006852996506315464,0.004479546666209576,0.02761779227377869,0.4778285407148616,0.030896502387621278,0.057203311651336367,0.999193765116904
cremad,22,candidate_mixer,analytic_pi_g3,0.01,7442,0.4079884439666756,0.6395512027732103,0.6370650467924435,0.9675696230133322,0.48151774221410154,0.0426241143837915,0.006419470307538716,0.007807510028143911,0.014261937139816556,0.006509779279139828,0.012929249586678584,0.009091320586283359,0.056661648519719485,0.517241084723414,0.04939456404093412,0.11651816077728606,0.9991810197596735,0.6003762429454448,0.5963239247310944,1.062650575364863,0.5311260467441442,0.05627643183029901,0.007390486428379407,0.008227933652184475,0.02011361264054792,0.0047030368180596355,0.012093523246439081,0.008853286654855802,0.054076942534367844,0.48091910776672936,0.05646563835386087,0.11173787362947635,0.999193765116904
cremad,22,candidate_mixer,analytic_pi_g3,0.02,7442,0.6953271969900564,0.6422371957712751,0.6404401454990916,0.9575951623439276,0.477046865453542,0.041127985609970885,0.009105463305603644,0.011182608734792097,0.024236397809221065,0.01080714859600172,0.019912611901605363,0.015800148830092037,0.09591837879835952,0.517777663274615,0.08327097314112417,0.20522005081645298,0.9991810197596735,0.6052136522440205,0.6014470875796262,1.050640267410832,0.5261954168274717,0.05517037967718019,0.012227895726955063,0.01335109650071611,0.03212392059457902,0.00886858371405531,0.021096479441010434,0.01644396328774508,0.09758308472788096,0.4833378124160172,0.08898604944483551,0.19605122220989546,0.9994625100779361
cremad,22,candidate_mixer,analytic_pi_g3,0.05,7442,0.7498589088954581,0.6457301519585635,0.6441633102804621,0.9560013309950086,0.476450113039051,0.042934517960009536,0.012598419492891932,0.014905773516162556,0.025830229158140018,0.01161301932603393,0.024211438818925863,0.017318566872652406,0.1043274853771986,0.517508918313583,0.08972812627900813,0.22373627276489952,0.9991810197596735,0.6053480247245364,0.601622091751629,1.0488680967461899,0.5254607564922541,0.055991270050538576,0.012362268207471076,0.013526100672718954,0.033896091259221,0.009540446116635265,0.021902714324106363,0.018046970678419774,0.10635166984072487,0.4828003224939532,0.09396836699016281,0.2129876701928649,0.9994625100779361
cremad,22,candidate_mixer,analytic_pi_selected,0.005,7442,0.18865896264445042,0.6374533159848639,0.6342871640160975,0.9742367354588815,0.4845764459394437,0.03919114204781534,0.004321583519192404,0.005029627251797854,0.007594824694267196,0.001880486421096405,0.006202069940288848,0.004374277413237242,0.026719422083577218,0.516487836087498,0.02628745422027476,0.057177115508571144,0.9989252022324039,0.597420048374093,0.5930092554397476,1.0721019357002348,0.5352802632068836,0.05739050692718726,0.004434291857027628,0.004913264360837612,0.010662252305176078,0.0024187046492877965,0.006852996506315464,0.004259487202217525,0.02598034205639495,0.47970975544208544,0.029847666971216564,0.054576256490384806,0.9994625100779361
cremad,22,candidate_mixer,analytic_pi_selected,0.01,7442,0.36763302875571086,0.6398197656577105,0.6373579178840766,0.9672890707261779,0.48152161371359575,0.042936661159645735,0.006688033192038851,0.008100381119777017,0.014542489426970855,0.006778342163639943,0.013466375355678815,0.0095848047891088,0.059302762572850436,0.5186356088809642,0.0503657832022673,0.11799833170510975,0.9994625100779361,0.6005106154259607,0.5963791538490603,1.0622306524249565,0.530989452291223,0.05473827902458902,0.007524858908895415,0.008283162770150268,0.020533535580454336,0.004971781779091606,0.012496640687987039,0.009150976411439077,0.05436979638884629,0.4828003224939532,0.05788107825680217,0.11243582610015872,0.9994625100779361
cremad,22,candidate_mixer,analytic_pi_selected,0.02,7442,0.6509708411717281,0.6413797973827252,0.6395286663721882,0.9572216407629919,0.47715190271018193,0.04233693332978247,0.008248064917053781,0.01027112960788872,0.024609919390156818,0.012470235638051929,0.02071830055510571,0.017693379106241806,0.10819531586146316,0.518903624547665,0.08456022771804739,0.21455555953620037,0.9994625100779361,0.6054823972050524,0.6017176267309875,1.0488977201585326,0.5253202667217076,0.0512919693232159,0.012496640687987021,0.01362163565207745,0.033866467846878315,0.009809191077667232,0.022305831765654333,0.017637050302648612,0.10261126448473146,0.4849502821822091,0.09480098797797783,0.204731387757736,0.999731255038968
cremad,22,candidate_mixer,analytic_pi_selected,0.05,7442,0.7500940607363613,0.6497079779502068,0.6487682756892669,0.9433278742736144,0.47110745620420297,0.034750055657587854,0.016576245484535325,0.01951073892496725,0.0385036858795343,0.0207978699759379,0.03737411546047323,0.030578461770509848,0.19716273100425458,0.5202469851997611,0.13115883095650122,0.34880797906376537,0.999731255038968,0.611394786347756,0.6083767085178986,1.031378732449071,0.5186860317108635,0.049205807180566066,0.01840902983069062,0.0202807174389886,0.05138545555633998,0.014243482934694922,0.0326525127653856,0.031451346750404396,0.1832339229606325,0.4891158290782048,0.14192485889349454,0.3365958167164437,1.0
cremad,22,candidate_mixer,fixed,0.005,7442,0.049761488847084125,0.6350114895924368,0.6315524408464068,0.9761984024701665,0.4856690999543655,0.04053520091966144,0.0018797571267652345,0.0022949040821071925,0.005633157682982152,0.001342996499032444,0.0032227536257976785,0.00397311388159227,0.019726115082927844,0.520515000866462,0.018875520304291148,0.049761488847084034,1.0,0.5948669712442892,0.5902295841996392,1.073521575339075,0.5363217404454723,0.05712981922929918,0.0018812147272238373,0.0021335931207291377,0.009242612666335966,0.002015587207739822,0.0038968019349636795,0.0037265564863911468,0.01880648888234122,0.4892502015587208,0.02583053805655656,0.049761488847084076,1.0
cremad,22,candidate_mixer,fixed,0.01,7442,0.10967481859715131,0.637428554564734,0.634491447405888,0.9704236433007692,0.483244802533843,0.041768300891714585,0.004296822099062545,0.005233910641588511,0.011407916852379301,0.004604350349585394,0.008901172448647977,0.008976631942196365,0.04433310681031454,0.520515000866462,0.0388426125281697,0.10967481859715127,1.0,0.5984950282182209,0.5941208109151351,1.0638976466405665,0.5325534237938958,0.05390014842420901,0.005509271701155582,0.0060248198362250795,0.01886654136484439,0.0038968019349636543,0.009406073636119274,0.008390062505154502,0.04215573349261245,0.4892502015587208,0.053192470434887444,0.10967481859715131,1.0
cremad,22,candidate_mixer,fixed,0.02,7442,0.2045552270894921,0.641380343612321,0.6392040898511046,0.9608436805408188,0.4790073399596859,0.04159374889263586,0.008248611146649355,0.009946553086805022,0.02098787961232987,0.01032301006238515,0.018571621209034522,0.01672973119495997,0.08561704407895117,0.520515000866462,0.07170897941077507,0.204555227089492,1.0,0.6029293200752486,0.5988790976240427,1.0492593365763363,0.526632684061129,0.04895626695026223,0.009943563558183226,0.010783106545132695,0.03350485142907458,0.007524858908895412,0.017468422467078717,0.01600947250982592,0.08247185078359796,0.4892502015587208,0.09331004710160337,0.20455522708949203,1.0
cremad,22,candidate_mixer,fixed,0.05,7442,0.40327868852459015,0.6526754612665342,0.6513763880494484,0.9441841853108826,0.47135775389466794,0.03588283899615803,0.019543728800862744,0.02211885128514891,0.03764737484226619,0.019469260487533842,0.03901298928839659,0.033219751171295754,0.18028235878328094,0.520515000866462,0.12734072887169018,0.40327868852459015,1.0,0.612201021230852,0.6090766495936067,1.0260298312302132,0.5172161108236137,0.043732069833446886,0.01921526471378656,0.02098065851469677,0.05673435677519782,0.01343724805159898,0.032652512765385604,0.033452523560854215,0.17960530909790937,0.4892502015587208,0.155825137678235,0.40327868852459015,1.0
cremad,22,candidate_mixer,max_confidence,0.005,7442,0.11957135178715397,0.6353057252679297,0.631815476468807,0.9760029025453933,0.48556893603707685,0.03901663407708497,0.0021739928022582226,0.0025579397045074697,0.0058286576077553895,0.001611923536596289,0.003785916338854532,0.004502447473059906,0.018957845728120523,0.520515000866462,0.020496118924672256,0.06639936700457286,1.0,0.5962106960494491,0.5916445596182658,1.073201112499227,0.5361845012679531,0.05625999074762655,0.003224939532383732,0.0035485685393557486,0.009563075506184137,0.00161246976619186,0.0048374092985755904,0.00442389036871405,0.02000597795660263,0.4892502015587208,0.027106255480011852,0.06689692667072988,1.0
cremad,22,candidate_mixer,max_confidence,0.01,7442,0.22459688255845203,0.6376976646670336,0.6346672027413939,0.9705763973077437,0.4832327562834212,0.03896773540804164,0.004565932201361967,0.005409665977094395,0.011255162845404969,0.0040677717983844675,0.008633703999746455,0.008585710258309934,0.03702684982678024,0.520515000866462,0.03898432011258361,0.12594028489223186,1.0,0.5984950282182209,0.5938896308115788,1.064712799210537,0.5329254840434506,0.05406211471564023,0.005509271701155585,0.0057936397326687015,0.01805138879487408,0.0030905670518677417,0.008599838753023345,0.0085864052114779,0.03963159011850604,0.4892502015587208,0.05029573326852015,0.126792043189197,1.0
cremad,22,candidate_mixer,max_confidence,0.02,7442,0.42946116635313086,0.6389381520786263,0.6364665280392136,0.9614653278585724,0.4792753435568683,0.04232417866155388,0.005806419612954686,0.007208991274914088,0.02036623229457623,0.009274978533176884,0.015081398146131608,0.01676375644936757,0.0733290360647322,0.520515000866462,0.07051344765206836,0.2426610934645442,1.0,0.6015855952700887,0.5973850417879558,1.0509319316953205,0.5274402645143174,0.053342507326676586,0.008599838753023345,0.00928905070904579,0.03183225631009051,0.007121741467347444,0.015721580220370807,0.017050568776135543,0.07967901960449794,0.4892502015587208,0.08800739190351375,0.2442359705103946,1.0
cremad,22,candidate_mixer,max_confidence,0.05,7442,0.6435366836871809,0.6429804331625498,0.6410820839887391,0.9531993531101143,0.47572136718574703,0.03958875370202587,0.009848700696878165,0.011824547224439578,0.028632207043034392,0.013573441297433653,0.023422141994311814,0.02550018825501929,0.11298395969700459,0.520515000866462,0.09944377328729094,0.3655238125820661,1.0,0.6062886320881483,0.6024025476176865,1.0395054881914236,0.5229526464642187,0.05144423830656552,0.013302875571082992,0.014306556538776535,0.04325869981398727,0.009406073636119299,0.022708949207202324,0.02652423385955193,0.1255033211044224,0.4892502015587208,0.11914562618953979,0.3677116043783586,1.0
cremad,22,candidate_mixer,native_pdf,0.005,7442,0.09482330018812146,0.6347427446314048,0.6314450933805295,0.9751095378626393,0.48531102236616913,0.03990225361242039,0.0016110121657332342,0.002187556616229851,0.00672202229050927,0.0018803043445645403,0.003491316510297794,0.0041892655099979945,0.02250494536969332,0.520515000866462,0.022626559899813665,0.04747594355636102,1.0,0.5950013437248052,0.5904542507430007,1.0729317129054856,0.5361544333154608,0.057319870478956016,0.0020155872077398424,0.0023582596640908155,0.009832475099925207,0.0025530771298037736,0.004568664337543636,0.004046921231760661,0.022048161776307973,0.4888470841171728,0.02779608028794938,0.04757370488397136,0.9973125503896801
cremad,22,candidate_mixer,native_pdf,0.01,7442,0.20449811878527277,0.6379256215203167,0.6350154102223446,0.9688647554537205,0.4826540448709228,0.044752869763817205,0.004793889054645246,0.00575787345804506,0.012966804699428092,0.005423330589911849,0.010217219644557074,0.00920566432956381,0.04937149368334773,0.520515000866462,0.043963600567232884,0.10238772196496655,1.0,0.5990325181402849,0.5947390981573573,1.0633133305480396,0.5324678196581376,0.05397605115963475,0.0060467616232195475,0.0066431070784471625,0.01945085745737132,0.004703036818059601,0.010749798441279188,0.008747108817936028,0.047617836351331454,0.4888470841171728,0.055021043677165746,0.10215481091610082,0.9973125503896801
cremad,22,candidate_mixer,native_pdf,0.02,7442,0.3991366568126848,0.6411496516582449,0.6390031361362455,0.9591188332957331,0.47836234000388833,0.03897601544911092,0.00801791919257338,0.009745599371945952,0.022712726857415558,0.011908349437125532,0.01992626862969889,0.018353543205182777,0.09879055066897424,0.520515000866462,0.07671772973609216,0.1998389599995578,1.0,0.6026605751142166,0.598894657594257,1.0484368855132122,0.5266248637629741,0.049534112409076916,0.009674818597151275,0.01079866651534697,0.034327302492198515,0.009002956194571313,0.018677774791722605,0.01757839613220995,0.09568520645239678,0.4888470841171728,0.09648713547057451,0.19907422297372543,0.9973125503896801
cremad,22,candidate_mixer,native_pdf,0.05,7442,0.6585393711367913,0.6486328150413433,0.6473836576943093,0.9484198325954127,0.4737173550753325,0.03991592167106576,0.015501082575671843,0.018126120930009794,0.0334117275577361,0.018701078611393886,0.03420216118706573,0.03114989464680073,0.1698333421860388,0.520515000866462,0.1135590719346475,0.3297162645422216,1.0,0.6068261220102124,0.6034515176605937,1.033213378296523,0.5207131625327933,0.0493391566829157,0.013840365493146925,0.015355526581683578,0.04955080970888795,0.014780972856758869,0.02862133834990589,0.030513448797899422,0.16666487077550418,0.4888470841171728,0.13876675390942497,0.3287958498056885,0.9973125503896801
cremad,22,candidate_mixer,native_qmf,0.005,7442,0.08986831496909432,0.632299641726847,0.6288125595026858,0.9760379882332442,0.48577314579110054,0.0406988852594411,-0.0008320907388244102,-0.00044497726161369646,0.005793571919904415,0.002993520260384004,0.0021614295215595936,0.00423622441284369,0.023035043486052273,0.520515000866462,0.019996652142491786,0.044995093910791206,1.0,0.5950013437248052,0.5903804712958749,1.0742498840938421,0.5366056419775369,0.05687825393200177,0.0020155872077398363,0.0022844802169649458,0.008514303911568752,0.0017468422467078303,0.003762429454447687,0.0036997039019052705,0.020987916595384182,0.48736898683149693,0.024243903817424944,0.04293572498659803,0.9952969631819404
cremad,22,candidate_mixer,native_qmf,0.01,7442,0.19954313356624565,0.6363014998442893,0.633357145973259,0.9700000653467253,0.4832943052955377,0.04741849838807712,0.003169767378617708,0.00409960920895941,0.011831494806423247,0.006523619071968934,0.00969338645058666,0.009492125808159977,0.05174838633187235,0.520515000866462,0.04080520912757933,0.09990687231939673,1.0,0.5990325181402849,0.5948501375342591,1.0651259399817035,0.5330485090435376,0.05146090769274533,0.006046761623219513,0.006754146455349117,0.017638248023707576,0.0034936844934156906,0.009540446116635263,0.008260889110570015,0.046979651697856,0.48736898683149693,0.05012065376496581,0.09531819750542145,0.9952969631819404
cremad,22,candidate_mixer,native_qmf,0.02,7442,0.3938726148884708,0.6432954196334529,0.6410509488857485,0.9618568240810068,0.47986712395013176,0.042358674420230336,0.010163687167781472,0.01179341212144902,0.019974736072141838,0.009760029425860161,0.01992371659364169,0.019246716469105928,0.10466154514605125,0.520515000866462,0.06857069915614133,0.19720338166779935,1.0,0.6019887127116367,0.5982713838995729,1.0518370398853887,0.5276266739075679,0.04769343519626685,0.009002956194571327,0.010175392820662928,0.03092714812002237,0.008599838753023337,0.017602794947594678,0.01660877686549176,0.09437409507407721,0.48736898683149693,0.08774237085305327,0.18809685782198401,0.9952969631819404
cremad,22,candidate_mixer,native_qmf,0.05,7442,0.678050255307713,0.6474795383356989,0.6462608260906391,0.9508221986580905,0.4752969617299426,0.04600879593330844,0.014347805870027427,0.017003289326339502,0.031009361495058063,0.0195592062942749,0.033907012164302294,0.034242229271968384,0.19100287287036727,0.520515000866462,0.10620130923966989,0.3394849344383123,1.0,0.6096479441010481,0.6065886530562978,1.0353628342020151,0.5210315373955056,0.04295806821610066,0.016662187583982746,0.018492661977387814,0.04740135380339598,0.013571620532114968,0.030233808116097775,0.029944027060607104,0.17214036099917485,0.48736898683149693,0.13301662613934234,0.3211075151255471,0.9952969631819404
cremad,22,candidate_mixer,native_tmc,0.005,7442,0.09482330018812146,0.6328374967901785,0.6293513830750433,0.9760575704157924,0.48585352776738566,0.038411106367757665,-0.0002942356754930083,9.384631074381265e-05,0.005773989737356219,0.0024562124148519078,0.0021619767393588995,0.004316313260570586,0.022855175026955575,0.520515000866462,0.020004682648564732,0.04747594355636103,1.0,0.5955388336468691,0.5909199503444655,1.073679046121756,0.5365831037985009,0.0569533986601958,0.0025530771298037515,0.0028239592655555433,0.009085141883654895,0.0012093523246438742,0.0037624294544476855,0.0036568632786116036,0.02112898432666555,0.48965331900026876,0.025702372069514038,0.04426208578042335,0.9969094329481322
cremad,22,candidate_mixer,native_tmc,0.01,7442,0.20449811878527277,0.636314063124988,0.6333784856643061,0.9702515369927129,0.4835378355124912,0.04471241916291072,0.0031823306593163586,0.004120948900006606,0.011580023160435814,0.005717930418468586,0.008900261077784966,0.009383026118178933,0.04993411463212707,0.520515000866462,0.04008461622253736,0.10238772196496655,1.0,0.5984950282182209,0.594102734444557,1.0646148887742544,0.5331762724091197,0.05379712756880727,0.005509271701155544,0.0060067433656468714,0.0181492992311567,0.0036280569739316885,0.00913732867508731,0.00798896982077699,0.046272300974790015,0.48965331900026876,0.05147441540978246,0.09560861771407327,0.9969094329481322
cremad,22,candidate_mixer,native_tmc,0.02,7442,0.40897944101048106,0.6403404986096207,0.6381140285327697,0.9621649757506666,0.4802419432919816,0.04158593848912012,0.0072087661439491045,0.008856491768470122,0.019666584402482097,0.010297519347924122,0.017506285491873226,0.019344292429550707,0.10253518726952522,0.520515000866462,0.06802393767388479,0.20476703880967848,1.0,0.6011824778285407,0.5971559043018966,1.050801519607055,0.5276927453970295,0.04850674749431503,0.008196721311475341,0.009059913222986484,0.0319626683983559,0.0076592313894114005,0.01585595270088682,0.01639326417717753,0.09465130667919716,0.48965331900026876,0.09081152079647409,0.1914793194515438,0.9969094329481322
cremad,22,candidate_mixer,native_tmc,0.05,7442,0.7035440741736092,0.6450735780554379,0.6436515466872773,0.9519294860509517,0.4762471650525864,0.040676778267518345,0.01194184558976636,0.01439400992297781,0.029902074102197078,0.019047753316267558,0.03098959890603396,0.03452960971112702,0.18652182632795428,0.520515000866462,0.10297818708539666,0.352249125210091,1.0,0.6072292394517603,0.6039527155775167,1.0348032597971233,0.5213720460545365,0.04549950743318804,0.014243482934694913,0.01585672449860673,0.04796092820828759,0.012631013168503045,0.026874496103198003,0.02977489015664627,0.17486385342663202,0.48965331900026876,0.13488914357183926,0.32764691980666594,0.9969094329481322
cremad,22,candidate_mixer,negative_entropy,0.005,7442,0.16437449610319807,0.635574106075898,0.6321073417836193,0.975875033274417,0.4854227942218451,0.039706916965128805,0.0024423736102264938,0.0028498050193195837,0.005956526878731579,0.001880486421096405,0.0043228600313228996,0.004662529758428688,0.02043087080088998,0.520515000866462,0.02057531721668222,0.07106679781882934,1.0,0.5962106960494491,0.5915809094743446,1.0728210050295321,0.5359708092851578,0.05654918581239316,0.003224939532383717,0.0034849183954346933,0.009943182975878696,0.0016124697661918446,0.00483740929857562,0.00459201238599914,0.021527020707706377,0.4892502015587208,0.028054206126175256,0.07161420014269149,1.0
cremad,22,candidate_mixer,negative_entropy,0.01,7442,0.29937852727761355,0.6371603568215015,0.634045793816128,0.9706809990222145,0.4831525863341558,0.04157512158378826,0.004028624355829891,0.0047882570518284415,0.011150561130934208,0.004336516759416448,0.008365141115246338,0.00869270695638218,0.03906385081308845,0.520515000866462,0.03886633018859096,0.1323302120843327,1.0,0.5983606557377049,0.5938082077477953,1.0648353605685583,0.5328267439376454,0.054423207430645965,0.00537489922063958,0.005712216668885169,0.01792882743685257,0.003493684493415694,0.008868583714055314,0.008699678940920217,0.04139828221014955,0.4892502015587208,0.05002740332771796,0.1333282342287232,1.0
cremad,22,candidate_mixer,negative_entropy,0.02,7442,0.5594699005643645,0.6403068213686516,0.6378745291440319,0.9621470343422678,0.47941369662598116,0.04110189047245177,0.007175088902980042,0.008616992379732328,0.019684525810880857,0.00953061398391462,0.016705702886894686,0.01675923129451549,0.07638481083883925,0.520515000866462,0.06821386110034804,0.2496134527878587,1.0,0.6017199677506047,0.5974311893281185,1.0519529452922363,0.5275552709901628,0.05348223104203968,0.008734211233539324,0.009335198249208435,0.030811242713174685,0.0071217414673474455,0.01585595270088683,0.017043975025071986,0.08185043683722588,0.4892502015587208,0.08534890522970587,0.2513866367154434,1.0
cremad,22,candidate_mixer,negative_entropy,0.05,7442,0.683381483472185,0.6408443112907155,0.6385571199850679,0.9585725354574856,0.4778126327949643,0.0384602017028039,0.007712578825044003,0.0092995832207683,0.02325902469566317,0.011680027442574872,0.019392606267618892,0.020560687491322307,0.09370772496899003,0.520515000866462,0.08137021446931474,0.30750196435917004,1.0,0.6045417898414405,0.6004220148936182,1.0464008241467373,0.5252903011625406,0.0514114125742126,0.01155603332437511,0.012326023814708187,0.03636336385867374,0.007524858908895399,0.019080892233270568,0.020908688126595888,0.10101670855133157,0.4892502015587208,0.10020851104410271,0.3094086920328436,1.0
cremad,22,convex_projection,analytic_pi_g2,0.005,7442,0.3985958075786079,0.6380044646114289,0.6349675287419861,0.9737127881345741,0.4843957287067085,0.038553317109059494,0.004872732145757315,0.005709991977686582,0.008118772018574607,0.001342996499032444,0.006215728644789802,0.0036363505566555858,0.019057774757315488,0.5864364779948533,0.025531814713174467,0.05851686933598218,0.6234378743948688,0.597151303413061,0.5924381311843322,1.0696099923179687,0.534584470379745,0.054171172516716916,0.0041655468959956405,0.004342140105422185,0.013154195687442333,0.0022843321687718026,0.0064498790647675025,0.004425267451031813,0.022270561357356174,0.5616769685568396,0.03541346252280491,0.06216259908108292,0.6456597688793335
cremad,22,convex_projection,analytic_pi_g2,0.01,7442,0.5373790647675356,0.6380046466879608,0.6350834394413597,0.9728690463272314,0.48401083368393727,0.038730345899411704,0.004872914222289181,0.005825902677060069,0.008962513825917338,0.0026861750745967522,0.007559089296885975,0.0055392840724847285,0.0288495847791753,0.5864362959183215,0.028986697251281685,0.07682009115995365,0.6234378743948688,0.5991668906208009,0.5945235072928338,1.0654526099953168,0.5326150033081853,0.05067846332101662,0.00618113410373552,0.006427516213923768,0.01731157801009405,0.00255307712980379,0.00873421123353933,0.0058405302412614995,0.029968970998062734,0.5622144584789035,0.04631242564977525,0.08103434639880007,0.6456597688793335
cremad,22,convex_projection,analytic_pi_g2,0.02,7442,0.6414740661112605,0.6388108815710567,0.6360959929984108,0.9725176584087784,0.48383420850414877,0.0379283073680189,0.005679149105385101,0.0068384562341112865,0.009313901744370277,0.003223664996660713,0.008902814102045875,0.007068336225357058,0.036444798280174585,0.5867050408793535,0.030450053673256948,0.09047329435823294,0.6234378743948688,0.6001074979844128,0.5955192739555236,1.0630568145693469,0.531396449951399,0.04901697721377742,0.007121741467347431,0.0074232828766136304,0.019707373436063977,0.0029561945713517503,0.010077936038699241,0.00698319954499422,0.035803213818079764,0.5620800859983875,0.05268712883648223,0.09500902919091223,0.6456597688793335
cremad,22,convex_projection,analytic_pi_g2,0.05,7442,0.6414740661112605,0.6388108815710567,0.6360959929984108,0.9725176584087784,0.48383420850414877,0.0379283073680189,0.005679149105385101,0.0068384562341112865,0.009313901744370277,0.003223664996660713,0.008902814102045875,0.007068336225357058,0.036444798280174585,0.5867050408793535,0.030450053673256948,0.09047329435823294,0.6234378743948688,0.6001074979844128,0.5955192739555236,1.0630568145693469,0.531396449951399,0.04901697721377742,0.007121741467347431,0.0074232828766136304,0.019707373436063977,0.0029561945713517503,0.010077936038699241,0.00698319954499422,0.035803213818079764,0.5620800859983875,0.05268712883648223,0.09500902919091223,0.6456597688793335
cremad,22,convex_projection,fixed,0.005,7442,0.0946351787153991,0.6355617258599349,0.6322813786434902,0.9754977489637201,0.4855439485973984,0.03746289067309565,0.002429993394263381,0.003023841879190645,0.006333811189428549,0.0010742515380004636,0.0035042449322638847,0.003423685383093423,0.01746510421853029,0.5872682035924104,0.019981777383187828,0.09463517871539905,0.8024724536414942,0.5954044611663531,0.5904399669437316,1.0713752792892615,0.53602913746734,0.0548572078271703,0.002418704649287795,0.0023439758648215875,0.01138890871614928,0.0009406073636119308,0.0033593120128997257,0.003570021354874566,0.018585828509562044,0.5636925557645794,0.030682863094391662,0.09463517871539905,0.8024724536414942
cremad,22,convex_projection,fixed,0.01,7442,0.19941883902176835,0.6382732095724608,0.6352002852431685,0.9704817555062184,0.48336143675276866,0.03845110698222533,0.005141477106789276,0.005942748478868966,0.01134980464693046,0.0018801222680326758,0.007021599374822014,0.0076040270725584525,0.03828303750701949,0.5872682035924104,0.03578957329777679,0.19941883902176832,0.8024724536414942,0.5976887933351249,0.5930809938175645,1.061478751105708,0.5323268718371166,0.0493161049132338,0.0047030368180596225,0.004985002738654479,0.02128543689970309,0.002553077129803792,0.0072561139478634325,0.00791370421115761,0.040498554512105545,0.5636925557645794,0.0574660080822129,0.19941883902176832,0.8024724536414942
cremad,22,convex_projection,fixed,0.02,7442,0.37335057780166625,0.643619158624534,0.6408899303981225,0.9638117781555997,0.4801923576568569,0.042155686892258855,0.010487426158862431,0.011632393633822954,0.018019781997548844,0.004323407249122205,0.014810833407984697,0.01417414852843352,0.07214762243760366,0.5872682035924104,0.056630147564968356,0.37335057780166614,0.8024724536414942,0.6013168503090567,0.5970122741177532,1.0497021975821903,0.5273645291644731,0.0440501658880197,0.008331093791991335,0.00891628303884306,0.0330619904232205,0.004568664337543641,0.012899758129535034,0.014897539226193681,0.07649799275695357,0.5636925557645794,0.08901628872636816,0.37335057780166625,0.8024724536414942
cremad,22,convex_projection,fixed,0.05,7442,0.432843993550121,0.6436187944714703,0.6410240658256988,0.9629563701296081,0.4796981462080058,0.04121180105473559,0.010487062005798724,0.011766529061399147,0.01887519002354058,0.005667132054282106,0.016154194060080868,0.01698066794696003,0.0874592109978379,0.5872682035924104,0.05959097713795351,0.432843993550121,0.8024724536414942,0.6023918301531846,0.5981883091164332,1.0472566893993127,0.5261913733122389,0.041635833094984885,0.009406073636119273,0.010092318037523171,0.03550749860609828,0.005778016662187536,0.015184090298306868,0.017352581103468958,0.09028990522429386,0.5636925557645794,0.09604822939429156,0.432843993550121,0.8024724536414942
cremad,33,candidate_mixer,analytic_pi_g1,0.005,7442,0.0945679924751411,0.6524462476651947,0.6514311537452144,0.940321181056577,0.4676730161331739,0.038950953922258044,0.0037465868197681306,0.003978272100568273,0.006424190936566497,0.0013681220722260308,0.00511470889199414,0.004482758185533113,0.02522620490440042,0.5403042824757035,0.022391265521086525,0.04843409545319158,1.0,0.6186509002956194,0.616684293851365,1.019024516715378,0.5131160962729941,0.05837605115916258,0.003224939532383719,0.0033326005434068297,0.007872323184460546,0.0014780972856758548,0.004703036818059634,0.004556680265055656,0.027600847060515046,0.5245901639344263,0.023573473086588765,0.04811956144687115,0.999865627519484
cremad,33,candidate_mixer,analytic_pi_g1,0.01,7442,0.18939129266326257,0.655655891780698,0.6547205379600711,0.9347905550263191,0.46521907145913366,0.0331348863203955,0.006956230935271547,0.007267656315425018,0.011954816966824374,0.0046405796266116165,0.011596810561883181,0.009212176808053668,0.05166361587494003,0.5405722981424044,0.041559916716430986,0.09668088227898897,1.0,0.6234883095941951,0.621568968618948,1.011981841233814,0.5099203317841823,0.05533228510251385,0.008062348830959395,0.008217275310989692,0.014914998666024573,0.0030905670518677456,0.011152915882827142,0.009331773691233718,0.0564167567780824,0.5247245364149422,0.04450494474275056,0.09614997469859875,0.999865627519484
cremad,33,candidate_mixer,analytic_pi_g1,0.02,7442,0.37876578876646066,0.6558603647141855,0.6551382174154396,0.9256433540295926,0.4610498249510103,0.036689659222113036,0.007160703868759075,0.007685335770793517,0.02110201796355086,0.011428932046689337,0.01858963591544841,0.018969089492857086,0.10608782832002926,0.5405722981424044,0.07332946422422244,0.1936349050151632,1.0,0.626175759204515,0.6243736007237661,1.0009278825888932,0.5045704362954782,0.055555903252431364,0.010749798441279176,0.011021907415807906,0.025968957310945374,0.008331093791991368,0.019080892233270585,0.019287248875408166,0.11643122800557529,0.5247245364149422,0.07806268074360777,0.19249586111249478,0.999865627519484
cremad,33,candidate_mixer,analytic_pi_g1,0.05,7442,0.8110151840902984,0.6633655524402138,0.6628654264133451,0.9134423382914666,0.4559285840185095,0.03704263765411166,0.014665891594787234,0.015412544768698981,0.03330303370167696,0.024907140400531956,0.03957303199531921,0.043618822018286735,0.24163356964901628,0.5405722981424044,0.11538544150362783,0.414315816544615,1.0,0.6322225208277344,0.6302963892839709,0.9858699800890641,0.4967975217834041,0.055018256497748316,0.016796560064498717,0.016944695976012603,0.04102685981077451,0.017871539908626676,0.034668099973125484,0.04484472447869611,0.2690196778065605,0.5247245364149422,0.12360576330697585,0.41160339994060197,0.999865627519484
cremad,33,candidate_mixer,analytic_pi_g2,0.005,7442,0.14952297769416822,0.6518825377343384,0.6510220713365064,0.9398993856161713,0.4673824942341775,0.036251221026996294,0.0031828768889119526,0.0035691896918602804,0.006845986376972219,0.0027364262209839453,0.005919303109895897,0.004741618971086748,0.028894698446643025,0.5389479943898451,0.023792417130336543,0.05170075769229089,1.0,0.6198602526202633,0.6178763115668211,1.0188256736020829,0.5128316561962332,0.057779809066090156,0.0044342918570276285,0.004524618258862803,0.00807116629775569,0.0014780972856758548,0.005912389142703543,0.004922565912992479,0.03167787601120586,0.5220370868046225,0.02444051302110465,0.051421143558578096,0.999865627519484
cremad,33,candidate_mixer,analytic_pi_g2,0.01,7442,0.29904595538833645,0.6539933519564471,0.6530778616674244,0.934031267354835,0.4646801997473146,0.034269577946382405,0.005293691111020623,0.00562498002277827,0.012714104638308497,0.006022358426931195,0.011316049537951857,0.009670711163250138,0.05865017814269881,0.5392165572743453,0.044143602738295165,0.10340151538458184,1.0,0.623622682074711,0.6217619345710992,1.0120167883292734,0.5095220933028118,0.05794779056504472,0.008196721311475372,0.008410241263140918,0.01488005157056527,0.0037624294544476695,0.011959150765923101,0.010074397468190003,0.06452245140902228,0.5231120666487503,0.04509965009058157,0.1028422871171563,0.999865627519484
cremad,33,candidate_mixer,analytic_pi_g2,0.02,7442,0.578050255307713,0.6558345098466608,0.6549481961750991,0.9252166236577832,0.4607245053876691,0.035893765785937004,0.007134849001234319,0.007495314530453047,0.02152874833536029,0.01226083972077817,0.01939568872201249,0.019419308166146978,0.1164215608179825,0.5397534999786098,0.07463417033138861,0.19993737278302423,1.0,0.6264445041655469,0.6245386058967217,1.0021171147097379,0.5045765001390476,0.05828866582424908,0.011018543402311155,0.011186912588763444,0.02477972519010086,0.009271701155603258,0.020290244557914495,0.020478677753187832,0.12955882913064834,0.5241870464928783,0.07525918409459166,0.1988997946232277,0.999865627519484
cremad,33,candidate_mixer,analytic_pi_g2,0.05,7442,0.8753560870733673,0.6601448046208777,0.6596103384615429,0.9196167667044711,0.4584145060361933,0.03697205479757804,0.011445143775451161,0.012157456816896792,0.027128605288672364,0.018705252536774953,0.030150396312226137,0.03073540913930733,0.1814551689371454,0.5405722981424044,0.09445280206366534,0.3016273664514309,1.0,0.6314162859446385,0.629579397588768,0.995392308836501,0.5009353005377456,0.057322369747762864,0.0159903251814028,0.01622770428080973,0.03150453106333762,0.012496640687987033,0.02848696586938989,0.03229509516639416,0.1996452240446054,0.5241870464928783,0.09621200805359108,0.2990513382956598,0.999865627519484
cremad,33,candidate_mixer,analytic_pi_g3,0.005,7442,0.20919443697930665,0.652969169488302,0.6521245131535196,0.9396036633782667,0.467175343091898,0.038572150750028615,0.004269508642875527,0.004671631508873528,0.007141708614876772,0.0027369734387832313,0.007006482081658738,0.00467079048823623,0.029037401551073812,0.5297882732659495,0.024698072046080485,0.05472240448738893,1.0,0.6201289975812954,0.6181924118849095,1.019007039899885,0.5127518978075573,0.05804975909496048,0.004703036818059614,0.00484071857695121,0.007889799999953631,0.0017468422467078221,0.006449879064767516,0.005085165343089363,0.03262301717224823,0.5092717011556034,0.023739462508973963,0.0545347218557659,0.999731255038968
cremad,33,candidate_mixer,analytic_pi_g3,0.01,7442,0.4183754367105617,0.6539933519564471,0.6529905602739957,0.9337153878384333,0.4644456453775923,0.03434340424851031,0.005293691111020662,0.005537678629349671,0.013029984154710154,0.006009430993168817,0.011303122104189477,0.009622518233234015,0.05923978526488607,0.5308756333260405,0.04523595923994415,0.10932819395997097,1.0,0.6233539371136791,0.6214845009821309,1.0126622145421336,0.5095793505278888,0.058075645731777537,0.007927976350443386,0.008132807674172649,0.01423462535770498,0.0038968019349636565,0.011824778285407123,0.010481320180397286,0.06640326221105837,0.5134372480515991,0.04327014309370931,0.10885931876731056,0.999731255038968
cremad,33,candidate_mixer,analytic_pi_g3,0.02,7442,0.7664371136791186,0.6553110408057541,0.6543664704644468,0.9260437771281514,0.46109074208652406,0.038001242856818905,0.006611379960327656,0.006913588819800694,0.020701594864992096,0.011698406302052468,0.0183097862623801,0.018441680494422564,0.11092374278965786,0.53221771845421,0.07193139911619834,0.20001142239160538,1.0,0.6273851115291589,0.6255654339725347,1.0046425803282415,0.5054469550136694,0.058978831422037366,0.011959150765923104,0.012213740664576601,0.02225425957159722,0.008331093791991345,0.020290244557914488,0.02026594931810883,0.12447407137271183,0.5155872077398549,0.0680811114957687,0.19876170861796325,0.999731255038968
cremad,33,candidate_mixer,analytic_pi_g3,0.05,7442,0.8753560870733673,0.6563827393194936,0.6555122961438101,0.9248286709049254,0.4606098818388083,0.03744718465699598,0.007683078474067167,0.00805941449916398,0.021916701088218162,0.013848001837244581,0.021531080311311766,0.021499580671138257,0.1286558902500312,0.5335614432593698,0.07659163835213424,0.22723836782549822,1.0,0.6283257188927708,0.6265526703523498,1.002954822415083,0.5044986891064409,0.05842907977453383,0.012899758129535017,0.013200977044391545,0.023942017484755603,0.0088685837140553,0.021768341843590375,0.023322306448497067,0.14099071905501454,0.5169309325450148,0.07355585741630037,0.22525003737449903,0.999731255038968
cremad,33,candidate_mixer,analytic_pi_selected,0.005,7442,0.18373757054555226,0.6529826441398637,0.6521769824300799,0.9394662708596688,0.467151522548137,0.039101426714557,0.004282983294437212,0.004724100785433711,0.007279101133474633,0.002442008468959073,0.006724991763396243,0.0045371970719437354,0.026733172940201853,0.5314367912208394,0.02519933205398344,0.05418027750797337,1.0,0.6198602526202633,0.6179090223982547,1.019186566030425,0.5129047246622752,0.05855523351779131,0.004434291857027628,0.004557329090296552,0.00771027386941371,0.0017468422467078221,0.006181134103735529,0.005058538110914661,0.03214165254790623,0.5111529158828272,0.02319403026821001,0.05394947655735247,0.999731255038968
cremad,33,candidate_mixer,analytic_pi_selected,0.01,7442,0.39240795485084656,0.6551193132294971,0.6539777855340233,0.9333520180289703,0.4643514943551076,0.03377683316757537,0.0064196523840706395,0.00652490388937718,0.013393353964173271,0.0054464503566438284,0.011866102740714465,0.009570604833220826,0.05640258472878351,0.5314386139625654,0.04653063737230364,0.11017553060265739,1.0,0.6237570545552271,0.6219005292565982,1.0125844168009472,0.5097266159216468,0.05684493880972235,0.008331093791991376,0.008548835948639914,0.014312423098891388,0.0036280569739316902,0.011959150765923106,0.01055769473554557,0.06607451939240024,0.514646600376243,0.04353344918766324,0.10935761806677978,0.999731255038968
cremad,33,candidate_mixer,analytic_pi_selected,0.02,7442,0.6510145122278957,0.6558609119319848,0.6549125203777425,0.9246837402168572,0.46053204546838133,0.037353617417954975,0.007161251086558381,0.007459638733096356,0.02206163177628629,0.011966969186552583,0.019128220273110966,0.01944439453932583,0.11534786899002183,0.5392303960789706,0.07654738144283968,0.2051449459395528,1.0,0.6264445041655469,0.6246188799071554,1.0025183615009172,0.5047292713558389,0.059027339483230044,0.011018543402311162,0.011267186599197142,0.024378478398921467,0.008868583714055304,0.01988712711636653,0.020665868551131665,0.1258802360799228,0.5221714592851384,0.07423887754823769,0.20275815745509781,0.999865627519484
cremad,33,candidate_mixer,analytic_pi_selected,0.05,7442,0.8110151840902984,0.6633655524402138,0.6628654264133451,0.9134423382914666,0.4559285840185095,0.03704263765411166,0.014665891594787234,0.015412544768698981,0.03330303370167696,0.024907140400531956,0.03957303199531921,0.043618822018286735,0.24163356964901628,0.5405722981424044,0.11538544150362783,0.414315816544615,1.0,0.6322225208277344,0.6302963892839709,0.9858699800890641,0.4967975217834041,0.055018256497748316,0.016796560064498717,0.016944695976012603,0.04102685981077451,0.017871539908626676,0.034668099973125484,0.04484472447869611,0.2690196778065605,0.5247245364149422,0.12360576330697585,0.41160339994060197,0.999865627519484
cremad,33,candidate_mixer,fixed,0.005,7442,0.04480650362805698,0.6511030690896303,0.6500706985587865,0.9419065811781273,0.4685725380612975,0.039285325522603096,0.002403408244203822,0.0026178169141403574,0.004838790815016257,0.0013681220722260308,0.003771530316429832,0.003758551491034301,0.017761091631239918,0.5405722981424044,0.017099731308275586,0.044806503628056875,1.0,0.6169040580489116,0.6148928160559703,1.0202623879881494,0.513967896871937,0.05888749978007498,0.0014780972856758496,0.001541122748012175,0.0066344519116892505,0.0010749798441278971,0.0025530771298037666,0.0037033388834940262,0.018837512267004444,0.5247245364149422,0.019747151456572097,0.04480650362805694,1.0
cremad,33,candidate_mixer,fixed,0.01,7442,0.0997614888470841,0.6526882263878387,0.6516524650881715,0.9364779330499989,0.4663109038033477,0.033673115556905615,0.003988565542412319,0.004199583443525277,0.010267438943144651,0.003298859639709629,0.007287425182121947,0.008534143973860263,0.04022232878866825,0.5405722981424044,0.03595669804504087,0.09976148884708406,1.0,0.6209352324643913,0.6190467916699643,1.0130058807583049,0.5109623637670093,0.056675434197396554,0.005509271701155569,0.005695098362006048,0.013890959141533692,0.0024187046492877883,0.007927976350443377,0.008400059316716975,0.0425775793063849,0.5247245364149422,0.04132029328861914,0.09976148884708409,1.0
cremad,33,candidate_mixer,fixed,0.02,7442,0.21437449610319806,0.6542761187868401,0.6535494187018489,0.9271937474781149,0.4621638914629015,0.03490021348252778,0.005576457941413614,0.006096537057202818,0.01955162451502876,0.00924146459286941,0.014817922534283,0.018587456022901724,0.08818033469245047,0.5405722981424044,0.06843560777366925,0.214374496103198,1.0,0.625235151840903,0.6234453342591689,1.0010713367185828,0.5054964116472925,0.05383780615099391,0.009809191077667277,0.010093640951210786,0.0258255031812558,0.006718624025799468,0.01652781510346676,0.01842254482863999,0.09403762976662604,0.5247245364149422,0.07699229039995534,0.21437449610319806,1.0
cremad,33,candidate_mixer,fixed,0.05,7442,0.513168503090567,0.6641823457857504,0.6635635438630382,0.9128059348743495,0.45563083199898985,0.046223682758885054,0.01548268494032391,0.0161106622183921,0.033939437118793964,0.02330905566856106,0.03879174060888501,0.0469806113328193,0.225334635597042,0.5405722981424044,0.11816795614133312,0.513168503090567,1.0,0.6318194033861865,0.6298607504886512,0.9810322634113426,0.49524606281850647,0.05184756440341515,0.01639344262295076,0.016509057180692982,0.04586457648849603,0.018274657350174646,0.034668099973125484,0.046877677448919894,0.2429338192490852,0.5247245364149422,0.13622679795288067,0.5131685030905672,1.0
cremad,33,candidate_mixer,max_confidence,0.005,7442,0.1096546627250739,0.6516409241529617,0.6505132711389487,0.9413514206147392,0.46822411725734236,0.03523590263301829,0.0029412633075351848,0.003060389494302639,0.0053939513784042265,0.0010995591877259148,0.004040822495261118,0.004418919901071911,0.017675028006613493,0.5405722981424044,0.01900866435573388,0.06225355473582023,1.0,0.6174415479709755,0.6154938310710615,1.0194282127272472,0.5136685107108174,0.05988493639834619,0.002015587207739803,0.0021421377631032842,0.00746862717259155,0.0005374899220639465,0.0025530771298037705,0.0045596276596325674,0.021005920084677342,0.5247245364149422,0.02208117962969603,0.06284029624236903,1.0
cremad,33,candidate_mixer,max_confidence,0.01,7442,0.234416151572158,0.6524203927976698,0.6514713795709473,0.9362473179258605,0.4660339288469449,0.0347275003852247,0.0037207319522433533,0.004018497926301126,0.010498054067283063,0.004090526423849006,0.007811258376092379,0.00965551519641302,0.03828718447404513,0.5405722981424044,0.03704182361797795,0.13346682622071648,1.0,0.6205321150228433,0.6184723563541994,1.0120680241599516,0.5105982987992498,0.05720858309929547,0.005106154259607615,0.005120663046241125,0.01482881573988712,0.0025530771298037866,0.0076592313894113815,0.009914770639668908,0.04535999661073726,0.5247245364149422,0.043812750419096484,0.1347202919433591,1.0
cremad,33,candidate_mixer,max_confidence,0.02,7442,0.4688155065842516,0.6537249711484788,0.6527757017297324,0.9285273308220232,0.4625890904954338,0.040886889709770884,0.00502531030305241,0.005322820085086339,0.018218041171120265,0.008450892244328604,0.013476202547380994,0.019776231032620686,0.0782167945378523,0.5405722981424044,0.06428325607898816,0.2668151730925317,1.0,0.624832034399355,0.622883775827339,1.0012249969420526,0.5056147489368429,0.056453889786988856,0.009406073636119274,0.009532082519380826,0.02567184295778595,0.00550927170115554,0.014915345337274896,0.020299345034143785,0.09258141242782612,0.5247245364149422,0.0762245521020846,0.269260661515841,1.0
cremad,33,candidate_mixer,max_confidence,0.05,7442,0.9018005912389142,0.6604370354781127,0.6598496431840112,0.9198840045538105,0.4589210879996554,0.04436513031179023,0.011737374632686239,0.012396761539365062,0.026861367439333015,0.014114741980018648,0.025852116612704926,0.0400299192710337,0.15613655724558437,0.5405722981424044,0.09483349306179358,0.5159559464445039,1.0,0.6284600913732867,0.6265187858754653,0.988118274233989,0.49891490571314456,0.05607230261316604,0.013034130610051037,0.013167092567507073,0.03877856566584963,0.011152915882827165,0.0241870464928782,0.04122116988301034,0.18709560354745564,0.5247245364149422,0.1148253212196993,0.5199563957708749,1.0
cremad,33,candidate_mixer,native_pdf,0.005,7442,0.08961300725611396,0.6508215787713678,0.6498251077793239,0.9412972573216487,0.46833826663098266,0.03534621217758516,0.0021219179259412877,0.002372226134677797,0.005448114671494965,0.0021863730182213356,0.004308290944162642,0.004188812016583149,0.02294905632331947,0.5405722981424044,0.019129484403910137,0.04486727162115649,1.0,0.6181134103735555,0.6160567937113963,1.0205337638305592,0.5140311908327411,0.05936830925627038,0.0026874496103197303,0.0027051004034379447,0.006363076069279396,0.0010749798441278843,0.003762429454447674,0.004226615936350714,0.024012883868055314,0.5247245364149422,0.0195343451803304,0.04537289853924939,0.9967750604676162
cremad,33,candidate_mixer,native_pdf,0.01,7442,0.19432948132222522,0.6518982012570973,0.6511464381107351,0.9358242503355886,0.46609215672614646,0.03584666640699687,0.0031985404116707996,0.003693556466088983,0.01092112165755486,0.005444626626714086,0.008643167038384905,0.009271775581131302,0.05074763518169485,0.5405722981424044,0.03812835517913041,0.0972965093484025,1.0,0.6208008599838754,0.6190342999297967,1.0139381820696416,0.5112464664634255,0.05774121962662209,0.005374899220639547,0.005682606621838485,0.012958657830197045,0.003224939532383723,0.00859983875302333,0.00931569743450646,0.05281439042864059,0.5247245364149422,0.03948917942539925,0.09824540652433798,0.9967750604676162
cremad,33,candidate_mixer,native_pdf,0.02,7442,0.38889747379736633,0.6558754800309413,0.6553829079245658,0.9280644991474524,0.46281366446294075,0.03673975882484517,0.0071758191855149055,0.007930026279919587,0.018680872845691136,0.01034157099839463,0.017517390183909555,0.01921374919956754,0.10512853406098654,0.5405722981424044,0.0651925701961093,0.19471243586618506,1.0,0.6238914270357431,0.6222511511706342,1.0043155307044345,0.5068889336373564,0.0540796442094366,0.008465466272507327,0.008899457862676005,0.022581309195404083,0.00752485890889541,0.015990325181402795,0.019211839256775696,0.10874191803373927,0.5247245364149422,0.06896541706341028,0.19641218329839039,0.9967750604676162
cremad,33,candidate_mixer,native_pdf,0.05,7442,0.7869893845740392,0.6595938400472522,0.6590724668450433,0.9190369045604442,0.45904626466888054,0.03595737316973049,0.010894179201825538,0.0116195852003971,0.027708467432699398,0.022503732156328157,0.0333979113581537,0.04124275240286011,0.22499321283718415,0.5405722981424044,0.0963809595331415,0.3940283695740636,1.0,0.6285944638538027,0.6267790919129242,0.9929563660371025,0.5013143996211478,0.05359587013395772,0.013168503090567009,0.01342739860496602,0.033940473862736194,0.016662187583982753,0.029830690674549798,0.04177179470102823,0.23614730358865474,0.5247245364149422,0.10355177055028383,0.3981109235070619,0.9967750604676162
cremad,33,candidate_mixer,native_qmf,0.005,7442,0.08986831496909432,0.6508086513376053,0.6497976490748405,0.940831327154276,0.46823366163266195,0.03653788760669256,0.0021089904921789294,0.002344767430194387,0.005914044838867586,0.0019311027087510195,0.004040093200929949,0.0043695346954165356,0.0245148387664655,0.5405722981424044,0.020620924434657475,0.044995093910791206,1.0,0.6183821553345875,0.6164349175503814,1.0202520188047275,0.5140006476804312,0.05910522655439527,0.0029561945713516974,0.0030832242424231487,0.006644821095111113,0.0008062348830959168,0.0037624294544476747,0.004055034674242889,0.02381174686060542,0.5229776941682344,0.020162329738997772,0.041089900557634715,0.9962375705455523
cremad,33,candidate_mixer,native_qmf,0.01,7442,0.18939129266326257,0.6524072832873756,0.6515895476209439,0.9350889086359665,0.4658592154687011,0.03486946850593377,0.00370762244194911,0.004136665976297774,0.011656463357176848,0.0043720167421115,0.00807963918406063,0.009183966699157413,0.05178850022413664,0.5405722981424044,0.04045702802568641,0.09482406482308743,1.0,0.6205321150228433,0.6187925904386684,1.0140338023610245,0.5113304614215054,0.057988029956824796,0.0051061542596075715,0.0054408971307101615,0.012863037538814088,0.0028218220908357372,0.007927976350443388,0.008606750677428419,0.05087889246147961,0.5229776941682344,0.038849321678703586,0.08682936129623894,0.9962375705455523
cremad,33,candidate_mixer,native_qmf,0.02,7442,0.38395592582639076,0.654519921239414,0.6538375480271805,0.9266487961309642,0.46235442233471097,0.035258001059676705,0.005820260393987544,0.006384666382534495,0.020096575862179344,0.010878514690862996,0.01669877508485052,0.019299684658807627,0.10895457069453557,0.5405722981424044,0.06962586294397731,0.1922383003050803,1.0,0.6232195646331631,0.6212597952824217,1.0040823243100294,0.5067772922614255,0.05375318902904422,0.007793603869927391,0.007908101974463504,0.02281451558980907,0.007390486428379428,0.01518409029830688,0.017908330750445924,0.10570118093687618,0.5229776941682344,0.06922545821589877,0.17588542677923302,0.9962375705455523
cremad,33,candidate_mixer,native_qmf,0.05,7442,0.8070612738511154,0.6601562734659778,0.6594974697810491,0.9166354630638411,0.4584360163051073,0.036982827566837566,0.01145661262055122,0.01204458813640285,0.03010990892930238,0.02466625611348634,0.03612286873403758,0.04346652233090028,0.24437423537130334,0.5405722981424044,0.10399630196094077,0.40407789941018796,1.0,0.6300725611394786,0.6281730958925736,0.9913837854254849,0.5004623600641499,0.05210085014352708,0.014646600376242908,0.014821402584615388,0.03551305447435362,0.01693093254501473,0.03157753292125768,0.04065736486754092,0.23801372159253684,0.5229776941682344,0.10763628798637016,0.3700442803726875,0.9962375705455523
cremad,33,candidate_mixer,native_tmc,0.005,7442,0.0997614888470841,0.6524595402402243,0.6514656976671022,0.9402382197824553,0.46810818771604873,0.03484387120726857,0.0037598793947979103,0.004012816022455998,0.0065071522106882685,0.002185643723890165,0.005945523118688095,0.004714161150151737,0.026335872863795115,0.5405722981424044,0.02273441683490413,0.049948388081676114,1.0,0.6186509002956194,0.6167346612235369,1.0193962304496929,0.5137035468699981,0.059633499555327894,0.0032249395323836927,0.0033829679155787376,0.00750060945014594,0.0010749798441278843,0.004299919376511657,0.004394498097183705,0.025290128591818298,0.5240526740123622,0.022833319106365327,0.047181813380877506,0.9981187852727761
cremad,33,candidate_mixer,native_tmc,0.01,7442,0.20447796291319537,0.6521520129779053,0.651318060490795,0.9343380527292058,0.4657701909324169,0.035892483839753214,0.003452352132478795,0.0038651788461487925,0.012407319263937748,0.005176610960013276,0.008628963092492071,0.009736627371340189,0.05447033257355922,0.5405722981424044,0.04315789401727372,0.10237762580892212,1.0,0.6206664875033593,0.6188554314828358,1.0127671996758774,0.510935669953739,0.057615770478046564,0.005240526740123586,0.005503738174877576,0.014129640223961154,0.0036280569739316764,0.008868583714055323,0.009118852615351463,0.052550271158957176,0.5240526740123622,0.042804764781978456,0.09671510420356523,0.9981187852727761
cremad,33,candidate_mixer,native_tmc,0.02,7442,0.39408761085729643,0.6545441354417446,0.6536251344532624,0.9261035215278842,0.46239936878862903,0.03605004539745876,0.005844474596318116,0.006172252808616345,0.02064185046525922,0.010315716130869873,0.01616019072718799,0.019308939553925566,0.10803903717167748,0.5405722981424044,0.07167899656083929,0.19731101164534517,1.0,0.6230851921526471,0.6210555631663757,1.0031319728908323,0.5066124667184542,0.05348577910356311,0.007659231389411395,0.007703869858417451,0.023764867009006183,0.006987368986831471,0.014646600376242908,0.01804240107113494,0.10393165952993451,0.5240526740123622,0.07219570920360967,0.18649442170177624,0.9981187852727761
cremad,33,candidate_mixer,native_tmc,0.05,7442,0.8423743617307176,0.6612144973281555,0.6606041739311931,0.9162924131416429,0.458606338172727,0.0370836716057592,0.012514836482729103,0.013151292286547026,0.030452958851500594,0.023322530320122745,0.03583736680285187,0.044597054494497364,0.24853311338768133,0.5405722981424044,0.10533954875882404,0.4217583818002532,1.0,0.6281913464122548,0.626310599416664,0.9896325434421279,0.5000375265197717,0.050397903554702354,0.012765385649019025,0.012958906108705783,0.03726429645771076,0.016662187583982743,0.02942757323300183,0.0416610793732553,0.23835105409085391,0.5240526740123622,0.1130230855353011,0.39930703919518173,0.9981187852727761
cremad,33,candidate_mixer,negative_entropy,0.005,7442,0.14454783660306367,0.6513851066256919,0.6502064733686587,0.9416350633570726,0.46833260080283595,0.03530681260665981,0.002685445780265562,0.002753591724012486,0.005110308636070968,0.0008180688694634203,0.003503514649729022,0.004454218032245451,0.0191196668525675,0.5405722981424044,0.01809788471446173,0.06426278303821088,1.0,0.6173071754904595,0.6153601825697107,1.0193503628940679,0.5135784114130513,0.05941457043681466,0.0018812147272238183,0.0020084892617524925,0.00754647700577064,0.0005374899220639465,0.0024187046492877857,0.004560193237271622,0.02056755396910155,0.5247245364149422,0.022198550599156583,0.06535286184433356,1.0
cremad,33,candidate_mixer,negative_entropy,0.01,7442,0.3042024993281376,0.6518965596036993,0.6507862164551803,0.9367408255068598,0.46617039873566446,0.03599174149654809,0.0031968987582729216,0.003333334810534135,0.010004546486283728,0.003004441887684755,0.006201340645957697,0.009521018615975079,0.040877476188904,0.5405722981424044,0.03536986096648744,0.13551960677485153,1.0,0.6205321150228433,0.6185589332601958,1.0124094322528034,0.5105906650815326,0.058392031343032544,0.005106154259607619,0.005207239952237606,0.014487407647035181,0.0026874496103197606,0.007793603869927379,0.009792869121564036,0.044152001252868896,0.5247245364149422,0.042671597912418424,0.13782691707480688,1.0
cremad,33,candidate_mixer,negative_entropy,0.02,7442,0.6135816984681538,0.6542855808372748,0.6531871321169619,0.9292223008288968,0.4627531486747079,0.03847849741512925,0.005585919991848351,0.005734250472315785,0.017523071164246704,0.007606968507340427,0.013192888499188758,0.019675090722038855,0.08439484644962533,0.5405722981424044,0.0618437303187796,0.27293745136988223,1.0,0.624428916957807,0.6225218273142477,1.0018595277590316,0.5056355991227587,0.055906117418958574,0.009002956194571305,0.00917013400628946,0.02503731214080688,0.005778016662187546,0.014780972856758888,0.020299582035841094,0.09122460205693594,0.5247245364149422,0.07417188039176696,0.2776050449891361,1.0
cremad,33,candidate_mixer,negative_entropy,0.05,7442,0.9376780435366837,0.6593635132344435,0.6584041678052959,0.9243130214798678,0.46072312217125644,0.045010805959029315,0.01066385238901696,0.010951286160649661,0.022432350513275724,0.011430390635351638,0.02209424302436862,0.031314468863491485,0.13342165968024697,0.5405722981424044,0.0794736811501034,0.421904412133019,1.0,0.625772641762967,0.6237743061334717,0.993197503957464,0.5012903378700617,0.05527613477596697,0.010346680999731211,0.010422612825513522,0.03369933594237469,0.00967481859715126,0.020021499596882514,0.03219974604258808,0.1437679598254602,0.5247245364149422,0.09926192221959895,0.4288025416656067,1.0
cremad,33,convex_projection,analytic_pi_g2,0.005,7442,0.4075786079011019,0.6522020810595569,0.6511354677275034,0.9416870513058349,0.46784181542253656,0.032490176988562366,0.00350242021413039,0.0036825860828571884,0.005058320687308634,0.0013551946384636523,0.004857614852594083,0.004781410773019471,0.02578367241429438,0.646439668627906,0.017484656979431152,0.056244714823329926,0.8421364584342506,0.6175759204514916,0.6156020840089909,1.018443471491201,0.5126367492408481,0.056975816891640815,0.0021499596882558008,0.002250390701032558,0.008453368408637621,0.001478097285675874,0.0036280569739316937,0.0046184370776260935,0.02489473589027988,0.624025799516259,0.024385588780358444,0.057060536873661735,0.8353937113679119
cremad,33,convex_projection,analytic_pi_g2,0.01,7442,0.7410675893576995,0.6546073120454868,0.6536597044649521,0.9386597986894955,0.4660952056512617,0.03295908899197785,0.0059076512000602825,0.006206822820305963,0.008085573303648131,0.001905429917758127,0.007813081117818407,0.009296701253079622,0.049178206907302235,0.646721524087436,0.027748035243719184,0.10330685922208724,0.8421364584342506,0.6199946251007794,0.6182037069433206,1.012727883772677,0.5096278048360073,0.053276144606947955,0.004568664337543622,0.004852013635362349,0.014168956127161575,0.002687449610319752,0.007256113947863413,0.008923573525595372,0.047326751334809444,0.624832034399355,0.040463736925184145,0.10480111347022343,0.8353937113679119
cremad,33,convex_projection,analytic_pi_g2,0.02,7442,0.8909365761891965,0.6556944910172496,0.6548921268273505,0.9377156412371533,0.46554230271663766,0.034792557137895544,0.006994830171823102,0.007439245182704445,0.009029730755990267,0.0035428441688154437,0.010537674340638568,0.01176605807096718,0.06168285052375929,0.6486020105085325,0.030851753793893943,0.1250594441979939,0.8421364584342506,0.6212039774254233,0.6193141895016434,1.0101417231193521,0.5082149466920675,0.05160343422348453,0.00577801666218757,0.005962496193685151,0.01675511678048663,0.0032249395323837074,0.009002956194571294,0.011199297369882276,0.05926246037270028,0.624294544477291,0.047634530465276555,0.127486936095276,0.8353937113679119
cremad,33,convex_projection,analytic_pi_g2,0.05,7442,0.8909365761891965,0.6556944910172496,0.6548921268273505,0.9377156412371533,0.46554230271663766,0.034792557137895544,0.006994830171823102,0.007439245182704445,0.009029730755990267,0.0035428441688154437,0.010537674340638568,0.01176605807096718,0.06168285052375929,0.6486020105085325,0.030851753793893943,0.1250594441979939,0.8421364584342506,0.6212039774254233,0.6193141895016434,1.0101417231193521,0.5082149466920675,0.05160343422348453,0.00577801666218757,0.005962496193685151,0.01675511678048663,0.0032249395323837074,0.009002956194571294,0.011199297369882276,0.05926246037270028,0.624294544477291,0.047634530465276555,0.127486936095276,0.8353937113679119
cremad,33,convex_projection,fixed,0.005,7442,0.08465466272507391,0.6516665969439545,0.6505549116306679,0.9423942125264813,0.4686968576676573,0.03559920279806642,0.002966936098528056,0.0031020299860217465,0.004351159466662257,0.0005365785512009261,0.003503514649729022,0.004317833156684879,0.020386564595802265,0.6469640490396759,0.014805773317370896,0.08465466272507385,1.0,0.6159634506852997,0.6140253161922706,1.0195198657409377,0.513927717893012,0.05797016443595637,0.0005374899220639573,0.0006736228843124942,0.007376974158900991,0.0005374899220639379,0.0010749798441278952,0.004122390212755229,0.01922495293785152,0.6230851921526471,0.020759023150245182,0.08465466272507387,1.0
cremad,33,convex_projection,fixed,0.01,7442,0.1792058586401505,0.6516407420764299,0.6506246506534408,0.9389763102210266,0.467005318590533,0.03545642852673345,0.0029410812310033396,0.003171769008794592,0.007769061772116891,0.0019041534056276706,0.0048452346366310095,0.009191377532724743,0.04328952729876564,0.6469640490396759,0.026412363959908203,0.17920585864015046,1.0,0.6178446654125235,0.6158108853221864,1.01361008610247,0.5113533555675325,0.054140407423910936,0.0024187046492877913,0.00245919201422811,0.013286753797368638,0.0014780972856758585,0.0038968019349636695,0.008798842355128325,0.04104504293627218,0.6230851921526471,0.03740004758478717,0.17920585864015046,1.0
cremad,33,convex_projection,fixed,0.02,7442,0.36832504703036817,0.6538149169552199,0.6529100816174261,0.9344597114328438,0.46434282468291327,0.03880108348693837,0.005115256109793406,0.005457199972779995,0.012285660560299661,0.0040521082756256,0.009167364385419067,0.019366209209908444,0.09126443487508584,0.6469640490396759,0.041411079459072166,0.36832504703036817,1.0,0.6220102123085192,0.6202077337302845,1.0047171307107725,0.506760867479655,0.05357531750026152,0.006584251545283461,0.006856040422326157,0.02217970918906606,0.002687449610319779,0.009271701155603277,0.018559582415043685,0.08670467181157827,0.6230851921526471,0.061853924222238524,0.36832504703036817,1.0
cremad,33,convex_projection,fixed,0.05,7442,0.552076054823972,0.6551311472158646,0.6539729287513806,0.9308823482434405,0.4616910072047968,0.041603915439124964,0.00643148637043812,0.0065200471067344504,0.015863023749703123,0.008912277140684308,0.015343763511122425,0.029310412686094068,0.14189918456494285,0.6469640490396759,0.05278979075958392,0.552076054823972,1.0,0.6232195646331631,0.6213145734563982,0.9979916756083476,0.5025483425675936,0.04895498273477682,0.007793603869927393,0.007962880148439854,0.028905164291491127,0.006584251545283484,0.014377855415210914,0.027425911932242298,0.12997706312488344,0.6230851921526471,0.07922503849040778,0.552076054823972,1.0
cremad,44,candidate_mixer,analytic_pi_g1,0.005,7442,0.09010682612201022,0.6299131843877733,0.6273710326272456,0.9732289937307552,0.4935539125011864,0.04196956882707103,0.0051542204876124055,0.005500044289081159,0.006499466973586356,0.0021472255756667586,0.007301446063279206,0.00420948232734836,0.025135759282451663,0.5074050461276045,0.022877956363226263,0.047306850941506814,0.9994626921544679,0.6054823972050524,0.6017561881971876,1.051097414788941,0.5276312478166336,0.06636252982085887,0.001881214727223825,0.001991800301007095,0.009080489054702642,0.0013437248051598532,0.0032249395323837187,0.004115329644664232,0.024991634917800567,0.49596882558452027,0.025198189771688462,0.04639475197110544,1.0
cremad,44,candidate_mixer,analytic_pi_g1,0.01,7442,0.19530368180596613,0.6323690326495615,0.6300097025243525,0.9668423113195654,0.4902047051525415,0.03605253679304907,0.007610068749400605,0.008138714186188134,0.012886149384776089,0.005393463121260166,0.01300353187066079,0.009238348915513186,0.0552469797718752,0.5074050461276045,0.04577488143560739,0.10241798180220775,0.9994626921544679,0.610051061542596,0.6068578234909799,1.042445113824856,0.5237363598100092,0.06371036935192184,0.006449879064767473,0.007093435594799461,0.01773279001878745,0.004165546895995646,0.01061542596076316,0.008954511510743312,0.05441538009214896,0.49596882558452027,0.05025036333439412,0.100561813762458,1.0
cremad,44,candidate_mixer,analytic_pi_g1,0.02,7442,0.39530704111797904,0.6361401988129276,0.6345042760657239,0.9566988317724903,0.48463558582912863,0.037115529271096556,0.011381234912766687,0.012633287727559625,0.023029628931851263,0.01351407150139771,0.02489530641416446,0.019367266684376095,0.11559241140875491,0.5074050461276045,0.0818734352742939,0.20712875243445547,0.9994626921544679,0.6155603332437517,0.6123973340248321,1.0284619284826273,0.5172005773542996,0.061845675110816914,0.011959150765923092,0.012632946128651687,0.03171597536101642,0.009674818597151252,0.021633969363074403,0.018760916469475957,0.11360678892283303,0.49596882558452027,0.09040955336087424,0.2033998997733337,1.0
cremad,44,candidate_mixer,analytic_pi_g1,0.05,7442,0.8958075786079012,0.6428808521226752,0.642352909574823,0.9416128318097059,0.47641641583797456,0.035410581612513335,0.018121888222514395,0.02048192123665869,0.03811562889463567,0.02792213778604637,0.04604402600856082,0.04803086040169596,0.2841615555115649,0.5074050461276045,0.13488476145999673,0.46965817719882164,0.9994626921544679,0.6291319537758667,0.6269848615799083,1.0076400161558374,0.507191957582833,0.06307108224927975,0.02553077129803812,0.027220473683727868,0.052537887687806074,0.02123085192152642,0.046761623219564556,0.04689020426476856,0.28241182064391745,0.49596882558452027,0.15206049186504275,0.46103578174396154,1.0
cremad,44,candidate_mixer,analytic_pi_g2,0.005,7442,0.15000335931201286,0.6309865235667071,0.6284471444065651,0.9723450178197878,0.49290516792745864,0.040049470433580515,0.006227559666546142,0.006576156068400871,0.007383442884553808,0.0021472255756667586,0.008374785242212962,0.0046891252065611976,0.030182914871965675,0.5076610457314059,0.026080399211977506,0.05346545740937997,0.9994626921544679,0.6069604944907283,0.6033549143416582,1.0504134076156144,0.5270012543557855,0.06562532586649004,0.003359312012899744,0.003590526445477808,0.009764496228029138,0.002149959688255799,0.005509271701155542,0.004544664060781237,0.029709168910795954,0.4942219833378124,0.027750137880226664,0.05215417537803174,1.0
cremad,44,candidate_mixer,analytic_pi_g2,0.01,7442,0.3002620263370062,0.635040456560466,0.63298998477835,0.9660520430006542,0.4894537098773545,0.0385919113356092,0.010281492660305216,0.011118996440185543,0.013676417703687433,0.006212626426322199,0.016494119086627457,0.009549464647365523,0.0612260145234087,0.5068679203586043,0.048260898286604445,0.1070570619704261,0.9994626921544679,0.610319806503628,0.6069875819742767,1.0421915495469345,0.5230876259765247,0.06381566439287467,0.006718624025799468,0.007223194078096253,0.01798635429670907,0.004434291857027644,0.01115291588282715,0.009289540713104807,0.06043187478891111,0.4958344531040043,0.051240554146638397,0.10445650230749769,1.0
cremad,44,candidate_mixer,analytic_pi_g2,0.02,7442,0.5854172265520021,0.6375090501794849,0.6358685779183156,0.9564450757457377,0.4840906887803315,0.03832593973808973,0.01275008627932391,0.013997589580151279,0.02328338495860392,0.012951638082672029,0.02570172436199597,0.019420394831625068,0.12320478899933507,0.5071364832431045,0.08225704425558882,0.20849025226254447,0.9994626921544679,0.6177102929320075,0.6144668542712325,1.0296202170707884,0.5169385102261718,0.05992347327203908,0.014109110454178925,0.014702466375051926,0.03055768677285519,0.009137328675087302,0.02324643912926627,0.0189272743028815,0.12145564917578096,0.4957000806234883,0.0879459887324022,0.20347093681844128,1.0
cremad,44,candidate_mixer,analytic_pi_g2,0.05,7442,0.9900900295619457,0.6428803058930798,0.6420046725152747,0.9473669704363187,0.4790670546900057,0.03076534640028892,0.01812134199291878,0.020133684177110315,0.03236149026802292,0.021911248204215212,0.04003259019713407,0.035327502566138674,0.2191257410530311,0.5074050461276045,0.11383653966746977,0.3518590231362737,0.9994626921544679,0.6273851115291589,0.6247916572677937,1.0173516975827386,0.5109501270532163,0.06335058180203329,0.023783929051330272,0.025027269371613373,0.04282620626090511,0.015184090298306871,0.038968019349637145,0.03458757294520623,0.21748320378305058,0.4958344531040043,0.12447430871964493,0.34276097484715873,1.0
cremad,44,candidate_mixer,analytic_pi_g3,0.005,7442,0.21015520021499595,0.6304497629389744,0.6277070031976769,0.9721721371906606,0.49269038977587115,0.03869541395693311,0.005690799038813312,0.005836014859512561,0.007556323513680913,0.0024159705366987388,0.008106769575512133,0.004697270441919943,0.030220179405144425,0.4981693981017178,0.026622266830597284,0.05626426796756482,0.9981191494258398,0.6069604944907283,0.6033277696753571,1.050437430001433,0.5268076162817203,0.06581142842689527,0.003359312012899744,0.003563381779176499,0.00974047384221073,0.002149959688255799,0.005509271701155562,0.00457639739658699,0.03007380367706964,0.48535339962375706,0.02782282049473732,0.054868222630010295,0.9990593926363881
cremad,44,candidate_mixer,analytic_pi_g3,0.01,7442,0.42030704111797906,0.6345038780092652,0.6324101744920984,0.9657953021443682,0.48909362739596757,0.03876838549084374,0.00974491410910429,0.010539186153934035,0.013933158559973423,0.006199698992559819,0.015944613101664132,0.009668753437224295,0.061509908109030266,0.502787404191193,0.04901599562226109,0.11230489164210392,0.9983878943868718,0.610857296425692,0.6075089194111662,1.042249158725595,0.522771078459625,0.0623877267584753,0.007256113947863431,0.007744531514985756,0.01792874511804862,0.004434291857027644,0.011690405804891094,0.00942995604460526,0.061118266916914084,0.48898145659768877,0.05139823428816542,0.10946432881615903,0.9990593926363881
cremad,44,candidate_mixer,analytic_pi_g3,0.02,7442,0.8155972856758936,0.6377768837696539,0.636246191709727,0.956664804079878,0.4839510066476355,0.03759079262405901,0.013017919869492836,0.014375203371562555,0.0230636566244636,0.012682345903840743,0.025700265773333657,0.01982678876585555,0.12301719230418237,0.5027992381775604,0.08134885349700519,0.2175610766827948,0.9989252022324039,0.6181134103735555,0.6148053962262852,1.0305402008428652,0.5169256377158227,0.06076471234034281,0.014512227895726938,0.015041008330104678,0.02963770300077831,0.008734211233539332,0.023246439129266293,0.01935519410677207,0.12180520653288157,0.49059392636388066,0.08630716512378896,0.21223771249141077,0.9990593926363881
cremad,44,candidate_mixer,analytic_pi_g3,0.05,7442,1.0,0.6410376904024074,0.6394990435691619,0.9530728763628634,0.4819167130594371,0.034070716693399915,0.016278726502246516,0.017628055230997548,0.026655584341478224,0.015098864646542497,0.031377591148789075,0.02521944616652682,0.1537218271620777,0.5044111617141568,0.09335527234520916,0.2666395031049892,0.9989252022324039,0.6213383499059393,0.6180991124379706,1.0262555260310344,0.5148214167584823,0.06326569842654695,0.017737167428110715,0.018334724541790096,0.033922377812609254,0.010346680999731208,0.02808384842784194,0.024911526294244365,0.15399750382172672,0.4916689062080086,0.09863536959780818,0.25915698402152526,0.9990593926363881
cremad,44,candidate_mixer,analytic_pi_selected,0.005,7442,0.17431134103735554,0.6307177786056752,0.6280172635352239,0.9720253724864144,0.49265128941818526,0.040365419732375424,0.005958814705514142,0.0061462751970596105,0.007703088217927185,0.0024159705366987388,0.008374785242212962,0.004703323513049631,0.02974647209308565,0.5009573519812194,0.027188426336821173,0.05551296284432786,0.9981191494258398,0.6062886320881483,0.6027367090406974,1.0505040568614705,0.5269406834891334,0.06632822754802126,0.0026874496103197663,0.0029723211445169236,0.009673846982173164,0.002015587207739816,0.004703036818059623,0.004634565020516127,0.030415221383993787,0.4876377317925289,0.0275973470056862,0.054026952715181584,0.999193765116904
cremad,44,candidate_mixer,analytic_pi_selected,0.01,7442,0.3487738511152916,0.6347853683275277,0.6326931681109743,0.9653735456047632,0.48897546659929697,0.03722548369487528,0.010026404427366804,0.010822179772809958,0.014354915099578357,0.006199698992559819,0.016226103419926623,0.009780185814352164,0.0611635077427356,0.5052570902694029,0.050595916363613436,0.11142783436510739,0.9991941292699678,0.611126041386724,0.6079298756612863,1.0419661902958461,0.5227718539097956,0.06282660820429055,0.007524858908895397,0.008165487765105868,0.01821171354779753,0.004568664337543627,0.012093523246439064,0.009543973546063669,0.0605627916416904,0.4928782585326525,0.05233484362770937,0.1079199796382841,1.0
cremad,44,candidate_mixer,analytic_pi_selected,0.02,7442,0.5092717011556035,0.6372144503509282,0.6356335026256539,0.9556525480007171,0.4839190056727403,0.03378298858147804,0.012455486450767151,0.013762514287489503,0.024075912703624514,0.01351407150139771,0.02596955795216492,0.019634859981823717,0.12000011541139556,0.5055251059361038,0.08518334434110503,0.21071643215118316,0.9994626921544679,0.6171728030099436,0.6139299873765223,1.0296891494340008,0.5168910158324537,0.060988658748304746,0.01357162053211498,0.014165599480341852,0.030488754409642875,0.00980919107766726,0.02338081160978228,0.019346949375577127,0.11878515878685755,0.49435635581832843,0.08765529405414448,0.20559960785723605,1.0
cremad,44,candidate_mixer,analytic_pi_selected,0.05,7442,0.9404024455791454,0.6431494150071754,0.6426785812495606,0.9414582271564395,0.4764738932535746,0.03482625879331918,0.01839045110701451,0.020807592911396222,0.038270233547902134,0.027116449132546024,0.045506900239560596,0.046690493168344824,0.2798027238035931,0.5074050461276045,0.13539440173538275,0.45952602001535287,0.9994626921544679,0.6291319537758667,0.6270135134300379,1.0101503009710924,0.5078798836607898,0.06441336039636951,0.02553077129803812,0.02724912553385741,0.05002760287255116,0.020962106960494446,0.04649287825853259,0.04608011581163848,0.28001462924475623,0.49596882558452027,0.14659295160312208,0.451667066992883,1.0
cremad,44,candidate_mixer,fixed,0.005,7442,0.04504501478097286,0.6291065843634099,0.626373557309208,0.9745296489623546,0.4944401022723176,0.04002377192628325,0.004347620463249003,0.004502568971043533,0.0051988117419868455,0.001610099806666527,0.00595772026991561,0.003571353659215704,0.01803772243288961,0.5074050461276045,0.01874313456162361,0.04504501478097275,1.0,0.6048105348024725,0.6011610348053744,1.0528496666017018,0.5286519242935839,0.06679997213866365,0.0012093523246438883,0.0013966469091939624,0.007328237241941764,0.0009406073636118982,0.0021499596882558073,0.0035209073266335047,0.018432938346241358,0.49596882558452027,0.020940334287581665,0.045045014780972815,1.0
cremad,44,candidate_mixer,fixed,0.01,7442,0.11015184090298306,0.6296455338623399,0.6271260192398945,0.9679436133419291,0.49117292430064863,0.03686510480715813,0.004886569962179017,0.005255030901730215,0.011784847362412598,0.004869812003821619,0.009756381966000675,0.008857939626788113,0.04472073535699799,0.5074050461276045,0.04221679402127409,0.11015184090298305,1.0,0.6095135716205321,0.6062483180077624,1.0430253615291065,0.5248072819999996,0.06333192866168866,0.005912389142703519,0.006483930111581797,0.01715254231453708,0.003628056973931712,0.009540446116635253,0.008743045827185885,0.045813590180408856,0.49596882558452027,0.04803694089216264,0.11015184090298306,1.0
cremad,44,candidate_mixer,fixed,0.02,7442,0.23019685568395593,0.6350020394004464,0.633224697616552,0.9581925577496603,0.4859861614773131,0.03781394487848231,0.010243075500285501,0.01135370927838768,0.021535902954681253,0.01136465804273746,0.021607733543023026,0.019059104673990093,0.09633105244863131,0.5074050461276045,0.0772330662874012,0.23019685568395593,1.0,0.6131416285944639,0.6099349331569643,1.02850747834885,0.5185179900246455,0.06332036973398578,0.009540446116635275,0.01017054526078388,0.03167042549479342,0.008196721311475344,0.01773716742811066,0.018670048145895513,0.09812123193285002,0.49596882558452027,0.0891379513988338,0.23019685568395593,1.0
cremad,44,candidate_mixer,fixed,0.05,7442,0.550503896801935,0.6431993010122953,0.6428158679436394,0.941927885354682,0.47669773070725735,0.036576719805721816,0.0184403371121343,0.020944879605474965,0.03780057534965963,0.024918060051425325,0.04335839716355967,0.04841163002726248,0.24751708592580549,0.5074050461276045,0.13511133777534312,0.550503896801935,1.0,0.6259070142434829,0.6236594215077734,1.004607620113225,0.507020813104241,0.06052706292426189,0.022305831765654354,0.02389503361159279,0.05557028373041881,0.02055898951894649,0.04286482128460088,0.047930753307016384,0.2547868196119438,0.49596882558452027,0.15798098059862525,0.550503896801935,1.0
cremad,44,candidate_mixer,max_confidence,0.005,7442,0.11509002956194571,0.6296438922089421,0.6269630270080782,0.9737744083554474,0.49386729299997983,0.03914173625127566,0.004884928308781119,0.005092038669913704,0.005954052348894207,0.0018786626911666427,0.006763590999947822,0.00436726510350797,0.019606914730966273,0.5074050461276045,0.021665952497316867,0.0644700323731844,1.0,0.6058855146466003,0.6020997480348416,1.0507436119174163,0.5279923156270024,0.06693800067635701,0.0022843321687717956,0.0023353601386611124,0.009434291926227325,0.0009406073636118954,0.0032249395323837105,0.004407349604460201,0.019766003224829493,0.49596882558452027,0.02640246634323887,0.0652913344947401,1.0
cremad,44,candidate_mixer,max_confidence,0.01,7442,0.24528688524590167,0.6312554515924746,0.6286011612017375,0.9680668925909034,0.4908634316986615,0.03621706179471019,0.006496487692313659,0.006730172863573108,0.011661568113438214,0.00432012394232643,0.01081661163464017,0.009454811001394151,0.04228584806904594,0.5074050461276045,0.04253623945626144,0.13767089432135954,1.0,0.6096479441010481,0.6062457641304301,1.041726718343608,0.524438788434967,0.06375644919661477,0.006046761623219533,0.006481376234249488,0.01845118550003546,0.0029561945713517676,0.0090029561945713,0.009478828045122773,0.04234242105485605,0.49596882558452027,0.051727752819437596,0.13942851692145786,1.0
cremad,44,candidate_mixer,max_confidence,0.02,7442,0.4952902445579146,0.633941809731807,0.6318292168327291,0.9588259001215181,0.48574436896799267,0.03910158708317455,0.00918284583164603,0.009958228494564661,0.020902560582823436,0.009727973086011314,0.018910818917657363,0.019628828068560866,0.08730631557199872,0.5074050461276045,0.07592521333189388,0.2782763387568373,1.0,0.6135447460360118,0.6099367998909982,1.0278748680637972,0.5185104920776789,0.062056817616931964,0.009943563558183235,0.010172411994817696,0.03230303577984634,0.007121741467347454,0.01706530502553073,0.019882874612142526,0.08823440966988014,0.49596882558452027,0.09080763504541499,0.28176143626489486,1.0
cremad,44,candidate_mixer,max_confidence,0.05,7442,0.9603601182477829,0.6395679716018083,0.6382370789231563,0.9479406725267863,0.4795164327270252,0.04291083854735439,0.01480900770164749,0.016366090584992006,0.03178778817755532,0.015966636456390133,0.03077564415803768,0.04027773485186355,0.1771191247295135,0.5074050461276045,0.11526087115339716,0.5393664591961476,1.0,0.6228164471916151,0.6195799484253921,1.011075930845606,0.5106708298834408,0.05885374776316211,0.01921526471378657,0.019815560529211556,0.049101972998037494,0.012227895726955077,0.03144316044074169,0.04071223276230039,0.17890559146778934,0.49596882558452027,0.13947586870704187,0.5459016479974279,1.0
cremad,44,candidate_mixer,native_pdf,0.005,7442,0.09506181134103736,0.6288250940451474,0.6263320106859112,0.9746338306915108,0.4946336006452992,0.04280683073613606,0.004066130144986509,0.004461022347746786,0.005094630012830676,0.0016228451638970408,0.00568897530888363,0.004393076983427064,0.024852544874196525,0.5074050461276045,0.017996429278946822,0.047595360725741005,1.0,0.6050792797635044,0.6013789940440316,1.0525243258065828,0.5285941634051375,0.06709089055503002,0.001478097285675874,0.001614606147851142,0.007653578037060602,0.0012093523246438657,0.0026874496103197597,0.0040146639224794564,0.022226919813732794,0.49489384574039236,0.021514783755460412,0.046160872887908364,0.9970438054286482
cremad,44,candidate_mixer,native_pdf,0.01,7442,0.2002586670249933,0.6269344152910815,0.6247575585863333,0.9701221374431288,0.49256778536216933,0.039975690198816395,0.0021754513909205634,0.002886570248169102,0.009606323261212683,0.005420047283116093,0.0075954986740366555,0.00938874974029989,0.05319279078787513,0.5074050461276045,0.034449088771672395,0.10026512382753665,1.0,0.6077667293738243,0.6043264072657305,1.0454721916450014,0.525750232517756,0.06646600478146776,0.004165546895995692,0.004562019369550053,0.01470571219864229,0.003359312012899716,0.007524858908895427,0.008423965400886788,0.046840602002371196,0.49489384574039236,0.04233018623825457,0.09729036618627306,0.9970438054286482
cremad,44,candidate_mixer,native_pdf,0.02,7442,0.40521701155603335,0.6291076787990085,0.6275752680331131,0.9627546718927098,0.48897838728641896,0.038762913870090406,0.004348714898847595,0.005704279694948716,0.01697378881163189,0.011916351910694255,0.01626506680954193,0.019510771200027872,0.11078034595344864,0.5074050461276045,0.060740115084754936,0.20288327501100847,1.0,0.6127385111529159,0.6098490737559545,1.034122106545335,0.5209442837380679,0.06300658737422785,0.009137328675087325,0.010084685859773942,0.026055797298308616,0.008062348830959385,0.01719967750604669,0.017620663990726117,0.097653934306663,0.49489384574039236,0.07548679370422283,0.1969945368223193,0.9970438054286482
cremad,44,candidate_mixer,native_pdf,0.05,7442,0.8563894114485353,0.6367161049068076,0.6365031601913497,0.9536755806826631,0.4846755693849499,0.04162113420824932,0.011957141006646693,0.014632171853185407,0.026052880021678475,0.02275553609426712,0.03471267710091385,0.04345501420065982,0.24773827248400487,0.5074050461276045,0.0927898474241853,0.4287754383903103,1.0,0.6195915076592314,0.6177459256843303,1.0204474892167539,0.5143917266811568,0.0630366092297059,0.015990325181402826,0.017981537788149763,0.03973041462688978,0.01800591238914266,0.033996237570545484,0.03982731699638076,0.21934073233949233,0.49489384574039236,0.1194797415291185,0.4181024812359066,0.9970438054286482
cremad,44,candidate_mixer,native_qmf,0.005,7442,0.09010682612201022,0.6293875274638732,0.6268081669369211,0.9740216320109797,0.4944417732311463,0.04364581834317419,0.004628563563712212,0.004937178598756689,0.0057068286933619535,0.0010733391789337363,0.005701902742646009,0.004227211297604913,0.023883278907460375,0.5074050461276045,0.020199137152124264,0.04511451108017118,1.0,0.6048105348024725,0.6010853044395491,1.0526232383568241,0.5284866472797126,0.06592349711562809,0.0012093523246438998,0.0013209165433685779,0.007554665486819574,0.001074979844127905,0.0022843321687717848,0.0037216346921315037,0.02168915141981688,0.4955657081429723,0.021087666122384895,0.04183176941648539,0.9979844127922601
cremad,44,candidate_mixer,native_qmf,0.01,7442,0.1950651706530503,0.6283145534262068,0.6262179139070734,0.9682044622392909,0.4918163697971546,0.03701671703259455,0.003555589526045917,0.0043469255689089735,0.011523998465050644,0.0053951037864543505,0.008950693312500329,0.009236299947479052,0.05226763991804192,0.5074050461276045,0.04081895759919501,0.09766485701258686,1.0,0.6079011018543402,0.6045135424410301,1.0452663466413097,0.525429043644999,0.06563921319625617,0.004299919376511636,0.004749154544849585,0.014911557202334108,0.0030905670518677508,0.0073904864283794265,0.008213858126986974,0.04783752045074792,0.4955657081429723,0.04209787244089565,0.09086429402950452,0.9979844127922601
cremad,44,candidate_mixer,native_qmf,0.02,7442,0.39530368180596615,0.6296568216191119,0.6282600983977553,0.9596206749187766,0.4877180468625196,0.04075046696185985,0.004897857718950923,0.006389110059591037,0.020107785785565015,0.012721857499459045,0.017619715218409993,0.019255674641417402,0.10909475300721094,0.5074050461276045,0.07120143755544456,0.19791988468407914,1.0,0.6128728836334318,0.610042171951954,1.033787254421513,0.5202760698474895,0.06385220680792411,0.009271701155603307,0.010277784055773427,0.026390649422130652,0.00792797635044337,0.01719967750604672,0.017104289615713825,0.09954853553913809,0.4955657081429723,0.07531362136013464,0.18437512213888926,0.9979844127922601
cremad,44,candidate_mixer,native_qmf,0.05,7442,0.8511925557645794,0.6405011098747991,0.6401764574236802,0.947993044580624,0.482238947068763,0.04139870124161388,0.015742145974638168,0.018305469085515898,0.03173541612371762,0.023868022715755433,0.03961016869039366,0.04402316451089435,0.2504013432406513,0.5074050461276045,0.11164821588745358,0.4261734805395709,1.0,0.6199946251007794,0.6179480034645748,1.0194422986996718,0.5133669798858272,0.06368292095351288,0.016393442622950796,0.018183615568394273,0.040735605143971815,0.018946519752754583,0.0353399623757054,0.03986123206488313,0.23036781427989708,0.4955657081429723,0.11920009925927783,0.39872812915969214,0.9979844127922601
cremad,44,candidate_mixer,native_tmc,0.005,7442,0.1,0.6283001664155784,0.6257251856912828,0.973331326452605,0.49408632194073837,0.04036083052901447,0.003541202515417545,0.003854197353118271,0.006397134251736664,0.001878480614634778,0.005419683130052364,0.004494565672308922,0.024937962409203828,0.5074050461276045,0.02256471172708377,0.05006780525105608,1.0,0.6049449072829884,0.6013222277497093,1.0515977238909116,0.5283123617348185,0.06761431861873064,0.001343724805159902,0.001557839853528879,0.008580179952732272,0.0017468422467078431,0.0030905670518677248,0.0039830043992882735,0.023358442452882773,0.49596882558452027,0.0241421080997818,0.04585084951568523,0.9985219027143241
cremad,44,candidate_mixer,native_tmc,0.01,7442,0.21015184090298308,0.6277382802146521,0.625569077143027,0.9675722018088395,0.49144473886155987,0.037600810377807825,0.0029793163144911892,0.003698088804862592,0.012156258895502217,0.005151849539883398,0.008131165854374569,0.00955998074063735,0.05313811919784725,0.5074050461276045,0.043068903393550205,0.10521841799842155,1.0,0.6076323568933083,0.6042226584903875,1.0438673071761928,0.52525497937772,0.06628507896534006,0.004031174415479696,0.004458270594206925,0.0163105966674508,0.00282182209083578,0.006852996506315436,0.008417919477871239,0.04946773985617735,0.49596882558452027,0.046298895668441385,0.09623445332491719,0.9985219027143241
cremad,44,candidate_mixer,native_tmc,0.02,7442,0.41039035205589897,0.6321081100619738,0.6304993349488928,0.9593069161694889,0.48738775680888696,0.04439493873701295,0.00734914616181287,0.008628346610728409,0.02042154453485251,0.011085355607468438,0.01843450176928137,0.019231635020270674,0.10672045818351014,0.5074050461276045,0.07243701162483059,0.20547344566991385,1.0,0.6120666487503359,0.6089216407268389,1.0322648694279253,0.5203420305322726,0.06440074091177618,0.008465466272507362,0.009157252830658396,0.027913034415718418,0.007524858908895398,0.015990325181402802,0.016861751661200915,0.09890882674360418,0.49596882558452027,0.0797359408600611,0.187972035088805,0.9985219027143241
cremad,44,candidate_mixer,native_tmc,0.05,7442,0.8414572695511959,0.637290008158837,0.6367511901061746,0.9480567245988812,0.4819446180345678,0.04181818483859884,0.012531044258676122,0.0148802017680103,0.03167173610546035,0.023035931976931042,0.0355669762356072,0.041700531800129156,0.23054327570965516,0.5074050461276045,0.1119203797210685,0.42129921891388816,1.0,0.6171728030099436,0.6150441319300257,1.0192298912275293,0.5142974481818742,0.061600783557856566,0.013571620532114994,0.015279744033845096,0.040948012616114214,0.01733404998656269,0.030905670518677725,0.03720733529166758,0.2162016055676672,0.49596882558452027,0.12073539962406656,0.38724310310723814,0.9985219027143241
cremad,44,candidate_mixer,negative_entropy,0.005,7442,0.1650900295619457,0.6290810936489489,0.6263745888095328,0.9733291045692267,0.49352737172401057,0.0408709470575799,0.004322129748787997,0.0045036004713684095,0.006399356135114812,0.0021472255756667586,0.006469355324454814,0.004752794235471146,0.021135475098470014,0.5074050461276045,0.023348288040507523,0.07265697209000807,1.0,0.6062886320881483,0.6025547504019452,1.0496880719335577,0.5275950274924734,0.06523588057071791,0.0026874496103197853,0.0027903625057647697,0.010489831910085904,0.0012093523246438657,0.0038968019349636717,0.004806965991767757,0.02178965888875392,0.49596882558452027,0.02911586390799088,0.0738915116985465,1.0
cremad,44,candidate_mixer,negative_entropy,0.01,7442,0.3353735554958344,0.6318055047952371,0.6292804789785162,0.9677146929978235,0.4904852078953995,0.035797127429757894,0.00704654089507627,0.00740949064035185,0.01201376770651806,0.00432012394232643,0.011366664837402781,0.009754093758961045,0.043348076327277586,0.5074050461276045,0.04380953645844293,0.14741287659378147,1.0,0.6099166890620801,0.6064352182185627,1.0410307428587575,0.5240759172406808,0.0628769523640596,0.006315506584251501,0.006670830322382333,0.019147160984886065,0.0028218220908357624,0.009137328675087302,0.00987628625167212,0.04462991284846742,0.49596882558452027,0.05367669046767545,0.14996164803786385,1.0
cremad,44,candidate_mixer,negative_entropy,0.02,7442,0.6608169846815373,0.6342100074750395,0.6319971878517768,0.9590154443495826,0.4856157425156582,0.03837094450206323,0.009451043574878684,0.010126199513612535,0.020713016354758907,0.0097285203038106,0.019179563878689344,0.019638387492595773,0.08712996226329689,0.5074050461276045,0.0755741616329921,0.28974279394692165,1.0,0.6136791185165278,0.610301409110016,1.0281863697383775,0.5183940648097533,0.0617496476270152,0.010077936038699229,0.010537021213835424,0.031991534105266006,0.00671862402579948,0.016796560064498766,0.0199595330661231,0.0896329110484791,0.49596882558452027,0.09114283628843485,0.2947806983693605,1.0
cremad,44,candidate_mixer,negative_entropy,0.05,7442,1.0,0.6374325790243055,0.6356976246206922,0.9527913965995644,0.48170209156159344,0.04257260511918429,0.012673615124144536,0.013826636282527947,0.026937064104777253,0.01404973868173564,0.0267233538058802,0.03138268369684744,0.13672715991062676,0.5074050461276045,0.09806341438726612,0.4422437861998278,1.0,0.6201289975812954,0.6168352859264454,1.0163999960663432,0.5130568173758215,0.05687029637722707,0.016527815103466754,0.017070898030264983,0.04377790777730027,0.009540446116635256,0.02606826122010207,0.03168385975699576,0.13967165376343282,0.49596882558452027,0.12274532934184515,0.4495090136073732,1.0
cremad,44,convex_projection,analytic_pi_g2,0.005,7442,0.48673071754904595,0.629347833791723,0.6263266807974253,0.9735050198495242,0.4931219966056724,0.03816477602906312,0.004588869891562063,0.004455692459260999,0.0062234408548172415,0.0016239395994956326,0.006212809491057755,0.004864791355438041,0.027301571889160714,0.6254810438502023,0.021165642551489842,0.06232876051742921,0.8084221306744384,0.6058855146466003,0.6020509124153085,1.0488900875846672,0.5264122099008458,0.06496149994734941,0.002284332168771806,0.002286524519128018,0.011287816258976485,0.0020155872077398215,0.004299919376511668,0.004942935410963134,0.027351366423959942,0.5937919914001613,0.031077224346999378,0.06342626512210807,0.8048911582907821
cremad,44,convex_projection,analytic_pi_g2,0.01,7442,0.8166655468959957,0.6314957896499246,0.6284950573282054,0.9696483460569509,0.49063522934614257,0.03948010909616792,0.006736825749763723,0.00662406899004104,0.010080114647390667,0.003771530316429832,0.010508356066193596,0.008685491524203302,0.04781247726299358,0.6257496067347023,0.033843642437598825,0.10676881411352866,0.8084221306744384,0.6097823165815641,0.6059901196575852,1.0426715283885934,0.5233209043767748,0.06187332213786187,0.00618113410373553,0.006225731761404694,0.0175063754550501,0.003224939532383724,0.009406073636119273,0.009045040400491778,0.048474656138571215,0.5932545014780973,0.04738581839729266,0.10800254898778018,0.8048911582907821
cremad,44,convex_projection,analytic_pi_g2,0.02,7442,0.96531510346681,0.6331071669569254,0.630039861599028,0.9671849604882218,0.48901682290685783,0.03936966085946601,0.008348203056764397,0.008168873260863626,0.012543500216119786,0.00457721896993018,0.012925422026694638,0.011851327031441598,0.06476955975581333,0.6252124809657021,0.041373516424514936,0.13364146882104988,0.8084221306744384,0.6123353937113679,0.6083446769696486,1.0379419942907269,0.5209306896319243,0.05923624888026677,0.008734211233539329,0.008580289073468025,0.022235909552916645,0.004165546895995654,0.012899758129535022,0.012801542427630135,0.06693752162046118,0.5932545014780973,0.0577799824500642,0.13538039333115207,0.8048911582907821
cremad,44,convex_projection,analytic_pi_g2,0.05,7442,0.96531510346681,0.6331071669569254,0.630039861599028,0.9671849604882218,0.48901682290685783,0.03936966085946601,0.008348203056764397,0.008168873260863626,0.012543500216119786,0.00457721896993018,0.012925422026694638,0.011851327031441598,0.06476955975581333,0.6252124809657021,0.041373516424514936,0.13364146882104988,0.8084221306744384,0.6123353937113679,0.6083446769696486,1.0379419942907269,0.5209306896319243,0.05923624888026677,0.008734211233539329,0.008580289073468025,0.022235909552916645,0.004165546895995654,0.012899758129535022,0.012801542427630135,0.06693752162046118,0.5932545014780973,0.0577799824500642,0.13538039333115207,0.8048911582907821
cremad,44,convex_projection,fixed,0.005,7442,0.10024187046492879,0.626381626987526,0.623654723170325,0.9760700494471516,0.4947863006539342,0.0393750734925946,0.0016226630873651558,0.0017837348321605951,0.003658411257189945,0.0013553767149955167,0.0029780398023607126,0.0046016745746426425,0.022426651885879483,0.6262847247208336,0.01226279621348759,0.10024187046492873,1.0,0.6053480247245364,0.6015062280279748,1.0498598852431624,0.528170132160732,0.06684194674400326,0.0017468422467078499,0.0017418401317943367,0.010318018600481189,0.0005374899220639449,0.0022843321687717943,0.004380872412273698,0.021868396366185535,0.5940607363611933,0.026792266426889803,0.10024187046492879,1.0
cremad,44,convex_projection,fixed,0.01,7442,0.20046694436979307,0.6285552556367207,0.6257004142103753,0.9737045228492706,0.49318451758022147,0.039873863932449474,0.0037962917365596894,0.0038294258722110074,0.006023937855071183,0.001892684560527613,0.005688976297087323,0.009252324159508257,0.04505119655223979,0.6262847247208336,0.020237721790335544,0.20046694436979307,1.0,0.6062886320881483,0.6025349084744113,1.0427956778365028,0.5254314529320586,0.06474729401097114,0.0026874496103197927,0.0027705205782308016,0.017382226007140615,0.001478097285675884,0.004165546895995657,0.00873172198136109,0.04349587436117714,0.5940607363611933,0.0455298282979734,0.20046694436979307,1.0
cremad,44,convex_projection,fixed,0.02,7442,0.3910373555495834,0.6307181447351461,0.62768949703034,0.9700072337464621,0.49039925147754254,0.043758723827944934,0.005959180834985275,0.0058185086921756675,0.0097212269578794,0.004307014432032187,0.010266195267017523,0.018314782884630034,0.08949296578496044,0.6262847247208336,0.03200522302721131,0.39103735554958335,1.0,0.6083042192958882,0.6046149517868628,1.0328457359045133,0.5207844750103813,0.0613489040270924,0.004703036818059606,0.00485056389068229,0.02733216793913034,0.003896801934963676,0.008599838753023323,0.017505791020802058,0.08729115266886477,0.5940607363611933,0.07147861769150933,0.39103735554958335,1.0
cremad,44,convex_projection,fixed,0.05,7442,0.5109110454178983,0.6342353171011724,0.6312918052053205,0.9659577752116332,0.4878169168044951,0.04647580550476283,0.009476353201011539,0.009420816867156042,0.013770685492708306,0.00593131917279526,0.01540767237380686,0.025143539175262575,0.12285337071451077,0.6262847247208336,0.044292664462102484,0.5109110454178983,1.0,0.610857296425692,0.6069203078960071,1.0291423962259698,0.5183351518844935,0.0581131592125569,0.007256113947863449,0.007155919999826707,0.03103550761767367,0.006852996506315469,0.01410911045417892,0.02618743346166534,0.1310264597397103,0.5940607363611933,0.08055841471216611,0.5109110454178983,1.0
cremad,55,candidate_mixer,analytic_pi_g1,0.005,7442,0.1000201558720774,0.6509785129305757,0.6508481355136876,0.9372392590409228,0.472319114390324,0.0325258744950593,0.0004870566991448836,0.0005650530302544755,0.006249886403574558,0.0032859322059472507,0.003772988905092153,0.004730998414166325,0.026868242143110895,0.5667265679186528,0.021683688129531302,0.04980184832621371,0.9997314371154998,0.6225477022305832,0.6196249055289144,1.0306601262451403,0.5095772515116186,0.05845345025924668,0.004165546895995648,0.0043369795256110585,0.010878271119179979,0.0020155872077398202,0.006181134103735509,0.00492085293032977,0.02777172096055601,0.5364149422198333,0.028768826340108127,0.04973353501644558,0.999865627519484
cremad,55,candidate_mixer,analytic_pi_g1,0.01,7442,0.19014377855415213,0.6512598211723064,0.6512265818088618,0.9325148749979425,0.470037584339238,0.03540268181409454,0.0007683649408755338,0.0009434993254285469,0.010974270446554855,0.0059843054199752305,0.006752670360850764,0.009114170343122237,0.051829176546905095,0.5667265679186528,0.037935970864226204,0.09461530282777084,0.9997314371154998,0.6264445041655469,0.6237058121007181,1.0220089875315825,0.5063087098959429,0.0558080975666093,0.008062348830959413,0.008417886097414699,0.01952940983273781,0.003493684493415699,0.011556033324375133,0.009417935346999777,0.0532832593726906,0.5364149422198333,0.051324357001911444,0.09432782650542522,0.999865627519484
cremad,55,candidate_mixer,analytic_pi_g1,0.02,7442,0.3901840902983069,0.6545208098815919,0.6548071352104794,0.9241308372480771,0.46579577919803217,0.03680928895067337,0.004029353650161061,0.004524052727046228,0.019358308196420163,0.011636869375300772,0.015666223025461834,0.019299661677087396,0.10961506338897674,0.5667265679186528,0.0668357554891283,0.1939027965253029,0.9997314371154998,0.6303413061005106,0.6278279216046941,1.0069271809822191,0.5003159133611399,0.05580343213958525,0.01195915076592313,0.012539995601390769,0.034611216382101205,0.010481053480247181,0.022440204246170353,0.0199977962228348,0.11250631465158355,0.5364149422198333,0.09142178987942948,0.19340467173080547,0.999865627519484
cremad,55,candidate_mixer,analytic_pi_g1,0.05,7442,0.8052506046761624,0.6550204298614355,0.6555787113306749,0.9132013375866128,0.4601517005657393,0.029319630210539786,0.004528973630004614,0.00529562884724178,0.030287807857884517,0.024081250145827945,0.02861022377583256,0.042143525726426406,0.24006328312772723,0.5667265679186528,0.10342640435577864,0.4017971983458271,0.9997314371154998,0.6349099704380543,0.6324383575976729,0.987166440589426,0.4926691241483475,0.0536131645900464,0.01652781510346676,0.017150431594369447,0.05437195677489431,0.02230583176565434,0.03883364686912114,0.04513733293405624,0.2525121978424274,0.5364149422198333,0.14196618725471416,0.39938288919869946,0.999865627519484
cremad,55,candidate_mixer,analytic_pi_g2,0.005,7442,0.14508196721311473,0.6509785129305757,0.6508112678311442,0.9371502080997836,0.47217217912093096,0.03204779025647463,0.0004870566991449034,0.0005281853477110431,0.006338937344713787,0.0032859322059472507,0.003772988905092153,0.00448560832063066,0.027749304499029594,0.5645640449496984,0.022167361633793643,0.04863826203135206,0.9997314371154998,0.6226820747110992,0.6196353344912688,1.031235640070125,0.5094872306888609,0.05882031729635579,0.004299919376511651,0.004347408487965388,0.010302757294195273,0.0022843321687718078,0.006584251545283479,0.004796033143472519,0.029434520774264304,0.5345337274926095,0.027278647105185006,0.04847722713758194,0.999865627519484
cremad,55,candidate_mixer,analytic_pi_g2,0.01,7442,0.30525060467616233,0.6507367172726671,0.6507682377195663,0.9315185538225038,0.469364916290212,0.03535548615359048,0.00024526104123625175,0.00048515523613312843,0.011970591621993473,0.007594952444441063,0.007840213485677336,0.009700272971645494,0.05964475251379836,0.5661892600731206,0.041757739551210565,0.10197860612420102,0.9997314371154998,0.625772641762967,0.6230703187103256,1.0218883830512349,0.5056794147776674,0.05749252011052895,0.007390486428379402,0.007782392707022212,0.019650014313085502,0.00510615425960757,0.012496640687987053,0.010312830613191654,0.06285049422906623,0.5354743348562214,0.052428936521202806,0.10170456728838168,0.999865627519484
cremad,55,candidate_mixer,analytic_pi_g2,0.02,7442,0.5855012093523246,0.6542140119136041,0.6543504242485001,0.9236609161749094,0.4653630640409778,0.0357562658045264,0.003722555682173117,0.0040673417650670075,0.0198282292695879,0.012736610639558572,0.01645916632173167,0.019311694975204494,0.11760577234336672,0.5661765147158903,0.0688842493035021,0.1956741911522069,0.9997314371154998,0.6306100510615426,0.6280880804039686,1.0091874329385755,0.5004615300808173,0.05523244110135033,0.012227895726955085,0.012800154400665157,0.03235096442574486,0.011287288363343126,0.023515184090298274,0.020826783960044875,0.12478726019232339,0.5360118247782855,0.08645257318351675,0.19515531542552028,0.999865627519484
cremad,55,candidate_mixer,analytic_pi_g2,0.05,7442,0.9111126041386725,0.6555839577157598,0.6561216170207201,0.9179901453603566,0.46255019815619963,0.02937920413669777,0.00509250148432893,0.005838534537286931,0.025499000084140633,0.019206696246548246,0.02429919773087714,0.031494296460220415,0.1896279844773035,0.5664578229576208,0.08814735268343289,0.3045603799358615,0.9997314371154998,0.6337006181134104,0.631207385281357,0.9988785611064611,0.4962204603810967,0.057095876781010066,0.01531846277882287,0.015919459278053553,0.042659836257859164,0.018005912389142648,0.033324375167965554,0.034259765846687266,0.20103227667504486,0.5361461972588014,0.11319778990024318,0.302777953351803,0.999865627519484
cremad,55,candidate_mixer,analytic_pi_g3,0.005,7442,0.2151437785541521,0.6515280189155391,0.6513989212219206,0.9365740150525601,0.4718278501966757,0.03345207717890483,0.0010365626841082481,0.0011158387384874583,0.00691513039193715,0.0027358790031846397,0.003772441687292867,0.004750596006653391,0.029684108175343248,0.5569253882083877,0.024346128069487133,0.054279990981312136,0.9997314371154998,0.6238914270357431,0.6208670333771732,1.030826003344525,0.5091138828744253,0.058387134429412735,0.005509271701155539,0.005579107373869695,0.010712394019795521,0.0020155872077398202,0.007524858908895398,0.005213587803406173,0.031768314978891155,0.5217683418435904,0.02849576585024743,0.054089106855129535,0.9994625100779361
cremad,55,candidate_mixer,analytic_pi_g3,0.01,7442,0.4305227089492072,0.6512470758150759,0.6511998541993755,0.9309817245172513,0.46901423052371183,0.0331357371571152,0.0007556195836449991,0.0009167717159423004,0.012507420927246049,0.0073396821349707465,0.008095301718615767,0.009751666540235408,0.06040860229812294,0.5585507854083418,0.04382690069577854,0.10842445097589355,0.9997314371154998,0.6263101316850309,0.6235573739906132,1.0223515541186354,0.5055504155253439,0.05868178316299642,0.007927976350443405,0.008269447987309868,0.01918684324568491,0.005509271701155571,0.013437248051598998,0.010820679387237324,0.06499716554821185,0.5237839290513303,0.051271563929435174,0.10820840215332977,0.9994625100779361
cremad,55,candidate_mixer,analytic_pi_g3,0.02,7442,0.8261152915882828,0.6528708333380396,0.6531158076706065,0.9234080912204431,0.4652081484080302,0.0347639068221234,0.0023793771066088084,0.002832725187173329,0.020081054224054207,0.013554679509021993,0.0159340566156308,0.019698557515248898,0.11966769892949623,0.5599198188514309,0.0701011934364184,0.20765911253933558,0.9997314371154998,0.6312819134641225,0.6287335134964586,1.011050597918479,0.5008894010633158,0.05643034446058457,0.012899758129534988,0.013445587493155156,0.030487799445841384,0.011556033324375138,0.024455791453910202,0.02235760349951512,0.12932029266177686,0.526874496103198,0.08212354986915205,0.20748763404700488,0.999596882558452
cremad,55,candidate_mixer,analytic_pi_g3,0.05,7442,0.9358035474334856,0.6536899966431018,0.6539287170174239,0.9221549843851196,0.4645896577738484,0.032727319505580034,0.003198540411670799,0.0036456345339907275,0.021334161059377733,0.014896581572455846,0.018095121984126664,0.02281190180168393,0.13777752686607286,0.5607386170152255,0.07446050029219485,0.234714693774526,0.9997314371154998,0.6320881483472185,0.6294626386050074,1.008283742891464,0.49960704750146334,0.05704657741449619,0.013705993012630983,0.014174712601703962,0.033254654472856436,0.013168503090567012,0.026874496103198014,0.025409850343467124,0.14561070915480764,0.528083848427842,0.08946400833584536,0.23360995125967593,0.999596882558452
cremad,55,candidate_mixer,analytic_pi_selected,0.005,7442,0.19036885245901639,0.6517965818000392,0.6517276101253386,0.9364099477014052,0.47181975527832487,0.033701221649699416,0.0013051255686083443,0.0014445276419055007,0.007079197743092065,0.003004441887684755,0.004309567456293099,0.004794480504847969,0.030051353590217968,0.5569253882083877,0.024846895455248538,0.053044318872008576,0.9997314371154998,0.6238914270357431,0.6209287488520759,1.0304389660059203,0.5090003895115146,0.0581160816905864,0.005509271701155539,0.005640822848772498,0.011099431358399902,0.0020155872077398202,0.007524858908895398,0.005110816266567851,0.03027245027904896,0.5228433216877184,0.029370032823889218,0.053131971502758134,0.999731255038968
cremad,55,candidate_mixer,analytic_pi_selected,0.01,7442,0.4305227089492072,0.6512470758150759,0.6511998541993755,0.9309817245172513,0.46901423052371183,0.0331357371571152,0.0007556195836449991,0.0009167717159423004,0.012507420927246049,0.0073396821349707465,0.008095301718615767,0.009751666540235408,0.06040860229812294,0.5585507854083418,0.04382690069577854,0.10842445097589355,0.9997314371154998,0.6263101316850309,0.6235573739906132,1.0223515541186354,0.5055504155253439,0.05868178316299642,0.007927976350443405,0.008269447987309868,0.01918684324568491,0.005509271701155571,0.013437248051598998,0.010820679387237324,0.06499716554821185,0.5237839290513303,0.051271563929435174,0.10820840215332977,0.9994625100779361
cremad,55,candidate_mixer,analytic_pi_selected,0.02,7442,0.72701558720774,0.6531393962225398,0.6534167995870214,0.9230058852125643,0.46513890143389836,0.03608658994066421,0.0026479399911089442,0.0031337171035881483,0.020483260231932993,0.01382324239352211,0.016471182384631033,0.01950836179162767,0.1198350965360004,0.5599198188514309,0.07132857013502102,0.20015512813894826,0.9997314371154998,0.6307444235420586,0.6281970121875052,1.0095074102783101,0.5001856671987053,0.05561072314876403,0.012362268207471038,0.012909086184201802,0.03203098708601023,0.011556033324375138,0.02391830153184624,0.021149567843236326,0.12066983212124938,0.52714324106423,0.0856089975147677,0.20113904683084072,0.999731255038968
cremad,55,candidate_mixer,analytic_pi_selected,0.05,7442,0.8348797366299382,0.6547524141947346,0.6553014297134226,0.9131907178361837,0.46022749132914503,0.029994940569095692,0.004260957963303804,0.005018347229989517,0.030298427608313628,0.02434926581252878,0.02861022377583256,0.04167049355030024,0.24047596521657555,0.5667265679186528,0.1034667480152034,0.39640959409320586,0.9997314371154998,0.6354474603601182,0.6330293911482253,0.9870619973454607,0.49260410917323194,0.05367865659710987,0.01706530502553073,0.017741465144921788,0.054476400018859596,0.022171459285138338,0.03923676431066911,0.044450510950502245,0.25225913990364046,0.5364149422198333,0.14240697132177715,0.3940879281403012,0.999865627519484
cremad,55,candidate_mixer,fixed,0.005,7442,0.04506181134103736,0.6504798053097989,0.6503451279575173,0.9390100952156389,0.47335157068939415,0.031940418241248,-1.165092163190147e-05,6.204547408408924e-05,0.0044790502288583195,0.002173445584458957,0.0021617946628270344,0.0038337067943122072,0.017639828408462455,0.5667265679186528,0.015343562112744484,0.045061811341037254,1.0,0.6209352324643913,0.617759266618536,1.0320693693684058,0.5105644884639021,0.05935331629446532,0.0025530771298038057,0.0024713406152326004,0.009469027995914595,0.0006718624025799209,0.003224939532383726,0.0037714907177449344,0.017945992334008103,0.5365493147003494,0.024471470496062884,0.04506181134103731,1.0
cremad,55,candidate_mixer,fixed,0.01,7442,0.10497514109110455,0.6515420407849001,0.6516391026271964,0.9337863906484706,0.4709452411330708,0.032755672395757926,0.0010505845534691976,0.0013560201437632033,0.009702754796026707,0.004897126448212389,0.005947711001681567,0.009023459081259448,0.04168372347802463,0.5667265679186528,0.033217761812191486,0.10497514109110448,1.0,0.624294544477291,0.6213570890617104,1.021741187287253,0.5071015028100996,0.0549288853789081,0.005912389142703544,0.006069163058406959,0.019797210077067206,0.0025530771298037736,0.00846546627250734,0.008977828522847444,0.04250389149779349,0.5365493147003494,0.05148540151382773,0.10497514109110452,1.0
cremad,55,candidate_mixer,fixed,0.02,7442,0.21490526740123622,0.6531663445374595,0.6532884297282112,0.9257972908658909,0.46699442915166356,0.03485693085542875,0.0026748883060285604,0.0030053472447780713,0.017691854578606343,0.00947471055941001,0.012149598865438569,0.01872405353508119,0.08730726092621056,0.5667265679186528,0.060157635962258864,0.21490526740123614,1.0,0.6273851115291589,0.624992690512488,1.006116945116597,0.5014155208351807,0.054585720908066404,0.009002956194571293,0.009704764509184503,0.035421452247723306,0.0072561139478634325,0.016259070142434787,0.018844939272957783,0.08974296776802876,0.5365493147003494,0.0919361660747456,0.2149052674012362,1.0
cremad,55,candidate_mixer,fixed,0.05,7442,0.4850980919107767,0.6539073960221479,0.6543977019670006,0.9139622364075107,0.46068820719703446,0.04257242157940587,0.0034159397907170363,0.0041146194835674135,0.029526909036986616,0.023033218616619677,0.026449158407336696,0.04364726180028737,0.20779114167561408,0.5667265679186528,0.09976957893379461,0.4850980919107767,1.0,0.6337006181134104,0.6311884509051366,0.9804124097951533,0.4912878432156967,0.04851386313552164,0.015318462778822817,0.015900524901833215,0.06112598756916712,0.01988712711636653,0.035205589895189425,0.04472388314278819,0.21728563059862296,0.5365493147003494,0.15705684229853437,0.4850980919107767,1.0
cremad,55,candidate_mixer,max_confidence,0.005,7442,0.10993012631013169,0.651285858116363,0.6510864184299415,0.9383550323535921,0.4729374860782352,0.03025058743320414,0.0007944018849321754,0.0008033359465084148,0.005134113090905158,0.002173445584458957,0.002967847469391111,0.004390717229764031,0.017316500219854033,0.5667265679186528,0.017592384365114035,0.06251700159019113,1.0,0.6210696049449073,0.6179668653173441,1.0308577260385434,0.5103292098235661,0.06015913250528968,0.0026874496103197866,0.002678939314040715,0.010680671325776832,0.0013437248051598658,0.004031174415479672,0.004645090984559457,0.01889397226948785,0.5365493147003494,0.027302589410090727,0.06317086894594749,1.0
cremad,55,candidate_mixer,max_confidence,0.01,7442,0.22999193765116902,0.6512605504666376,0.6511360348773272,0.9337738048114049,0.47080458575256146,0.03271121460080793,0.0007690942352067038,0.0008529523938940839,0.009715340633092423,0.004628381487180408,0.005397475722387091,0.009341457128090236,0.03669161595558319,0.5667265679186528,0.033285330391719166,0.1303977617366728,1.0,0.624294544477291,0.6214647205254923,1.0214907040009091,0.507303925668955,0.056655503435020765,0.005912389142703544,0.0061767945221889095,0.02004769336341109,0.0024187046492877666,0.008331093791991352,0.009858353260128124,0.03984367089269457,0.5365493147003494,0.05164549622090187,0.13179037553273001,1.0
cremad,55,candidate_mixer,max_confidence,0.02,7442,0.46000067186240257,0.6517967648647747,0.6516072602972721,0.9265257069113689,0.4671929538843395,0.0357154332616696,0.0013053086333439012,0.0013241778138390122,0.01696343853312834,0.008951423595035172,0.01025673222837907,0.019022227550769877,0.07475375888663424,0.5667265679186528,0.05790806453282483,0.2611534134638755,1.0,0.6279226014512228,0.6252360829837306,1.006765663848068,0.5021471605965342,0.05682794857460842,0.009540446116635253,0.009948156980427102,0.034772733516252236,0.006584251545283478,0.01612469766191879,0.020202513934217896,0.08158202480561816,0.5365493147003494,0.08929959087292706,0.2639932970916094,1.0
cremad,55,candidate_mixer,max_confidence,0.05,7442,0.8666689062080086,0.6547396678493004,0.654913739429475,0.9188263306563915,0.46344981313259553,0.038131181126584604,0.004248211617869557,0.004630656946041805,0.024662814788105822,0.015730861182477417,0.019979072800346998,0.03728913447277272,0.14571246947042957,0.5667265679186528,0.08418327697080595,0.4969798275273322,1.0,0.6308787960225746,0.6281969838539164,0.9878709912139926,0.49500294246045157,0.052627794782950654,0.012496640687987073,0.012909057850613052,0.0536674061503278,0.013034130610051002,0.025530771298038137,0.03942411663914253,0.1591407969960423,0.5365493147003494,0.13627929743744932,0.5030571008098603,1.0
cremad,55,candidate_mixer,native_pdf,0.005,7442,0.08986831496909432,0.6510169310787992,0.6510517474286429,0.9389635939964341,0.473257697406499,0.029668770878274922,0.0005254748473683302,0.000768664945209807,0.004525551448063165,0.002441461251159767,0.002966936098528076,0.0043441645038215905,0.022295670190425193,0.5667265679186528,0.01573403400842334,0.044995093910791206,1.0,0.6210696049449073,0.6180886915819233,1.0327577893540396,0.5107236768598641,0.058761904374365875,0.0026874496103197923,0.0028007655786198306,0.008780608010280634,0.0009406073636118911,0.0036280569739317024,0.00400952480727461,0.021355723210343444,0.5366836871808653,0.023156208605993357,0.04267125212898477,0.9938188658962644
cremad,55,candidate_mixer,native_pdf,0.01,7442,0.19484345606019887,0.6507618428458607,0.6508412852423217,0.9346109706507766,0.4712918864170708,0.032292090239557265,0.0002703866144298779,0.0005582027588883729,0.0088781747937208,0.004870542286356461,0.005140928900786339,0.00955254155221187,0.04901694093251332,0.5667265679186528,0.030929394389888218,0.09755384496346163,1.0,0.624025799516259,0.6212770949542414,1.0239557965541257,0.5078083804558959,0.054982203380663335,0.005643644181671533,0.0059891689509379165,0.017582600810194755,0.002821822090835775,0.008465466272507346,0.008731247450646433,0.04669600735081988,0.5366836871808653,0.046263695244187115,0.09219056193835828,0.9938188658962644
cremad,55,candidate_mixer,native_pdf,0.02,7442,0.38497043805428643,0.6529099797923905,0.6533777962214233,0.9285826981182725,0.4684082226806973,0.03335037815823004,0.0024185235609596517,0.003094713737990094,0.014906447326224795,0.010292232211074144,0.012710755772033814,0.01933542553845592,0.09922628167659336,0.5667265679186528,0.051854499777043254,0.19274625745073348,1.0,0.6271163665681269,0.6247604972860873,1.0113738972036992,0.503312697780091,0.054166388448563405,0.008734211233539353,0.009472571282783858,0.03016450016062127,0.007659231389411424,0.016393442622950758,0.017661539815817758,0.09439701238320097,0.5366836871808653,0.07961522753463958,0.18222824186012437,0.9938188658962644
cremad,55,candidate_mixer,native_pdf,0.05,7442,0.7537254770223059,0.6531007950095808,0.6537979920573255,0.9212214649013091,0.4646445590882138,0.03567406421264675,0.00260933877814998,0.0035149095738922446,0.022267680543188176,0.022468596326696812,0.025077935104846752,0.03929645004417343,0.2032708146375131,0.5667265679186528,0.07668545248070359,0.37737384757265546,1.0,0.6287288363343188,0.6270053144283411,0.9941336617516172,0.4968633549576747,0.05004504456744636,0.010346680999731232,0.011717388425037651,0.04740473561270319,0.01760279494759469,0.027949475947325948,0.03623497458316201,0.19436989442794528,0.5366836871808653,0.12348510387068898,0.3562219954250261,0.9938188658962644
cremad,55,candidate_mixer,native_qmf,0.005,7442,0.08491332975006718,0.6510440624584544,0.6509857434057187,0.9389406136218938,0.47328271400153443,0.03053051052562929,0.0005526062270235228,0.0007026609222854932,0.004548531822603411,0.0018779333968354922,0.002430539623859015,0.004170934107667554,0.022681891001156376,0.5667265679186528,0.01596328586507337,0.04251424426522138,1.0,0.6210696049449073,0.6180944356581849,1.033044019746696,0.5107657421755536,0.05956993907972039,0.0026874496103197983,0.002806509654881473,0.008494377617624414,0.0008062348830959038,0.0034936844934157028,0.0036831626108753436,0.02023277102855572,0.5357430798172534,0.02279611547458868,0.03861286707991304,0.9967750604676162
cremad,55,candidate_mixer,native_qmf,0.01,7442,0.18988847084117175,0.6515806410096553,0.6515782357869371,0.9341331953313016,0.4711312837289772,0.03252653449857126,0.0010891847782244686,0.0012951533035039343,0.009355950113195807,0.004857614852594083,0.005946799630818552,0.009402526862219205,0.051351588148737574,0.5667265679186528,0.03271475083424111,0.09507299531789182,1.0,0.6245632894383231,0.6218625709748417,1.0240200377633926,0.5077059128992346,0.0563272525524629,0.006181134103735509,0.006574644971538279,0.017518359600927666,0.0026874496103197736,0.008868583714055302,0.008282796055025318,0.04571693712882749,0.5357430798172534,0.046656097423608885,0.08607633326444661,0.9967750604676162
cremad,55,candidate_mixer,native_qmf,0.02,7442,0.38497043805428643,0.6529114383810528,0.653412224563092,0.9273331592984821,0.46789533268583633,0.03427021048494342,0.002419982149621972,0.0031291420796587584,0.016155986146015194,0.010292232211074144,0.012712214360696117,0.019542194495645267,0.10696530543875168,0.5667265679186528,0.05627666571138793,0.1927462574507335,1.0,0.6275194840096748,0.6249897475033467,1.0106552930296806,0.5027863159715158,0.05292150692721902,0.009137328675087297,0.009701821500043282,0.030883104334639595,0.007256113947863419,0.01639344262295078,0.01718353945359605,0.09488227393984744,0.5357430798172534,0.08227324242044158,0.1744052673100744,0.9967750604676162
cremad,55,candidate_mixer,native_qmf,0.05,7442,0.8044342918570278,0.6520014178983866,0.6524871229065742,0.9191749668310529,0.46372992821880404,0.03576421585274468,0.00150996166695591,0.0022040404231408748,0.02431417861344432,0.024118208717185338,0.025628170384141228,0.04304028718005216,0.23775227021592954,0.5667265679186528,0.0838035778394121,0.4027626196347441,1.0,0.6314162859446385,0.6294687857692928,0.9913684724958914,0.495310535764375,0.0500510839780542,0.013034130610051027,0.014180859765989427,0.050169924868428875,0.018409029830690617,0.03144316044074166,0.038050376552395966,0.21084787169523256,0.5357430798172534,0.13242620962251103,0.36375276093243747,0.9967750604676162
cremad,55,candidate_mixer,native_tmc,0.005,7442,0.08986831496909432,0.6510309529481602,0.6510442039662574,0.9384263467268605,0.4730898170335671,0.030594148669021357,0.0005394967167292798,0.0007611214828242343,0.005062798717636826,0.0018779333968354922,0.002417430113564772,0.004252210385839024,0.02308220719733836,0.5667265679186528,0.01741333920163937,0.044995093910791206,1.0,0.6212039774254233,0.6182215155880968,1.0320547986879822,0.5105599856852417,0.058794741808592704,0.0028218220908357836,0.002933589584793343,0.00948359867633818,0.0009406073636118982,0.003762429454447681,0.00383371304180773,0.021336132925636728,0.5364149422198333,0.025133464936458183,0.04141075744026986,0.9978500403117442
cremad,55,candidate_mixer,native_tmc,0.01,7442,0.19484345606019887,0.6515691721645552,0.6516635707549635,0.933602122898109,0.4709418832194448,0.033357960950851216,0.001077715933124411,0.0013804882715302501,0.009887022546388366,0.004588869891562102,0.0056665858246865135,0.00935021025726115,0.05072455195733596,0.5667265679186528,0.0340763364833943,0.09755384496346163,1.0,0.6241601719967751,0.6215015908561694,1.0225552199266696,0.5074270285915282,0.05743366541683094,0.005778016662187566,0.0062136648528660215,0.018983177437650715,0.0028218220908357585,0.008599838753023345,0.008329019957984142,0.04656828848409867,0.5364149422198333,0.05016632361615853,0.08948817426414518,0.9978500403117442
cremad,55,candidate_mixer,native_tmc,0.02,7442,0.3899254232733136,0.6545359261865515,0.6550502504554019,0.9268660526759197,0.4676946122719789,0.03738188337663072,0.0040444699551206035,0.004767167971968522,0.016623092768577492,0.008667745393779206,0.012712215348899828,0.019236428699018607,0.10426989662497964,0.5667265679186528,0.05718272344295366,0.1952271070963033,1.0,0.6281913464122548,0.6257494860524759,1.0085605952051209,0.5023771415033509,0.05298232091398398,0.009809191077667275,0.010461560049172484,0.032977802159199564,0.006987368986831436,0.016796560064498752,0.017021153532268952,0.0951975145649191,0.5364149422198333,0.08731717713566439,0.1788551447329415,0.9978500403117442
cremad,55,candidate_mixer,native_tmc,0.05,7442,0.7948300188121473,0.6517195644152644,0.6524070935906289,0.9189997331662038,0.46353905536270146,0.03789750470094252,0.0012281081838333389,0.0021240111071957287,0.024489412278293557,0.02279032753490874,0.0240184357187421,0.041139827980948354,0.22502865655329582,0.5667265679186528,0.0833634677057323,0.3979539579940033,1.0,0.6310131685030905,0.6289705439718636,0.9885035752685503,0.49471317615922306,0.047510337437842505,0.012631013168503045,0.013682617968560159,0.053034822095770165,0.017334049986562704,0.029965063155065804,0.03641154549423337,0.20502599173443053,0.5364149422198333,0.1385357654313783,0.36271236099777276,0.9978500403117442
cremad,55,candidate_mixer,negative_entropy,0.005,7442,0.1500167965600645,0.6501848403399747,0.6500195442609913,0.9384614935776009,0.4729518955651005,0.030427988948537595,-0.00030661589145608017,-0.0002635382224418257,0.005027651866896383,0.0027364262209839453,0.0024298103295278444,0.004571412192097916,0.018148003814622272,0.5667265679186528,0.017144510793436856,0.06658358995278842,1.0,0.6209352324643913,0.6177628057707262,1.0309213095536574,0.5102812875908582,0.059775184262298574,0.0025530771298038026,0.002474879767422721,0.010617087810662899,0.0013437248051598658,0.0038968019349636886,0.004839950556480333,0.020019374760776268,0.5365493147003494,0.02745943409915008,0.06767284586420941,1.0
cremad,55,candidate_mixer,negative_entropy,0.01,7442,0.30524388605213654,0.6510038205803013,0.6508844690559674,0.9339752334864093,0.47084074700786366,0.03284265105901066,0.000512364348870374,0.0006013865725343319,0.009513911958088022,0.004347985604516506,0.00486034995338686,0.009381558515959386,0.03730071915318099,0.5667265679186528,0.03239785448946703,0.13583138984550677,1.0,0.6230851921526471,0.620182181827981,1.021609884825678,0.5072371042320417,0.05821693887460036,0.004703036818059648,0.0048942558246776475,0.019928512538642296,0.0030905670518677525,0.0077936038699274015,0.009950422181729531,0.0412180294292495,0.5365493147003494,0.0513696280775944,0.13821581832802252,1.0
cremad,55,candidate_mixer,negative_entropy,0.02,7442,0.5660474334856221,0.652052035174245,0.651853089585397,0.9269280155174068,0.4673807370872119,0.035826502837584547,0.0015605789428142164,0.0015700071019637695,0.016561129927090502,0.008428866913195216,0.00998944585600941,0.017430942122907304,0.06997775902946089,0.5667265679186528,0.05633436601589493,0.2556354430306666,1.0,0.6260413867239989,0.6230998383227891,1.0084474688574563,0.5027233907477249,0.056248446280230256,0.00765923138941142,0.007811912319485854,0.03309092850686399,0.0069873689868314515,0.01464660037624291,0.019033492663191896,0.07972902094445229,0.5365493147003494,0.08397546870924179,0.26024426442181287,1.0
cremad,55,candidate_mixer,negative_entropy,0.05,7442,0.846916151572158,0.6523338896455713,0.6520899542340449,0.9227097556976117,0.46538896694731263,0.03983122071785915,0.0018424334141404401,0.0018068717506117857,0.020779389746885563,0.012739164652023178,0.014581598066163598,0.027116378120030763,0.1090918488133757,0.5667265679186528,0.07104402645227052,0.38682488710072627,1.0,0.6277882289707069,0.6249819413926057,0.9969018671708669,0.4982884697744261,0.051996969133094824,0.009406073636119306,0.009694015389302235,0.04463653019345338,0.010749798441279173,0.020155872077398523,0.02889679848020997,0.1200508422507846,0.5365493147003494,0.11253982673388672,0.39469477623196514,1.0
cremad,55,convex_projection,analytic_pi_g2,0.005,7442,0.35528083848427844,0.651566253999027,0.6513373860996825,0.9377691311948381,0.4719489297609932,0.030823850074372793,0.001074797767596077,0.0010543036162493922,0.005720014249659149,0.0021745400200575485,0.0032493377876536057,0.004857262338389346,0.02855103324987804,0.6426023671789178,0.019564010397677686,0.05439479507954408,0.8434355478076037,0.6232195646331631,0.6203291050180438,1.0270803158146018,0.5079468466964058,0.05880326502084429,0.004837409298575617,0.005041179014740404,0.01445808154971854,0.0016124697661918648,0.0064498790647675025,0.005881549884260734,0.032088980494003716,0.6150228433216878,0.03728744161581421,0.05922610083386175,0.8839021768341844
cremad,55,convex_projection,analytic_pi_g2,0.01,7442,0.6858337812416018,0.653190010533787,0.6528941919873853,0.9340574096540268,0.4695874063697495,0.03168174874205072,0.0026985543023561524,0.002611109503952109,0.009431735790470555,0.004336334682884583,0.007034888985240716,0.009551281127517406,0.05527839903978461,0.6425892576686236,0.03208791472481015,0.10480282318725022,0.8434355478076037,0.6260413867239989,0.6231883279243909,1.0182120770419727,0.5040603442404734,0.05421759835268759,0.0076592313894113945,0.007900401921087577,0.023326320322347594,0.004703036818059637,0.012362268207471074,0.011968183727970289,0.06291905783377157,0.6144853533996237,0.059930248561118796,0.11433232196418222,0.8839021768341844
cremad,55,convex_projection,analytic_pi_g2,0.02,7442,0.8765452835259339,0.653458755494819,0.6532692290661948,0.9330280677914229,0.4689106410704233,0.031909544063619656,0.0029672992633881325,0.002986146582761673,0.010461077653074372,0.005142205412916796,0.00810950467630491,0.012460842354979459,0.07130465770950674,0.6415148240540912,0.035811820209909674,0.1320454616553118,0.8434355478076037,0.6264445041655469,0.6235569260856291,1.0137539135335811,0.5020002204591617,0.05123182496709058,0.008062348830959363,0.008269000082325556,0.027784483830739257,0.006987368986831463,0.015049717817790867,0.015262001336766811,0.07937857394952108,0.6147540983606558,0.07090793827052412,0.14461510031274072,0.8839021768341844
cremad,55,convex_projection,analytic_pi_g2,0.05,7442,0.8765452835259339,0.653458755494819,0.6532692290661948,0.9330280677914229,0.4689106410704233,0.031909544063619656,0.0029672992633881325,0.002986146582761673,0.010461077653074372,0.005142205412916796,0.00810950467630491,0.012460842354979459,0.07130465770950674,0.6415148240540912,0.035811820209909674,0.1320454616553118,0.8434355478076037,0.6264445041655469,0.6235569260856291,1.0137539135335811,0.5020002204591617,0.05123182496709058,0.008062348830959363,0.008269000082325556,0.027784483830739257,0.006987368986831463,0.015049717817790867,0.015262001336766811,0.07937857394952108,0.6147540983606558,0.07090793827052412,0.14461510031274072,0.8839021768341844
cremad,55,convex_projection,fixed,0.005,7442,0.07997178177909164,0.6512980562557942,0.6512252163220331,0.9395864002314179,0.4732489400555622,0.03048923000623721,0.0008066000243633627,0.0009421338385999574,0.0039027452130794304,0.0013553767149955167,0.0021619767393588995,0.004436561026977864,0.020939136625339912,0.638023142402526,0.013011169077540203,0.07997178177909163,1.0,0.6213383499059393,0.6182560647566541,1.0282831907974752,0.5098009457386823,0.05831411794636167,0.0029561945713517633,0.002968138753350655,0.013255206566845005,0.0005374899220639422,0.0034936844934157054,0.004922642239811076,0.023571012704838697,0.6136791185165278,0.033417655534460085,0.07997178177909164,1.0
cremad,55,convex_projection,fixed,0.01,7442,0.150067186240258,0.651298238332326,0.6511868519501162,0.9365551720945667,0.47158699182943875,0.03345937136700708,0.0008067821008952272,0.0009037694666830256,0.006933973349930604,0.0024425556867583584,0.0032493377876536057,0.0081268492356094,0.03890467974990671,0.638023142402526,0.023041398036540574,0.15006718624025797,1.0,0.6226820747110992,0.6196964564470496,1.018770453358633,0.506665515090372,0.055056625965862686,0.004299919376511664,0.004408530443746191,0.02276794400568725,0.0014780972856758665,0.005778016662187552,0.009168977660614754,0.044610481503069996,0.6136791185165278,0.05681869648478594,0.150067186240258,1.0
cremad,55,convex_projection,fixed,0.02,7442,0.29545485084654666,0.652359744513096,0.6522007243125201,0.9324799424132693,0.46899378270363257,0.0361350880450403,0.001868288281665197,0.0019176418290868039,0.011009203031228074,0.004067042504053296,0.005935330785718494,0.016173886890768274,0.07800680473329617,0.638023142402526,0.036482395302800286,0.2954548508465466,1.0,0.626175759204515,0.6235642967531256,1.0045823762598391,0.5011720278866908,0.049378355432273584,0.0077936038699273945,0.008276370749822251,0.0369560211044812,0.004568664337543634,0.012362268207471048,0.018389826060205644,0.09000081251086922,0.6136791185165278,0.0918235771442886,0.29545485084654666,1.0
cremad,55,convex_projection,fixed,0.05,7442,0.46914135984950284,0.6558519723942569,0.6553002260069308,0.9286009535544085,0.4660231992808351,0.044919279637245624,0.005360516162826027,0.005017143523497688,0.014888191890088888,0.007558542079086669,0.012919058241912694,0.025626606075864287,0.12438792084427329,0.638023142402526,0.04857230094500265,0.46914135984950284,1.0,0.6277882289707069,0.6251503006507712,0.995199241365581,0.49699723364503723,0.03953626753168656,0.00940607363611929,0.009862374647467743,0.04633915599873935,0.00846546627250733,0.01787153990862668,0.030542209634115136,0.15266404365330463,0.6136791185165278,0.11401646072964304,0.46914135984950284,1.0
mosei,11,candidate_mixer,analytic_pi_g1,0.005,3634,0.5750000000000001,0.8443579766536965,0.8275039152807816,0.346926748752594,0.2190899062224754,0.0151000254812871,0.0012970168612190997,0.0012816259995978001,0.0036137402057647,0.0,0.0012970168612190997,0.0047891964204609,0.0253544002771377,0.364461738002594,0.026425895267754,0.1907233893871307,0.6964980544747081,0.8395707209686296,0.823160906295535,0.364637941122055,0.2275216434192546,0.0174014797299919,0.0011007154650523002,0.0006277772322669,0.0027364492416381,0.004127682993946,0.0052283984589983,0.005397105589509,0.0358924627304077,0.3654375343973582,0.0174320225918982,0.1879003942012787,0.6890478811227297
mosei,11,candidate_mixer,analytic_pi_g1,0.01,3634,1.0,0.8430609597924773,0.8262222892811838,0.3449977040290832,0.2177173598549578,0.017896303870798505,0.0,0.0,0.0055427849292755,0.005188067444876699,0.005188067444876699,0.0085617406293749,0.0445169806480407,0.364461738002594,0.040532702252431795,0.3316928744316101,0.6964980544747081,0.8395707209686296,0.8228320207267492,0.3632628321647644,0.2268341749702973,0.0136165755852671,0.0011007154650523002,0.0002988916634811,0.0041115581989288,0.0066042927903137,0.0077050082553659,0.0096719898283481,0.0632750332355499,0.3654375343973582,0.0261916039773131,0.3267832994461059,0.6890478811227297
mosei,11,candidate_mixer,analytic_pi_g1,0.02,3634,1.0,0.8430609597924773,0.8262222892811838,0.3449977040290832,0.2177173598549578,0.017896303870798505,0.0,0.0,0.0055427849292755,0.005188067444876699,0.005188067444876699,0.0085617406293749,0.0445169806480407,0.364461738002594,0.040532702252431795,0.3316928744316101,0.6964980544747081,0.8395707209686296,0.8228320207267492,0.3632628321647644,0.2268341749702973,0.0136165755852671,0.0011007154650523002,0.0002988916634811,0.0041115581989288,0.0066042927903137,0.0077050082553659,0.0096719898283481,0.0632750332355499,0.3654375343973582,0.0261916039773131,0.3267832994461059,0.6890478811227297
mosei,11,candidate_mixer,analytic_pi_g1,0.05,3634,1.0,0.8430609597924773,0.8262222892811838,0.3449977040290832,0.2177173598549578,0.017896303870798505,0.0,0.0,0.0055427849292755,0.005188067444876699,0.005188067444876699,0.0085617406293749,0.0445169806480407,0.364461738002594,0.040532702252431795,0.3316928744316101,0.6964980544747081,0.8395707209686296,0.8228320207267492,0.3632628321647644,0.2268341749702973,0.0136165755852671,0.0011007154650523002,0.0002988916634811,0.0041115581989288,0.0066042927903137,0.0077050082553659,0.0096719898283481,0.0632750332355499,0.3654375343973582,0.0261916039773131,0.3267832994461059,0.6890478811227297
mosei,11,candidate_mixer,analytic_pi_g2,0.005,3634,0.875,0.8443579766536965,0.8275039152807816,0.3477850556373596,0.2196914917698877,0.0128392591086807,0.0012970168612190997,0.0012816259995978001,0.0027554333209991,0.0,0.0012970168612190997,0.0048727774992585,0.0181281268596649,0.36057068741893633,0.0201494836199701,0.2129691988229751,0.6964980544747081,0.8395707209686296,0.823226182945901,0.365044504404068,0.2276783665794799,0.0168426098506006,0.0011007154650523002,0.0006930538826329,0.0023298859596252003,0.0038525041276829,0.0049532195927352,0.0051742331124842,0.0323166668415069,0.3629609246009906,0.014841927905265898,0.2090398371219635,0.6890478811227297
mosei,11,candidate_mixer,analytic_pi_g2,0.01,3634,1.0,0.8430609597924773,0.8262222892811838,0.3474771380424499,0.2194888538784409,0.014802709936941,0.0,0.0,0.0030633509159087996,0.0012970168612190997,0.0012970168612190997,0.0056122033856809,0.0207448899745941,0.3618677042801556,0.0224011853906572,0.2433933764696121,0.6964980544747081,0.8398458998348927,0.823496835443038,0.3647908270359039,0.2275347679359163,0.0155235976226787,0.0013758943313153,0.0009637063797699,0.0025835633277893,0.004127682993946,0.0055035773252614,0.0059591438621282,0.0370198309421539,0.3637864611997798,0.0164579130971309,0.238902673125267,0.6890478811227297
mosei,11,candidate_mixer,analytic_pi_g2,0.02,3634,1.0,0.8430609597924773,0.8262222892811838,0.3474771380424499,0.2194888538784409,0.014802709936941,0.0,0.0,0.0030633509159087996,0.0012970168612190997,0.0012970168612190997,0.0056122033856809,0.0207448899745941,0.3618677042801556,0.0224011853906572,0.2433933764696121,0.6964980544747081,0.8398458998348927,0.823496835443038,0.3647908270359039,0.2275347679359163,0.0155235976226787,0.0013758943313153,0.0009637063797699,0.0025835633277893,0.004127682993946,0.0055035773252614,0.0059591438621282,0.0370198309421539,0.3637864611997798,0.0164579130971309,0.238902673125267,0.6890478811227297
mosei,11,candidate_mixer,analytic_pi_g2,0.05,3634,1.0,0.8430609597924773,0.8262222892811838,0.3474771380424499,0.2194888538784409,0.014802709936941,0.0,0.0,0.0030633509159087996,0.0012970168612190997,0.0012970168612190997,0.0056122033856809,0.0207448899745941,0.3618677042801556,0.0224011853906572,0.2433933764696121,0.6964980544747081,0.8398458998348927,0.823496835443038,0.3647908270359039,0.2275347679359163,0.0155235976226787,0.0013758943313153,0.0009637063797699,0.0025835633277893,0.004127682993946,0.0055035773252614,0.0059591438621282,0.0370198309421539,0.3637864611997798,0.0164579130971309,0.238902673125267,0.6890478811227297
mosei,11,candidate_mixer,analytic_pi_g3,0.005,3634,1.0,0.8443579766536965,0.8275039152807816,0.3486405611038208,0.2203098814549877,0.0143737657679349,0.0012970168612190997,0.0012816259995978001,0.0018999278545379,0.0,0.0012970168612190997,0.004225343465805,0.0112718492746353,0.3463035019455253,0.0138933399033394,0.2015839219093322,0.6964980544747081,0.8398458998348927,0.8236268332906367,0.3654496073722839,0.227930422157661,0.0171648570155467,0.0013758943313153,0.0010937042273686,0.0019247829914093,0.0024766097963676,0.0038525041276829,0.0041849273256957,0.0229380965232849,0.3398458998348926,0.0122614205367949,0.1950925439596176,0.6890478811227297
mosei,11,candidate_mixer,analytic_pi_g3,0.01,3634,1.0,0.8443579766536965,0.8275039152807816,0.3486405611038208,0.2203098814549877,0.0143737657679349,0.0012970168612190997,0.0012816259995978001,0.0018999278545379,0.0,0.0012970168612190997,0.004225343465805,0.0112718492746353,0.3463035019455253,0.0138933399033394,0.2015839219093322,0.6964980544747081,0.8398458998348927,0.8236268332906367,0.3654496073722839,0.227930422157661,0.0171648570155467,0.0013758943313153,0.0010937042273686,0.0019247829914093,0.0024766097963676,0.0038525041276829,0.0041849273256957,0.0229380965232849,0.3398458998348926,0.0122614205367949,0.1950925439596176,0.6890478811227297
mosei,11,candidate_mixer,analytic_pi_g3,0.02,3634,1.0,0.8443579766536965,0.8275039152807816,0.3486405611038208,0.2203098814549877,0.0143737657679349,0.0012970168612190997,0.0012816259995978001,0.0018999278545379,0.0,0.0012970168612190997,0.004225343465805,0.0112718492746353,0.3463035019455253,0.0138933399033394,0.2015839219093322,0.6964980544747081,0.8398458998348927,0.8236268332906367,0.3654496073722839,0.227930422157661,0.0171648570155467,0.0013758943313153,0.0010937042273686,0.0019247829914093,0.0024766097963676,0.0038525041276829,0.0041849273256957,0.0229380965232849,0.3398458998348926,0.0122614205367949,0.1950925439596176,0.6890478811227297
mosei,11,candidate_mixer,analytic_pi_g3,0.05,3634,1.0,0.8443579766536965,0.8275039152807816,0.3486405611038208,0.2203098814549877,0.0143737657679349,0.0012970168612190997,0.0012816259995978001,0.0018999278545379,0.0,0.0012970168612190997,0.004225343465805,0.0112718492746353,0.3463035019455253,0.0138933399033394,0.2015839219093322,0.6964980544747081,0.8398458998348927,0.8236268332906367,0.3654496073722839,0.227930422157661,0.0171648570155467,0.0013758943313153,0.0010937042273686,0.0019247829914093,0.0024766097963676,0.0038525041276829,0.0041849273256957,0.0229380965232849,0.3398458998348926,0.0122614205367949,0.1950925439596176,0.6890478811227297
mosei,11,candidate_mixer,analytic_pi_selected,0.005,3634,0.5750000000000001,0.8443579766536965,0.8275039152807816,0.346926748752594,0.2190899062224754,0.0151000254812871,0.0012970168612190997,0.0012816259995978001,0.0036137402057647,0.0,0.0012970168612190997,0.0047891964204609,0.0253544002771377,0.364461738002594,0.026425895267754,0.1907233893871307,0.6964980544747081,0.8395707209686296,0.823160906295535,0.364637941122055,0.2275216434192546,0.0174014797299919,0.0011007154650523002,0.0006277772322669,0.0027364492416381,0.004127682993946,0.0052283984589983,0.005397105589509,0.0358924627304077,0.3654375343973582,0.0174320225918982,0.1879003942012787,0.6890478811227297
mosei,11,candidate_mixer,analytic_pi_selected,0.01,3634,1.0,0.8430609597924773,0.8262222892811838,0.3449977040290832,0.2177173598549578,0.017896303870798505,0.0,0.0,0.0055427849292755,0.005188067444876699,0.005188067444876699,0.0085617406293749,0.0445169806480407,0.364461738002594,0.040532702252431795,0.3316928744316101,0.6964980544747081,0.8395707209686296,0.8228320207267492,0.3632628321647644,0.2268341749702973,0.0136165755852671,0.0011007154650523002,0.0002988916634811,0.0041115581989288,0.0066042927903137,0.0077050082553659,0.0096719898283481,0.0632750332355499,0.3654375343973582,0.0261916039773131,0.3267832994461059,0.6890478811227297
mosei,11,candidate_mixer,analytic_pi_selected,0.02,3634,1.0,0.8430609597924773,0.8262222892811838,0.3449977040290832,0.2177173598549578,0.017896303870798505,0.0,0.0,0.0055427849292755,0.005188067444876699,0.005188067444876699,0.0085617406293749,0.0445169806480407,0.364461738002594,0.040532702252431795,0.3316928744316101,0.6964980544747081,0.8395707209686296,0.8228320207267492,0.3632628321647644,0.2268341749702973,0.0136165755852671,0.0011007154650523002,0.0002988916634811,0.0041115581989288,0.0066042927903137,0.0077050082553659,0.0096719898283481,0.0632750332355499,0.3654375343973582,0.0261916039773131,0.3267832994461059,0.6890478811227297
mosei,11,candidate_mixer,analytic_pi_selected,0.05,3634,1.0,0.8430609597924773,0.8262222892811838,0.3449977040290832,0.2177173598549578,0.017896303870798505,0.0,0.0,0.0055427849292755,0.005188067444876699,0.005188067444876699,0.0085617406293749,0.0445169806480407,0.364461738002594,0.040532702252431795,0.3316928744316101,0.6964980544747081,0.8395707209686296,0.8228320207267492,0.3632628321647644,0.2268341749702973,0.0136165755852671,0.0011007154650523002,0.0002988916634811,0.0041115581989288,0.0066042927903137,0.0077050082553659,0.0096719898283481,0.0632750332355499,0.3654375343973582,0.0261916039773131,0.3267832994461059,0.6890478811227297
mosei,11,candidate_mixer,fixed,0.005,3634,0.275,0.8443579766536965,0.8275039152807816,0.3461532841684873,0.2187730787684256,0.0138058132205723,0.0012970168612190997,0.0012816259995978001,0.0043872047898714,0.0,0.0012970168612190997,0.0048028210848513,0.0277258641567094,0.4046692607003891,0.032082045523337,0.2749999999999999,1.0,0.8403962575674189,0.8241033755274263,0.3638303117323362,0.2274413000911027,0.0122730333399053,0.0019262520638415,0.0015702464641581,0.0035440786313569,0.0030269675288937,0.0049532195927352,0.0055948178505549,0.0318015276609221,0.4001100715465052,0.0225766044977583,0.2749999999999999,1.0
mosei,11,candidate_mixer,fixed,0.01,3634,0.55,0.8456549935149157,0.8290946481360403,0.3430804248459556,0.2166175848568441,0.0156648518452384,0.0025940337224383,0.0028723588548564,0.0074600641124031,0.0038910505836575,0.0064850843060959,0.0097967469284482,0.056242828651044,0.4046692607003891,0.0545528717833531,0.5499999999999999,1.0,0.8392955421023666,0.8225612641611972,0.3615259394929862,0.2263884483716302,0.0137992518776119,0.0008255365987892,2.813509792920499e-05,0.0058484508707069,0.0066042927903137,0.0074298293891029,0.0114641499408165,0.0646477175125384,0.4001100715465052,0.0372560039344714,0.5499999999999999,1.0
mosei,11,candidate_mixer,fixed,0.02,3634,1.0,0.8430609597924773,0.8259096770340955,0.3398850364274338,0.2141983090076985,0.0192703606244345,0.0,-0.0003126122470883,0.0106554525309249,0.0116731517509727,0.0116731517509727,0.0184565652731561,0.1047366409554789,0.4046692607003891,0.0779197136883418,1.0,1.0,0.8357182168409466,0.8173292287733127,0.3598490259072998,0.2259738086271739,0.0136263074130885,-0.0027517886626307,-0.0052039002899553,0.0075253644563934,0.0165107319757842,0.0137589433131535,0.0218055170580643,0.1208380036648164,0.4001100715465052,0.0479383424580803,1.0,1.0
mosei,11,candidate_mixer,fixed,0.05,3634,1.0,0.8430609597924773,0.8259096770340955,0.3398850364274338,0.2141983090076985,0.0192703606244345,0.0,-0.0003126122470883,0.0106554525309249,0.0116731517509727,0.0116731517509727,0.0184565652731561,0.1047366409554789,0.4046692607003891,0.0779197136883418,1.0,1.0,0.8357182168409466,0.8173292287733127,0.3598490259072998,0.2259738086271739,0.0136263074130885,-0.0027517886626307,-0.0052039002899553,0.0075253644563934,0.0165107319757842,0.0137589433131535,0.0218055170580643,0.1208380036648164,0.4001100715465052,0.0479383424580803,1.0,1.0
mosei,11,candidate_mixer,max_confidence,0.005,3634,0.5750000000000001,0.8443579766536965,0.8275039152807816,0.3477164208889007,0.2201640775120405,0.0176633072270493,0.0012970168612190997,0.0012816259995978001,0.002824068069458,0.0,0.0012970168612190997,0.0049039786681532,0.0236770212650299,0.4046692607003891,0.020651387334439,0.3994226157665252,1.0,0.8395707209686296,0.82342101764813,0.3631987571716308,0.2275159485265748,0.0149292299297397,0.0011007154650523002,0.0008878885848619,0.0041756331920623,0.0022014309301045,0.0033021463951568,0.005212808959186,0.025828874297439998,0.4001100715465052,0.0265999667766202,0.4011131823062897,1.0
mosei,11,candidate_mixer,max_confidence,0.01,3634,1.0,0.8443579766536965,0.8275039152807816,0.3462071716785431,0.2194124804640286,0.0223531939485503,0.0012970168612190997,0.0012816259995978001,0.0043333172798156,0.0,0.0012970168612190997,0.0086590265855193,0.0415449142456054,0.4046692607003891,0.0316880386189083,0.694648027420044,1.0,0.8395707209686296,0.8232912935124824,0.3611097633838653,0.2265689935426621,0.0126465233919314,0.0011007154650523002,0.0007581644492142,0.006264626979827799,0.0027517886626307,0.0038525041276829,0.0092180212959647,0.0453578738495707,0.4001100715465052,0.039907164384536904,0.6975880861282349,1.0
mosei,11,candidate_mixer,max_confidence,0.02,3634,1.0,0.8443579766536965,0.8275039152807816,0.3462071716785431,0.2194124804640286,0.0223531939485503,0.0012970168612190997,0.0012816259995978001,0.0043333172798156,0.0,0.0012970168612190997,0.0086590265855193,0.0415449142456054,0.4046692607003891,0.0316880386189083,0.694648027420044,1.0,0.8395707209686296,0.8232912935124824,0.3611097633838653,0.2265689935426621,0.0126465233919314,0.0011007154650523002,0.0007581644492142,0.006264626979827799,0.0027517886626307,0.0038525041276829,0.0092180212959647,0.0453578738495707,0.4001100715465052,0.039907164384536904,0.6975880861282349,1.0
mosei,11,candidate_mixer,max_confidence,0.05,3634,1.0,0.8443579766536965,0.8275039152807816,0.3462071716785431,0.2194124804640286,0.0223531939485503,0.0012970168612190997,0.0012816259995978001,0.0043333172798156,0.0,0.0012970168612190997,0.0086590265855193,0.0415449142456054,0.4046692607003891,0.0316880386189083,0.694648027420044,1.0,0.8395707209686296,0.8232912935124824,0.3611097633838653,0.2265689935426621,0.0126465233919314,0.0011007154650523002,0.0007581644492142,0.006264626979827799,0.0027517886626307,0.0038525041276829,0.0092180212959647,0.0453578738495707,0.4001100715465052,0.039907164384536904,0.6975880861282349,1.0
mosei,11,candidate_mixer,native_pdf,0.005,3634,0.55,0.8443579766536965,0.8278121045187226,0.3472343106232786,0.2192386655291286,0.0142219161150766,0.0012970168612190997,0.0015898152375386997,0.0033061783350801,0.0025940337224383,0.0038910505836575,0.004890801160119399,0.0274460819447138,0.4046692607003891,0.0241768487348036,0.2753566796368353,1.0,0.8403962575674189,0.824297454908971,0.363686811765265,0.22737071388210564,0.0108469567242683,0.0019262520638415,0.0017643258457029,0.0036875785984282,0.0027517886626307,0.0046780407264722,0.0055245420116307,0.0322665604824514,0.4001100715465052,0.0234907334304992,0.2667382631395232,0.9972482113373692
mosei,11,candidate_mixer,native_pdf,0.01,3634,1.0,0.8430609597924773,0.8265312004343647,0.3452603598943292,0.2178393781879001,0.0164834881556677,0.0,0.0003089111531808,0.0052801290640295,0.0038910505836575,0.0038910505836575,0.0090572769853734,0.0504766838724939,0.4046692607003891,0.038611711909570606,0.5006485084306096,1.0,0.8384700055035773,0.8216164599770184,0.36183362327686,0.2265043286535963,0.0114430520680328,0.0,-0.0009166690862496,0.0055407670868332,0.0074298293891029,0.0074298293891029,0.0102857196408158,0.0594635113138697,0.4001100715465052,0.0352959850249593,0.4849786602536785,0.9972482113373692
mosei,11,candidate_mixer,native_pdf,0.02,3634,1.0,0.8430609597924773,0.8265312004343647,0.3452603598943292,0.2178393781879001,0.0164834881556677,0.0,0.0003089111531808,0.0052801290640295,0.0038910505836575,0.0038910505836575,0.0090572769853734,0.0504766838724939,0.4046692607003891,0.038611711909570606,0.5006485084306096,1.0,0.8384700055035773,0.8216164599770184,0.36183362327686,0.2265043286535963,0.0114430520680328,0.0,-0.0009166690862496,0.0055407670868332,0.0074298293891029,0.0074298293891029,0.0102857196408158,0.0594635113138697,0.4001100715465052,0.0352959850249593,0.4849786602536785,0.9972482113373692
mosei,11,candidate_mixer,native_pdf,0.05,3634,1.0,0.8430609597924773,0.8265312004343647,0.3452603598943292,0.2178393781879001,0.0164834881556677,0.0,0.0003089111531808,0.0052801290640295,0.0038910505836575,0.0038910505836575,0.0090572769853734,0.0504766838724939,0.4046692607003891,0.038611711909570606,0.5006485084306096,1.0,0.8384700055035773,0.8216164599770184,0.36183362327686,0.2265043286535963,0.0114430520680328,0.0,-0.0009166690862496,0.0055407670868332,0.0074298293891029,0.0074298293891029,0.0102857196408158,0.0594635113138697,0.4001100715465052,0.0352959850249593,0.4849786602536785,0.9972482113373692
mosei,11,candidate_mixer,native_qmf,0.005,3634,0.4,0.8430609597924773,0.8262222892811838,0.3462093361772282,0.218643106787695,0.0163092594383678,0.0,0.0,0.0043311527811305,0.0012970168612190997,0.0012970168612190997,0.0047637340433992,0.028872144313946597,0.4046692607003891,0.0316721553143369,0.20025940337224382,1.0,0.8390203632361035,0.8226197547570362,0.3639744704471454,0.2274421497562601,0.0155303179301276,0.0005503577325262001,8.662569376816087e-05,0.0033999199165478,0.004127682993946,0.0046780407264722,0.0056487687351183,0.0321173184853312,0.39928453494771604,0.021658279185193495,0.1981646176370023,0.9950467804072648
mosei,11,candidate_mixer,native_qmf,0.01,3634,0.8,0.8430609597924773,0.8265312004343647,0.3432261267782936,0.216465378905606,0.0199156650595301,0.0,0.0003089111531808,0.007314362180065,0.0064850843060959,0.0064850843060959,0.0097370886083893,0.0586028039068813,0.4046692607003891,0.0534874006817929,0.40051880674448764,1.0,0.8384700055035773,0.8214157475868005,0.3619571882620807,0.2265454650738355,0.0133602810539112,0.0,-0.0011173814764674998,0.0054172021016125,0.0082553659878921,0.0082553659878921,0.0116393892366132,0.0653004767017829,0.39928453494771604,0.0345088466696741,0.3963292352740046,0.9950467804072648
mosei,11,candidate_mixer,native_qmf,0.02,3634,1.0,0.8443579766536965,0.8278121045187226,0.3421013736684063,0.2156095250757897,0.0186950534733595,0.0012970168612190997,0.0015898152375386997,0.0084391152899524,0.0077821011673151,0.009079118028534299,0.0123130105429612,0.0738063161922476,0.4046692607003891,0.0617123563549565,0.5006485084306096,1.0,0.837369290038525,0.8197212886862264,0.3613765421466043,0.22638279955078378,0.0134122568744311,-0.0011007154650523002,-0.0028118403770416,0.0059978482170889,0.0123830489818381,0.0112823335167859,0.0147880836129784,0.0823143256861561,0.39928453494771604,0.0382077005765669,0.4954115440925058,0.9950467804072648
mosei,11,candidate_mixer,native_qmf,0.05,3634,1.0,0.8443579766536965,0.8278121045187226,0.3421013736684063,0.2156095250757897,0.0186950534733595,0.0012970168612190997,0.0015898152375386997,0.0084391152899524,0.0077821011673151,0.009079118028534299,0.0123130105429612,0.0738063161922476,0.4046692607003891,0.0617123563549565,0.5006485084306096,1.0,0.837369290038525,0.8197212886862264,0.3613765421466043,0.22638279955078378,0.0134122568744311,-0.0011007154650523002,-0.0028118403770416,0.0059978482170889,0.0123830489818381,0.0112823335167859,0.0147880836129784,0.0823143256861561,0.39928453494771604,0.0382077005765669,0.4954115440925058,0.9950467804072648
mosei,11,candidate_mixer,native_tmc,0.005,3634,0.5,0.8443579766536965,0.8278121045187226,0.3465174151108138,0.2184652937955216,0.0154403981030039,0.0012970168612190997,0.0015898152375386997,0.0040230738475449,0.0012970168612190997,0.0025940337224383,0.0048070575809082,0.0302901345331199,0.4046692607003891,0.0294192737261006,0.2503242542153048,1.0,0.8381948266373143,0.8217429678805788,0.3643944863045999,0.2277105289416588,0.0182534022727478,-0.000275178866263,-0.0007901611826892,0.0029799040590933,0.004127682993946,0.0038525041276829,0.0056002176125888,0.0329520100034298,0.3998348926802421,0.0189826782401535,0.2344111707629414,0.999174463401211
mosei,11,candidate_mixer,native_tmc,0.01,3634,1.0,0.8430609597924773,0.8268364439577165,0.3435451636613316,0.2160563810471625,0.0158237532806433,0.0,0.0006141546765326,0.0069953252970271,0.0064850843060959,0.0064850843060959,0.0098001940037105,0.0615265465008346,0.4046692607003891,0.0511543871537363,0.5006485084306096,1.0,0.8384700055035773,0.8214157475868005,0.3626934366982701,0.227062898929778,0.0118402396156607,0.0,-0.0011173814764674998,0.004680953665423,0.0077050082553659,0.0077050082553659,0.0115549924918404,0.0670270289173124,0.3998348926802421,0.0298187689578683,0.4688223415258829,0.999174463401211
mosei,11,candidate_mixer,native_tmc,0.02,3634,1.0,0.8430609597924773,0.8268364439577165,0.3435451636613316,0.2160563810471625,0.0158237532806433,0.0,0.0006141546765326,0.0069953252970271,0.0064850843060959,0.0064850843060959,0.0098001940037105,0.0615265465008346,0.4046692607003891,0.0511543871537363,0.5006485084306096,1.0,0.8384700055035773,0.8214157475868005,0.3626934366982701,0.227062898929778,0.0118402396156607,0.0,-0.0011173814764674998,0.004680953665423,0.0077050082553659,0.0077050082553659,0.0115549924918404,0.0670270289173124,0.3998348926802421,0.0298187689578683,0.4688223415258829,0.999174463401211
mosei,11,candidate_mixer,native_tmc,0.05,3634,1.0,0.8430609597924773,0.8268364439577165,0.3435451636613316,0.2160563810471625,0.0158237532806433,0.0,0.0006141546765326,0.0069953252970271,0.0064850843060959,0.0064850843060959,0.0098001940037105,0.0615265465008346,0.4046692607003891,0.0511543871537363,0.5006485084306096,1.0,0.8384700055035773,0.8214157475868005,0.3626934366982701,0.227062898929778,0.0118402396156607,0.0,-0.0011173814764674998,0.004680953665423,0.0077050082553659,0.0077050082553659,0.0115549924918404,0.0670270289173124,0.3998348926802421,0.0298187689578683,0.4688223415258829,0.999174463401211
mosei,11,candidate_mixer,negative_entropy,0.005,3634,1.0,0.8443579766536965,0.8275039152807816,0.3481490015983581,0.22056915938756194,0.016896757170384,0.0012970168612190997,0.0012816259995978001,0.0023914873600006,0.0,0.0012970168612190997,0.0046182605437934,0.019683847203850698,0.4046692607003891,0.0174878465966057,0.4901477694511413,1.0,0.8398458998348927,0.8238205908666076,0.3633491098880768,0.2278280803302777,0.0151302648003966,0.0013758943313153,0.0012874618033395999,0.0040252804756164,0.0005503577325261,0.0019262520638414,0.004825497046113,0.0212042080238461,0.4001100715465052,0.0256418045041411,0.4934366941452026,1.0
mosei,11,candidate_mixer,negative_entropy,0.01,3634,1.0,0.8443579766536965,0.8275039152807816,0.3481490015983581,0.22056915938756194,0.016896757170384,0.0012970168612190997,0.0012816259995978001,0.0023914873600006,0.0,0.0012970168612190997,0.0046182605437934,0.019683847203850698,0.4046692607003891,0.0174878465966057,0.4901477694511413,1.0,0.8398458998348927,0.8238205908666076,0.3633491098880768,0.2278280803302777,0.0151302648003966,0.0013758943313153,0.0012874618033395999,0.0040252804756164,0.0005503577325261,0.0019262520638414,0.004825497046113,0.0212042080238461,0.4001100715465052,0.0256418045041411,0.4934366941452026,1.0
mosei,11,candidate_mixer,negative_entropy,0.02,3634,1.0,0.8443579766536965,0.8275039152807816,0.3481490015983581,0.22056915938756194,0.016896757170384,0.0012970168612190997,0.0012816259995978001,0.0023914873600006,0.0,0.0012970168612190997,0.0046182605437934,0.019683847203850698,0.4046692607003891,0.0174878465966057,0.4901477694511413,1.0,0.8398458998348927,0.8238205908666076,0.3633491098880768,0.2278280803302777,0.0151302648003966,0.0013758943313153,0.0012874618033395999,0.0040252804756164,0.0005503577325261,0.0019262520638414,0.004825497046113,0.0212042080238461,0.4001100715465052,0.0256418045041411,0.4934366941452026,1.0
mosei,11,candidate_mixer,negative_entropy,0.05,3634,1.0,0.8443579766536965,0.8275039152807816,0.3481490015983581,0.22056915938756194,0.016896757170384,0.0012970168612190997,0.0012816259995978001,0.0023914873600006,0.0,0.0012970168612190997,0.0046182605437934,0.019683847203850698,0.4046692607003891,0.0174878465966057,0.4901477694511413,1.0,0.8398458998348927,0.8238205908666076,0.3633491098880768,0.2278280803302777,0.0151302648003966,0.0013758943313153,0.0012874618033395999,0.0040252804756164,0.0005503577325261,0.0019262520638414,0.004825497046113,0.0212042080238461,0.4001100715465052,0.0256418045041411,0.4934366941452026,1.0
mosei,11,convex_projection,analytic_pi_g2,0.005,3634,1.0,0.8443579766536965,0.8275039152807816,0.350301579223502,0.22122424582858,0.010976953630243202,0.0012970168612190997,0.0012816259995978001,0.0002389097348567,0.0,0.0012970168612190997,0.0001777332164444,4.5817342364529174e-08,0.5149156939040207,0.0017469056186195,0.0105515895411372,0.053177691309987,0.8390203632361035,0.8228152578458938,0.367359753263203,0.2290639673595138,0.019047063177291,0.0005503577325262001,0.00028212878262569996,1.4637100490211274e-05,0.0016510731975784,0.0022014309301045,0.0006380003858609,5.595311967088173e-08,0.4873417721518987,9.322219719221092e-05,0.0194767843931913,0.0671436433681893
mosei,11,convex_projection,analytic_pi_g2,0.01,3634,1.0,0.8443579766536965,0.8275039152807816,0.350301579223502,0.22122424582858,0.010976953630243202,0.0012970168612190997,0.0012816259995978001,0.0002389097348567,0.0,0.0012970168612190997,0.0001777332164444,4.5817342364529174e-08,0.5149156939040207,0.0017469056186195,0.0105515895411372,0.053177691309987,0.8390203632361035,0.8228152578458938,0.367359753263203,0.2290639673595138,0.019047063177291,0.0005503577325262001,0.00028212878262569996,1.4637100490211274e-05,0.0016510731975784,0.0022014309301045,0.0006380003858609,5.595311967088173e-08,0.4873417721518987,9.322219719221092e-05,0.0194767843931913,0.0671436433681893
mosei,11,convex_projection,analytic_pi_g2,0.02,3634,1.0,0.8443579766536965,0.8275039152807816,0.350301579223502,0.22122424582858,0.010976953630243202,0.0012970168612190997,0.0012816259995978001,0.0002389097348567,0.0,0.0012970168612190997,0.0001777332164444,4.5817342364529174e-08,0.5149156939040207,0.0017469056186195,0.0105515895411372,0.053177691309987,0.8390203632361035,0.8228152578458938,0.367359753263203,0.2290639673595138,0.019047063177291,0.0005503577325262001,0.00028212878262569996,1.4637100490211274e-05,0.0016510731975784,0.0022014309301045,0.0006380003858609,5.595311967088173e-08,0.4873417721518987,9.322219719221092e-05,0.0194767843931913,0.0671436433681893
mosei,11,convex_projection,analytic_pi_g2,0.05,3634,1.0,0.8443579766536965,0.8275039152807816,0.350301579223502,0.22122424582858,0.010976953630243202,0.0012970168612190997,0.0012816259995978001,0.0002389097348567,0.0,0.0012970168612190997,0.0001777332164444,4.5817342364529174e-08,0.5149156939040207,0.0017469056186195,0.0105515895411372,0.053177691309987,0.8390203632361035,0.8228152578458938,0.367359753263203,0.2290639673595138,0.019047063177291,0.0005503577325262001,0.00028212878262569996,1.4637100490211274e-05,0.0016510731975784,0.0022014309301045,0.0006380003858609,5.595311967088173e-08,0.4873417721518987,9.322219719221092e-05,0.0194767843931913,0.0671436433681893
mosei,11,convex_projection,fixed,0.005,3634,1.0,0.8456549935149157,0.8287872030335319,0.3499548726420176,0.2209200902089053,0.011533446116484,0.0025940337224383,0.0025649137523481,0.0005856163163411,0.0,0.0025940337224383,0.0006372911322281,0.0010144683256322,0.3891050583657587,0.0042822587012075,1.0,1.0,0.8387451843698404,0.8221521955834447,0.3674341880567302,0.2292268284406668,0.019001914360031805,0.000275178866263,-0.0003809334798234,-5.979769303698923e-05,0.0033021463951568,0.0035773252614199,0.0019317461477853,0.0019493510998013,0.380022014309301,-0.0003809451476131,1.0,1.0
mosei,11,convex_projection,fixed,0.01,3634,1.0,0.8456549935149157,0.8287872030335319,0.3499548726420176,0.2209200902089053,0.011533446116484,0.0025940337224383,0.0025649137523481,0.0005856163163411,0.0,0.0025940337224383,0.0006372911322281,0.0010144683256322,0.3891050583657587,0.0042822587012075,1.0,1.0,0.8387451843698404,0.8221521955834447,0.3674341880567302,0.2292268284406668,0.019001914360031805,0.000275178866263,-0.0003809334798234,-5.979769303698923e-05,0.0033021463951568,0.0035773252614199,0.0019317461477853,0.0019493510998013,0.380022014309301,-0.0003809451476131,1.0,1.0
mosei,11,convex_projection,fixed,0.02,3634,1.0,0.8456549935149157,0.8287872030335319,0.3499548726420176,0.2209200902089053,0.011533446116484,0.0025940337224383,0.0025649137523481,0.0005856163163411,0.0,0.0025940337224383,0.0006372911322281,0.0010144683256322,0.3891050583657587,0.0042822587012075,1.0,1.0,0.8387451843698404,0.8221521955834447,0.3674341880567302,0.2292268284406668,0.019001914360031805,0.000275178866263,-0.0003809334798234,-5.979769303698923e-05,0.0033021463951568,0.0035773252614199,0.0019317461477853,0.0019493510998013,0.380022014309301,-0.0003809451476131,1.0,1.0
mosei,11,convex_projection,fixed,0.05,3634,1.0,0.8456549935149157,0.8287872030335319,0.3499548726420176,0.2209200902089053,0.011533446116484,0.0025940337224383,0.0025649137523481,0.0005856163163411,0.0,0.0025940337224383,0.0006372911322281,0.0010144683256322,0.3891050583657587,0.0042822587012075,1.0,1.0,0.8387451843698404,0.8221521955834447,0.3674341880567302,0.2292268284406668,0.019001914360031805,0.000275178866263,-0.0003809334798234,-5.979769303698923e-05,0.0033021463951568,0.0035773252614199,0.0019317461477853,0.0019493510998013,0.380022014309301,-0.0003809451476131,1.0,1.0
mosei,22,candidate_mixer,analytic_pi_g1,0.005,3634,0.625,0.8469520103761349,0.8327044441502273,0.3493664264678955,0.2198726649596079,0.0169454194537706,0.0038910505836575,0.0038312938467367,0.0052901804447174,0.0038910505836575,0.0077821011673151,0.004967478569597,0.035176858305931,0.3385214007782101,0.0348033976684997,0.1992670744657516,0.682230869001297,0.8392955421023666,0.8239154099405268,0.3625357747077942,0.2271721850954272,0.0127977107046197,0.0013758943313153,0.0016027088316881,0.0037931203842163,0.0035773252614199,0.0049532195927352,0.0060465545393526,0.0371127858757972,0.3552559163456246,0.0236556893478306,0.2046974003314972,0.6890478811227297
mosei,22,candidate_mixer,analytic_pi_g1,0.01,3634,1.0,0.8495460440985733,0.8355399620459861,0.3466941714286804,0.2179672403824923,0.0170448297965696,0.0064850843060959,0.0066668117424956,0.0079624354839324,0.0038910505836575,0.0103761348897535,0.0081678237766027,0.0568934381008148,0.3385214007782101,0.0523837617279383,0.318827360868454,0.682230869001297,0.8395707209686296,0.8241855763132149,0.3608879446983337,0.2260468919500823,0.0167035115539338,0.0016510731975784,0.0018728752043761,0.0054409503936767,0.0057787561915244,0.0074298293891029,0.0100176269188523,0.0600600495934486,0.3552559163456246,0.0339320685815563,0.3275158703327179,0.6890478811227297
mosei,22,candidate_mixer,analytic_pi_g1,0.02,3634,1.0,0.8495460440985733,0.8355399620459861,0.3466941714286804,0.2179672403824923,0.0170448297965696,0.0064850843060959,0.0066668117424956,0.0079624354839324,0.0038910505836575,0.0103761348897535,0.0081678237766027,0.0568934381008148,0.3385214007782101,0.0523837617279383,0.318827360868454,0.682230869001297,0.8395707209686296,0.8241855763132149,0.3608879446983337,0.2260468919500823,0.0167035115539338,0.0016510731975784,0.0018728752043761,0.0054409503936767,0.0057787561915244,0.0074298293891029,0.0100176269188523,0.0600600495934486,0.3552559163456246,0.0339320685815563,0.3275158703327179,0.6890478811227297
mosei,22,candidate_mixer,analytic_pi_g1,0.05,3634,1.0,0.8495460440985733,0.8355399620459861,0.3466941714286804,0.2179672403824923,0.0170448297965696,0.0064850843060959,0.0066668117424956,0.0079624354839324,0.0038910505836575,0.0103761348897535,0.0081678237766027,0.0568934381008148,0.3385214007782101,0.0523837617279383,0.318827360868454,0.682230869001297,0.8395707209686296,0.8241855763132149,0.3608879446983337,0.2260468919500823,0.0167035115539338,0.0016510731975784,0.0018728752043761,0.0054409503936767,0.0057787561915244,0.0074298293891029,0.0100176269188523,0.0600600495934486,0.3552559163456246,0.0339320685815563,0.3275158703327179,0.6890478811227297
mosei,22,candidate_mixer,analytic_pi_g2,0.005,3634,0.95,0.8469520103761349,0.8327044441502273,0.349467009305954,0.220134538254912,0.0226413672536263,0.0038910505836575,0.0038312938467367,0.0051895976066589,0.0038910505836575,0.0077821011673151,0.004909205250442,0.029713913798332197,0.3385214007782101,0.0341418706783357,0.2180745154619217,0.682230869001297,0.8395707209686296,0.8242482326495876,0.3626643717288971,0.2272965030749021,0.0148931143043719,0.0016510731975784,0.0019355315407488,0.0036645233631134,0.0030269675288937,0.0046780407264722,0.0064608315005898,0.0334932804107664,0.3514034122179416,0.0228533321983489,0.2273144423961639,0.6890478811227297
mosei,22,candidate_mixer,analytic_pi_g2,0.01,3634,1.0,0.8469520103761349,0.8327044441502273,0.3492266833782196,0.2199724426003676,0.022242843177068,0.0038910505836575,0.0038312938467367,0.0054299235343933,0.0038910505836575,0.0077821011673151,0.0051851090975105,0.0313025116920471,0.3372243839169909,0.0357224574688533,0.2295521348714828,0.682230869001297,0.8398458998348927,0.8245809077255504,0.3625193238258362,0.2271971098769499,0.0150550993248598,0.0019262520638414,0.0022682066167115994,0.0038095712661743,0.0030269675288937,0.0049532195927352,0.0068317828699946,0.0352874606847761,0.35277930654925704,0.023758376937612603,0.2392783463001251,0.6890478811227297
mosei,22,candidate_mixer,analytic_pi_g2,0.02,3634,1.0,0.8469520103761349,0.8327044441502273,0.3492266833782196,0.2199724426003676,0.022242843177068,0.0038910505836575,0.0038312938467367,0.0054299235343933,0.0038910505836575,0.0077821011673151,0.0051851090975105,0.0313025116920471,0.3372243839169909,0.0357224574688533,0.2295521348714828,0.682230869001297,0.8398458998348927,0.8245809077255504,0.3625193238258362,0.2271971098769499,0.0150550993248598,0.0019262520638414,0.0022682066167115994,0.0038095712661743,0.0030269675288937,0.0049532195927352,0.0068317828699946,0.0352874606847761,0.35277930654925704,0.023758376937612603,0.2392783463001251,0.6890478811227297
mosei,22,candidate_mixer,analytic_pi_g2,0.05,3634,1.0,0.8469520103761349,0.8327044441502273,0.3492266833782196,0.2199724426003676,0.022242843177068,0.0038910505836575,0.0038312938467367,0.0054299235343933,0.0038910505836575,0.0077821011673151,0.0051851090975105,0.0313025116920471,0.3372243839169909,0.0357224574688533,0.2295521348714828,0.682230869001297,0.8398458998348927,0.8245809077255504,0.3625193238258362,0.2271971098769499,0.0150550993248598,0.0019262520638414,0.0022682066167115994,0.0038095712661743,0.0030269675288937,0.0049532195927352,0.0068317828699946,0.0352874606847761,0.35277930654925704,0.023758376937612603,0.2392783463001251,0.6890478811227297
mosei,22,candidate_mixer,analytic_pi_g3,0.005,3634,1.0,0.8456549935149157,0.8314258679136082,0.3505894243717193,0.22110361547801796,0.0214142005421926,0.0025940337224383,0.0025527176101176,0.0040671825408935,0.0038910505836575,0.0064850843060959,0.0037006193306297,0.0149189382791519,0.311284046692607,0.0267574335027148,0.1857609301805496,0.682230869001297,0.8387451843698404,0.8235005882971145,0.3633847236633301,0.2278610195036137,0.015252386532974,0.0008255365987891,0.0011878871882757,0.0029441714286804,0.0024766097963676,0.0033021463951568,0.0050939223729074,0.022215500473976,0.3238855255916346,0.0183612844925755,0.194882333278656,0.6890478811227297
mosei,22,candidate_mixer,analytic_pi_g3,0.01,3634,1.0,0.8456549935149157,0.8314258679136082,0.3505894243717193,0.22110361547801796,0.0214142005421926,0.0025940337224383,0.0025527176101176,0.0040671825408935,0.0038910505836575,0.0064850843060959,0.0037006193306297,0.0149189382791519,0.311284046692607,0.0267574335027148,0.1857609301805496,0.682230869001297,0.8387451843698404,0.8235005882971145,0.3633847236633301,0.2278610195036137,0.015252386532974,0.0008255365987891,0.0011878871882757,0.0029441714286804,0.0024766097963676,0.0033021463951568,0.0050939223729074,0.022215500473976,0.3238855255916346,0.0183612844925755,0.194882333278656,0.6890478811227297
mosei,22,candidate_mixer,analytic_pi_g3,0.02,3634,1.0,0.8456549935149157,0.8314258679136082,0.3505894243717193,0.22110361547801796,0.0214142005421926,0.0025940337224383,0.0025527176101176,0.0040671825408935,0.0038910505836575,0.0064850843060959,0.0037006193306297,0.0149189382791519,0.311284046692607,0.0267574335027148,0.1857609301805496,0.682230869001297,0.8387451843698404,0.8235005882971145,0.3633847236633301,0.2278610195036137,0.015252386532974,0.0008255365987891,0.0011878871882757,0.0029441714286804,0.0024766097963676,0.0033021463951568,0.0050939223729074,0.022215500473976,0.3238855255916346,0.0183612844925755,0.194882333278656,0.6890478811227297
mosei,22,candidate_mixer,analytic_pi_g3,0.05,3634,1.0,0.8456549935149157,0.8314258679136082,0.3505894243717193,0.22110361547801796,0.0214142005421926,0.0025940337224383,0.0025527176101176,0.0040671825408935,0.0038910505836575,0.0064850843060959,0.0037006193306297,0.0149189382791519,0.311284046692607,0.0267574335027148,0.1857609301805496,0.682230869001297,0.8387451843698404,0.8235005882971145,0.3633847236633301,0.2278610195036137,0.015252386532974,0.0008255365987891,0.0011878871882757,0.0029441714286804,0.0024766097963676,0.0033021463951568,0.0050939223729074,0.022215500473976,0.3238855255916346,0.0183612844925755,0.194882333278656,0.6890478811227297
mosei,22,candidate_mixer,analytic_pi_selected,0.005,3634,0.625,0.8469520103761349,0.8327044441502273,0.3493664264678955,0.2198726649596079,0.0169454194537706,0.0038910505836575,0.0038312938467367,0.0052901804447174,0.0038910505836575,0.0077821011673151,0.004967478569597,0.035176858305931,0.3385214007782101,0.0348033976684997,0.1992670744657516,0.682230869001297,0.8392955421023666,0.8239154099405268,0.3625357747077942,0.2271721850954272,0.0127977107046197,0.0013758943313153,0.0016027088316881,0.0037931203842163,0.0035773252614199,0.0049532195927352,0.0060465545393526,0.0371127858757972,0.3552559163456246,0.0236556893478306,0.2046974003314972,0.6890478811227297
mosei,22,candidate_mixer,analytic_pi_selected,0.01,3634,1.0,0.8495460440985733,0.8355399620459861,0.3466941714286804,0.2179672403824923,0.0170448297965696,0.0064850843060959,0.0066668117424956,0.0079624354839324,0.0038910505836575,0.0103761348897535,0.0081678237766027,0.0568934381008148,0.3385214007782101,0.0523837617279383,0.318827360868454,0.682230869001297,0.8395707209686296,0.8241855763132149,0.3608879446983337,0.2260468919500823,0.0167035115539338,0.0016510731975784,0.0018728752043761,0.0054409503936767,0.0057787561915244,0.0074298293891029,0.0100176269188523,0.0600600495934486,0.3552559163456246,0.0339320685815563,0.3275158703327179,0.6890478811227297
mosei,22,candidate_mixer,analytic_pi_selected,0.02,3634,1.0,0.8495460440985733,0.8355399620459861,0.3466941714286804,0.2179672403824923,0.0170448297965696,0.0064850843060959,0.0066668117424956,0.0079624354839324,0.0038910505836575,0.0103761348897535,0.0081678237766027,0.0568934381008148,0.3385214007782101,0.0523837617279383,0.318827360868454,0.682230869001297,0.8395707209686296,0.8241855763132149,0.3608879446983337,0.2260468919500823,0.0167035115539338,0.0016510731975784,0.0018728752043761,0.0054409503936767,0.0057787561915244,0.0074298293891029,0.0100176269188523,0.0600600495934486,0.3552559163456246,0.0339320685815563,0.3275158703327179,0.6890478811227297
mosei,22,candidate_mixer,analytic_pi_selected,0.05,3634,1.0,0.8495460440985733,0.8355399620459861,0.3466941714286804,0.2179672403824923,0.0170448297965696,0.0064850843060959,0.0066668117424956,0.0079624354839324,0.0038910505836575,0.0103761348897535,0.0081678237766027,0.0568934381008148,0.3385214007782101,0.0523837617279383,0.318827360868454,0.682230869001297,0.8395707209686296,0.8241855763132149,0.3608879446983337,0.2260468919500823,0.0167035115539338,0.0016510731975784,0.0018728752043761,0.0054409503936767,0.0057787561915244,0.0074298293891029,0.0100176269188523,0.0600600495934486,0.3552559163456246,0.0339320685815563,0.3275158703327179,0.6890478811227297
mosei,22,candidate_mixer,fixed,0.005,3634,0.3,0.8456549935149157,0.8314258679136082,0.3496884434123556,0.220242303475124,0.0155389658208023,0.0025940337224383,0.0025527176101176,0.004968163500257299,0.0038910505836575,0.0064850843060959,0.0048574079710807,0.0344030742445836,0.37743190661478604,0.0326848557751465,0.3,1.0,0.8395707209686296,0.8243107277893575,0.3626500586801014,0.2273980600077214,0.0105567518078368,0.0016510731975784,0.0019980266805188,0.003678836411909,0.0027517886626307,0.0044028618602091,0.0052583702696476,0.0329585637313457,0.3932305998899285,0.0229428821403127,0.2999999999999999,1.0
mosei,22,candidate_mixer,fixed,0.01,3634,0.6000000000000002,0.8495460440985733,0.8355399620459861,0.3455683056016726,0.2172981419474395,0.0203462422589847,0.0064850843060959,0.0066668117424956,0.0090883013109401,0.0038910505836575,0.0103761348897535,0.0099504760796738,0.070032028446098,0.37743190661478604,0.0597907740103296,0.6,1.0,0.8392955421023666,0.8239154099405268,0.3598379120743658,0.2254906149046678,0.0123612045864515,0.0013758943313153,0.0016027088316881,0.0064909830176446,0.0066042927903137,0.007980187121629,0.0108097391080882,0.0670405661312054,0.3932305998899285,0.0404806181207959,0.5999999999999999,1.0
mosei,22,candidate_mixer,fixed,0.02,3634,1.0,0.8534370946822308,0.8401873221842515,0.3412789582320326,0.2143485832636515,0.0142421219135536,0.0103761348897535,0.011314171880761,0.0133776486805803,0.0064850843060959,0.0168612191958495,0.0171753353398631,0.1196022995327527,0.37743190661478604,0.08800990269634168,1.0,1.0,0.8403962575674189,0.8251837224756344,0.3573500997772199,0.2238726514643854,0.0110605605106531,0.0024766097963676,0.0028710213667957,0.0089787953147906,0.0093560814529444,0.011832691249312,0.0187734478002099,0.1143691065982974,0.3932305998899285,0.0559956681353852,1.0,1.0
mosei,22,candidate_mixer,fixed,0.05,3634,1.0,0.8534370946822308,0.8401873221842515,0.3412789582320326,0.2143485832636515,0.0142421219135536,0.0103761348897535,0.011314171880761,0.0133776486805803,0.0064850843060959,0.0168612191958495,0.0171753353398631,0.1196022995327527,0.37743190661478604,0.08800990269634168,1.0,1.0,0.8403962575674189,0.8251837224756344,0.3573500997772199,0.2238726514643854,0.0110605605106531,0.0024766097963676,0.0028710213667957,0.0089787953147906,0.0093560814529444,0.011832691249312,0.0187734478002099,0.1143691065982974,0.3932305998899285,0.0559956681353852,1.0,1.0
mosei,22,candidate_mixer,max_confidence,0.005,3634,0.65,0.8456549935149157,0.8317016932736808,0.3498047590255737,0.2210135510439409,0.0163479077831471,0.0025940337224383,0.0028285429701903,0.0048518478870391,0.0012970168612190997,0.0038910505836575,0.0048891603946685,0.0285374894738197,0.37743190661478604,0.031919559572819,0.4583550095558166,1.0,0.8390203632361035,0.8235194060249076,0.3625290393829345,0.22767899742750364,0.0115168200591532,0.0011007154650523002,0.0012067049160688,0.0037998557090759,0.0005503577325261,0.0016510731975784,0.0055137942545115,0.0266335137188434,0.3932305998899285,0.023697600753253,0.4568938612937927,1.0
mosei,22,candidate_mixer,max_confidence,0.01,3634,1.0,0.8430609597924773,0.8288731503034905,0.3475577235221863,0.2197274574195563,0.0219427559007775,0.0,0.0,0.0070988833904266,0.0038910505836575,0.0038910505836575,0.0076334164477884,0.0442480333149433,0.37743190661478604,0.0467024526495489,0.7051616311073303,1.0,0.8390203632361035,0.8236453106346633,0.3609218597412109,0.2267185633530188,0.0125942125908279,0.0011007154650523002,0.0013326095258245,0.0054070353507995,0.0016510731975784,0.0027517886626307,0.0086702881380915,0.041274008154868994,0.3932305998899285,0.0337204670956436,0.7029136419296265,1.0
mosei,22,candidate_mixer,max_confidence,0.02,3634,1.0,0.8430609597924773,0.8288731503034905,0.3475577235221863,0.2197274574195563,0.0219427559007775,0.0,0.0,0.0070988833904266,0.0038910505836575,0.0038910505836575,0.0076334164477884,0.0442480333149433,0.37743190661478604,0.0467024526495489,0.7051616311073303,1.0,0.8390203632361035,0.8236453106346633,0.3609218597412109,0.2267185633530188,0.0125942125908279,0.0011007154650523002,0.0013326095258245,0.0054070353507995,0.0016510731975784,0.0027517886626307,0.0086702881380915,0.041274008154868994,0.3932305998899285,0.0337204670956436,0.7029136419296265,1.0
mosei,22,candidate_mixer,max_confidence,0.05,3634,1.0,0.8430609597924773,0.8288731503034905,0.3475577235221863,0.2197274574195563,0.0219427559007775,0.0,0.0,0.0070988833904266,0.0038910505836575,0.0038910505836575,0.0076334164477884,0.0442480333149433,0.37743190661478604,0.0467024526495489,0.7051616311073303,1.0,0.8390203632361035,0.8236453106346633,0.3609218597412109,0.2267185633530188,0.0125942125908279,0.0011007154650523002,0.0013326095258245,0.0054070353507995,0.0016510731975784,0.0027517886626307,0.0086702881380915,0.041274008154868994,0.3932305998899285,0.0337204670956436,0.7029136419296265,1.0
mosei,22,candidate_mixer,native_pdf,0.005,3634,0.55,0.8482490272373541,0.8342590466041359,0.3505227105864543,0.220868306152567,0.0144094266441392,0.005188067444876699,0.005385896300645299,0.0041338963261585,0.0025940337224383,0.0077821011673151,0.0049430913764107,0.0290313292222079,0.37743190661478604,0.027196306885158797,0.2753566796368352,1.0,0.8376444689047882,0.822106321686491,0.3628326194235364,0.2275172322896186,0.0129648727023232,-0.000275178866263,-0.0002063794223476,0.0034962756684741,0.0030269675288937,0.0027517886626307,0.0047610990862567,0.0285112817519656,0.3929554210236654,0.0218043561074825,0.263260391303634,0.9988992845349476
mosei,22,candidate_mixer,native_pdf,0.01,3634,1.0,0.8482490272373541,0.8342590466041359,0.3478784881170442,0.2190540978373641,0.0137227029646869,0.005188067444876699,0.005385896300645299,0.0067781187955687,0.0038910505836575,0.009079118028534299,0.0092493778783633,0.053427673486534,0.37743190661478604,0.044592345887938395,0.5006485084306096,1.0,0.8401210787011557,0.8249134354127217,0.3607269280488592,0.2260584144657016,0.009680347247113702,0.0022014309301044,0.0026007343038829,0.0056019670431513,0.0046780407264722,0.0068794716565767,0.0089040305487297,0.0524588710239257,0.3929554210236654,0.0349363383839936,0.4786552569156982,0.9988992845349476
mosei,22,candidate_mixer,native_pdf,0.02,3634,1.0,0.8482490272373541,0.8342590466041359,0.3478784881170442,0.2190540978373641,0.0137227029646869,0.005188067444876699,0.005385896300645299,0.0067781187955687,0.0038910505836575,0.009079118028534299,0.0092493778783633,0.053427673486534,0.37743190661478604,0.044592345887938395,0.5006485084306096,1.0,0.8401210787011557,0.8249134354127217,0.3607269280488592,0.2260584144657016,0.009680347247113702,0.0022014309301044,0.0026007343038829,0.0056019670431513,0.0046780407264722,0.0068794716565767,0.0089040305487297,0.0524588710239257,0.3929554210236654,0.0349363383839936,0.4786552569156982,0.9988992845349476
mosei,22,candidate_mixer,native_pdf,0.05,3634,1.0,0.8482490272373541,0.8342590466041359,0.3478784881170442,0.2190540978373641,0.0137227029646869,0.005188067444876699,0.005385896300645299,0.0067781187955687,0.0038910505836575,0.009079118028534299,0.0092493778783633,0.053427673486534,0.37743190661478604,0.044592345887938395,0.5006485084306096,1.0,0.8401210787011557,0.8249134354127217,0.3607269280488592,0.2260584144657016,0.009680347247113702,0.0022014309301044,0.0026007343038829,0.0056019670431513,0.0046780407264722,0.0068794716565767,0.0089040305487297,0.0524588710239257,0.3929554210236654,0.0349363383839936,0.4786552569156982,0.9988992845349476
mosei,22,candidate_mixer,native_qmf,0.005,3634,0.425,0.8469520103761349,0.8327044441502273,0.34962023992018343,0.2199292237261094,0.0146772934048548,0.0038910505836575,0.0038312938467367,0.0050363669924293,0.0038910505836575,0.0077821011673151,0.0048083387074297,0.0356139560030564,0.37743190661478604,0.0331335587960445,0.2127756160830091,1.0,0.8395707209686296,0.8242482326495876,0.3629537227267838,0.2275044972485961,0.0087214934333715,0.0016510731975784,0.0019355315407488,0.0033751723652266,0.0033021463951568,0.0049532195927352,0.0053210642452253,0.034161879878731,0.3943313153549807,0.0210491046727294,0.2129646186363549,0.996147495872317
mosei,22,candidate_mixer,native_qmf,0.01,3634,0.8500000000000002,0.8534370946822308,0.8401873221842515,0.3455465367270859,0.2167848891059405,0.0161839805423511,0.0103761348897535,0.011314171880761,0.0091100701855269,0.0038910505836575,0.0142671854734111,0.0098689284695443,0.0725441064101055,0.37743190661478604,0.0599339889613173,0.4255512321660182,1.0,0.8392955421023666,0.8239780929754663,0.3605711260062189,0.2258110062685713,0.0114389301944494,0.0013758943313153,0.0016653918666276,0.0057577690857915,0.0068794716565767,0.0082553659878921,0.0110057596194935,0.0695321937527481,0.3943313153549807,0.0359079858377471,0.4259292372727098,0.996147495872317
mosei,22,candidate_mixer,native_qmf,0.02,3634,1.0,0.8534370946822308,0.8401873221842515,0.34431783369160784,0.2158518806518864,0.0171476036506675,0.0103761348897535,0.011314171880761,0.010338773221005002,0.005188067444876699,0.0155642023346303,0.0117228659900808,0.0859111058292083,0.37743190661478604,0.0680174865396356,0.5006485084306096,1.0,0.8387451843698404,0.8233752782253824,0.359958042368347,0.2253809927830544,0.013766817411014402,0.0008255365987891,0.0010625771165436,0.0063708527236635,0.007980187121629,0.0088057237204182,0.0131168357586065,0.0823206602417676,0.3943313153549807,0.0397314347834825,0.501093220320835,0.996147495872317
mosei,22,candidate_mixer,native_qmf,0.05,3634,1.0,0.8534370946822308,0.8401873221842515,0.34431783369160784,0.2158518806518864,0.0171476036506675,0.0103761348897535,0.011314171880761,0.010338773221005002,0.005188067444876699,0.0155642023346303,0.0117228659900808,0.0859111058292083,0.37743190661478604,0.0680174865396356,0.5006485084306096,1.0,0.8387451843698404,0.8233752782253824,0.359958042368347,0.2253809927830544,0.013766817411014402,0.0008255365987891,0.0010625771165436,0.0063708527236635,0.007980187121629,0.0088057237204182,0.0131168357586065,0.0823206602417676,0.3943313153549807,0.0397314347834825,0.501093220320835,0.996147495872317
mosei,22,candidate_mixer,native_tmc,0.005,3634,0.475,0.8482490272373541,0.833984522374463,0.3497616851554305,0.22012685252246159,0.015846309377566,0.005188067444876699,0.0051113720709723,0.004894921757182399,0.0025940337224383,0.0077821011673151,0.0048502271785686,0.0308619031387044,0.37743190661478604,0.0322030066743609,0.2378080415045396,1.0,0.8381948266373143,0.8228354134165367,0.3634121133921772,0.2278853649230671,0.011635593260717,0.000275178866263,0.0005227123076979,0.0029167816998332,0.0033021463951568,0.0035773252614199,0.0049931066765714,0.0315440592628869,0.3935057787561915,0.0181903865500003,0.2232166731981494,0.9975233902036325
mosei,22,candidate_mixer,native_tmc,0.01,3634,0.95,0.8495460440985733,0.8358104833379841,0.34590861206967,0.2172053922181937,0.0123062694008259,0.0064850843060959,0.0069373330344936,0.0087479948429429,0.005188067444876699,0.0116731517509727,0.0099599055319252,0.0627069135903245,0.37743190661478604,0.0575519364470514,0.4756160830090792,1.0,0.8381948266373143,0.8229608272022271,0.3614587790517698,0.226538580347423,0.0123020494460317,0.000275178866263,0.0006481260933882999,0.0048701160402406,0.0066042927903137,0.0068794716565767,0.010338751229095002,0.0641156788982251,0.3935057787561915,0.0303722059024507,0.4464333463962989,0.9975233902036325
mosei,22,candidate_mixer,native_tmc,0.02,3634,1.0,0.8495460440985733,0.8358104833379841,0.3455572566991782,0.2169424048758189,0.0102905676726356,0.0064850843060959,0.0069373330344936,0.0090993502134346,0.005188067444876699,0.0116731517509727,0.0105145531495856,0.0661187926415099,0.37743190661478604,0.0598634634836835,0.5006485084306096,1.0,0.8381948266373143,0.8229608272022271,0.3613063489122523,0.2264356832820215,0.013183996924616102,0.000275178866263,0.0006481260933882999,0.0050225461797581,0.0066042927903137,0.0068794716565767,0.010925875322357798,0.0676068070741278,0.3935057787561915,0.0313228247417647,0.4699298383118936,0.9975233902036325
mosei,22,candidate_mixer,native_tmc,0.05,3634,1.0,0.8495460440985733,0.8358104833379841,0.3455572566991782,0.2169424048758189,0.0102905676726356,0.0064850843060959,0.0069373330344936,0.0090993502134346,0.005188067444876699,0.0116731517509727,0.0105145531495856,0.0661187926415099,0.37743190661478604,0.0598634634836835,0.5006485084306096,1.0,0.8381948266373143,0.8229608272022271,0.3613063489122523,0.2264356832820215,0.013183996924616102,0.000275178866263,0.0006481260933882999,0.0050225461797581,0.0066042927903137,0.0068794716565767,0.010925875322357798,0.0676068070741278,0.3935057787561915,0.0313228247417647,0.4699298383118936,0.9975233902036325
mosei,22,candidate_mixer,negative_entropy,0.005,3634,1.0,0.8430609597924773,0.8288731503034905,0.3508152067661285,0.2219910515605887,0.0289234688309843,0.0,0.0,0.0038414001464843004,0.0012970168612190997,0.0012970168612190997,0.0037159430794417,0.0167332347482442,0.37743190661478604,0.0252720367992523,0.4939274489879608,1.0,0.8376444689047882,0.8219791774605376,0.3633930385112762,0.2283752614632666,0.0110580019558532,-0.000275178866263,-0.000333523648301,0.0029358565807342,0.0005503577325261,0.000275178866263,0.0043955915607512,0.016575526073575,0.3926802421574023,0.0183093366530388,0.4942039251327514,1.0
mosei,22,candidate_mixer,negative_entropy,0.01,3634,1.0,0.8430609597924773,0.8288731503034905,0.3508152067661285,0.2219910515605887,0.0289234688309843,0.0,0.0,0.0038414001464843004,0.0012970168612190997,0.0012970168612190997,0.0037159430794417,0.0167332347482442,0.37743190661478604,0.0252720367992523,0.4939274489879608,1.0,0.8376444689047882,0.8219791774605376,0.3633930385112762,0.2283752614632666,0.0110580019558532,-0.000275178866263,-0.000333523648301,0.0029358565807342,0.0005503577325261,0.000275178866263,0.0043955915607512,0.016575526073575,0.3926802421574023,0.0183093366530388,0.4942039251327514,1.0
mosei,22,candidate_mixer,negative_entropy,0.02,3634,1.0,0.8430609597924773,0.8288731503034905,0.3508152067661285,0.2219910515605887,0.0289234688309843,0.0,0.0,0.0038414001464843004,0.0012970168612190997,0.0012970168612190997,0.0037159430794417,0.0167332347482442,0.37743190661478604,0.0252720367992523,0.4939274489879608,1.0,0.8376444689047882,0.8219791774605376,0.3633930385112762,0.2283752614632666,0.0110580019558532,-0.000275178866263,-0.000333523648301,0.0029358565807342,0.0005503577325261,0.000275178866263,0.0043955915607512,0.016575526073575,0.3926802421574023,0.0183093366530388,0.4942039251327514,1.0
mosei,22,candidate_mixer,negative_entropy,0.05,3634,1.0,0.8430609597924773,0.8288731503034905,0.3508152067661285,0.2219910515605887,0.0289234688309843,0.0,0.0,0.0038414001464843004,0.0012970168612190997,0.0012970168612190997,0.0037159430794417,0.0167332347482442,0.37743190661478604,0.0252720367992523,0.4939274489879608,1.0,0.8376444689047882,0.8219791774605376,0.3633930385112762,0.2283752614632666,0.0110580019558532,-0.000275178866263,-0.000333523648301,0.0029358565807342,0.0005503577325261,0.000275178866263,0.0043955915607512,0.016575526073575,0.3926802421574023,0.0183093366530388,0.4942039251327514,1.0
mosei,22,convex_projection,analytic_pi_g2,0.005,3634,1.0,0.8443579766536965,0.8301487758668802,0.354199234704337,0.2233846432915502,0.028456406177346797,0.0012970168612190997,0.0012756255633896,0.0004573722082758,0.0012970168612190997,0.0025940337224383,0.0002963221146214,4.605369763321932e-08,0.46562905317769127,0.003008872700163,0.0274566374719142,0.0881971465629053,0.8387451843698404,0.8233123805225149,0.3658272327097542,0.2294650160208431,0.0104026363340868,0.0008255365987891,0.0009996794136761,0.0005016623822562,0.000275178866263,0.0011007154650522,0.0003808672967992,5.362930917129905e-08,0.476884975233902,0.0031286807105376,0.0295382272452116,0.08860759493670879
mosei,22,convex_projection,analytic_pi_g2,0.01,3634,1.0,0.8443579766536965,0.8301487758668802,0.354199234704337,0.2233846432915502,0.028456406177346797,0.0012970168612190997,0.0012756255633896,0.0004573722082758,0.0012970168612190997,0.0025940337224383,0.0002963221146214,4.605369763321932e-08,0.46562905317769127,0.003008872700163,0.0274566374719142,0.0881971465629053,0.8387451843698404,0.8233123805225149,0.3658272327097542,0.2294650160208431,0.0104026363340868,0.0008255365987891,0.0009996794136761,0.0005016623822562,0.000275178866263,0.0011007154650522,0.0003808672967992,5.362930917129905e-08,0.476884975233902,0.0031286807105376,0.0295382272452116,0.08860759493670879
mosei,22,convex_projection,analytic_pi_g2,0.02,3634,1.0,0.8443579766536965,0.8301487758668802,0.354199234704337,0.2233846432915502,0.028456406177346797,0.0012970168612190997,0.0012756255633896,0.0004573722082758,0.0012970168612190997,0.0025940337224383,0.0002963221146214,4.605369763321932e-08,0.46562905317769127,0.003008872700163,0.0274566374719142,0.0881971465629053,0.8387451843698404,0.8233123805225149,0.3658272327097542,0.2294650160208431,0.0104026363340868,0.0008255365987891,0.0009996794136761,0.0005016623822562,0.000275178866263,0.0011007154650522,0.0003808672967992,5.362930917129905e-08,0.476884975233902,0.0031286807105376,0.0295382272452116,0.08860759493670879
mosei,22,convex_projection,analytic_pi_g2,0.05,3634,1.0,0.8443579766536965,0.8301487758668802,0.354199234704337,0.2233846432915502,0.028456406177346797,0.0012970168612190997,0.0012756255633896,0.0004573722082758,0.0012970168612190997,0.0025940337224383,0.0002963221146214,4.605369763321932e-08,0.46562905317769127,0.003008872700163,0.0274566374719142,0.0881971465629053,0.8387451843698404,0.8233123805225149,0.3658272327097542,0.2294650160208431,0.0104026363340868,0.0008255365987891,0.0009996794136761,0.0005016623822562,0.000275178866263,0.0011007154650522,0.0003808672967992,5.362930917129905e-08,0.476884975233902,0.0031286807105376,0.0295382272452116,0.08860759493670879
mosei,22,convex_projection,fixed,0.005,3634,1.0,0.8443579766536965,0.8301487758668802,0.3535096895848832,0.2228426901504462,0.028436741642449,0.0012970168612190997,0.0012756255633896,0.0011469173277297,0.0025940337224383,0.0038910505836575,0.00108838691468,0.0019364757970608,0.3891050583657587,0.0075453116461915,1.0,1.0,0.8401210787011557,0.8247261109409767,0.365097373110903,0.2288929990631469,0.0095405242544428,0.0022014309301044,0.002413409832138,0.0012315219811074,0.0008255365987892,0.0030269675288937,0.0013249728031539,0.0023507576802152996,0.3998348926802421,0.0076803939538547,1.0,1.0
mosei,22,convex_projection,fixed,0.01,3634,1.0,0.8443579766536965,0.8301487758668802,0.3535096895848832,0.2228426901504462,0.028436741642449,0.0012970168612190997,0.0012756255633896,0.0011469173277297,0.0025940337224383,0.0038910505836575,0.00108838691468,0.0019364757970608,0.3891050583657587,0.0075453116461915,1.0,1.0,0.8401210787011557,0.8247261109409767,0.365097373110903,0.2288929990631469,0.0095405242544428,0.0022014309301044,0.002413409832138,0.0012315219811074,0.0008255365987892,0.0030269675288937,0.0013249728031539,0.0023507576802152996,0.3998348926802421,0.0076803939538547,1.0,1.0
mosei,22,convex_projection,fixed,0.02,3634,1.0,0.8443579766536965,0.8301487758668802,0.3535096895848832,0.2228426901504462,0.028436741642449,0.0012970168612190997,0.0012756255633896,0.0011469173277297,0.0025940337224383,0.0038910505836575,0.00108838691468,0.0019364757970608,0.3891050583657587,0.0075453116461915,1.0,1.0,0.8401210787011557,0.8247261109409767,0.365097373110903,0.2288929990631469,0.0095405242544428,0.0022014309301044,0.002413409832138,0.0012315219811074,0.0008255365987892,0.0030269675288937,0.0013249728031539,0.0023507576802152996,0.3998348926802421,0.0076803939538547,1.0,1.0
mosei,22,convex_projection,fixed,0.05,3634,1.0,0.8443579766536965,0.8301487758668802,0.3535096895848832,0.2228426901504462,0.028436741642449,0.0012970168612190997,0.0012756255633896,0.0011469173277297,0.0025940337224383,0.0038910505836575,0.00108838691468,0.0019364757970608,0.3891050583657587,0.0075453116461915,1.0,1.0,0.8401210787011557,0.8247261109409767,0.365097373110903,0.2288929990631469,0.0095405242544428,0.0022014309301044,0.002413409832138,0.0012315219811074,0.0008255365987892,0.0030269675288937,0.0013249728031539,0.0023507576802152996,0.3998348926802421,0.0076803939538547,1.0,1.0
mosei,33,candidate_mixer,analytic_pi_g1,0.005,3634,0.475,0.8495460440985733,0.8366024057644806,0.3470025658607483,0.220025363927935,0.0337576499708896,0.0012970168612190997,0.000765267436155,0.0057705044746398,0.005188067444876699,0.0064850843060959,0.004933038726449,0.027679413557052595,0.3164721141374838,0.0406944106712646,0.1720148026943206,0.6770428015564204,0.8406714364336819,0.8276463175036277,0.3666350245475769,0.230184106031091,0.0157690470731711,0.0044028618602091,0.0042472259786303,0.0050465166568756,0.0030269675288937,0.0074298293891029,0.0076315714977681,0.055012161284685,0.3238855255916346,0.0300973399240324,0.1745748966932296,0.6807925151348376
mosei,33,candidate_mixer,analytic_pi_g1,0.01,3634,0.925,0.8495460440985733,0.8366024057644806,0.3428932130336761,0.2170520902320647,0.0293071629472279,0.0012970168612190997,0.000765267436155,0.009879857301712,0.0103761348897535,0.0116731517509727,0.0099866315722465,0.0546283200383186,0.3164721141374838,0.0696742509377268,0.3349762260913849,0.6770428015564204,0.8436984039625757,0.8300450817188492,0.3639117479324341,0.2280728796462728,0.0139602860974032,0.007429829389102801,0.0066459901938518,0.0077697932720184,0.007980187121629,0.0154100165107319,0.0156780295073986,0.1100779742002485,0.3238855255916346,0.0463384641690061,0.3399615883827209,0.6807925151348376
mosei,33,candidate_mixer,analytic_pi_g1,0.02,3634,1.0,0.8482490272373541,0.8353240778772694,0.3423232734203338,0.2166471404054546,0.0256691876552448,0.0,-0.0005130604510562,0.0104497969150543,0.0116731517509727,0.0116731517509727,0.0108730569481849,0.0591912567615509,0.3164721141374838,0.0736935454006463,0.3621364533901214,0.6770428015564204,0.8428728673637864,0.8290603233398965,0.3636491596698761,0.2278594973295436,0.0131610735438981,0.0066042927903136,0.0056612318148991,0.0080323815345764,0.009080902586681299,0.015685195376995,0.0170983355492353,0.1195577338337896,0.3238855255916346,0.0479045268739009,0.3675260543823242,0.6807925151348376
mosei,33,candidate_mixer,analytic_pi_g1,0.05,3634,1.0,0.8482490272373541,0.8353240778772694,0.3423232734203338,0.2166471404054546,0.0256691876552448,0.0,-0.0005130604510562,0.0104497969150543,0.0116731517509727,0.0116731517509727,0.0108730569481849,0.0591912567615509,0.3164721141374838,0.0736935454006463,0.3621364533901214,0.6770428015564204,0.8428728673637864,0.8290603233398965,0.3636491596698761,0.2278594973295436,0.0131610735438981,0.0066042927903136,0.0056612318148991,0.0080323815345764,0.009080902586681299,0.015685195376995,0.0170983355492353,0.1195577338337896,0.3238855255916346,0.0479045268739009,0.3675260543823242,0.6807925151348376
mosei,33,candidate_mixer,analytic_pi_g2,0.005,3634,0.75,0.8495460440985733,0.8366024057644806,0.3470783531665802,0.22029139527308592,0.0366895516558844,0.0012970168612190997,0.000765267436155,0.0056947171688079,0.005188067444876699,0.0064850843060959,0.0048935688100755,0.0203180462121963,0.3164721141374838,0.0401598428263348,0.2025127112865448,0.6770428015564204,0.8403962575674189,0.8273203672043385,0.3674192428588867,0.2305389399973944,0.0175802718169359,0.004127682993946,0.0039212756793411,0.0042622983455657,0.0030269675288937,0.0071546505228398,0.0083445431664586,0.0567087501287459,0.3236103467253715,0.0254199473304549,0.2071471661329269,0.6807925151348376
mosei,33,candidate_mixer,analytic_pi_g2,0.01,3634,1.0,0.8482490272373541,0.8353240778772694,0.3455205857753753,0.2192723723054793,0.033315187916836,0.0,-0.0005130604510562,0.0072524845600128,0.0077821011673151,0.0077821011673151,0.0066501484252512,0.027183622121810896,0.3164721141374838,0.051145753227846,0.2700169682502746,0.6770428015564204,0.841221794166208,0.8279586884506118,0.3666103482246399,0.22983762236090272,0.0162534729983036,0.0049532195927352,0.0045595969256144,0.0050711929798126,0.0052283984589983,0.0101816180517336,0.0114420298486948,0.0763495765626429,0.3238855255916346,0.0302445082272502,0.2761962115764618,0.6807925151348376
mosei,33,candidate_mixer,analytic_pi_g2,0.02,3634,1.0,0.8482490272373541,0.8353240778772694,0.3455205857753753,0.2192723723054793,0.033315187916836,0.0,-0.0005130604510562,0.0072524845600128,0.0077821011673151,0.0077821011673151,0.0066501484252512,0.027183622121810896,0.3164721141374838,0.051145753227846,0.2700169682502746,0.6770428015564204,0.841221794166208,0.8279586884506118,0.3666103482246399,0.22983762236090272,0.0162534729983036,0.0049532195927352,0.0045595969256144,0.0050711929798126,0.0052283984589983,0.0101816180517336,0.0114420298486948,0.0763495765626429,0.3238855255916346,0.0302445082272502,0.2761962115764618,0.6807925151348376
mosei,33,candidate_mixer,analytic_pi_g2,0.05,3634,1.0,0.8482490272373541,0.8353240778772694,0.3455205857753753,0.2192723723054793,0.033315187916836,0.0,-0.0005130604510562,0.0072524845600128,0.0077821011673151,0.0077821011673151,0.0066501484252512,0.027183622121810896,0.3164721141374838,0.051145753227846,0.2700169682502746,0.6770428015564204,0.841221794166208,0.8279586884506118,0.3666103482246399,0.22983762236090272,0.0162534729983036,0.0049532195927352,0.0045595969256144,0.0050711929798126,0.0052283984589983,0.0101816180517336,0.0114420298486948,0.0763495765626429,0.3238855255916346,0.0302445082272502,0.2761962115764618,0.6807925151348376
mosei,33,candidate_mixer,analytic_pi_g3,0.005,3634,1.0,0.8495460440985733,0.8366024057644806,0.3474974930286407,0.2208302150445956,0.0378722972133898,0.0012970168612190997,0.000765267436155,0.0052755773067474,0.005188067444876699,0.0064850843060959,0.0046185115352272,0.014409601688385,0.3151750972762645,0.037204114543587,0.2259807288646698,0.6770428015564204,0.8401210787011557,0.8271075038239193,0.3682603240013122,0.2310495035566615,0.0219082117539943,0.0038525041276828,0.0037084122989219,0.0034212172031402,0.0022014309301045,0.0060539350577875,0.0084728244692087,0.0490007460117339,0.3208585580627408,0.0204038721260301,0.231244683265686,0.6807925151348376
mosei,33,candidate_mixer,analytic_pi_g3,0.01,3634,1.0,0.8495460440985733,0.8366024057644806,0.3474974930286407,0.2208302150445956,0.0378722972133898,0.0012970168612190997,0.000765267436155,0.0052755773067474,0.005188067444876699,0.0064850843060959,0.0046185115352272,0.014409601688385,0.3151750972762645,0.037204114543587,0.2259807288646698,0.6770428015564204,0.8401210787011557,0.8271075038239193,0.3682603240013122,0.2310495035566615,0.0219082117539943,0.0038525041276828,0.0037084122989219,0.0034212172031402,0.0022014309301045,0.0060539350577875,0.0084728244692087,0.0490007460117339,0.3208585580627408,0.0204038721260301,0.231244683265686,0.6807925151348376
mosei,33,candidate_mixer,analytic_pi_g3,0.02,3634,1.0,0.8495460440985733,0.8366024057644806,0.3474974930286407,0.2208302150445956,0.0378722972133898,0.0012970168612190997,0.000765267436155,0.0052755773067474,0.005188067444876699,0.0064850843060959,0.0046185115352272,0.014409601688385,0.3151750972762645,0.037204114543587,0.2259807288646698,0.6770428015564204,0.8401210787011557,0.8271075038239193,0.3682603240013122,0.2310495035566615,0.0219082117539943,0.0038525041276828,0.0037084122989219,0.0034212172031402,0.0022014309301045,0.0060539350577875,0.0084728244692087,0.0490007460117339,0.3208585580627408,0.0204038721260301,0.231244683265686,0.6807925151348376
mosei,33,candidate_mixer,analytic_pi_g3,0.05,3634,1.0,0.8495460440985733,0.8366024057644806,0.3474974930286407,0.2208302150445956,0.0378722972133898,0.0012970168612190997,0.000765267436155,0.0052755773067474,0.005188067444876699,0.0064850843060959,0.0046185115352272,0.014409601688385,0.3151750972762645,0.037204114543587,0.2259807288646698,0.6770428015564204,0.8401210787011557,0.8271075038239193,0.3682603240013122,0.2310495035566615,0.0219082117539943,0.0038525041276828,0.0037084122989219,0.0034212172031402,0.0022014309301045,0.0060539350577875,0.0084728244692087,0.0490007460117339,0.3208585580627408,0.0204038721260301,0.231244683265686,0.6807925151348376
mosei,33,candidate_mixer,analytic_pi_selected,0.005,3634,0.475,0.8495460440985733,0.8366024057644806,0.3470025658607483,0.220025363927935,0.0337576499708896,0.0012970168612190997,0.000765267436155,0.0057705044746398,0.005188067444876699,0.0064850843060959,0.004933038726449,0.027679413557052595,0.3164721141374838,0.0406944106712646,0.1720148026943206,0.6770428015564204,0.8406714364336819,0.8276463175036277,0.3666350245475769,0.230184106031091,0.0157690470731711,0.0044028618602091,0.0042472259786303,0.0050465166568756,0.0030269675288937,0.0074298293891029,0.0076315714977681,0.055012161284685,0.3238855255916346,0.0300973399240324,0.1745748966932296,0.6807925151348376
mosei,33,candidate_mixer,analytic_pi_selected,0.01,3634,0.925,0.8495460440985733,0.8366024057644806,0.3428932130336761,0.2170520902320647,0.0293071629472279,0.0012970168612190997,0.000765267436155,0.009879857301712,0.0103761348897535,0.0116731517509727,0.0099866315722465,0.0546283200383186,0.3164721141374838,0.0696742509377268,0.3349762260913849,0.6770428015564204,0.8436984039625757,0.8300450817188492,0.3639117479324341,0.2280728796462728,0.0139602860974032,0.007429829389102801,0.0066459901938518,0.0077697932720184,0.007980187121629,0.0154100165107319,0.0156780295073986,0.1100779742002485,0.3238855255916346,0.0463384641690061,0.3399615883827209,0.6807925151348376
mosei,33,candidate_mixer,analytic_pi_selected,0.02,3634,1.0,0.8482490272373541,0.8353240778772694,0.3423232734203338,0.2166471404054546,0.0256691876552448,0.0,-0.0005130604510562,0.0104497969150543,0.0116731517509727,0.0116731517509727,0.0108730569481849,0.0591912567615509,0.3164721141374838,0.0736935454006463,0.3621364533901214,0.6770428015564204,0.8428728673637864,0.8290603233398965,0.3636491596698761,0.2278594973295436,0.0131610735438981,0.0066042927903136,0.0056612318148991,0.0080323815345764,0.009080902586681299,0.015685195376995,0.0170983355492353,0.1195577338337896,0.3238855255916346,0.0479045268739009,0.3675260543823242,0.6807925151348376
mosei,33,candidate_mixer,analytic_pi_selected,0.05,3634,1.0,0.8482490272373541,0.8353240778772694,0.3423232734203338,0.2166471404054546,0.0256691876552448,0.0,-0.0005130604510562,0.0104497969150543,0.0116731517509727,0.0116731517509727,0.0108730569481849,0.0591912567615509,0.3164721141374838,0.0736935454006463,0.3621364533901214,0.6770428015564204,0.8428728673637864,0.8290603233398965,0.3636491596698761,0.2278594973295436,0.0131610735438981,0.0066042927903136,0.0056612318148991,0.0080323815345764,0.009080902586681299,0.015685195376995,0.0170983355492353,0.1195577338337896,0.3238855255916346,0.0479045268739009,0.3675260543823242,0.6807925151348376
mosei,33,candidate_mixer,fixed,0.005,3634,0.225,0.8495460440985733,0.8366024057644806,0.3476498917664284,0.2205202269313891,0.0361573209229919,0.0012970168612190997,0.000765267436155,0.0051231785689597,0.0038910505836575,0.005188067444876699,0.0049210643112118,0.0308917777687632,0.3398184176394293,0.0361293932235992,0.225,1.0,0.8401210787011557,0.8271638895144382,0.3662520425079982,0.2303674109083909,0.014585824339688,0.0038525041276828,0.0037647979894407995,0.0054294986964543,0.0019262520638414,0.0057787561915244,0.006473527533025,0.04294499304300461,0.3445239405613648,0.0323812220853004,0.225,1.0
mosei,33,candidate_mixer,fixed,0.01,3634,0.425,0.8495460440985733,0.8368599238256453,0.3441295836040691,0.2178282166064671,0.028594900867702302,0.0012970168612190997,0.0010227854973197,0.008643486731319,0.0064850843060959,0.0077821011673151,0.0094678664121014,0.0591759837898318,0.3398184176394293,0.0609551024277136,0.4249999999999999,1.0,0.841221794166208,0.8278444442419232,0.3628196040263631,0.2279659505596871,0.009665886041886198,0.0049532195927352,0.0044453527169258005,0.0088619371780893,0.0055035773252614,0.0104567969179966,0.0125396552398785,0.0827309493834951,0.3445239405613648,0.0528521062008738,0.4249999999999999,1.0
mosei,33,candidate_mixer,fixed,0.02,3634,0.8500000000000002,0.8508430609597925,0.8376220833234135,0.3390786345878147,0.2138466057811871,0.0227808929486961,0.0025940337224383,0.0017849449950878,0.0136944357475734,0.0155642023346303,0.0181582360570687,0.0197954266353133,0.1220755243849399,0.3398184176394293,0.0965751066145925,0.8499999999999999,1.0,0.8417721518987342,0.8268443576435718,0.3590220200034589,0.22533207590143903,0.010807951099977899,0.0055035773252614,0.0034452661185744,0.0126595212009935,0.0167859108420473,0.0222894881673087,0.0266636284492603,0.1729287493089361,0.3445239405613648,0.0755006992835953,0.8499999999999999,1.0
mosei,33,candidate_mixer,fixed,0.05,3634,1.0,0.8495460440985733,0.8363416776460255,0.3379988623340687,0.2130059660402523,0.018455949661487298,0.0012970168612190997,0.0005045393176998,0.0147742080013194,0.0168612191958495,0.0181582360570687,0.023715109685897,0.1452550696087464,0.3398184176394293,0.10418981269765501,1.0,1.0,0.8439735828288387,0.8289495781472181,0.3587540879228125,0.2252042461265729,0.0093069409989497,0.0077050082553659,0.0055504866222207,0.0129274532816399,0.019537699504678,0.027242707760044,0.0320834365218505,0.2068107041786356,0.3445239405613648,0.077098632240909,1.0,1.0
mosei,33,candidate_mixer,max_confidence,0.005,3634,0.45,0.8482490272373541,0.8353240778772694,0.3493722081184387,0.2222201620249591,0.0338274575238407,0.0,-0.0005130604510562,0.0034008622169494,0.0025940337224383,0.0025940337224383,0.0047407997772097,0.025207486003637296,0.3398184176394293,0.0239834646511627,0.3158265054225921,1.0,0.8384700055035773,0.8254358236932573,0.3674127757549286,0.2314998483433642,0.0175606000370945,0.0022014309301044,0.0020367321682599,0.0042687654495239,0.0011007154650522,0.0033021463951568,0.0058130780234932,0.0291823834180831,0.3445239405613648,0.0254586945407224,0.317265123128891,1.0
mosei,33,candidate_mixer,max_confidence,0.01,3634,0.925,0.8508430609597925,0.8381390509050085,0.3465717732906341,0.22061035331404444,0.0343807529073435,0.0025940337224383,0.0023019125766827,0.006201297044754,0.0025940337224383,0.005188067444876699,0.0099646942690014,0.0525232851505279,0.3398184176394293,0.043732315493178,0.6491989493370056,1.0,0.8395707209686296,0.8264556184881088,0.364219456911087,0.2294977239553878,0.0180357668546772,0.0033021463951568,0.0030565269631114,0.0074620842933654,0.0016510731975784,0.0049532195927352,0.0123662827536463,0.0609389021992683,0.3445239405613648,0.0445036593451917,0.6521560549736023,1.0
mosei,33,candidate_mixer,max_confidence,0.02,3634,1.0,0.8508430609597925,0.8381390509050085,0.346196562051773,0.2203987367742145,0.0338570825011504,0.0025940337224383,0.0023019125766827,0.0065765082836151,0.0025940337224383,0.005188067444876699,0.0108129261061549,0.0569053962826728,0.3398184176394293,0.0463786732755379,0.7018367052078247,1.0,0.8401210787011557,0.8269942817717699,0.3638290762901306,0.2292372313755295,0.0185905209136127,0.0038525041276828,0.0035951902467725,0.0078524649143219,0.0016510731975784,0.0055035773252614,0.0134486556053161,0.0660465627908706,0.3445239405613648,0.0468316024024336,0.7050336599349976,1.0
mosei,33,candidate_mixer,max_confidence,0.05,3634,1.0,0.8508430609597925,0.8381390509050085,0.346196562051773,0.2203987367742145,0.0338570825011504,0.0025940337224383,0.0023019125766827,0.0065765082836151,0.0025940337224383,0.005188067444876699,0.0108129261061549,0.0569053962826728,0.3398184176394293,0.0463786732755379,0.7018367052078247,1.0,0.8401210787011557,0.8269942817717699,0.3638290762901306,0.2292372313755295,0.0185905209136127,0.0038525041276828,0.0035951902467725,0.0078524649143219,0.0016510731975784,0.0055035773252614,0.0134486556053161,0.0660465627908706,0.3445239405613648,0.0468316024024336,0.7050336599349976,1.0
mosei,33,candidate_mixer,native_pdf,0.005,3634,0.475,0.8482490272373541,0.8355822070737908,0.3471889004368386,0.2202207289266206,0.0340846534942501,0.0,-0.0002549312545347,0.0055841698985495,0.0038910505836575,0.0038910505836575,0.0049989029087371,0.0285409947730807,0.3398184176394293,0.0393803690377002,0.2378080415045396,1.0,0.8390203632361035,0.826143385153627,0.3669819661889929,0.2306713855356497,0.0178458120565626,0.0027517886626307,0.0027442936286296,0.0046995750154595,0.0022014309301045,0.0049532195927352,0.0060813847806736,0.0362331702489696,0.344799119427628,0.0280279953146527,0.2179948865270856,0.999724821133737
mosei,33,candidate_mixer,native_pdf,0.01,3634,0.925,0.8534370946822308,0.8412033281994733,0.34335900923830526,0.2172255564228619,0.0352713902716465,0.005188067444876699,0.0053661898711476,0.0094140610970828,0.005188067444876699,0.0103761348897535,0.009973754698459602,0.0563525624118036,0.3398184176394293,0.0663893014359559,0.4630998702983139,1.0,0.840946615299945,0.8274021761709804,0.3641358019147869,0.2285598119714107,0.0151913815389939,0.0046780407264721,0.004003084645983,0.0075457392896656,0.0071546505228398,0.011832691249312,0.012235568603593,0.0718143444774329,0.344799119427628,0.0450023706291381,0.4245163579737984,0.999724821133737
mosei,33,candidate_mixer,native_pdf,0.02,3634,1.0,0.8521400778210116,0.8399226330972985,0.3428292899184151,0.2167973768500518,0.0343254400374899,0.0038910505836575,0.004085494768973,0.009943780416973,0.0064850843060959,0.0103761348897535,0.010828772447360899,0.0610639636437009,0.3398184176394293,0.0701249567220486,0.5006485084306096,1.0,0.8420473307649973,0.8285966247787937,0.3637892619646123,0.2283026704735281,0.0115187691355942,0.0057787561915244,0.0051975332537963,0.0078922792398402,0.0074298293891029,0.0132085855806274,0.013305078174298301,0.07786960121123779,0.344799119427628,0.0470691168212105,0.4589366032149172,0.999724821133737
mosei,33,candidate_mixer,native_pdf,0.05,3634,1.0,0.8521400778210116,0.8399226330972985,0.3428292899184151,0.2167973768500518,0.0343254400374899,0.0038910505836575,0.004085494768973,0.009943780416973,0.0064850843060959,0.0103761348897535,0.010828772447360899,0.0610639636437009,0.3398184176394293,0.0701249567220486,0.5006485084306096,1.0,0.8420473307649973,0.8285966247787937,0.3637892619646123,0.2283026704735281,0.0115187691355942,0.0057787561915244,0.0051975332537963,0.0078922792398402,0.0074298293891029,0.0132085855806274,0.013305078174298301,0.07786960121123779,0.344799119427628,0.0470691168212105,0.4589366032149172,0.999724821133737
mosei,33,candidate_mixer,native_qmf,0.005,3634,0.3,0.8495460440985733,0.8366024057644806,0.3476222545320103,0.220399990511773,0.0356141185482188,0.0012970168612190997,0.000765267436155,0.0051508158033778,0.0038910505836575,0.005188067444876699,0.004720807220409,0.0311875823628136,0.3398184176394293,0.0363242948950512,0.1501945525291829,1.0,0.8398458998348927,0.8268381865311276,0.3663105362422812,0.2303159511951721,0.010958098625558,0.0035773252614197996,0.0034390950061302,0.0053710049621713,0.0027517886626307,0.0063291139240506,0.0061583856694084,0.0415075223068174,0.3453494771601541,0.0320323685042672,0.1477240459216779,0.9977985690698954
mosei,33,candidate_mixer,native_qmf,0.01,3634,0.6000000000000002,0.8482490272373541,0.8358371383283256,0.3439436186840915,0.2173813571725287,0.0312948473032389,0.0,0.0,0.008829451651296599,0.0077821011673151,0.0077821011673151,0.009657155326785303,0.063379205945499,0.3398184176394293,0.06226655324753,0.3003891050583658,1.0,0.8417721518987342,0.8281539088971874,0.3627194372546061,0.2277211860827342,0.0098773889565594,0.0055035773252614,0.004754817372190001,0.008962103949846301,0.0071546505228398,0.0126582278481012,0.0127075976051779,0.08481279923216659,0.3453494771601541,0.053449495604308,0.2954480918433558,0.9977985690698954
mosei,33,candidate_mixer,native_qmf,0.02,3634,1.0,0.8469520103761349,0.8337852058638682,0.34067440466381904,0.2145327035827841,0.0205414195336059,-0.0012970168612190997,-0.0020519324644574,0.012098665671569,0.0155642023346303,0.0142671854734111,0.0166430712077997,0.1079796900384973,0.3398184176394293,0.0853215111802195,0.5006485084306096,1.0,0.8420473307649973,0.8273585052451691,0.36015586728510196,0.2258905700394903,0.0086272500322456,0.0057787561915244,0.0039594137201717,0.0115256739193505,0.0159603742432581,0.0217391304347826,0.0222022702996612,0.14563435099427532,0.3453494771601541,0.0687384932217939,0.4924134864055929,0.9977985690698954
mosei,33,candidate_mixer,native_qmf,0.05,3634,1.0,0.8469520103761349,0.8337852058638682,0.34067440466381904,0.2145327035827841,0.0205414195336059,-0.0012970168612190997,-0.0020519324644574,0.012098665671569,0.0155642023346303,0.0142671854734111,0.0166430712077997,0.1079796900384973,0.3398184176394293,0.0853215111802195,0.5006485084306096,1.0,0.8420473307649973,0.8273585052451691,0.36015586728510196,0.2258905700394903,0.0086272500322456,0.0057787561915244,0.0039594137201717,0.0115256739193505,0.0159603742432581,0.0217391304347826,0.0222022702996612,0.14563435099427532,0.3453494771601541,0.0687384932217939,0.4924134864055929,0.9977985690698954
mosei,33,candidate_mixer,native_tmc,0.005,3634,0.35,0.8456549935149157,0.8327716465109498,0.3480616705615496,0.2207506173564352,0.030887233613258,-0.0025940337224383,-0.0030654918173759,0.0047113997738385,0.005188067444876699,0.0025940337224383,0.0046927384569202,0.0315552108780583,0.3398184176394293,0.0332254711370595,0.1752269779507133,1.0,0.8390203632361035,0.8260305909038423,0.3672865699553301,0.2309219862957435,0.0133913498837345,0.0027517886626307,0.0026314993788449,0.0043949712491224,0.0024766097963676,0.0052283984589983,0.0057224584129816,0.03642377169846861,0.3470005503577325,0.026211354336171,0.1636894526189104,0.99642267473858
mosei,33,candidate_mixer,native_tmc,0.01,3634,0.7250000000000002,0.8508430609597925,0.8383927676366321,0.3443098259179281,0.2177713792286818,0.0258963477925203,0.0025940337224383,0.0025556293083064,0.0084632444174601,0.0064850843060959,0.009079118028534299,0.0099272666573069,0.0665075523764424,0.3398184176394293,0.0596840082326133,0.362970168612192,1.0,0.8425976884975234,0.8292509261769223,0.3641298834893306,0.2286362685045311,0.0109532200527366,0.0063291139240505,0.0058518346519249,0.007551657715121799,0.0060539350577875,0.0123830489818381,0.0122472190498353,0.076980060951973,0.3470005503577325,0.0450376678099354,0.3390710089963145,0.99642267473858
mosei,33,candidate_mixer,native_tmc,0.02,3634,1.0,0.8495460440985733,0.8371142582393567,0.3422192384939954,0.2160399124456636,0.0225875530380896,0.0012970168612190997,0.0012771199110309,0.0105538318413928,0.009079118028534299,0.0103761348897535,0.013918338826564,0.0929389859510078,0.3398184176394293,0.0744271253288028,0.5006485084306096,1.0,0.8401210787011557,0.8263607322943753,0.3626868827205607,0.2275959346010524,0.0121819398302797,0.0038525041276828,0.0029616407693779,0.008994658483891702,0.0115575123830489,0.0154100165107319,0.0173456419426533,0.1078028604758913,0.3470005503577325,0.0536436491477573,0.4676841503397442,0.99642267473858
mosei,33,candidate_mixer,native_tmc,0.05,3634,1.0,0.8495460440985733,0.8371142582393567,0.3422192384939954,0.2160399124456636,0.0225875530380896,0.0012970168612190997,0.0012771199110309,0.0105538318413928,0.009079118028534299,0.0103761348897535,0.013918338826564,0.0929389859510078,0.3398184176394293,0.0744271253288028,0.5006485084306096,1.0,0.8401210787011557,0.8263607322943753,0.3626868827205607,0.2275959346010524,0.0121819398302797,0.0038525041276828,0.0029616407693779,0.008994658483891702,0.0115575123830489,0.0154100165107319,0.0173456419426533,0.1078028604758913,0.3470005503577325,0.0536436491477573,0.4676841503397442,0.99642267473858
mosei,33,candidate_mixer,negative_entropy,0.005,3634,0.975,0.8495460440985733,0.8371142582393567,0.3495334684848785,0.2227942392899878,0.03889384877357029,0.0012970168612190997,0.0012771199110309,0.0032396018505096,0.0,0.0012970168612190997,0.0049598300829529,0.0218015778809785,0.3385214007782101,0.022846128738901097,0.479992926120758,0.9987029831387808,0.837369290038525,0.824303340798233,0.367866039276123,0.2320247607664654,0.0217345603790398,0.0011007154650521,0.0009042492732356,0.0038155019283294,0.0011007154650522,0.0022014309301045,0.0064276163466274,0.024848730117082503,0.3445239405613648,0.0227554545363252,0.4865980744361877,1.0
mosei,33,candidate_mixer,negative_entropy,0.01,3634,1.0,0.8508430609597925,0.8383927676366321,0.3494609296321869,0.2227643975942434,0.04040089230283841,0.0025940337224383,0.0025556293083064,0.0033121407032011994,0.0,0.0025940337224383,0.0050913086161017,0.022366901859640995,0.3385214007782101,0.023357682949461,0.492300420999527,0.9987029831387808,0.837369290038525,0.824303340798233,0.3677899241447449,0.23198250045190022,0.0213902971215738,0.0011007154650521,0.0009042492732356,0.0038916170597076,0.0011007154650522,0.0022014309301045,0.0066019403748214,0.0254941441118717,0.3445239405613648,0.023209490080492,0.4990749359130859,1.0
mosei,33,candidate_mixer,negative_entropy,0.02,3634,1.0,0.8508430609597925,0.8383927676366321,0.3494609296321869,0.2227643975942434,0.04040089230283841,0.0025940337224383,0.0025556293083064,0.0033121407032011994,0.0,0.0025940337224383,0.0050913086161017,0.022366901859640995,0.3385214007782101,0.023357682949461,0.492300420999527,0.9987029831387808,0.837369290038525,0.824303340798233,0.3677899241447449,0.23198250045190022,0.0213902971215738,0.0011007154650521,0.0009042492732356,0.0038916170597076,0.0011007154650522,0.0022014309301045,0.0066019403748214,0.0254941441118717,0.3445239405613648,0.023209490080492,0.4990749359130859,1.0
mosei,33,candidate_mixer,negative_entropy,0.05,3634,1.0,0.8508430609597925,0.8383927676366321,0.3494609296321869,0.2227643975942434,0.04040089230283841,0.0025940337224383,0.0025556293083064,0.0033121407032011994,0.0,0.0025940337224383,0.0050913086161017,0.022366901859640995,0.3385214007782101,0.023357682949461,0.492300420999527,0.9987029831387808,0.837369290038525,0.824303340798233,0.3677899241447449,0.23198250045190022,0.0213902971215738,0.0011007154650521,0.0009042492732356,0.0038916170597076,0.0011007154650522,0.0022014309301045,0.0066019403748214,0.0254941441118717,0.3445239405613648,0.023209490080492,0.4990749359130859,1.0
mosei,33,convex_projection,analytic_pi_g2,0.005,3634,1.0,0.8495460440985733,0.8368599238256453,0.3512768757810485,0.2229973838379995,0.0362385478436601,0.0012970168612190997,0.0010227854973197,0.0014961945543396,0.0012970168612190997,0.0025940337224383,0.0008778939173153,2.9122329880948428e-08,0.4798962386511025,0.0105513908777512,0.013722873292863301,0.0350194552529182,0.8384700055035773,0.8252076478485868,0.369726097560716,0.2322699082159555,0.0192275188697346,0.0022014309301044,0.0018085563235894,0.0019554436437365,0.0016510731975784,0.0038525041276829,0.001868593334721,4.0374774298856904e-08,0.4686296092460099,0.011662138909939099,0.0289034806191921,0.0685195376995046
mosei,33,convex_projection,analytic_pi_g2,0.01,3634,1.0,0.8495460440985733,0.8368599238256453,0.3512768757810485,0.2229973838379995,0.0362385478436601,0.0012970168612190997,0.0010227854973197,0.0014961945543396,0.0012970168612190997,0.0025940337224383,0.0008778939173153,2.9122329880948428e-08,0.4798962386511025,0.0105513908777512,0.013722873292863301,0.0350194552529182,0.8384700055035773,0.8252076478485868,0.369726097560716,0.2322699082159555,0.0192275188697346,0.0022014309301044,0.0018085563235894,0.0019554436437365,0.0016510731975784,0.0038525041276829,0.001868593334721,4.0374774298856904e-08,0.4686296092460099,0.011662138909939099,0.0289034806191921,0.0685195376995046
mosei,33,convex_projection,analytic_pi_g2,0.02,3634,1.0,0.8495460440985733,0.8368599238256453,0.3512768757810485,0.2229973838379995,0.0362385478436601,0.0012970168612190997,0.0010227854973197,0.0014961945543396,0.0012970168612190997,0.0025940337224383,0.0008778939173153,2.9122329880948428e-08,0.4798962386511025,0.0105513908777512,0.013722873292863301,0.0350194552529182,0.8384700055035773,0.8252076478485868,0.369726097560716,0.2322699082159555,0.0192275188697346,0.0022014309301044,0.0018085563235894,0.0019554436437365,0.0016510731975784,0.0038525041276829,0.001868593334721,4.0374774298856904e-08,0.4686296092460099,0.011662138909939099,0.0289034806191921,0.0685195376995046
mosei,33,convex_projection,analytic_pi_g2,0.05,3634,1.0,0.8495460440985733,0.8368599238256453,0.3512768757810485,0.2229973838379995,0.0362385478436601,0.0012970168612190997,0.0010227854973197,0.0014961945543396,0.0012970168612190997,0.0025940337224383,0.0008778939173153,2.9122329880948428e-08,0.4798962386511025,0.0105513908777512,0.013722873292863301,0.0350194552529182,0.8384700055035773,0.8252076478485868,0.369726097560716,0.2322699082159555,0.0192275188697346,0.0022014309301044,0.0018085563235894,0.0019554436437365,0.0016510731975784,0.0038525041276829,0.001868593334721,4.0374774298856904e-08,0.4686296092460099,0.011662138909939099,0.0289034806191921,0.0685195376995046
mosei,33,convex_projection,fixed,0.005,3634,1.0,0.8495460440985733,0.8360777126099707,0.3496180370136971,0.22164257580722233,0.0340296756961193,0.0012970168612190997,0.00024057428164500004,0.003155033321691,0.005188067444876699,0.0064850843060959,0.0022643637175209,0.0008152239275473,0.351491569390402,0.022249755610451,1.0,1.0,0.8395707209686296,0.82564542658943,0.3685962863937994,0.2312299749271525,0.0175343475349054,0.0033021463951568,0.0022463350644326,0.0030852548106531,0.0046780407264722,0.007980187121629,0.0044446240712458,0.0016066492487463,0.3648871766648321,0.0184002737939805,1.0,1.0
mosei,33,convex_projection,fixed,0.01,3634,1.0,0.8495460440985733,0.8360777126099707,0.3496180370136971,0.22164257580722233,0.0340296756961193,0.0012970168612190997,0.00024057428164500004,0.003155033321691,0.005188067444876699,0.0064850843060959,0.0022643637175209,0.0008152239275473,0.351491569390402,0.022249755610451,1.0,1.0,0.8395707209686296,0.82564542658943,0.3685962863937994,0.2312299749271525,0.0175343475349054,0.0033021463951568,0.0022463350644326,0.0030852548106531,0.0046780407264722,0.007980187121629,0.0044446240712458,0.0016066492487463,0.3648871766648321,0.0184002737939805,1.0,1.0
mosei,33,convex_projection,fixed,0.02,3634,1.0,0.8495460440985733,0.8360777126099707,0.3496180370136971,0.22164257580722233,0.0340296756961193,0.0012970168612190997,0.00024057428164500004,0.003155033321691,0.005188067444876699,0.0064850843060959,0.0022643637175209,0.0008152239275473,0.351491569390402,0.022249755610451,1.0,1.0,0.8395707209686296,0.82564542658943,0.3685962863937994,0.2312299749271525,0.0175343475349054,0.0033021463951568,0.0022463350644326,0.0030852548106531,0.0046780407264722,0.007980187121629,0.0044446240712458,0.0016066492487463,0.3648871766648321,0.0184002737939805,1.0,1.0
mosei,33,convex_projection,fixed,0.05,3634,1.0,0.8495460440985733,0.8360777126099707,0.3496180370136971,0.22164257580722233,0.0340296756961193,0.0012970168612190997,0.00024057428164500004,0.003155033321691,0.005188067444876699,0.0064850843060959,0.0022643637175209,0.0008152239275473,0.351491569390402,0.022249755610451,1.0,1.0,0.8395707209686296,0.82564542658943,0.3685962863937994,0.2312299749271525,0.0175343475349054,0.0033021463951568,0.0022463350644326,0.0030852548106531,0.0046780407264722,0.007980187121629,0.0044446240712458,0.0016066492487463,0.3648871766648321,0.0184002737939805,1.0,1.0
mosei,44,candidate_mixer,analytic_pi_g1,0.005,3634,0.6000000000000002,0.8560311284046692,0.8440138887623144,0.3378592729568481,0.212015965756687,0.0153850882897581,0.005188067444876699,0.0051230919654193,0.0019974708557128,0.0025940337224383,0.0077821011673151,0.004877203144133,0.0254462659358978,0.4474708171206226,0.013724859608615,0.1530166417360305,0.7029831387808041,0.8417721518987342,0.8277453514821665,0.360353410243988,0.2259754525226251,0.0200565506385851,0.0013758943313153,0.0003684707212922,0.0023821890354156,0.0055035773252614,0.0068794716565767,0.0057998923584818,0.0408193051815032,0.4804623004953219,0.0141033597680905,0.1512311398983001,0.7278481012658228
mosei,44,candidate_mixer,analytic_pi_g1,0.01,3634,1.0,0.8573281452658884,0.8450540054663177,0.3370280563831329,0.2113820234899485,0.0143803893050949,0.0064850843060959,0.006163208669422701,0.0028286874294281,0.005188067444876699,0.0116731517509727,0.0083996970206499,0.0427774488925933,0.4474708171206226,0.0194359402969426,0.255027711391449,0.7029831387808041,0.8414969730324711,0.8268782431629947,0.3594864904880523,0.2253091101092695,0.0177693586134293,0.0011007154650521,-0.0004986375978796,0.0032491087913513,0.0093560814529444,0.0104567969179966,0.0099833346903324,0.068988400697708,0.4804623004953219,0.0192356636764911,0.2520519196987152,0.7278481012658228
mosei,44,candidate_mixer,analytic_pi_g1,0.02,3634,1.0,0.8573281452658884,0.8450540054663177,0.3370280563831329,0.2113820234899485,0.0143803893050949,0.0064850843060959,0.006163208669422701,0.0028286874294281,0.005188067444876699,0.0116731517509727,0.0083996970206499,0.0427774488925933,0.4474708171206226,0.0194359402969426,0.255027711391449,0.7029831387808041,0.8414969730324711,0.8268782431629947,0.3594864904880523,0.2253091101092695,0.0177693586134293,0.0011007154650521,-0.0004986375978796,0.0032491087913513,0.0093560814529444,0.0104567969179966,0.0099833346903324,0.068988400697708,0.4804623004953219,0.0192356636764911,0.2520519196987152,0.7278481012658228
mosei,44,candidate_mixer,analytic_pi_g1,0.05,3634,1.0,0.8573281452658884,0.8450540054663177,0.3370280563831329,0.2113820234899485,0.0143803893050949,0.0064850843060959,0.006163208669422701,0.0028286874294281,0.005188067444876699,0.0116731517509727,0.0083996970206499,0.0427774488925933,0.4474708171206226,0.0194359402969426,0.255027711391449,0.7029831387808041,0.8414969730324711,0.8268782431629947,0.3594864904880523,0.2253091101092695,0.0177693586134293,0.0011007154650521,-0.0004986375978796,0.0032491087913513,0.0093560814529444,0.0104567969179966,0.0099833346903324,0.068988400697708,0.4804623004953219,0.0192356636764911,0.2520519196987152,0.7278481012658228
mosei,44,candidate_mixer,analytic_pi_g2,0.005,3634,0.9,0.85473411154345,0.8424854436937266,0.3384654819965362,0.21253110535780143,0.0157272435347857,0.0038910505836575,0.0035946468968315,0.0013912618160247,0.0025940337224383,0.0064850843060959,0.0048882719129323005,0.0189741104841232,0.437094682230869,0.0095596276488836,0.1520844250917434,0.7029831387808041,0.841221794166208,0.8272641095746415,0.3606772720813751,0.2261306186915615,0.0210495939048752,0.0008255365987891,-0.0001127711862327,0.0020583271980285,0.0052283984589983,0.0060539350577875,0.0055906507186591,0.03576657325029361,0.4680792515134838,0.0121860128243639,0.1491025686264038,0.7278481012658228
mosei,44,candidate_mixer,analytic_pi_g2,0.01,3634,1.0,0.8560311284046692,0.8440138887623144,0.3383685648441314,0.2124629777395889,0.0173062267779685,0.005188067444876699,0.0051230919654193,0.0014881789684295,0.0025940337224383,0.0077821011673151,0.0054689585231244,0.0211047679185867,0.4435797665369649,0.010225352144401702,0.1689826995134353,0.7029831387808041,0.8414969730324711,0.8274752609897582,0.3605283200740814,0.2260031393563801,0.0195724621505349,0.0011007154650521,9.838022888386531e-05,0.0022072792053222,0.0055035773252614,0.0066042927903137,0.0062530478462576,0.0398207262158393,0.4708310401761145,0.0130678477396805,0.1656695306301117,0.7278481012658228
mosei,44,candidate_mixer,analytic_pi_g2,0.02,3634,1.0,0.8560311284046692,0.8440138887623144,0.3383685648441314,0.2124629777395889,0.0173062267779685,0.005188067444876699,0.0051230919654193,0.0014881789684295,0.0025940337224383,0.0077821011673151,0.0054689585231244,0.0211047679185867,0.4435797665369649,0.010225352144401702,0.1689826995134353,0.7029831387808041,0.8414969730324711,0.8274752609897582,0.3605283200740814,0.2260031393563801,0.0195724621505349,0.0011007154650521,9.838022888386531e-05,0.0022072792053222,0.0055035773252614,0.0066042927903137,0.0062530478462576,0.0398207262158393,0.4708310401761145,0.0130678477396805,0.1656695306301117,0.7278481012658228
mosei,44,candidate_mixer,analytic_pi_g2,0.05,3634,1.0,0.8560311284046692,0.8440138887623144,0.3383685648441314,0.2124629777395889,0.0173062267779685,0.005188067444876699,0.0051230919654193,0.0014881789684295,0.0025940337224383,0.0077821011673151,0.0054689585231244,0.0211047679185867,0.4435797665369649,0.010225352144401702,0.1689826995134353,0.7029831387808041,0.8414969730324711,0.8274752609897582,0.3605283200740814,0.2260031393563801,0.0195724621505349,0.0011007154650521,9.838022888386531e-05,0.0022072792053222,0.0055035773252614,0.0066042927903137,0.0062530478462576,0.0398207262158393,0.4708310401761145,0.0130678477396805,0.1656695306301117,0.7278481012658228
mosei,44,candidate_mixer,analytic_pi_g3,0.005,3634,1.0,0.8508430609597925,0.838643341091944,0.3389764428138733,0.2129643010106991,0.0084496830069446,0.0,-0.0002474557049509,0.0008803009986877,0.0025940337224383,0.0025940337224383,0.003904664190486,0.0114600956439971,0.3761348897535668,0.0060484479926542,0.1295516341924667,0.7029831387808041,0.841221794166208,0.8275561833629167,0.3611700534820556,0.2264964517155691,0.019050696851397497,0.0008255365987891,0.0001793026020423,0.001565545797348,0.0038525041276829,0.0046780407264722,0.0043141576461493,0.0241800516843794,0.3896532746285085,0.0092685295826236,0.1260612159967422,0.7278481012658228
mosei,44,candidate_mixer,analytic_pi_g3,0.01,3634,1.0,0.8508430609597925,0.838643341091944,0.3389764428138733,0.2129643010106991,0.0084496830069446,0.0,-0.0002474557049509,0.0008803009986877,0.0025940337224383,0.0025940337224383,0.003904664190486,0.0114600956439971,0.3761348897535668,0.0060484479926542,0.1295516341924667,0.7029831387808041,0.841221794166208,0.8275561833629167,0.3611700534820556,0.2264964517155691,0.019050696851397497,0.0008255365987891,0.0001793026020423,0.001565545797348,0.0038525041276829,0.0046780407264722,0.0043141576461493,0.0241800516843794,0.3896532746285085,0.0092685295826236,0.1260612159967422,0.7278481012658228
mosei,44,candidate_mixer,analytic_pi_g3,0.02,3634,1.0,0.8508430609597925,0.838643341091944,0.3389764428138733,0.2129643010106991,0.0084496830069446,0.0,-0.0002474557049509,0.0008803009986877,0.0025940337224383,0.0025940337224383,0.003904664190486,0.0114600956439971,0.3761348897535668,0.0060484479926542,0.1295516341924667,0.7029831387808041,0.841221794166208,0.8275561833629167,0.3611700534820556,0.2264964517155691,0.019050696851397497,0.0008255365987891,0.0001793026020423,0.001565545797348,0.0038525041276829,0.0046780407264722,0.0043141576461493,0.0241800516843794,0.3896532746285085,0.0092685295826236,0.1260612159967422,0.7278481012658228
mosei,44,candidate_mixer,analytic_pi_g3,0.05,3634,1.0,0.8508430609597925,0.838643341091944,0.3389764428138733,0.2129643010106991,0.0084496830069446,0.0,-0.0002474557049509,0.0008803009986877,0.0025940337224383,0.0025940337224383,0.003904664190486,0.0114600956439971,0.3761348897535668,0.0060484479926542,0.1295516341924667,0.7029831387808041,0.841221794166208,0.8275561833629167,0.3611700534820556,0.2264964517155691,0.019050696851397497,0.0008255365987891,0.0001793026020423,0.001565545797348,0.0038525041276829,0.0046780407264722,0.0043141576461493,0.0241800516843794,0.3896532746285085,0.0092685295826236,0.1260612159967422,0.7278481012658228
mosei,44,candidate_mixer,analytic_pi_selected,0.005,3634,0.6000000000000002,0.8560311284046692,0.8440138887623144,0.3378592729568481,0.212015965756687,0.0153850882897581,0.005188067444876699,0.0051230919654193,0.0019974708557128,0.0025940337224383,0.0077821011673151,0.004877203144133,0.0254462659358978,0.4474708171206226,0.013724859608615,0.1530166417360305,0.7029831387808041,0.8417721518987342,0.8277453514821665,0.360353410243988,0.2259754525226251,0.0200565506385851,0.0013758943313153,0.0003684707212922,0.0023821890354156,0.0055035773252614,0.0068794716565767,0.0057998923584818,0.0408193051815032,0.4804623004953219,0.0141033597680905,0.1512311398983001,0.7278481012658228
mosei,44,candidate_mixer,analytic_pi_selected,0.01,3634,1.0,0.8573281452658884,0.8450540054663177,0.3370280563831329,0.2113820234899485,0.0143803893050949,0.0064850843060959,0.006163208669422701,0.0028286874294281,0.005188067444876699,0.0116731517509727,0.0083996970206499,0.0427774488925933,0.4474708171206226,0.0194359402969426,0.255027711391449,0.7029831387808041,0.8414969730324711,0.8268782431629947,0.3594864904880523,0.2253091101092695,0.0177693586134293,0.0011007154650521,-0.0004986375978796,0.0032491087913513,0.0093560814529444,0.0104567969179966,0.0099833346903324,0.068988400697708,0.4804623004953219,0.0192356636764911,0.2520519196987152,0.7278481012658228
mosei,44,candidate_mixer,analytic_pi_selected,0.02,3634,1.0,0.8573281452658884,0.8450540054663177,0.3370280563831329,0.2113820234899485,0.0143803893050949,0.0064850843060959,0.006163208669422701,0.0028286874294281,0.005188067444876699,0.0116731517509727,0.0083996970206499,0.0427774488925933,0.4474708171206226,0.0194359402969426,0.255027711391449,0.7029831387808041,0.8414969730324711,0.8268782431629947,0.3594864904880523,0.2253091101092695,0.0177693586134293,0.0011007154650521,-0.0004986375978796,0.0032491087913513,0.0093560814529444,0.0104567969179966,0.0099833346903324,0.068988400697708,0.4804623004953219,0.0192356636764911,0.2520519196987152,0.7278481012658228
mosei,44,candidate_mixer,analytic_pi_selected,0.05,3634,1.0,0.8573281452658884,0.8450540054663177,0.3370280563831329,0.2113820234899485,0.0143803893050949,0.0064850843060959,0.006163208669422701,0.0028286874294281,0.005188067444876699,0.0116731517509727,0.0083996970206499,0.0427774488925933,0.4474708171206226,0.0194359402969426,0.255027711391449,0.7029831387808041,0.8414969730324711,0.8268782431629947,0.3594864904880523,0.2253091101092695,0.0177693586134293,0.0011007154650521,-0.0004986375978796,0.0032491087913513,0.0093560814529444,0.0104567969179966,0.0099833346903324,0.068988400697708,0.4804623004953219,0.0192356636764911,0.2520519196987152,0.7278481012658228
mosei,44,candidate_mixer,fixed,0.005,3634,0.325,0.8560311284046692,0.8440138887623144,0.33705169615062475,0.2115021473664983,0.007111856415771,0.005188067444876699,0.0051230919654193,0.0028050476619363,0.0025940337224383,0.0077821011673151,0.0049797075626191,0.0269745434026465,0.48508430609597925,0.0192736987163752,0.325,1.0,0.841221794166208,0.8272641095746415,0.3599008335382941,0.2258851667154993,0.0194911822371172,0.0008255365987891,-0.0001127711862327,0.0028347657411095,0.0052283984589983,0.0060539350577875,0.0060762956477716,0.0377960713955171,0.5266923500275179,0.0167826891025569,0.325,1.0
mosei,44,candidate_mixer,fixed,0.01,3634,0.625,0.8573281452658884,0.8450540054663177,0.3352000882902933,0.2101358994394386,0.0152707809024284,0.0064850843060959,0.006163208669422701,0.0046566555222677,0.005188067444876699,0.0116731517509727,0.0098305425061719,0.05253701919828249,0.48508430609597925,0.0319963163508569,0.625,1.0,0.841221794166208,0.8263646689914456,0.3583793378983917,0.2248681883441689,0.0153918042912234,0.0008255365987891,-0.0010122117694287,0.0043562613810119,0.0107319757842597,0.0115575123830489,0.0120421277458113,0.0739999972107713,0.5266923500275179,0.0257903419911976,0.625,1.0
mosei,44,candidate_mixer,fixed,0.02,3634,1.0,0.8573281452658884,0.8443030445446401,0.3338325817919695,0.2091255687980589,0.0146782114502675,0.0064850843060959,0.005412247747745,0.006024162020591501,0.0116731517509727,0.0181582360570687,0.0163200503885466,0.08543744476784679,0.48508430609597925,0.0413926160013286,1.0,1.0,0.8398458998348927,0.8236268332906367,0.3578001067260691,0.2246702584806351,0.0173966812608526,-0.0005503577325262001,-0.0037500474702376,0.0049354925533345,0.0187121629058888,0.018161805173362598,0.0201088517094216,0.1211797493038549,0.5266923500275179,0.0292195423160154,1.0,1.0
mosei,44,candidate_mixer,fixed,0.05,3634,1.0,0.8573281452658884,0.8443030445446401,0.3338325817919695,0.2091255687980589,0.0146782114502675,0.0064850843060959,0.005412247747745,0.006024162020591501,0.0116731517509727,0.0181582360570687,0.0163200503885466,0.08543744476784679,0.48508430609597925,0.0413926160013286,1.0,1.0,0.8398458998348927,0.8236268332906367,0.3578001067260691,0.2246702584806351,0.0173966812608526,-0.0005503577325262001,-0.0037500474702376,0.0049354925533345,0.0187121629058888,0.018161805173362598,0.0201088517094216,0.1211797493038549,0.5266923500275179,0.0292195423160154,1.0,1.0
mosei,44,candidate_mixer,max_confidence,0.005,3634,0.7250000000000002,0.8521400778210116,0.840169479196974,0.3376640677452087,0.2123093895778429,0.0081692267639318,0.0012970168612190997,0.001278682400079,0.0021926760673522,0.0012970168612190997,0.0025940337224383,0.0049492893740534,0.0266353897750377,0.48508430609597925,0.0150659330386822,0.5148571729660034,1.0,0.8401210787011557,0.8265353463909257,0.3601727187633514,0.2263099484963811,0.0187560469814231,-0.00027517886626310004,-0.0008415343699486,0.0025628805160522,0.0030269675288937,0.0027517886626307,0.0054975519888103,0.0269503831863403,0.5266923500275179,0.0151731889015482,0.5180017948150635,1.0
mosei,44,candidate_mixer,max_confidence,0.01,3634,1.0,0.8521400778210116,0.8399226330972985,0.3370188772678375,0.21194497892035397,0.0106729597587684,0.0012970168612190997,0.0010318363004035,0.0028378665447235,0.0025940337224383,0.0038910505836575,0.0068991701118648,0.0369269885122776,0.48508430609597925,0.0194990110888896,0.7101477384567261,1.0,0.8406714364336819,0.8270746191009809,0.3594519793987274,0.2258509371067337,0.0176233837220061,0.000275178866263,-0.0003022616598934,0.0032836198806762,0.0035773252614199,0.0038525041276829,0.0076680136844515,0.0373659551143646,0.5266923500275179,0.0194400665875343,0.7144851684570312,1.0
mosei,44,candidate_mixer,max_confidence,0.02,3634,1.0,0.8521400778210116,0.8399226330972985,0.3370188772678375,0.21194497892035397,0.0106729597587684,0.0012970168612190997,0.0010318363004035,0.0028378665447235,0.0025940337224383,0.0038910505836575,0.0068991701118648,0.0369269885122776,0.48508430609597925,0.0194990110888896,0.7101477384567261,1.0,0.8406714364336819,0.8270746191009809,0.3594519793987274,0.2258509371067337,0.0176233837220061,0.000275178866263,-0.0003022616598934,0.0032836198806762,0.0035773252614199,0.0038525041276829,0.0076680136844515,0.0373659551143646,0.5266923500275179,0.0194400665875343,0.7144851684570312,1.0
mosei,44,candidate_mixer,max_confidence,0.05,3634,1.0,0.8521400778210116,0.8399226330972985,0.3370188772678375,0.21194497892035397,0.0106729597587684,0.0012970168612190997,0.0010318363004035,0.0028378665447235,0.0025940337224383,0.0038910505836575,0.0068991701118648,0.0369269885122776,0.48508430609597925,0.0194990110888896,0.7101477384567261,1.0,0.8406714364336819,0.8270746191009809,0.3594519793987274,0.2258509371067337,0.0176233837220061,0.000275178866263,-0.0003022616598934,0.0032836198806762,0.0035773252614199,0.0038525041276829,0.0076680136844515,0.0373659551143646,0.5266923500275179,0.0194400665875343,0.7144851684570312,1.0
mosei,44,candidate_mixer,native_pdf,0.005,3634,0.675,0.8521400778210116,0.8399226330972985,0.337822432563117,0.2119349081597212,0.0055478516189957,0.0012970168612190997,0.0010318363004035,0.0020343112494439,0.0038910505836575,0.005188067444876699,0.0049818205433713,0.029166172396599,0.48508430609597925,0.0139778772397052,0.3379377431906615,1.0,0.8414969730324711,0.8275341111330827,0.36013165111945705,0.2259118799483511,0.0175078988863187,0.0011007154650521,0.0001572303722084,0.0026039481599466,0.0052283984589983,0.0063291139240506,0.0054916641200183,0.0308320884695859,0.5266923500275179,0.0154161885374658,0.3087665080551385,0.999724821133737
mosei,44,candidate_mixer,native_pdf,0.01,3634,1.0,0.8534370946822308,0.8414495438555625,0.3371189436060187,0.2113755471262616,0.0109240706353518,0.0025940337224383,0.0025587470586674,0.0027378002065423,0.0064850843060959,0.009079118028534299,0.007488024560807,0.04351842967475019,0.48508430609597925,0.0188116334593626,0.5006485084306096,1.0,0.8420473307649973,0.8279565529088719,0.359297104217271,0.2252914048222536,0.0181477037018629,0.0016510731975784,0.0005796721479975,0.0034384950621326,0.0071546505228398,0.0088057237204182,0.008272522421937,0.0460232236218333,0.5266923500275179,0.0203569248873004,0.4574318637853904,0.999724821133737
mosei,44,candidate_mixer,native_pdf,0.02,3634,1.0,0.8534370946822308,0.8414495438555625,0.3371189436060187,0.2113755471262616,0.0109240706353518,0.0025940337224383,0.0025587470586674,0.0027378002065423,0.0064850843060959,0.009079118028534299,0.007488024560807,0.04351842967475019,0.48508430609597925,0.0188116334593626,0.5006485084306096,1.0,0.8420473307649973,0.8279565529088719,0.359297104217271,0.2252914048222536,0.0181477037018629,0.0016510731975784,0.0005796721479975,0.0034384950621326,0.0071546505228398,0.0088057237204182,0.008272522421937,0.0460232236218333,0.5266923500275179,0.0203569248873004,0.4574318637853904,0.999724821133737
mosei,44,candidate_mixer,native_pdf,0.05,3634,1.0,0.8534370946822308,0.8414495438555625,0.3371189436060187,0.2113755471262616,0.0109240706353518,0.0025940337224383,0.0025587470586674,0.0027378002065423,0.0064850843060959,0.009079118028534299,0.007488024560807,0.04351842967475019,0.48508430609597925,0.0188116334593626,0.5006485084306096,1.0,0.8420473307649973,0.8279565529088719,0.359297104217271,0.2252914048222536,0.0181477037018629,0.0016510731975784,0.0005796721479975,0.0034384950621326,0.0071546505228398,0.0088057237204182,0.008272522421937,0.0460232236218333,0.5266923500275179,0.0203569248873004,0.4574318637853904,0.999724821133737
mosei,44,candidate_mixer,native_qmf,0.005,3634,0.425,0.85473411154345,0.8427310079552408,0.3373710222494668,0.2116209573978851,0.00676950970161,0.0038910505836575,0.0038402111583457,0.0024857215630942,0.0025940337224383,0.0064850843060959,0.0047986599510064,0.028980102683755095,0.48508430609597925,0.0170795711457825,0.2127756160830091,1.0,0.8417721518987342,0.8278041762936483,0.3599390162479834,0.2258214692352813,0.018787156783907,0.0013758943313153,0.00042729553277390004,0.0027965830314202,0.0055035773252614,0.0068794716565767,0.0056539705969675,0.0357441119645954,0.527242707760044,0.0165566374556059,0.208906827862235,0.9988992845349476
mosei,44,candidate_mixer,native_qmf,0.01,3634,0.8500000000000002,0.8560311284046692,0.8435210461550838,0.3357319508386131,0.21031861292531273,0.0152671959227105,0.005188067444876699,0.0046302493581887,0.0041247929739479,0.009079118028534299,0.0142671854734111,0.0099247330860303,0.0588252625834526,0.48508430609597925,0.028341825580244395,0.4255512321660182,1.0,0.8428728673637864,0.8281096555249616,0.3583486917359883,0.2247190797067373,0.014575410105976202,0.0024766097963675,0.0007327747640872,0.0043869075434153,0.0104567969179966,0.0129334067143643,0.0117105041576905,0.0728133731702533,0.527242707760044,0.025971775303301,0.41781365572447,0.9988992845349476
mosei,44,candidate_mixer,native_qmf,0.02,3634,1.0,0.8573281452658884,0.8445564516129033,0.3353512602449418,0.2100066680150574,0.013741812621088902,0.0064850843060959,0.0056656548160082,0.0045054835676192,0.0103761348897535,0.0168612191958495,0.011828172074333,0.069575203329526,0.48508430609597925,0.0309575958867368,0.5006485084306096,1.0,0.8423225096312603,0.8271395207731147,0.3580490206653829,0.2245506862344493,0.0142305604984561,0.0019262520638414,-0.0002373599877596,0.0046865786140207,0.0134837644468904,0.0154100165107319,0.0139633356139599,0.08623178527705938,0.527242707760044,0.027745906568608796,0.4915454773229058,0.9988992845349476
mosei,44,candidate_mixer,native_qmf,0.05,3634,1.0,0.8573281452658884,0.8445564516129033,0.3353512602449418,0.2100066680150574,0.013741812621088902,0.0064850843060959,0.0056656548160082,0.0045054835676192,0.0103761348897535,0.0168612191958495,0.011828172074333,0.069575203329526,0.48508430609597925,0.0309575958867368,0.5006485084306096,1.0,0.8423225096312603,0.8271395207731147,0.3580490206653829,0.2245506862344493,0.0142305604984561,0.0019262520638414,-0.0002373599877596,0.0046865786140207,0.0134837644468904,0.0154100165107319,0.0139633356139599,0.08623178527705938,0.527242707760044,0.027745906568608796,0.4915454773229058,0.9988992845349476
mosei,44,candidate_mixer,native_tmc,0.005,3634,0.5,0.85473411154345,0.8427310079552408,0.3372513810304946,0.2115959620889077,0.0063633675262592,0.0038910505836575,0.0038402111583457,0.0026053627820664,0.0038910505836575,0.0077821011673151,0.0049051850723019,0.0314202222826104,0.48508430609597925,0.0179016401782791,0.2503242542153048,1.0,0.8398458998348927,0.8257968992825262,0.360015981093807,0.2258814976757761,0.0198091075693583,-0.0005503577325262001,-0.0015799814783481,0.0027196181855966,0.0060539350577875,0.0055035773252614,0.0055567267018844,0.0336702569865019,0.5261419922949917,0.0161009854000724,0.2434462102052456,0.9975233902036325
mosei,44,candidate_mixer,native_tmc,0.01,3634,0.975,0.85473411154345,0.8422368055657055,0.3356275382925188,0.2103405986704771,0.0080768984171679,0.0038910505836575,0.0033460087688104,0.0042292055200421,0.009079118028534299,0.0129701686121919,0.0098692710541739,0.0622128119870302,0.48508430609597925,0.0290592565917775,0.4881322957198444,1.0,0.8403962575674189,0.8257368309654205,0.3585856178329208,0.2248430582507957,0.0174209187635337,0.0,-0.0016400497954538002,0.0041499814464828,0.0104567969179966,0.0104567969179966,0.0112052574240926,0.066742489304795,0.5261419922949917,0.0245691107241475,0.474720109900229,0.9975233902036325
mosei,44,candidate_mixer,native_tmc,0.02,3634,1.0,0.85473411154345,0.8422368055657055,0.33556416422916024,0.2102905412092088,0.008909551637714501,0.0038910505836575,0.0033460087688104,0.0042925795834008,0.009079118028534299,0.0129701686121919,0.0101403054901932,0.0638600479446148,0.48508430609597925,0.0294947073118405,0.5006485084306096,1.0,0.8406714364336819,0.82600694571068,0.3585380440131356,0.2248108031868852,0.0169525781190894,0.000275178866263,-0.0013699350501943,0.004197555266268,0.0104567969179966,0.0107319757842597,0.0115142789275375,0.0685138045205287,0.5261419922949917,0.0248507602037599,0.4868924204104912,0.9975233902036325
mosei,44,candidate_mixer,native_tmc,0.05,3634,1.0,0.85473411154345,0.8422368055657055,0.33556416422916024,0.2102905412092088,0.008909551637714501,0.0038910505836575,0.0033460087688104,0.0042925795834008,0.009079118028534299,0.0129701686121919,0.0101403054901932,0.0638600479446148,0.48508430609597925,0.0294947073118405,0.5006485084306096,1.0,0.8406714364336819,0.82600694571068,0.3585380440131356,0.2248108031868852,0.0169525781190894,0.000275178866263,-0.0013699350501943,0.004197555266268,0.0104567969179966,0.0107319757842597,0.0115142789275375,0.0685138045205287,0.5261419922949917,0.0248507602037599,0.4868924204104912,0.9975233902036325
mosei,44,candidate_mixer,negative_entropy,0.005,3634,1.0,0.8508430609597925,0.838890796796895,0.3384568691253662,0.21294425683200993,0.009839654973818,0.0,0.0,0.0013998746871948,0.0,0.0,0.0031786118634045,0.01328063942492,0.48508430609597925,0.0096183981595615,0.5087988972663879,1.0,0.8401210787011557,0.8268804570967153,0.361094981431961,0.2269859677127347,0.0213739095510987,-0.00027517886626310004,-0.000496423664159,0.0016406178474426,0.0011007154650522,0.0008255365987892,0.0036371038295328,0.0136051803827285,0.5266923500275179,0.0097131522290018,0.5171144604682922,1.0
mosei,44,candidate_mixer,negative_entropy,0.01,3634,1.0,0.8508430609597925,0.838890796796895,0.3384568691253662,0.21294425683200993,0.009839654973818,0.0,0.0,0.0013998746871948,0.0,0.0,0.0031786118634045,0.01328063942492,0.48508430609597925,0.0096183981595615,0.5087988972663879,1.0,0.8401210787011557,0.8268804570967153,0.361094981431961,0.2269859677127347,0.0213739095510987,-0.00027517886626310004,-0.000496423664159,0.0016406178474426,0.0011007154650522,0.0008255365987892,0.0036371038295328,0.0136051803827285,0.5266923500275179,0.0097131522290018,0.5171144604682922,1.0
mosei,44,candidate_mixer,negative_entropy,0.02,3634,1.0,0.8508430609597925,0.838890796796895,0.3384568691253662,0.21294425683200993,0.009839654973818,0.0,0.0,0.0013998746871948,0.0,0.0,0.0031786118634045,0.01328063942492,0.48508430609597925,0.0096183981595615,0.5087988972663879,1.0,0.8401210787011557,0.8268804570967153,0.361094981431961,0.2269859677127347,0.0213739095510987,-0.00027517886626310004,-0.000496423664159,0.0016406178474426,0.0011007154650522,0.0008255365987892,0.0036371038295328,0.0136051803827285,0.5266923500275179,0.0097131522290018,0.5171144604682922,1.0
mosei,44,candidate_mixer,negative_entropy,0.05,3634,1.0,0.8508430609597925,0.838890796796895,0.3384568691253662,0.21294425683200993,0.009839654973818,0.0,0.0,0.0013998746871948,0.0,0.0,0.0031786118634045,0.01328063942492,0.48508430609597925,0.0096183981595615,0.5087988972663879,1.0,0.8401210787011557,0.8268804570967153,0.361094981431961,0.2269859677127347,0.0213739095510987,-0.00027517886626310004,-0.000496423664159,0.0016406178474426,0.0011007154650522,0.0008255365987892,0.0036371038295328,0.0136051803827285,0.5266923500275179,0.0097131522290018,0.5171144604682922,1.0
mosei,44,convex_projection,analytic_pi_g2,0.005,3634,0.0,0.8508430609597925,0.838890796796895,0.3398567269545541,0.2135419548724662,0.0076950853436836,0.0,0.0,1.6858006934850067e-08,0.0,0.0,3.7431777994711045e-09,2.316005934255294e-08,0.4747081712062256,-1.2586023334648644e-09,0.0,0.0,0.8403962575674189,0.8273768807608743,0.3627356173147021,0.2278481778713651,0.0223658057150108,0.0,0.0,-1.803529847688168e-08,0.0,0.0,4.3189959850848856e-09,2.4751383442822572e-08,0.4955971381397908,2.6305133293824667e-08,0.0,0.0
mosei,44,convex_projection,analytic_pi_g2,0.01,3634,0.0,0.8508430609597925,0.838890796796895,0.3398567269545541,0.2135419548724662,0.0076950853436836,0.0,0.0,1.6858006934850067e-08,0.0,0.0,3.7431777994711045e-09,2.316005934255294e-08,0.4747081712062256,-1.2586023334648644e-09,0.0,0.0,0.8403962575674189,0.8273768807608743,0.3627356173147021,0.2278481778713651,0.0223658057150108,0.0,0.0,-1.803529847688168e-08,0.0,0.0,4.3189959850848856e-09,2.4751383442822572e-08,0.4955971381397908,2.6305133293824667e-08,0.0,0.0
mosei,44,convex_projection,analytic_pi_g2,0.02,3634,0.0,0.8508430609597925,0.838890796796895,0.3398567269545541,0.2135419548724662,0.0076950853436836,0.0,0.0,1.6858006934850067e-08,0.0,0.0,3.7431777994711045e-09,2.316005934255294e-08,0.4747081712062256,-1.2586023334648644e-09,0.0,0.0,0.8403962575674189,0.8273768807608743,0.3627356173147021,0.2278481778713651,0.0223658057150108,0.0,0.0,-1.803529847688168e-08,0.0,0.0,4.3189959850848856e-09,2.4751383442822572e-08,0.4955971381397908,2.6305133293824667e-08,0.0,0.0
mosei,44,convex_projection,analytic_pi_g2,0.05,3634,0.0,0.8508430609597925,0.838890796796895,0.3398567269545541,0.2135419548724662,0.0076950853436836,0.0,0.0,1.6858006934850067e-08,0.0,0.0,3.7431777994711045e-09,2.316005934255294e-08,0.4747081712062256,-1.2586023334648644e-09,0.0,0.0,0.8403962575674189,0.8273768807608743,0.3627356173147021,0.2278481778713651,0.0223658057150108,0.0,0.0,-1.803529847688168e-08,0.0,0.0,4.3189959850848856e-09,2.4751383442822572e-08,0.4955971381397908,2.6305133293824667e-08,0.0,0.0
mosei,44,convex_projection,fixed,0.005,3634,0.775,0.85473411154345,0.8427310079552408,0.3397393178174993,0.213454645363287,0.0060233128076699,0.0038910505836575,0.0038402111583457,0.0001174259950617,0.0,0.0038910505836575,0.0009441214449155,0.0009060886208535,0.4876783398184176,0.0008067308738021,0.7750000000000001,1.0,0.8403962575674189,0.8268049518670737,0.3618805273538219,0.2271063524510174,0.0206252184613157,0.0,-0.0005719288938006,0.0008550719255817,0.0030269675288937,0.0030269675288937,0.0014659229083429,0.0012011170147121,0.507705008255366,0.0050623829456453,0.7750000000000001,1.0
mosei,44,convex_projection,fixed,0.01,3634,0.775,0.85473411154345,0.8427310079552408,0.3397393178174993,0.213454645363287,0.0060233128076699,0.0038910505836575,0.0038402111583457,0.0001174259950617,0.0,0.0038910505836575,0.0009441214449155,0.0009060886208535,0.4876783398184176,0.0008067308738021,0.7750000000000001,1.0,0.8403962575674189,0.8268049518670737,0.3618805273538219,0.2271063524510174,0.0206252184613157,0.0,-0.0005719288938006,0.0008550719255817,0.0030269675288937,0.0030269675288937,0.0014659229083429,0.0012011170147121,0.507705008255366,0.0050623829456453,0.7750000000000001,1.0
mosei,44,convex_projection,fixed,0.02,3634,0.775,0.85473411154345,0.8427310079552408,0.3397393178174993,0.213454645363287,0.0060233128076699,0.0038910505836575,0.0038402111583457,0.0001174259950617,0.0,0.0038910505836575,0.0009441214449155,0.0009060886208535,0.4876783398184176,0.0008067308738021,0.7750000000000001,1.0,0.8403962575674189,0.8268049518670737,0.3618805273538219,0.2271063524510174,0.0206252184613157,0.0,-0.0005719288938006,0.0008550719255817,0.0030269675288937,0.0030269675288937,0.0014659229083429,0.0012011170147121,0.507705008255366,0.0050623829456453,0.7750000000000001,1.0
mosei,44,convex_projection,fixed,0.05,3634,0.775,0.85473411154345,0.8427310079552408,0.3397393178174993,0.213454645363287,0.0060233128076699,0.0038910505836575,0.0038402111583457,0.0001174259950617,0.0,0.0038910505836575,0.0009441214449155,0.0009060886208535,0.4876783398184176,0.0008067308738021,0.7750000000000001,1.0,0.8403962575674189,0.8268049518670737,0.3618805273538219,0.2271063524510174,0.0206252184613157,0.0,-0.0005719288938006,0.0008550719255817,0.0030269675288937,0.0030269675288937,0.0014659229083429,0.0012011170147121,0.507705008255366,0.0050623829456453,0.7750000000000001,1.0
mosei,55,candidate_mixer,analytic_pi_g1,0.005,3634,0.5,0.8508430609597925,0.8383927676366321,0.3547884225845337,0.2225993470853753,0.0114431525018892,0.0025940337224383,0.0028105605628412,0.0047275424003601,0.0,0.0025940337224383,0.0047727199271321,0.029668301343917798,0.3540856031128405,0.0340199604728036,0.1608469188213348,0.6913099870298314,0.8425976884975234,0.8286733494551071,0.3657580316066742,0.2290388990436604,0.010301882773227702,0.004127682993946,0.0035231254418388,0.004164844751358,0.0057787561915244,0.0099064391854705,0.0060426034033298,0.0412764877080917,0.37369290038525044,0.0269497874270515,0.1590098142623901,0.6981287837094111
mosei,55,candidate_mixer,analytic_pi_g1,0.01,3634,0.975,0.85473411154345,0.8422368055657055,0.3512123525142669,0.220026556897333,0.0127171107921773,0.0064850843060959,0.0066545984919146,0.0083036124706268,0.0025940337224383,0.009079118028534299,0.0097320061177015,0.0586928725242614,0.3540856031128405,0.059753600012696,0.3136515021324157,0.6913099870298314,0.8434232250963126,0.8294259122153227,0.3630966246128082,0.2271222735386816,0.0080960832523919,0.0049532195927353,0.0042756882020544,0.0068262517452239,0.0099064391854705,0.0148596587782058,0.0124089960008859,0.0821329846978187,0.37369290038525044,0.0441715131807569,0.3100691437721252,0.6981287837094111
mosei,55,candidate_mixer,analytic_pi_g1,0.02,3634,1.0,0.8560311284046692,0.8435210461550838,0.3510498404502868,0.2199146518426189,0.0166931761532597,0.0077821011673151,0.007938839081293,0.0084661245346069,0.0025940337224383,0.0103761348897535,0.0100068924948573,0.0602441132068634,0.3540856031128405,0.06092326703397289,0.3216938376426697,0.6913099870298314,0.8439735828288387,0.8300837797753421,0.3629930913448334,0.227050748128366,0.0090659003239381,0.0055035773252614,0.0049335557620738,0.0069297850131988,0.0099064391854705,0.0154100165107319,0.01276530418545,0.0843302384018897,0.37369290038525044,0.0448409742987869,0.3180196285247803,0.6981287837094111
mosei,55,candidate_mixer,analytic_pi_g1,0.05,3634,1.0,0.8560311284046692,0.8435210461550838,0.3510498404502868,0.2199146518426189,0.0166931761532597,0.0077821011673151,0.007938839081293,0.0084661245346069,0.0025940337224383,0.0103761348897535,0.0100068924948573,0.0602441132068634,0.3540856031128405,0.06092326703397289,0.3216938376426697,0.6913099870298314,0.8439735828288387,0.8300837797753421,0.3629930913448334,0.227050748128366,0.0090659003239381,0.0055035773252614,0.0049335557620738,0.0069297850131988,0.0099064391854705,0.0154100165107319,0.01276530418545,0.0843302384018897,0.37369290038525044,0.0448409742987869,0.3180196285247803,0.6981287837094111
mosei,55,candidate_mixer,analytic_pi_g2,0.005,3634,0.75,0.8508430609597925,0.8383927676366321,0.354537695646286,0.2224923293146735,0.009405282994034,0.0025940337224383,0.0028105605628412,0.0049782693386077005,0.0,0.0025940337224383,0.0048954933881759,0.0237736999988555,0.3398184176394293,0.0358243230477053,0.17446930706501,0.6913099870298314,0.8423225096312603,0.8286360710733163,0.3659693598747253,0.2291453511025012,0.009937966204502999,0.003852504127683,0.003485847060048,0.0039535164833068,0.0052283984589983,0.009080902586681299,0.0063273441046476,0.0368359811604022,0.3610346725371491,0.0255827098335864,0.1716612875461578,0.6981287837094111
mosei,55,candidate_mixer,analytic_pi_g2,0.01,3634,1.0,0.8521400778210116,0.8399226330972985,0.3531463146209717,0.22151344803406953,0.011819628116840198,0.0038910505836575,0.0043404260235078,0.006369650363922099,0.0,0.0038910505836575,0.0066675362177193,0.0318259000778198,0.3437094682230869,0.0458366212793399,0.2326257675886154,0.6913099870298314,0.8423225096312603,0.8284031182891487,0.3650220334529876,0.2284467551677777,0.0095128738493071,0.003852504127683,0.0032528942758804002,0.0049008429050445,0.0068794716565767,0.0107319757842597,0.0086456416174769,0.0494224019348621,0.3593835993395707,0.0317123818391001,0.2288817167282104,0.6981287837094111
mosei,55,candidate_mixer,analytic_pi_g2,0.02,3634,1.0,0.8521400778210116,0.8399226330972985,0.3531463146209717,0.22151344803406953,0.011819628116840198,0.0038910505836575,0.0043404260235078,0.006369650363922099,0.0,0.0038910505836575,0.0066675362177193,0.0318259000778198,0.3437094682230869,0.0458366212793399,0.2326257675886154,0.6913099870298314,0.8423225096312603,0.8284031182891487,0.3650220334529876,0.2284467551677777,0.0095128738493071,0.003852504127683,0.0032528942758804002,0.0049008429050445,0.0068794716565767,0.0107319757842597,0.0086456416174769,0.0494224019348621,0.3593835993395707,0.0317123818391001,0.2288817167282104,0.6981287837094111
mosei,55,candidate_mixer,analytic_pi_g2,0.05,3634,1.0,0.8521400778210116,0.8399226330972985,0.3531463146209717,0.22151344803406953,0.011819628116840198,0.0038910505836575,0.0043404260235078,0.006369650363922099,0.0,0.0038910505836575,0.0066675362177193,0.0318259000778198,0.3437094682230869,0.0458366212793399,0.2326257675886154,0.6913099870298314,0.8423225096312603,0.8284031182891487,0.3650220334529876,0.2284467551677777,0.0095128738493071,0.003852504127683,0.0032528942758804002,0.0049008429050445,0.0068794716565767,0.0107319757842597,0.0086456416174769,0.0494224019348621,0.3593835993395707,0.0317123818391001,0.2288817167282104,0.6981287837094111
mosei,55,candidate_mixer,analytic_pi_g3,0.005,3634,1.0,0.8508430609597925,0.8383927676366321,0.3544755578041076,0.22260302545810653,0.011195901766825202,0.0025940337224383,0.0028105605628412,0.0050404071807861,0.0,0.0025940337224383,0.0048308297991752,0.0200077891349792,0.2866407263294422,0.0362713657513819,0.1856078952550888,0.6913099870298314,0.8420473307649973,0.8284238873836304,0.3661879003047943,0.2293355120162022,0.0107817308680986,0.0035773252614199,0.0032736633703620995,0.0037349760532379,0.0044028618602091,0.007980187121629,0.0063376473262906,0.0322727680206298,0.3093010456796918,0.024168481658713097,0.1820593625307083,0.6981287837094111
mosei,55,candidate_mixer,analytic_pi_g3,0.01,3634,1.0,0.8508430609597925,0.8383927676366321,0.3544755578041076,0.22260302545810653,0.011195901766825202,0.0025940337224383,0.0028105605628412,0.0050404071807861,0.0,0.0025940337224383,0.0048308297991752,0.0200077891349792,0.2866407263294422,0.0362713657513819,0.1856078952550888,0.6913099870298314,0.8420473307649973,0.8284238873836304,0.3661879003047943,0.2293355120162022,0.0107817308680986,0.0035773252614199,0.0032736633703620995,0.0037349760532379,0.0044028618602091,0.007980187121629,0.0063376473262906,0.0322727680206298,0.3093010456796918,0.024168481658713097,0.1820593625307083,0.6981287837094111
mosei,55,candidate_mixer,analytic_pi_g3,0.02,3634,1.0,0.8508430609597925,0.8383927676366321,0.3544755578041076,0.22260302545810653,0.011195901766825202,0.0025940337224383,0.0028105605628412,0.0050404071807861,0.0,0.0025940337224383,0.0048308297991752,0.0200077891349792,0.2866407263294422,0.0362713657513819,0.1856078952550888,0.6913099870298314,0.8420473307649973,0.8284238873836304,0.3661879003047943,0.2293355120162022,0.0107817308680986,0.0035773252614199,0.0032736633703620995,0.0037349760532379,0.0044028618602091,0.007980187121629,0.0063376473262906,0.0322727680206298,0.3093010456796918,0.024168481658713097,0.1820593625307083,0.6981287837094111
mosei,55,candidate_mixer,analytic_pi_g3,0.05,3634,1.0,0.8508430609597925,0.8383927676366321,0.3544755578041076,0.22260302545810653,0.011195901766825202,0.0025940337224383,0.0028105605628412,0.0050404071807861,0.0,0.0025940337224383,0.0048308297991752,0.0200077891349792,0.2866407263294422,0.0362713657513819,0.1856078952550888,0.6913099870298314,0.8420473307649973,0.8284238873836304,0.3661879003047943,0.2293355120162022,0.0107817308680986,0.0035773252614199,0.0032736633703620995,0.0037349760532379,0.0044028618602091,0.007980187121629,0.0063376473262906,0.0322727680206298,0.3093010456796918,0.024168481658713097,0.1820593625307083,0.6981287837094111
mosei,55,candidate_mixer,analytic_pi_selected,0.005,3634,1.0,0.8508430609597925,0.8383927676366321,0.3544755578041076,0.22260302545810653,0.011195901766825202,0.0025940337224383,0.0028105605628412,0.0050404071807861,0.0,0.0025940337224383,0.0048308297991752,0.0200077891349792,0.2866407263294422,0.0362713657513819,0.1856078952550888,0.6913099870298314,0.8420473307649973,0.8284238873836304,0.3661879003047943,0.2293355120162022,0.0107817308680986,0.0035773252614199,0.0032736633703620995,0.0037349760532379,0.0044028618602091,0.007980187121629,0.0063376473262906,0.0322727680206298,0.3093010456796918,0.024168481658713097,0.1820593625307083,0.6981287837094111
mosei,55,candidate_mixer,analytic_pi_selected,0.01,3634,0.975,0.85473411154345,0.8422368055657055,0.3512123525142669,0.220026556897333,0.0127171107921773,0.0064850843060959,0.0066545984919146,0.0083036124706268,0.0025940337224383,0.009079118028534299,0.0097320061177015,0.0586928725242614,0.3540856031128405,0.059753600012696,0.3136515021324157,0.6913099870298314,0.8434232250963126,0.8294259122153227,0.3630966246128082,0.2271222735386816,0.0080960832523919,0.0049532195927353,0.0042756882020544,0.0068262517452239,0.0099064391854705,0.0148596587782058,0.0124089960008859,0.0821329846978187,0.37369290038525044,0.0441715131807569,0.3100691437721252,0.6981287837094111
mosei,55,candidate_mixer,analytic_pi_selected,0.02,3634,1.0,0.8560311284046692,0.8435210461550838,0.3510498404502868,0.2199146518426189,0.0166931761532597,0.0077821011673151,0.007938839081293,0.0084661245346069,0.0025940337224383,0.0103761348897535,0.0100068924948573,0.0602441132068634,0.3540856031128405,0.06092326703397289,0.3216938376426697,0.6913099870298314,0.8439735828288387,0.8300837797753421,0.3629930913448334,0.227050748128366,0.0090659003239381,0.0055035773252614,0.0049335557620738,0.0069297850131988,0.0099064391854705,0.0154100165107319,0.01276530418545,0.0843302384018897,0.37369290038525044,0.0448409742987869,0.3180196285247803,0.6981287837094111
mosei,55,candidate_mixer,analytic_pi_selected,0.05,3634,1.0,0.8560311284046692,0.8435210461550838,0.3510498404502868,0.2199146518426189,0.0166931761532597,0.0077821011673151,0.007938839081293,0.0084661245346069,0.0025940337224383,0.0103761348897535,0.0100068924948573,0.0602441132068634,0.3540856031128405,0.06092326703397289,0.3216938376426697,0.6913099870298314,0.8439735828288387,0.8300837797753421,0.3629930913448334,0.227050748128366,0.0090659003239381,0.0055035773252614,0.0049335557620738,0.0069297850131988,0.0099064391854705,0.0154100165107319,0.01276530418545,0.0843302384018897,0.37369290038525044,0.0448409742987869,0.3180196285247803,0.6981287837094111
mosei,55,candidate_mixer,fixed,0.005,3634,0.275,0.8508430609597925,0.8383927676366321,0.3550238596292299,0.2230101673269278,0.0142184745399558,0.0025940337224383,0.0028105605628412,0.0044921053556638,0.0,0.0025940337224383,0.0047248577738975,0.030992540324100898,0.3994811932555123,0.0323257175208763,0.2749999999999999,1.0,0.8434232250963126,0.8297169685073575,0.3653979478099564,0.22908159591015897,0.0126614909672398,0.0049532195927353,0.0045667444940893,0.004524928548075701,0.0044028618602091,0.0093560814529444,0.0057482948383431,0.0400111966205797,0.4157952669235003,0.0292799269217962,0.2749999999999999,1.0
mosei,55,candidate_mixer,fixed,0.01,3634,0.55,0.85473411154345,0.8422368055657055,0.3513564285107594,0.2204358974623841,0.014805273790922202,0.0064850843060959,0.0066545984919146,0.0081595364741343,0.0025940337224383,0.009079118028534299,0.0097046146465981,0.0629764165019704,0.3994811932555123,0.0587169072473232,0.5499999999999999,1.0,0.8439735828288387,0.8300254696416307,0.3620949361285422,0.2267871133407845,0.0082414716802,0.0055035773252614,0.0048752456283625,0.00782794022949,0.009080902586681299,0.014584479911942701,0.0118629033678862,0.081690258255842,0.4157952669235003,0.0506530600112485,0.5499999999999999,1.0
mosei,55,candidate_mixer,fixed,0.02,3634,1.0,0.8586251621271076,0.8465839699882253,0.3470068641766052,0.2176036173484316,0.0193267509476529,0.0103761348897535,0.0110017629144345,0.0125091008082885,0.009079118028534299,0.019455252918287896,0.0185354666456448,0.1176261061184118,0.3994811932555123,0.090016793696976,1.0,1.0,0.8439735828288387,0.8300254696416307,0.35902474432560355,0.2248119292176065,0.0066781581825913,0.0055035773252614,0.0048752456283625,0.0108981320324286,0.015685195376995,0.0211887727022564,0.0228947388326382,0.15387758194355508,0.4157952669235003,0.07051966187148188,1.0,1.0
mosei,55,candidate_mixer,fixed,0.05,3634,1.0,0.8586251621271076,0.8465839699882253,0.3470068641766052,0.2176036173484316,0.0193267509476529,0.0103761348897535,0.0110017629144345,0.0125091008082885,0.009079118028534299,0.019455252918287896,0.0185354666456448,0.1176261061184118,0.3994811932555123,0.090016793696976,1.0,1.0,0.8439735828288387,0.8300254696416307,0.35902474432560355,0.2248119292176065,0.0066781581825913,0.0055035773252614,0.0048752456283625,0.0108981320324286,0.015685195376995,0.0211887727022564,0.0228947388326382,0.15387758194355508,0.4157952669235003,0.07051966187148188,1.0,1.0
mosei,55,candidate_mixer,max_confidence,0.005,3634,0.65,0.8482490272373541,0.8355822070737908,0.3543750345706939,0.2231808212000165,0.0101615027385617,0.0,0.0,0.0051409304141998,0.0,0.0,0.0049794577062129,0.0292809754610061,0.3994811932555123,0.036994847910582,0.4528715908527374,1.0,0.841221794166208,0.8274980747130621,0.3650846183300018,0.2292559826323299,0.0100911094319643,0.0027517886626307,0.0023478506997939,0.0048382580280303,0.0033021463951568,0.0060539350577875,0.0060698753222823,0.0324462428689002,0.4157952669235003,0.0313074075202574,0.4549988508224487,1.0
mosei,55,candidate_mixer,max_confidence,0.01,3634,1.0,0.8495460440985733,0.8368599238256453,0.3520738184452057,0.22185704906787,0.0122054956766418,0.0012970168612190997,0.0012777167518545,0.0074421465396881,0.0,0.0012970168612190997,0.0078159067779779,0.0454102456569671,0.3994811932555123,0.0535547293826081,0.6967255473136902,1.0,0.8417721518987342,0.8281539088971874,0.3631152510643005,0.228037753858489,0.0088132475520728,0.0033021463951569,0.0030036848839192,0.0068076252937316,0.004127682993946,0.0074298293891029,0.009564587846398298,0.050363366305828,0.4157952669235003,0.0440510815321296,0.6999982595443726,1.0
mosei,55,candidate_mixer,max_confidence,0.02,3634,1.0,0.8495460440985733,0.8368599238256453,0.3520738184452057,0.22185704906787,0.0122054956766418,0.0012970168612190997,0.0012777167518545,0.0074421465396881,0.0,0.0012970168612190997,0.0078159067779779,0.0454102456569671,0.3994811932555123,0.0535547293826081,0.6967255473136902,1.0,0.8417721518987342,0.8281539088971874,0.3631152510643005,0.228037753858489,0.0088132475520728,0.0033021463951569,0.0030036848839192,0.0068076252937316,0.004127682993946,0.0074298293891029,0.009564587846398298,0.050363366305828,0.4157952669235003,0.0440510815321296,0.6999982595443726,1.0
mosei,55,candidate_mixer,max_confidence,0.05,3634,1.0,0.8495460440985733,0.8368599238256453,0.3520738184452057,0.22185704906787,0.0122054956766418,0.0012970168612190997,0.0012777167518545,0.0074421465396881,0.0,0.0012970168612190997,0.0078159067779779,0.0454102456569671,0.3994811932555123,0.0535547293826081,0.6967255473136902,1.0,0.8417721518987342,0.8281539088971874,0.3631152510643005,0.228037753858489,0.0088132475520728,0.0033021463951569,0.0030036848839192,0.0068076252937316,0.004127682993946,0.0074298293891029,0.009564587846398298,0.050363366305828,0.4157952669235003,0.0440510815321296,0.6999982595443726,1.0
mosei,55,candidate_mixer,native_pdf,0.005,3634,0.5,0.8508430609597925,0.8383927676366321,0.3564007294253461,0.2239251889843815,0.0162812456133428,0.0025940337224383,0.0028105605628412,0.0031152355595476,0.0,0.0025940337224383,0.0047647411352081,0.028550255959998605,0.3994811932555123,0.022417629040384003,0.2503242542153048,1.0,0.8431480462300496,0.8296195397363577,0.3653920831776813,0.2290863114880743,0.0114672245904446,0.0046780407264722,0.0044693157230895,0.0045307931803508,0.0046780407264722,0.0093560814529444,0.0051153717984227,0.0310156196058489,0.4155200880572372,0.0293178757933795,0.2411261061583674,0.999449642267474
mosei,55,candidate_mixer,native_pdf,0.01,3634,1.0,0.85473411154345,0.8427310079552408,0.3541956203593149,0.2223130319712337,0.0194966588200012,0.0064850843060959,0.0071488008814499,0.0053203446255788,0.0,0.0064850843060959,0.0098722315365181,0.0579403292612755,0.3994811932555123,0.0382858075689577,0.5006485084306096,1.0,0.8458998348926803,0.8325521998999448,0.3622733301295883,0.2268707573613411,0.010673200515230002,0.0074298293891029,0.0074019758866765,0.0076495462284438,0.007980187121629,0.0154100165107319,0.0106279874829982,0.0630241850199599,0.4155200880572372,0.0494987078337575,0.4822522123167348,0.999449642267474
mosei,55,candidate_mixer,native_pdf,0.02,3634,1.0,0.85473411154345,0.8427310079552408,0.3541956203593149,0.2223130319712337,0.0194966588200012,0.0064850843060959,0.0071488008814499,0.0053203446255788,0.0,0.0064850843060959,0.0098722315365181,0.0579403292612755,0.3994811932555123,0.0382858075689577,0.5006485084306096,1.0,0.8458998348926803,0.8325521998999448,0.3622733301295883,0.2268707573613411,0.010673200515230002,0.0074298293891029,0.0074019758866765,0.0076495462284438,0.007980187121629,0.0154100165107319,0.0106279874829982,0.0630241850199599,0.4155200880572372,0.0494987078337575,0.4822522123167348,0.999449642267474
mosei,55,candidate_mixer,native_pdf,0.05,3634,1.0,0.85473411154345,0.8427310079552408,0.3541956203593149,0.2223130319712337,0.0194966588200012,0.0064850843060959,0.0071488008814499,0.0053203446255788,0.0,0.0064850843060959,0.0098722315365181,0.0579403292612755,0.3994811932555123,0.0382858075689577,0.5006485084306096,1.0,0.8458998348926803,0.8325521998999448,0.3622733301295883,0.2268707573613411,0.010673200515230002,0.0074298293891029,0.0074019758866765,0.0076495462284438,0.007980187121629,0.0154100165107319,0.0106279874829982,0.0630241850199599,0.4155200880572372,0.0494987078337575,0.4822522123167348,0.999449642267474
mosei,55,candidate_mixer,native_qmf,0.005,3634,0.375,0.8508430609597925,0.8383927676366321,0.3554428438312828,0.2231799701231473,0.0168935023874069,0.0025940337224383,0.0028105605628412,0.004073121153611,0.0012970168612190997,0.0038910505836575,0.0047561114488142,0.0315503503826737,0.3994811932555123,0.0293106666006097,0.1877431906614786,1.0,0.8436984039625757,0.8299294707006789,0.3656831043079027,0.2291570668298644,0.0109840112465822,0.0052283984589983,0.0047792466874106,0.0042397720501294,0.0049532195927352,0.0101816180517336,0.0057429664776267,0.0409966208192081,0.41414419372592176,0.0274347358144735,0.1879592114251695,0.995872317006054
mosei,55,candidate_mixer,native_qmf,0.01,3634,0.75,0.8560311284046692,0.8437689969604864,0.3522907167625925,0.220812188406604,0.0203975115543484,0.0077821011673151,0.0081867898866955,0.0072252482223013,0.0025940337224383,0.0103761348897535,0.0098051476931244,0.0641286962664069,0.3994811932555123,0.051993678448523,0.3754863813229572,1.0,0.8439735828288387,0.8300837797753421,0.3627378373916183,0.2270402577606445,0.0056978864761646,0.0055035773252614,0.0049335557620738,0.0071850389664139,0.0107319757842597,0.0162355531095211,0.011898622495229,0.0837460741227774,0.41414419372592176,0.0464929735252028,0.3759184228503391,0.995872317006054
mosei,55,candidate_mixer,native_qmf,0.02,3634,1.0,0.8586251621271076,0.8465839699882253,0.3506643327086725,0.2196095174457372,0.0186718830697077,0.0103761348897535,0.0110017629144345,0.0088516322762212,0.005188067444876699,0.0155642023346303,0.013365272976662,0.0864525926271803,0.3994811932555123,0.0636972957077258,0.5006485084306096,1.0,0.8428728673637864,0.829002060284649,0.3614312648982249,0.2261441329050658,0.005052185607715,0.0044028618602091,0.0038518362713808,0.0084916114598073,0.0143093010456796,0.0187121629058888,0.0162858428514264,0.1132959858017846,0.41414419372592176,0.0549475448333965,0.5012245638004521,0.995872317006054
mosei,55,candidate_mixer,native_qmf,0.05,3634,1.0,0.8586251621271076,0.8465839699882253,0.3506643327086725,0.2196095174457372,0.0186718830697077,0.0103761348897535,0.0110017629144345,0.0088516322762212,0.005188067444876699,0.0155642023346303,0.013365272976662,0.0864525926271803,0.3994811932555123,0.0636972957077258,0.5006485084306096,1.0,0.8428728673637864,0.829002060284649,0.3614312648982249,0.2261441329050658,0.005052185607715,0.0044028618602091,0.0038518362713808,0.0084916114598073,0.0143093010456796,0.0187121629058888,0.0162858428514264,0.1132959858017846,0.41414419372592176,0.0549475448333965,0.5012245638004521,0.995872317006054
mosei,55,candidate_mixer,native_tmc,0.005,3634,0.425,0.8495460440985733,0.8368599238256453,0.3555663814840621,0.2234750588143843,0.0165625561441048,0.0012970168612190997,0.0012777167518545,0.0039495835008316,0.0012970168612190997,0.0025940337224383,0.0048638640570076,0.032107968079572,0.3994811932555123,0.028421677679607196,0.2127756160830091,1.0,0.8401210787011557,0.8260666337311382,0.36604822462489,0.2295244130770526,0.008682880614699,0.0016510731975784,0.0009164097178699,0.0038746517331421,0.0060539350577875,0.0077050082553659,0.0051541684473499,0.0333885084732131,0.4157952669235003,0.0250721147033999,0.2027590875054518,0.9966978536048432
mosei,55,candidate_mixer,native_tmc,0.01,3634,0.8250000000000001,0.85473411154345,0.8424854436937266,0.3527506402715227,0.2215431079388491,0.0270081611424337,0.0064850843060959,0.0069032366199357,0.006765324713371,0.0025940337224383,0.009079118028534299,0.0097346800963704,0.0632990171142227,0.3994811932555123,0.0486840243086812,0.4130350194552529,1.0,0.8414969730324711,0.8275928075373455,0.3634335209994722,0.22768777978917526,0.0068091800255728,0.0030269675288937,0.0024425835240773,0.00648935535856,0.0099064391854705,0.0129334067143643,0.0103153204672443,0.065865258680285,0.4157952669235003,0.0419913429610492,0.3935911698635241,0.9966978536048432
mosei,55,candidate_mixer,native_tmc,0.02,3634,1.0,0.85473411154345,0.8424854436937266,0.3517744730182082,0.2208977735727011,0.0196792542535742,0.0064850843060959,0.0069032366199357,0.0077414919666856,0.0038910505836575,0.0103761348897535,0.0119704104800717,0.0772571160350025,0.3994811932555123,0.0557086184604899,0.5006485084306096,1.0,0.8420473307649973,0.8281329510249821,0.3625704084575701,0.2270923720868095,0.006376246462883299,0.0035773252614199,0.0029827270117137,0.007352467900462,0.011832691249312,0.0154100165107319,0.0126848033522403,0.0804124000447759,0.4157952669235003,0.0475763729302284,0.4770802058951807,0.9966978536048432
mosei,55,candidate_mixer,native_tmc,0.05,3634,1.0,0.85473411154345,0.8424854436937266,0.3517744730182082,0.2208977735727011,0.0196792542535742,0.0064850843060959,0.0069032366199357,0.0077414919666856,0.0038910505836575,0.0103761348897535,0.0119704104800717,0.0772571160350025,0.3994811932555123,0.0557086184604899,0.5006485084306096,1.0,0.8420473307649973,0.8281329510249821,0.3625704084575701,0.2270923720868095,0.006376246462883299,0.0035773252614199,0.0029827270117137,0.007352467900462,0.011832691249312,0.0154100165107319,0.0126848033522403,0.0804124000447759,0.4157952669235003,0.0475763729302284,0.4770802058951807,0.9966978536048432
mosei,55,candidate_mixer,negative_entropy,0.005,3634,1.0,0.8482490272373541,0.8355822070737908,0.3553356826305389,0.22408782607756098,0.0110696172281307,0.0,0.0,0.0041802823543548,0.0,0.0,0.0035669654607772003,0.0195234939455986,0.3994811932555123,0.0300819313788913,0.493283599615097,1.0,0.8414969730324711,0.8281713754899518,0.3662899434566498,0.2302412174222624,0.0121355755485278,0.0030269675288937,0.0030211514766835,0.0036329329013824,0.0,0.0030269675288937,0.0044930088333785,0.0202707976102828,0.4155200880572372,0.023507794984257997,0.498505562543869,1.0
mosei,55,candidate_mixer,negative_entropy,0.01,3634,1.0,0.8482490272373541,0.8355822070737908,0.3553356826305389,0.22408782607756098,0.0110696172281307,0.0,0.0,0.0041802823543548,0.0,0.0,0.0035669654607772003,0.0195234939455986,0.3994811932555123,0.0300819313788913,0.493283599615097,1.0,0.8414969730324711,0.8281713754899518,0.3662899434566498,0.2302412174222624,0.0121355755485278,0.0030269675288937,0.0030211514766835,0.0036329329013824,0.0,0.0030269675288937,0.0044930088333785,0.0202707976102828,0.4155200880572372,0.023507794984257997,0.498505562543869,1.0
mosei,55,candidate_mixer,negative_entropy,0.02,3634,1.0,0.8482490272373541,0.8355822070737908,0.3553356826305389,0.22408782607756098,0.0110696172281307,0.0,0.0,0.0041802823543548,0.0,0.0,0.0035669654607772003,0.0195234939455986,0.3994811932555123,0.0300819313788913,0.493283599615097,1.0,0.8414969730324711,0.8281713754899518,0.3662899434566498,0.2302412174222624,0.0121355755485278,0.0030269675288937,0.0030211514766835,0.0036329329013824,0.0,0.0030269675288937,0.0044930088333785,0.0202707976102828,0.4155200880572372,0.023507794984257997,0.498505562543869,1.0
mosei,55,candidate_mixer,negative_entropy,0.05,3634,1.0,0.8482490272373541,0.8355822070737908,0.3553356826305389,0.22408782607756098,0.0110696172281307,0.0,0.0,0.0041802823543548,0.0,0.0,0.0035669654607772003,0.0195234939455986,0.3994811932555123,0.0300819313788913,0.493283599615097,1.0,0.8414969730324711,0.8281713754899518,0.3662899434566498,0.2302412174222624,0.0121355755485278,0.0030269675288937,0.0030211514766835,0.0036329329013824,0.0,0.0030269675288937,0.0044930088333785,0.0202707976102828,0.4155200880572372,0.023507794984257997,0.498505562543869,1.0
mosei,55,convex_projection,analytic_pi_g2,0.005,3634,1.0,0.8482490272373541,0.8355822070737908,0.3592575130652058,0.2259962533009732,0.0111896789857982,0.0,0.0,0.0002584519196879,0.0,0.0,0.00014325379980760004,2.9576410542908604e-08,0.4993514915693904,0.0018599371270349,0.0127932922914624,0.0272373540856031,0.8406714364336819,0.8273051137018846,0.3694861092960995,0.2318476882675509,0.0105030595496437,0.0022014309301046004,0.0021548896886163,0.0004367670619326,0.000275178866263,0.0024766097963676,0.0004957893101332,2.835115894272987e-08,0.4771601541001651,0.0028262452632743,0.0167165677994489,0.0412768299394606
mosei,55,convex_projection,analytic_pi_g2,0.01,3634,1.0,0.8482490272373541,0.8355822070737908,0.3592575130652058,0.2259962533009732,0.0111896789857982,0.0,0.0,0.0002584519196879,0.0,0.0,0.00014325379980760004,2.9576410542908604e-08,0.4993514915693904,0.0018599371270349,0.0127932922914624,0.0272373540856031,0.8406714364336819,0.8273051137018846,0.3694861092960995,0.2318476882675509,0.0105030595496437,0.0022014309301046004,0.0021548896886163,0.0004367670619326,0.000275178866263,0.0024766097963676,0.0004957893101332,2.835115894272987e-08,0.4771601541001651,0.0028262452632743,0.0167165677994489,0.0412768299394606
mosei,55,convex_projection,analytic_pi_g2,0.02,3634,1.0,0.8482490272373541,0.8355822070737908,0.3592575130652058,0.2259962533009732,0.0111896789857982,0.0,0.0,0.0002584519196879,0.0,0.0,0.00014325379980760004,2.9576410542908604e-08,0.4993514915693904,0.0018599371270349,0.0127932922914624,0.0272373540856031,0.8406714364336819,0.8273051137018846,0.3694861092960995,0.2318476882675509,0.0105030595496437,0.0022014309301046004,0.0021548896886163,0.0004367670619326,0.000275178866263,0.0024766097963676,0.0004957893101332,2.835115894272987e-08,0.4771601541001651,0.0028262452632743,0.0167165677994489,0.0412768299394606
mosei,55,convex_projection,analytic_pi_g2,0.05,3634,1.0,0.8482490272373541,0.8355822070737908,0.3592575130652058,0.2259962533009732,0.0111896789857982,0.0,0.0,0.0002584519196879,0.0,0.0,0.00014325379980760004,2.9576410542908604e-08,0.4993514915693904,0.0018599371270349,0.0127932922914624,0.0272373540856031,0.8406714364336819,0.8273051137018846,0.3694861092960995,0.2318476882675509,0.0105030595496437,0.0022014309301046004,0.0021548896886163,0.0004367670619326,0.000275178866263,0.0024766097963676,0.0004957893101332,2.835115894272987e-08,0.4771601541001651,0.0028262452632743,0.0167165677994489,0.0412768299394606
mosei,55,convex_projection,fixed,0.005,3634,1.0,0.8482490272373541,0.8355822070737908,0.3587840796963665,0.2255814205711086,0.0112711911194352,0.0,0.0,0.0007318852885273,0.0,0.0,0.0004234130585285,0.0005298808383953,0.3942931258106355,0.005266809527976,1.0,1.0,0.8406714364336819,0.8270746191009809,0.3687042639705545,0.2312331499553079,0.009614346385375,0.0022014309301046004,0.0019243950877126,0.0012186123874777003,0.0016510731975784,0.0038525041276829,0.0012381300121543002,0.0007531412913441,0.41139240506329117,0.007885411203337,1.0,1.0
mosei,55,convex_projection,fixed,0.01,3634,1.0,0.8482490272373541,0.8355822070737908,0.3587840796963665,0.2255814205711086,0.0112711911194352,0.0,0.0,0.0007318852885273,0.0,0.0,0.0004234130585285,0.0005298808383953,0.3942931258106355,0.005266809527976,1.0,1.0,0.8406714364336819,0.8270746191009809,0.3687042639705545,0.2312331499553079,0.009614346385375,0.0022014309301046004,0.0019243950877126,0.0012186123874777003,0.0016510731975784,0.0038525041276829,0.0012381300121543002,0.0007531412913441,0.41139240506329117,0.007885411203337,1.0,1.0
mosei,55,convex_projection,fixed,0.02,3634,1.0,0.8482490272373541,0.8355822070737908,0.3587840796963665,0.2255814205711086,0.0112711911194352,0.0,0.0,0.0007318852885273,0.0,0.0,0.0004234130585285,0.0005298808383953,0.3942931258106355,0.005266809527976,1.0,1.0,0.8406714364336819,0.8270746191009809,0.3687042639705545,0.2312331499553079,0.009614346385375,0.0022014309301046004,0.0019243950877126,0.0012186123874777003,0.0016510731975784,0.0038525041276829,0.0012381300121543002,0.0007531412913441,0.41139240506329117,0.007885411203337,1.0,1.0
mosei,55,convex_projection,fixed,0.05,3634,1.0,0.8482490272373541,0.8355822070737908,0.3587840796963665,0.2255814205711086,0.0112711911194352,0.0,0.0,0.0007318852885273,0.0,0.0,0.0004234130585285,0.0005298808383953,0.3942931258106355,0.005266809527976,1.0,1.0,0.8406714364336819,0.8270746191009809,0.3687042639705545,0.2312331499553079,0.009614346385375,0.0022014309301046004,0.0019243950877126,0.0012186123874777003,0.0016510731975784,0.0038525041276829,0.0012381300121543002,0.0007531412913441,0.41139240506329117,0.007885411203337,1.0,1.0
mosi,11,candidate_mixer,analytic_pi_g1,0.005,656,0.175,0.7652173913043478,0.7605829285218598,0.48625656962394703,0.3100367265383001,0.0762368233307548,0.017391304347826,0.0190900209953115,0.0038829445838927997,0.0,0.017391304347826,0.0044594150967895,0.025888141989707895,0.4260869565217391,0.0229307477917816,0.07778050750494,0.8608695652173914,0.7820121951219512,0.7806866400925806,0.4797591269016266,0.3111510733021101,0.0334853464510382,0.010670731707317,0.0104750666023187,0.0046124756336212,0.0015243902439024,0.0121951219512195,0.0043594925664365,0.026077885180711705,0.4268292682926829,0.0294685860183416,0.0878819748759269,0.9253048780487804
mosi,11,candidate_mixer,analytic_pi_g1,0.01,656,0.375,0.7652173913043478,0.7605829285218598,0.48237472772598255,0.3062559528306264,0.0500399029773214,0.017391304347826,0.0190900209953115,0.0077647864818573,0.0,0.017391304347826,0.0097896512597799,0.056321963667869505,0.4260869565217391,0.0458546317500522,0.1666725128889084,0.8608695652173914,0.7942073170731707,0.7928551880933836,0.4751053750514984,0.3069215696340902,0.0424869968215139,0.0228658536585365,0.0226436146031216,0.0092662274837493,0.0030487804878048,0.0259146341463414,0.0095337545499205,0.0567385293543338,0.4268292682926829,0.059200594666829295,0.1883185356855392,0.9253048780487804
mosi,11,candidate_mixer,analytic_pi_g1,0.02,656,0.7250000000000001,0.808695652173913,0.806219362745098,0.4770539104938507,0.301306011892167,0.048895566359810204,0.0608695652173912,0.0647264552185497,0.0130856037139892,0.0,0.0608695652173913,0.0198462326079607,0.11192573606967919,0.4260869565217391,0.0772765575798193,0.3222335577011108,0.8608695652173914,0.7926829268292683,0.7909339732293501,0.46847003698349,0.3012335171885696,0.0337791621866749,0.0213414634146341,0.0207223997390882,0.0159015655517578,0.0137195121951219,0.0350609756097561,0.0191633142530918,0.1127665527164936,0.4268292682926829,0.1015932642252742,0.3640825152397156,0.9253048780487804
mosi,11,candidate_mixer,analytic_pi_g1,0.05,656,1.0,0.808695652173913,0.806219362745098,0.4743172228336334,0.2989046336482896,0.05414493654085241,0.0608695652173912,0.0647264552185497,0.0158222913742065,0.0,0.0608695652173913,0.028598377481102902,0.1579011350870132,0.4260869565217391,0.0934377175747225,0.44446003437042225,0.8608695652173914,0.7896341463414634,0.7878594728356642,0.46459653973579396,0.2982943153491575,0.0245803081226057,0.0182926829268292,0.0176478993454022,0.0197750627994537,0.0213414634146341,0.0396341463414634,0.027357107028365104,0.1591024361550808,0.4268292682926829,0.1263400448189757,0.5021827220916748,0.9253048780487804
mosi,11,candidate_mixer,analytic_pi_g2,0.005,656,0.3,0.7652173913043478,0.7605829285218598,0.48483961820602406,0.3089282839340944,0.0691156247387761,0.017391304347826,0.0190900209953115,0.0052998960018157,0.0,0.017391304347826,0.0049785715527832,0.025367081165313603,0.4260869565217391,0.0312984648244372,0.0919151380658149,0.8608695652173914,0.7835365853658537,0.7821678452501215,0.4781601130962372,0.3097803786071236,0.0333378887394579,0.0121951219512195,0.0119562717598596,0.0062114894390106,0.0015243902439024,0.0137195121951219,0.0048866183497011,0.0294049456715583,0.4268292682926829,0.0396841860645335,0.105467215180397,0.9253048780487804
mosi,11,candidate_mixer,analytic_pi_g2,0.01,656,0.5750000000000001,0.7739130434782608,0.77,0.4806113839149475,0.305080235650515,0.0396898616915163,0.026086956521739,0.0285070924734517,0.0095281302928924,0.0,0.026086956521739098,0.0098264683037996,0.0492259263992308,0.4260869565217391,0.056268035162539,0.1761706918478012,0.8608695652173914,0.7926829268292683,0.7912685414814468,0.47319039702415455,0.3054148034493152,0.0374152057963173,0.0213414634146341,0.0210569679911849,0.0111812055110931,0.0045731707317073,0.0259146341463414,0.0095980754122138,0.057140938937664,0.4268292682926829,0.0714354191385346,0.2021455019712448,0.9253048780487804
mosi,11,candidate_mixer,analytic_pi_g2,0.02,656,1.0,0.8000000000000002,0.7977983334607447,0.4753534197807312,0.3004902635723727,0.0444134520447772,0.052173913043478196,0.0563054259341962,0.0147860944271087,0.0,0.052173913043478196,0.0180080533027648,0.0873129546642302,0.4260869565217391,0.0873186099997958,0.3063837885856628,0.8608695652173914,0.7926829268292683,0.7909339732293501,0.46682050824165333,0.3002085279149316,0.029137160629034,0.0213414634146341,0.0207223997390882,0.0175510942935943,0.0121951219512195,0.0335365853658536,0.0174094643443822,0.10157859325408929,0.4268292682926829,0.112131407050987,0.3515573740005493,0.9253048780487804
mosi,11,candidate_mixer,analytic_pi_g2,0.05,656,1.0,0.8000000000000002,0.7977983334607447,0.4753534197807312,0.3004902635723727,0.0444134520447772,0.052173913043478196,0.0563054259341962,0.0147860944271087,0.0,0.052173913043478196,0.0180080533027648,0.0873129546642302,0.4260869565217391,0.0873186099997958,0.3063837885856628,0.8608695652173914,0.7926829268292683,0.7909339732293501,0.46682050824165333,0.3002085279149316,0.029137160629034,0.0213414634146341,0.0207223997390882,0.0175510942935943,0.0121951219512195,0.0335365853658536,0.0174094643443822,0.10157859325408929,0.4268292682926829,0.112131407050987,0.3515573740005493,0.9253048780487804
mosi,11,candidate_mixer,analytic_pi_g3,0.005,656,0.42500000000000004,0.7652173913043478,0.7605829285218598,0.4842418432235718,0.3086147142391342,0.0689803496651027,0.017391304347826,0.0190900209953115,0.0058976709842681,0.0,0.017391304347826,0.0049458388239145,0.0231058359146118,0.408695652173913,0.0348283232041923,0.09783534705638879,0.8608695652173914,0.7835365853658537,0.7821678452501215,0.4773118197917938,0.3091066037070247,0.0337129152584366,0.0121951219512195,0.0119562717598596,0.0070597827434539,0.0015243902439024,0.0137195121951219,0.0048699122853577,0.029190778732299798,0.4131097560975609,0.0451039138966908,0.11307728290557859,0.9253048780487804
mosi,11,candidate_mixer,analytic_pi_g3,0.01,656,0.8250000000000001,0.7739130434782608,0.77,0.4794839322566986,0.3045321698353732,0.0429763161617776,0.026086956521739,0.0285070924734517,0.0106555819511413,0.0,0.026086956521739098,0.0099861565977334,0.0453549563884734,0.4260869565217391,0.0629258656702023,0.1899156719446182,0.8608695652173914,0.788109756097561,0.7864978329942142,0.4716048836708069,0.3042390933461762,0.0313483121373304,0.0167682926829267,0.0162862595039523,0.012766718864440902,0.0045731707317073,0.0213414634146341,0.0097627276554703,0.057465210556983906,0.4222560975609756,0.0815649570027055,0.21950294077396387,0.9253048780487804
mosi,11,candidate_mixer,analytic_pi_g3,0.02,656,1.0,0.782608695652174,0.7793383989561746,0.47766295075416554,0.3030217378191283,0.030103504139444102,0.0347826086956521,0.0378454914296263,0.0124765634536743,0.0,0.0347826086956521,0.0123372692614793,0.055248105525970405,0.408695652173913,0.0736796448265351,0.23020081222057337,0.8608695652173914,0.7942073170731707,0.7926417802461794,0.4693852365016937,0.3024418109512295,0.0331273048025805,0.0228658536585365,0.0224302067559174,0.014986366033554,0.0045731707317073,0.027439024390243896,0.0120149366557598,0.0700912177562713,0.4222560975609756,0.0957457959242892,0.2660641968250274,0.9253048780487804
mosi,11,candidate_mixer,analytic_pi_g3,0.05,656,1.0,0.782608695652174,0.7793383989561746,0.47766295075416554,0.3030217378191283,0.030103504139444102,0.0347826086956521,0.0378454914296263,0.0124765634536743,0.0,0.0347826086956521,0.0123372692614793,0.055248105525970405,0.408695652173913,0.0736796448265351,0.23020081222057337,0.8608695652173914,0.7942073170731707,0.7926417802461794,0.4693852365016937,0.3024418109512295,0.0331273048025805,0.0228658536585365,0.0224302067559174,0.014986366033554,0.0045731707317073,0.027439024390243896,0.0120149366557598,0.0700912177562713,0.4222560975609756,0.0957457959242892,0.2660641968250274,0.9253048780487804
mosi,11,candidate_mixer,analytic_pi_selected,0.005,656,0.42500000000000004,0.7652173913043478,0.7605829285218598,0.4842418432235718,0.3086147142391342,0.0689803496651027,0.017391304347826,0.0190900209953115,0.0058976709842681,0.0,0.017391304347826,0.0049458388239145,0.0231058359146118,0.408695652173913,0.0348283232041923,0.09783534705638879,0.8608695652173914,0.7835365853658537,0.7821678452501215,0.4773118197917938,0.3091066037070247,0.0337129152584366,0.0121951219512195,0.0119562717598596,0.0070597827434539,0.0015243902439024,0.0137195121951219,0.0048699122853577,0.029190778732299798,0.4131097560975609,0.0451039138966908,0.11307728290557859,0.9253048780487804
mosi,11,candidate_mixer,analytic_pi_selected,0.01,656,0.8250000000000001,0.7739130434782608,0.77,0.4794839322566986,0.3045321698353732,0.0429763161617776,0.026086956521739,0.0285070924734517,0.0106555819511413,0.0,0.026086956521739098,0.0099861565977334,0.0453549563884734,0.4260869565217391,0.0629258656702023,0.1899156719446182,0.8608695652173914,0.788109756097561,0.7864978329942142,0.4716048836708069,0.3042390933461762,0.0313483121373304,0.0167682926829267,0.0162862595039523,0.012766718864440902,0.0045731707317073,0.0213414634146341,0.0097627276554703,0.057465210556983906,0.4222560975609756,0.0815649570027055,0.21950294077396387,0.9253048780487804
mosi,11,candidate_mixer,analytic_pi_selected,0.02,656,1.0,0.8000000000000002,0.7977983334607447,0.4753534197807312,0.3004902635723727,0.0444134520447772,0.052173913043478196,0.0563054259341962,0.0147860944271087,0.0,0.052173913043478196,0.0180080533027648,0.0873129546642302,0.4260869565217391,0.0873186099997958,0.3063837885856628,0.8608695652173914,0.7926829268292683,0.7909339732293501,0.46682050824165333,0.3002085279149316,0.029137160629034,0.0213414634146341,0.0207223997390882,0.0175510942935943,0.0121951219512195,0.0335365853658536,0.0174094643443822,0.10157859325408929,0.4268292682926829,0.112131407050987,0.3515573740005493,0.9253048780487804
mosi,11,candidate_mixer,analytic_pi_selected,0.05,656,1.0,0.808695652173913,0.806219362745098,0.4743172228336334,0.2989046336482896,0.05414493654085241,0.0608695652173912,0.0647264552185497,0.0158222913742065,0.0,0.0608695652173913,0.028598377481102902,0.1579011350870132,0.4260869565217391,0.0934377175747225,0.44446003437042225,0.8608695652173914,0.7896341463414634,0.7878594728356642,0.46459653973579396,0.2982943153491575,0.0245803081226057,0.0182926829268292,0.0176478993454022,0.0197750627994537,0.0213414634146341,0.0396341463414634,0.027357107028365104,0.1591024361550808,0.4268292682926829,0.1263400448189757,0.5021827220916748,0.9253048780487804
mosi,11,candidate_mixer,fixed,0.005,656,0.10000000000000002,0.7652173913043478,0.7605829285218598,0.4873933308031772,0.3110432880744095,0.0675518625974655,0.017391304347826,0.0190900209953115,0.0027461834046627,0.0,0.017391304347826,0.0044019420451228,0.028925603902768396,0.4434782608695652,0.0162176258084028,0.10000000000000002,1.0,0.7804878048780488,0.77920511597902,0.4808801403541112,0.3121726188617798,0.0338132492266595,0.0091463414634146,0.008993542488758,0.0034914621811365995,0.0015243902439024,0.010670731707317,0.0043320138548391,0.0269203607747172,0.4451219512195122,0.0223064232427826,0.09999999999999991,1.0
mosi,11,candidate_mixer,fixed,0.01,656,0.20000000000000004,0.7652173913043478,0.7605829285218598,0.4849805567274413,0.3085756551678462,0.0626165784960207,0.017391304347826,0.0190900209953115,0.0051589574803987,0.0,0.017391304347826,0.0089407939407997,0.05871607233339239,0.4434782608695652,0.0304661106005489,0.20000000000000004,1.0,0.7911585365853658,0.7897863760651374,0.4777680770916642,0.3092875927485148,0.0437887683828792,0.0198170731707316,0.0195748025748754,0.006603525443583599,0.0030487804878048,0.0228658536585365,0.0087770576132933,0.0545855981826942,0.4451219512195122,0.0421889798035776,0.1999999999999999,1.0
mosi,11,candidate_mixer,fixed,0.02,656,0.42500000000000004,0.808695652173913,0.806219362745098,0.48076770381110984,0.3044935703728165,0.0580022399904935,0.0608695652173912,0.0647264552185497,0.00937181039673,0.0,0.0608695652173913,0.0197211464314635,0.1291923285039308,0.4434782608695652,0.05534484720235279,0.4249999999999998,1.0,0.7942073170731707,0.7925290789612398,0.4720672883257963,0.3041798848182408,0.0438983130995638,0.0228658536585365,0.0223175054709778,0.0123043142094514,0.0121951219512195,0.0350609756097561,0.0192369933849522,0.1197816071974439,0.4451219512195122,0.0786105578756712,0.4249999999999998,1.0
mosi,11,candidate_mixer,fixed,0.05,656,0.8250000000000001,0.8000000000000002,0.7977983334607447,0.4776897012410799,0.3022624768730642,0.0480279825627802,0.052173913043478196,0.0563054259341962,0.012449812966760001,0.017391304347826,0.0695652173913043,0.041403006888342,0.2683092855602579,0.4434782608695652,0.0735217968182768,0.8249999999999998,1.0,0.7896341463414634,0.7872112374129129,0.4662026729206936,0.2998297743937265,0.0314633004957946,0.0182926829268292,0.0169996639226509,0.0181689296145541,0.0304878048780487,0.048780487804878,0.0397589583437419,0.2473507376128481,0.4451219512195122,0.11607880246642528,0.8250000000000001,1.0
mosi,11,candidate_mixer,max_confidence,0.005,656,0.325,0.7652173913043478,0.7605829285218598,0.4860001802444458,0.3103816185977708,0.0706378983414691,0.017391304347826,0.0190900209953115,0.0041393339633941,0.0,0.017391304347826,0.0046916641294956,0.0194747358560562,0.4434782608695652,0.024444487074521497,0.1755017191171646,1.0,0.7835365853658537,0.7821678452501215,0.47850677371025074,0.3102522135738607,0.0339072314886058,0.0121951219512195,0.0119562717598596,0.0058648288249969,0.0015243902439024,0.0137195121951219,0.0049829212948679,0.0246974527835845,0.4451219512195122,0.0374694176988972,0.1710771024227142,1.0
mosi,11,candidate_mixer,max_confidence,0.01,656,0.65,0.7652173913043478,0.7605829285218598,0.48242032527923573,0.307475180486307,0.056107619534368,0.017391304347826,0.0190900209953115,0.0077191889286041,0.0,0.017391304347826,0.0096582658588886,0.0393367365002632,0.4434782608695652,0.0455855342772805,0.3510034382343292,1.0,0.788109756097561,0.7866097526157763,0.47341129183769215,0.3059008637079882,0.0345957980650227,0.0167682926829267,0.0163981791255143,0.0109603106975555,0.0030487804878048,0.0198170731707317,0.0101892277598381,0.05002091452479359,0.4451219512195122,0.0700241516758373,0.3421542048454284,1.0
mosi,11,candidate_mixer,max_confidence,0.02,656,1.0,0.7739130434782608,0.77,0.47924691438674916,0.3050440679160495,0.045708303866179,0.026086956521739,0.0285070924734517,0.0108925998210906,0.0,0.026086956521739098,0.0153961395844817,0.0611775010824203,0.4434782608695652,0.0643257357149544,0.5400052666664124,1.0,0.7896341463414634,0.7879767291531998,0.4687408208847046,0.3021458188354674,0.0371527654550424,0.0182926829268292,0.0177651556629379,0.0156307816505432,0.0045731707317073,0.0228658536585365,0.0160929504781961,0.0780297480523586,0.4451219512195122,0.099862881238092,0.5263910889625549,1.0
mosi,11,candidate_mixer,max_confidence,0.05,656,1.0,0.7739130434782608,0.77,0.47924691438674916,0.3050440679160495,0.045708303866179,0.026086956521739,0.0285070924734517,0.0108925998210906,0.0,0.026086956521739098,0.0153961395844817,0.0611775010824203,0.4434782608695652,0.0643257357149544,0.5400052666664124,1.0,0.7896341463414634,0.7879767291531998,0.4687408208847046,0.3021458188354674,0.0371527654550424,0.0182926829268292,0.0177651556629379,0.0156307816505432,0.0045731707317073,0.0228658536585365,0.0160929504781961,0.0780297480523586,0.4451219512195122,0.099862881238092,0.5263910889625549,1.0
mosi,11,candidate_mixer,native_pdf,0.005,656,0.25,0.7652173913043478,0.7605829285218598,0.48501521191229074,0.3088425009422738,0.0621662244200706,0.017391304347826,0.0190900209953115,0.0051243022955491,0.0,0.017391304347826,0.0046175054254558,0.0348940360434414,0.4434782608695652,0.030261456596982903,0.1260869565217391,1.0,0.7820121951219512,0.7806866400925806,0.4790399672237347,0.3104699534939724,0.0343112263005337,0.010670731707317,0.0104750666023187,0.005331635311513,0.0015243902439024,0.0121951219512195,0.0053089971834483,0.0303477148340865,0.44664634146341453,0.0340630436135381,0.1370857635206786,0.9969512195121953
mosi,11,candidate_mixer,native_pdf,0.01,656,0.525,0.7913043478260868,0.7876923076923076,0.4801788274944079,0.3040830754872286,0.039541848105778,0.0434782608695651,0.0461994001657594,0.009960686713432,0.0,0.0434782608695652,0.009877944050393,0.0747391677007248,0.4434782608695652,0.058822419067603104,0.2647826086956522,1.0,0.7911585365853658,0.7895698066201968,0.4740291728534796,0.3059690348821202,0.0412051001378094,0.0198170731707316,0.0193582331299349,0.010342429681768,0.0060975609756097,0.0259146341463414,0.0113983809313694,0.0648296864446658,0.44664634146341453,0.0660763396423509,0.2878801033934252,0.9969512195121953
mosi,11,candidate_mixer,native_pdf,0.02,656,1.0,0.808695652173913,0.806219362745098,0.4735541819300966,0.2978809869872291,0.0551323651794224,0.0608695652173912,0.0647264552185497,0.0165853322777433,0.0,0.0608695652173913,0.0194701340841821,0.1475412990507743,0.4434782608695652,0.0979438447019772,0.5043478260869565,1.0,0.7942073170731707,0.7921668297697079,0.4673563915997287,0.3005680055604299,0.0427875098066201,0.0228658536585365,0.0219552562794459,0.0170152109355191,0.0167682926829268,0.0396341463414634,0.0226720850382422,0.1273421823253065,0.44664634146341453,0.1087078479077684,0.5483430540827147,0.9969512195121953
mosi,11,candidate_mixer,native_pdf,0.05,656,1.0,0.808695652173913,0.806219362745098,0.4735541819300966,0.2978809869872291,0.0551323651794224,0.0608695652173912,0.0647264552185497,0.0165853322777433,0.0,0.0608695652173913,0.0194701340841821,0.1475412990507743,0.4434782608695652,0.0979438447019772,0.5043478260869565,1.0,0.7942073170731707,0.7921668297697079,0.4673563915997287,0.3005680055604299,0.0427875098066201,0.0228658536585365,0.0219552562794459,0.0170152109355191,0.0167682926829268,0.0396341463414634,0.0226720850382422,0.1273421823253065,0.44664634146341453,0.1087078479077684,0.5483430540827147,0.9969512195121953
mosi,11,candidate_mixer,native_qmf,0.005,656,0.175,0.7652173913043478,0.7605829285218598,0.4859663368314516,0.3096155798130519,0.0761063871997741,0.017391304347826,0.0190900209953115,0.0041731773763884,0.0,0.017391304347826,0.0043776702015115,0.026340586230932796,0.4434782608695652,0.0246446485077471,0.0882608695652173,1.0,0.7820121951219512,0.7807891385373947,0.4803852912797047,0.3118091719602514,0.035662148297312,0.010670731707317,0.0105775650471328,0.0039863112555431,0.0015243902439024,0.0121951219512195,0.0044577068308168,0.0283912205173453,0.44359756097560965,0.0254679478909697,0.0889730249204666,0.9939024390243902
mosi,11,candidate_mixer,native_qmf,0.01,656,0.375,0.782608695652174,0.7793383989561746,0.4817938913599178,0.3053483409276547,0.0461917349282082,0.0347826086956521,0.0378454914296263,0.0083456228479221,0.0,0.0347826086956521,0.0095567926061143,0.0573195775470036,0.4434782608695652,0.04928476149846509,0.1891304347826087,1.0,0.7926829268292683,0.7913720208029333,0.4764589696402611,0.308222763064495,0.0456557090714681,0.0213414634146341,0.0211604473126714,0.0079126328949866,0.0045731707317073,0.0259146341463414,0.0097185450871463,0.0618575058557085,0.44359756097560965,0.0505526924763752,0.1906564819724284,0.9939024390243902
mosi,11,candidate_mixer,native_qmf,0.02,656,0.75,0.808695652173913,0.806219362745098,0.47558515234770904,0.2991990401866118,0.0570163587113183,0.0608695652173912,0.0647264552185497,0.0145543618601308,0.0,0.0608695652173913,0.0198429972582255,0.1181280504822111,0.4434782608695652,0.0859500772789642,0.3782608695652174,1.0,0.7911585365853658,0.7890878198403702,0.4707176226523617,0.3031042574271053,0.040992905939944,0.0198170731707316,0.0188762463501083,0.013653979882886002,0.0213414634146341,0.0411585365853658,0.0201248559629679,0.1277968169193481,0.44359756097560965,0.0872333916123885,0.3813129639448568,0.9939024390243902
mosi,11,candidate_mixer,native_qmf,0.05,656,1.0,0.8260869565217391,0.8244810744810744,0.47258013787270087,0.2964413702498851,0.0723208746995727,0.0782608695652173,0.0829881669545261,0.0175593763351391,0.008695652173913,0.0869565217391304,0.0271867876762091,0.1608252912699983,0.4434782608695652,0.1036960003133351,0.5043478260869565,1.0,0.7896341463414634,0.7872112374129129,0.4679930899499535,0.3008556964530146,0.0451925506019294,0.0182926829268292,0.0169996639226509,0.0163785125852943,0.027439024390243896,0.0457317073170731,0.027520596902124304,0.1743040725487637,0.44359756097560965,0.1046400671806651,0.5084172852598091,0.9939024390243902
mosi,11,candidate_mixer,native_tmc,0.005,656,0.20000000000000004,0.7652173913043478,0.7605829285218598,0.4852960918312632,0.3089304075997731,0.0641239894594722,0.017391304347826,0.0190900209953115,0.0048434223765767,0.0,0.017391304347826,0.004577586351598,0.0335410967413169,0.4434782608695652,0.028602737989988896,0.10086956521739131,1.0,0.7835365853658537,0.7823714114832535,0.4801007353211891,0.311534496232281,0.0371196641750468,0.0121951219512195,0.0121598379929916,0.0042708672140586,0.0015243902439024,0.0137195121951219,0.0048413583603817,0.0293451727312969,0.4451219512195122,0.027285937906843298,0.10159066808059379,1.0
mosi,11,candidate_mixer,native_tmc,0.01,656,0.42500000000000004,0.782608695652174,0.7793383989561746,0.4805552810466264,0.3040741585304162,0.0549609652267511,0.0347826086956521,0.0378454914296263,0.0095842331612134,0.0,0.0347826086956521,0.0099008483715533,0.0726709728691871,0.4434782608695652,0.0565992964107084,0.2143478260869565,1.0,0.7896341463414634,0.7881989612091151,0.4760015792453099,0.3077531591949258,0.042517431286605,0.0182926829268292,0.0179873877188532,0.0083700232899379,0.0060975609756097,0.024390243902439,0.0104732507898635,0.0634217383240764,0.4451219512195122,0.0534748986242133,0.2158801696712619,1.0
mosi,11,candidate_mixer,native_tmc,0.02,656,0.8250000000000001,0.808695652173913,0.806219362745098,0.4737942492049417,0.2973994245946176,0.0576188674734198,0.0608695652173912,0.0647264552185497,0.0163452650028982,0.0,0.0608695652173913,0.0198722332199532,0.1462580148021966,0.4434782608695652,0.0965261425850978,0.41608695652173927,1.0,0.7942073170731707,0.7921668297697079,0.47037016041435376,0.3026201381321547,0.0437560042607956,0.0228658536585365,0.0219552562794459,0.014001442120893902,0.0198170731707317,0.0426829268292682,0.0210398583545085,0.1270269798214597,0.4451219512195122,0.0894532814466648,0.4190615058324496,1.0
mosi,11,candidate_mixer,native_tmc,0.05,656,1.0,0.817391304347826,0.8153810870728537,0.4714637516017658,0.2952675640892868,0.0634544028586835,0.0695652173913043,0.0738881795463054,0.0186757626060741,0.0,0.0695652173913043,0.0244644361897929,0.1802381065542495,0.4434782608695652,0.1102887488692587,0.5043478260869565,1.0,0.7896341463414634,0.7873491938211749,0.46853707433545455,0.3010141571639346,0.0472626833910812,0.0182926829268292,0.0171376203309129,0.0158345281997931,0.027439024390243896,0.0457317073170731,0.025921447911320405,0.156179177922692,0.4451219512195122,0.1011646235920242,0.5079533404029692,1.0
mosi,11,candidate_mixer,negative_entropy,0.005,656,0.8000000000000002,0.7652173913043478,0.7605829285218598,0.485590398311615,0.3109089493185901,0.0699430698933808,0.017391304347826,0.0190900209953115,0.0045491158962249,0.0,0.017391304347826,0.0048622447066009,0.0247038960456848,0.4434782608695652,0.0268646043721563,0.2474224865436554,1.0,0.7759146341463414,0.7745520006546109,0.4776008427143097,0.3097316298208272,0.0412910200837181,0.0045731707317072,0.004340427164349,0.0067707598209381,0.0015243902439024,0.0060975609756097,0.0049354853108525,0.0234976708889007,0.44359756097560965,0.043257385044392,0.23019741475582117,1.0
mosi,11,candidate_mixer,negative_entropy,0.01,656,1.0,0.7652173913043478,0.7605829285218598,0.484575480222702,0.3102967302443855,0.0592667144277821,0.017391304347826,0.0190900209953115,0.0055640339851379,0.0,0.017391304347826,0.006134665571153101,0.0309764206409454,0.4434782608695652,0.0328584909844427,0.3092781007289886,1.0,0.7774390243902439,0.7760317282149137,0.47607719898223866,0.3084840487234414,0.0389299479926504,0.0060975609756097,0.0058201547246518,0.008294403553009,0.0015243902439024,0.0076219512195121,0.0062142005190253,0.029459461569786002,0.44359756097560965,0.0529917413625794,0.2877467572689056,1.0
mosi,11,candidate_mixer,negative_entropy,0.02,656,1.0,0.7652173913043478,0.7605829285218598,0.484575480222702,0.3102967302443855,0.0592667144277821,0.017391304347826,0.0190900209953115,0.0055640339851379,0.0,0.017391304347826,0.006134665571153101,0.0309764206409454,0.4434782608695652,0.0328584909844427,0.3092781007289886,1.0,0.7774390243902439,0.7760317282149137,0.47607719898223866,0.3084840487234414,0.0389299479926504,0.0060975609756097,0.0058201547246518,0.008294403553009,0.0015243902439024,0.0076219512195121,0.0062142005190253,0.029459461569786002,0.44359756097560965,0.0529917413625794,0.2877467572689056,1.0
mosi,11,candidate_mixer,negative_entropy,0.05,656,1.0,0.7652173913043478,0.7605829285218598,0.484575480222702,0.3102967302443855,0.0592667144277821,0.017391304347826,0.0190900209953115,0.0055640339851379,0.0,0.017391304347826,0.006134665571153101,0.0309764206409454,0.4434782608695652,0.0328584909844427,0.3092781007289886,1.0,0.7774390243902439,0.7760317282149137,0.47607719898223866,0.3084840487234414,0.0389299479926504,0.0060975609756097,0.0058201547246518,0.008294403553009,0.0015243902439024,0.0076219512195121,0.0062142005190253,0.029459461569786002,0.44359756097560965,0.0529917413625794,0.2877467572689056,1.0
mosi,11,convex_projection,analytic_pi_g2,0.005,656,0.0,0.7478260869565218,0.7414929075265483,0.4901395392335581,0.3139129966718412,0.0780167750690294,0.0,0.0,-2.5025718108917523e-08,0.0,0.0,6.449344945531236e-09,2.7701186999795618e-08,0.46086956521739125,6.551137810006935e-08,0.0,0.0,0.7713414634146342,0.7702115734902619,0.484371585379452,0.3154360657133892,0.0366393710236724,0.0,0.0,1.7155795783985184e-08,0.0,0.0,5.5708912228183454e-09,2.5798862615666884e-08,0.5060975609756098,4.726613900274401e-08,0.0,0.0
mosi,11,convex_projection,analytic_pi_g2,0.01,656,0.0,0.7478260869565218,0.7414929075265483,0.4901395392335581,0.3139129966718412,0.0780167750690294,0.0,0.0,-2.5025718108917523e-08,0.0,0.0,6.449344945531236e-09,2.7701186999795618e-08,0.46086956521739125,6.551137810006935e-08,0.0,0.0,0.7713414634146342,0.7702115734902619,0.484371585379452,0.3154360657133892,0.0366393710236724,0.0,0.0,1.7155795783985184e-08,0.0,0.0,5.5708912228183454e-09,2.5798862615666884e-08,0.5060975609756098,4.726613900274401e-08,0.0,0.0
mosi,11,convex_projection,analytic_pi_g2,0.02,656,0.0,0.7478260869565218,0.7414929075265483,0.4901395392335581,0.3139129966718412,0.0780167750690294,0.0,0.0,-2.5025718108917523e-08,0.0,0.0,6.449344945531236e-09,2.7701186999795618e-08,0.46086956521739125,6.551137810006935e-08,0.0,0.0,0.7713414634146342,0.7702115734902619,0.484371585379452,0.3154360657133892,0.0366393710236724,0.0,0.0,1.7155795783985184e-08,0.0,0.0,5.5708912228183454e-09,2.5798862615666884e-08,0.5060975609756098,4.726613900274401e-08,0.0,0.0
mosi,11,convex_projection,analytic_pi_g2,0.05,656,0.0,0.7478260869565218,0.7414929075265483,0.4901395392335581,0.3139129966718412,0.0780167750690294,0.0,0.0,-2.5025718108917523e-08,0.0,0.0,6.449344945531236e-09,2.7701186999795618e-08,0.46086956521739125,6.551137810006935e-08,0.0,0.0,0.7713414634146342,0.7702115734902619,0.484371585379452,0.3154360657133892,0.0366393710236724,0.0,0.0,1.7155795783985184e-08,0.0,0.0,5.5708912228183454e-09,2.5798862615666884e-08,0.5060975609756098,4.726613900274401e-08,0.0,0.0
mosi,11,convex_projection,fixed,0.005,656,0.0,0.7478260869565218,0.7414929075265483,0.4901395392335581,0.3139129966718412,0.0780167750690294,0.0,0.0,-2.5025718108917523e-08,0.0,0.0,6.449344945531236e-09,2.7701186999795618e-08,0.46086956521739125,6.551137810006935e-08,0.0,0.0,0.7713414634146342,0.7702115734902619,0.484371585379452,0.3154360657133892,0.0366393710236724,0.0,0.0,1.7155795783985184e-08,0.0,0.0,5.5708912228183454e-09,2.5798862615666884e-08,0.5060975609756098,4.726613900274401e-08,0.0,0.0
mosi,11,convex_projection,fixed,0.01,656,0.0,0.7478260869565218,0.7414929075265483,0.4901395392335581,0.3139129966718412,0.0780167750690294,0.0,0.0,-2.5025718108917523e-08,0.0,0.0,6.449344945531236e-09,2.7701186999795618e-08,0.46086956521739125,6.551137810006935e-08,0.0,0.0,0.7713414634146342,0.7702115734902619,0.484371585379452,0.3154360657133892,0.0366393710236724,0.0,0.0,1.7155795783985184e-08,0.0,0.0,5.5708912228183454e-09,2.5798862615666884e-08,0.5060975609756098,4.726613900274401e-08,0.0,0.0
mosi,11,convex_projection,fixed,0.02,656,0.0,0.7478260869565218,0.7414929075265483,0.4901395392335581,0.3139129966718412,0.0780167750690294,0.0,0.0,-2.5025718108917523e-08,0.0,0.0,6.449344945531236e-09,2.7701186999795618e-08,0.46086956521739125,6.551137810006935e-08,0.0,0.0,0.7713414634146342,0.7702115734902619,0.484371585379452,0.3154360657133892,0.0366393710236724,0.0,0.0,1.7155795783985184e-08,0.0,0.0,5.5708912228183454e-09,2.5798862615666884e-08,0.5060975609756098,4.726613900274401e-08,0.0,0.0
mosi,11,convex_projection,fixed,0.05,656,0.0,0.7478260869565218,0.7414929075265483,0.4901395392335581,0.3139129966718412,0.0780167750690294,0.0,0.0,-2.5025718108917523e-08,0.0,0.0,6.449344945531236e-09,2.7701186999795618e-08,0.46086956521739125,6.551137810006935e-08,0.0,0.0,0.7713414634146342,0.7702115734902619,0.484371585379452,0.3154360657133892,0.0366393710236724,0.0,0.0,1.7155795783985184e-08,0.0,0.0,5.5708912228183454e-09,2.5798862615666884e-08,0.5060975609756098,4.726613900274401e-08,0.0,0.0
mosi,22,candidate_mixer,analytic_pi_g1,0.005,656,0.175,0.7913043478260868,0.7911622276029057,0.48939043283462513,0.31121003871429,0.0736508006634919,0.0086956521739129,0.0088168570222408,0.0023213922977447,0.0,0.008695652173913,0.0045126862823963,0.0249901890754699,0.391304347826087,0.0110590197250159,0.0812362506985664,0.8347826086956522,0.7789634146341463,0.7717012242977869,0.45489153265953053,0.2945279800396151,0.0466816311747562,-0.0045731707317073,-0.0045972493292939,0.0006711184978485,0.0060975609756097,0.0015243902439024,0.003354852553457,0.0211130082607269,0.49847560975609745,0.0038614689442817004,0.0731540396809578,0.8612804878048781
mosi,22,candidate_mixer,analytic_pi_g1,0.01,656,0.375,0.8000000000000002,0.7997577409342116,0.487206995487213,0.3089764674222889,0.0898767232894897,0.017391304347826,0.0174123703535469,0.0045048296451568,0.0,0.017391304347826,0.0098528051748871,0.0543372124433517,0.391304347826087,0.0214611115583388,0.1740776598453521,0.8347826086956522,0.7820121951219512,0.77459482188983,0.45433685183525074,0.2939255537952839,0.0414516358840756,-0.0015243902439024,-0.0017036517372508,0.0012257993221282,0.0076219512195121,0.0060975609756097,0.0072792042046785,0.0458008050918579,0.49847560975609745,0.0070525820787202,0.1567586660385131,0.8612804878048781
mosi,22,candidate_mixer,analytic_pi_g1,0.02,656,0.7250000000000001,0.808695652173913,0.808681185722928,0.4845724403858185,0.3064201040162067,0.0678874331971873,0.026086956521739,0.0263358151422632,0.0071393847465515,0.008695652173913,0.0347826086956521,0.0197341311722993,0.10786406099796289,0.391304347826087,0.0340118843324188,0.3365502059459686,0.8347826086956522,0.7835365853658537,0.7762984736270808,0.4539024531841278,0.2933881945654452,0.0419736717168877,0.0,0.0,0.0016601979732513,0.010670731707317,0.010670731707317,0.0144006218761205,0.0905281901359558,0.49847560975609745,0.0095516486474784,0.3030667603015899,0.8612804878048781
mosi,22,candidate_mixer,analytic_pi_g1,0.05,656,1.0,0.817391304347826,0.8173360562741094,0.4835793673992157,0.3056190317556277,0.0867011790690214,0.0347826086956521,0.0349906856934447,0.0081324577331542,0.017391304347826,0.052173913043478196,0.028065118938684398,0.1520294070243835,0.391304347826087,0.0387429151668564,0.46420708298683155,0.8347826086956522,0.7896341463414634,0.7835480446446502,0.4540412127971649,0.2934274982709586,0.0438089457953848,0.0060975609756097,0.007249571017569501,0.0015214383602142,0.0137195121951219,0.0198170731707317,0.0202497281134128,0.127130925655365,0.49847560975609745,0.0087535488605708,0.41802307963371266,0.8612804878048781
mosi,22,candidate_mixer,analytic_pi_g2,0.005,656,0.3,0.7913043478260868,0.7911622276029057,0.48870715498924244,0.3106286756457613,0.0800132570059403,0.0086956521739129,0.0088168570222408,0.0030046701431274,0.0,0.008695652173913,0.0046527795493602,0.0319208800792694,0.391304347826087,0.014314340919026,0.0970624014735221,0.8347826086956522,0.7789634146341463,0.7717012242977869,0.45463696122169484,0.2944078056749563,0.0487344099617586,-0.0045731707317073,-0.0045972493292939,0.0009256899356842001,0.0060975609756097,0.0015243902439024,0.0034017323050647,0.0243641883134841,0.49847560975609745,0.0053259807672439,0.0806605517864227,0.8612804878048781
mosi,22,candidate_mixer,analytic_pi_g2,0.01,656,0.625,0.8000000000000002,0.7997577409342116,0.4860115945339203,0.3080110259868372,0.0762963730355967,0.017391304347826,0.0174123703535469,0.0057002305984497,0.0,0.017391304347826,0.0099223023280501,0.067694741487503,0.391304347826087,0.027155598773374902,0.20221328735351557,0.8347826086956522,0.7820121951219512,0.77459482188983,0.45388248562812794,0.2937499968375051,0.0431608965665829,-0.0015243902439024,-0.0017036517372508,0.0016801655292510002,0.0076219512195121,0.0060975609756097,0.0072078355588018,0.0514464527368545,0.49847560975609745,0.0096666182268364,0.1680428087711334,0.8612804878048781
mosi,22,candidate_mixer,analytic_pi_g2,0.02,656,1.0,0.7913043478260868,0.7911622276029057,0.4836238920688629,0.3058033533885382,0.0668727864389834,0.0086956521739129,0.0088168570222408,0.008087933063507,0.008695652173913,0.017391304347826,0.0163436699658632,0.1106323301792144,0.391304347826087,0.0385306594508242,0.3235412836074829,0.8347826086956522,0.7835365853658537,0.7762984736270808,0.4533359110355377,0.2932938053261064,0.0420731635900532,0.0,0.0,0.0022267401218414,0.0091463414634146,0.0091463414634146,0.0117731103673577,0.0836345851421356,0.49847560975609745,0.012811349152152901,0.2688685059547424,0.8612804878048781
mosi,22,candidate_mixer,analytic_pi_g2,0.05,656,1.0,0.7913043478260868,0.7911622276029057,0.4836238920688629,0.3058033533885382,0.0668727864389834,0.0086956521739129,0.0088168570222408,0.008087933063507,0.008695652173913,0.017391304347826,0.0163436699658632,0.1106323301792144,0.391304347826087,0.0385306594508242,0.3235412836074829,0.8347826086956522,0.7835365853658537,0.7762984736270808,0.4533359110355377,0.2932938053261064,0.0420731635900532,0.0,0.0,0.0022267401218414,0.0091463414634146,0.0091463414634146,0.0117731103673577,0.0836345851421356,0.49847560975609745,0.012811349152152901,0.2688685059547424,0.8612804878048781
mosi,22,candidate_mixer,analytic_pi_g3,0.005,656,0.4749999999999999,0.7913043478260868,0.7911622276029057,0.4880462288856505,0.3101351288750144,0.0862998946853306,0.0086956521739129,0.0088168570222408,0.0036655962467193,0.0,0.008695652173913,0.0048179728910326,0.0352164208889007,0.391304347826087,0.0174627533811483,0.1192112863063812,0.8347826086956522,0.7789634146341463,0.7717012242977869,0.45445623993873585,0.2943429387227393,0.0453360171579733,-0.0045731707317073,-0.0045972493292939,0.0011064112186431,0.0060975609756097,0.0015243902439024,0.0035740719176828003,0.0240295976400375,0.49847560975609745,0.0063655938315948,0.0945784375071525,0.8612804878048781
mosi,22,candidate_mixer,analytic_pi_g3,0.01,656,0.9499999999999998,0.8000000000000002,0.7997577409342116,0.4850099682807921,0.3073536817039899,0.071790509638579,0.017391304347826,0.0174123703535469,0.006701856851577699,0.0,0.017391304347826,0.0099073806777596,0.0717191219329833,0.391304347826087,0.0319275899918093,0.2384225726127624,0.8347826086956522,0.7804878048780488,0.7731477479035187,0.45363882184028614,0.2937262971226374,0.045657683254742,-0.0030487804878048,-0.0031507257235621005,0.0019238293170928,0.0076219512195121,0.0045731707317073,0.0073049343191087,0.0486508086323738,0.49847560975609745,0.0110686298086712,0.1891568750143051,0.8612804878048781
mosi,22,candidate_mixer,analytic_pi_g3,0.02,656,1.0,0.8000000000000002,0.7997577409342116,0.48472705483436573,0.3071021326335291,0.067778145748636,0.017391304347826,0.0174123703535469,0.0069847702980041,0.0,0.017391304347826,0.0104607194662094,0.0756401509046554,0.391304347826087,0.0332751653287457,0.250971108675003,0.8347826086956522,0.7789634146341463,0.7717012242977869,0.4535699784755707,0.2936771968972429,0.0472466078836743,-0.0045731707317073,-0.0045972493292939,0.0019926726818084,0.0091463414634146,0.0045731707317073,0.007707620505243501,0.0512781143188476,0.49847560975609745,0.011464979074422,0.1991124898195266,0.8612804878048781
mosi,22,candidate_mixer,analytic_pi_g3,0.05,656,1.0,0.8000000000000002,0.7997577409342116,0.48472705483436573,0.3071021326335291,0.067778145748636,0.017391304347826,0.0174123703535469,0.0069847702980041,0.0,0.017391304347826,0.0104607194662094,0.0756401509046554,0.391304347826087,0.0332751653287457,0.250971108675003,0.8347826086956522,0.7789634146341463,0.7717012242977869,0.4535699784755707,0.2936771968972429,0.0472466078836743,-0.0045731707317073,-0.0045972493292939,0.0019926726818084,0.0091463414634146,0.0045731707317073,0.007707620505243501,0.0512781143188476,0.49847560975609745,0.011464979074422,0.1991124898195266,0.8612804878048781
mosi,22,candidate_mixer,analytic_pi_selected,0.005,656,0.4749999999999999,0.7913043478260868,0.7911622276029057,0.4880462288856505,0.3101351288750144,0.0862998946853306,0.0086956521739129,0.0088168570222408,0.0036655962467193,0.0,0.008695652173913,0.0048179728910326,0.0352164208889007,0.391304347826087,0.0174627533811483,0.1192112863063812,0.8347826086956522,0.7789634146341463,0.7717012242977869,0.45445623993873585,0.2943429387227393,0.0453360171579733,-0.0045731707317073,-0.0045972493292939,0.0011064112186431,0.0060975609756097,0.0015243902439024,0.0035740719176828003,0.0240295976400375,0.49847560975609745,0.0063655938315948,0.0945784375071525,0.8612804878048781
mosi,22,candidate_mixer,analytic_pi_selected,0.01,656,0.9499999999999998,0.8000000000000002,0.7997577409342116,0.4850099682807921,0.3073536817039899,0.071790509638579,0.017391304347826,0.0174123703535469,0.006701856851577699,0.0,0.017391304347826,0.0099073806777596,0.0717191219329833,0.391304347826087,0.0319275899918093,0.2384225726127624,0.8347826086956522,0.7804878048780488,0.7731477479035187,0.45363882184028614,0.2937262971226374,0.045657683254742,-0.0030487804878048,-0.0031507257235621005,0.0019238293170928,0.0076219512195121,0.0045731707317073,0.0073049343191087,0.0486508086323738,0.49847560975609745,0.0110686298086712,0.1891568750143051,0.8612804878048781
mosi,22,candidate_mixer,analytic_pi_selected,0.02,656,1.0,0.7913043478260868,0.7911622276029057,0.4836238920688629,0.3058033533885382,0.0668727864389834,0.0086956521739129,0.0088168570222408,0.008087933063507,0.008695652173913,0.017391304347826,0.0163436699658632,0.1106323301792144,0.391304347826087,0.0385306594508242,0.3235412836074829,0.8347826086956522,0.7835365853658537,0.7762984736270808,0.4533359110355377,0.2932938053261064,0.0420731635900532,0.0,0.0,0.0022267401218414,0.0091463414634146,0.0091463414634146,0.0117731103673577,0.0836345851421356,0.49847560975609745,0.012811349152152901,0.2688685059547424,0.8612804878048781
mosi,22,candidate_mixer,analytic_pi_selected,0.05,656,1.0,0.817391304347826,0.8173360562741094,0.4835793673992157,0.3056190317556277,0.0867011790690214,0.0347826086956521,0.0349906856934447,0.0081324577331542,0.017391304347826,0.052173913043478196,0.028065118938684398,0.1520294070243835,0.391304347826087,0.0387429151668564,0.46420708298683155,0.8347826086956522,0.7896341463414634,0.7835480446446502,0.4540412127971649,0.2934274982709586,0.0438089457953848,0.0060975609756097,0.007249571017569501,0.0015214383602142,0.0137195121951219,0.0198170731707317,0.0202497281134128,0.127130925655365,0.49847560975609745,0.0087535488605708,0.41802307963371266,0.8612804878048781
mosi,22,candidate_mixer,fixed,0.005,656,0.10000000000000002,0.7913043478260868,0.7911622276029057,0.489698074519142,0.3116288649759458,0.058379723066868894,0.0086956521739129,0.0088168570222408,0.002013750613228,0.0,0.008695652173913,0.0048577853685018,0.026849117069334197,0.4000000000000001,0.0095935198368776,0.10000000000000002,1.0,0.7804878048780488,0.7731477479035187,0.45526832930425787,0.2946981620892075,0.0465581987825472,-0.0030487804878048,-0.0031507257235621005,0.0002943218531212,0.0045731707317073,0.0015243902439024,0.0039121429685001,0.0206035596923307,0.5228658536585366,0.0016933492800479998,0.09999999999999991,1.0
mosi,22,candidate_mixer,fixed,0.01,656,0.20000000000000004,0.7913043478260868,0.7911622276029057,0.4880404023578175,0.3100160086633061,0.05812472856563059,0.0086956521739129,0.0088168570222408,0.0036714227745525,0.0,0.008695652173913,0.0098442241451407,0.05444150063365031,0.4000000000000001,0.017490603473929,0.20000000000000004,1.0,0.7820121951219512,0.77459482188983,0.4551533450756632,0.2943351723675469,0.0449155943422782,-0.0015243902439024,-0.0017036517372508,0.0004093060817159,0.0060975609756097,0.0045731707317073,0.0078904643967722,0.0416405840200752,0.5228658536585366,0.0023549139859218,0.1999999999999999,1.0
mosi,22,candidate_mixer,fixed,0.02,656,0.375,0.8000000000000002,0.7997577409342116,0.4859707410800274,0.3081168845064563,0.0706557351933873,0.017391304347826,0.0174123703535469,0.0057410840523425,0.0,0.017391304347826,0.0189108565607721,0.10464653010142899,0.4000000000000001,0.0273503867244457,0.375,1.0,0.7850609756097561,0.7777473418633989,0.4553683930558188,0.2941093954548361,0.0383051108091887,0.0015243902439023,0.001448868236318,0.00019425810156029996,0.0091463414634146,0.010670731707317,0.0150220787104174,0.0795551031312985,0.5228658536585366,0.0011176299211483,0.375,1.0
mosi,22,candidate_mixer,fixed,0.05,656,0.625,0.817391304347826,0.8173360562741094,0.48482778351247224,0.307442468780384,0.0728764204227405,0.0347826086956521,0.0349906856934447,0.0068840416198976,0.017391304347826,0.052173913043478196,0.0327333072900866,0.1810636130016102,0.4000000000000001,0.0327953906975906,0.625,1.0,0.7865853658536586,0.7804110597844279,0.45656757183887753,0.294690848787758,0.0383779085127682,0.0030487804878048,0.0041125861573471,-0.0010049206814983,0.0167682926829268,0.0198170731707317,0.0256214275737916,0.1363408219060462,0.5228658536585366,-0.0057818759380539,0.625,1.0
mosi,22,candidate_mixer,max_confidence,0.005,656,0.325,0.7913043478260868,0.7911622276029057,0.48868328332901,0.3113834708490879,0.0801932899848274,0.0086956521739129,0.0088168570222408,0.0030285418033599,0.0,0.008695652173913,0.0049224034883081,0.020634776353836,0.4000000000000001,0.014427922573090102,0.1722999066114425,1.0,0.7804878048780488,0.7734024179620034,0.45566967129707325,0.2949962835794557,0.0518202885258488,-0.0030487804878048,-0.0028960556650774,-0.00010702013969420002,0.0045731707317073,0.0015243902439024,0.0049512907862663,0.0192830376327037,0.5228658536585366,-0.0006160003189312,0.17300646007061,1.0
mosi,22,candidate_mixer,max_confidence,0.01,656,0.65,0.8000000000000002,0.7997577409342116,0.4860713481903076,0.3094912520300896,0.0704847708992336,0.017391304347826,0.0174123703535469,0.0056404769420623,0.0,0.017391304347826,0.0099733881652355,0.0417063400149345,0.4000000000000001,0.026871218707012,0.3445998132228851,1.0,0.7789634146341463,0.7717012242977869,0.45601123571395863,0.2949716907224667,0.0490204363879634,-0.0045731707317073,-0.0045972493292939,-0.00044858455657949996,0.0060975609756097,0.0015243902439024,0.0099960323423147,0.0389452055096626,0.5228658536585366,-0.00258102847619,0.3460129201412201,1.0
mosi,22,candidate_mixer,max_confidence,0.02,656,1.0,0.8000000000000002,0.7997577409342116,0.48370400071144093,0.3078446446993548,0.0556564730146656,0.017391304347826,0.0174123703535469,0.0080078244209289,0.0,0.017391304347826,0.0155702698975801,0.0649090811610221,0.4000000000000001,0.0381490250931688,0.5301535725593567,1.0,0.7804878048780488,0.7731477479035187,0.4566331207752228,0.2951805453371404,0.046122876245801,-0.0030487804878048,-0.0031507257235621005,-0.0010704696178436,0.0060975609756097,0.0030487804878048,0.015539851039648002,0.060561437159776604,0.5228658536585366,-0.0061592315813976005,0.5323275923728943,1.0
mosi,22,candidate_mixer,max_confidence,0.05,656,1.0,0.8000000000000002,0.7997577409342116,0.48370400071144093,0.3078446446993548,0.0556564730146656,0.017391304347826,0.0174123703535469,0.0080078244209289,0.0,0.017391304347826,0.0155702698975801,0.0649090811610221,0.4000000000000001,0.0381490250931688,0.5301535725593567,1.0,0.7804878048780488,0.7731477479035187,0.4566331207752228,0.2951805453371404,0.046122876245801,-0.0030487804878048,-0.0031507257235621005,-0.0010704696178436,0.0060975609756097,0.0030487804878048,0.015539851039648002,0.060561437159776604,0.5228658536585366,-0.0061592315813976005,0.5323275923728943,1.0
mosi,22,candidate_mixer,native_pdf,0.005,656,0.25,0.782608695652174,0.7823453705806648,0.4863718732637502,0.3089186871481049,0.053236627759014006,0.0,0.0,0.0053399518686197,0.0,0.0,0.004550276450183,0.0260178119811797,0.4000000000000001,0.0254394091027666,0.1260869565217391,1.0,0.7850609756097561,0.7777473418633989,0.45562447562484143,0.2948955373494326,0.0457787256791579,0.0015243902439023,0.001448868236318,-6.182446746239023e-05,0.0015243902439024,0.0030487804878048,0.0044818927809836,0.0208698470189422,0.5259146341463414,-0.0003557477022495,0.1327047985153764,0.9679878048780488
mosi,22,candidate_mixer,native_pdf,0.01,656,0.525,0.8000000000000002,0.7997577409342116,0.4813926856728553,0.3044390105405769,0.0569267129690752,0.017391304347826,0.0174123703535469,0.0103191394595146,0.0,0.017391304347826,0.0096896287924737,0.0554416606414926,0.4000000000000001,0.0491600589195841,0.2647826086956522,1.0,0.7820121951219512,0.77459482188983,0.4559827630705125,0.2948569430719909,0.0365155060534501,-0.0015243902439024,-0.0017036517372508,-0.0004201119131334,0.0045731707317073,0.0030487804878048,0.0095484743454294,0.0443412885399538,0.5259146341463414,-0.0024171637026064,0.2786800768822906,0.9679878048780488
mosi,22,candidate_mixer,native_pdf,0.02,656,1.0,0.8347826086956522,0.8345824816413051,0.4746366830185076,0.2984231696633717,0.0903209442812914,0.0521739130434781,0.05223711106064051,0.0170751421138623,0.0,0.052173913043478196,0.018935002308439,0.1083975576416739,0.4000000000000001,0.0813453843767578,0.5043478260869565,1.0,0.7820121951219512,0.7748501729281623,0.4573272991481258,0.2956064439935173,0.0391830996690221,-0.0015243902439024,-0.0014483006989185,-0.0017646479907465998,0.010670731707317,0.0091463414634146,0.0186873763094287,0.0862277190422834,0.5259146341463414,-0.0101529864810416,0.5308191940615058,0.9679878048780488
mosi,22,candidate_mixer,native_pdf,0.05,656,1.0,0.8347826086956522,0.8345824816413051,0.4746366830185076,0.2984231696633717,0.0903209442812914,0.0521739130434781,0.05223711106064051,0.0170751421138623,0.0,0.052173913043478196,0.018935002308439,0.1083975576416739,0.4000000000000001,0.0813453843767578,0.5043478260869565,1.0,0.7820121951219512,0.7748501729281623,0.4573272991481258,0.2956064439935173,0.0391830996690221,-0.0015243902439024,-0.0014483006989185,-0.0017646479907465998,0.010670731707317,0.0091463414634146,0.0186873763094287,0.0862277190422834,0.5259146341463414,-0.0101529864810416,0.5308191940615058,0.9679878048780488
mosi,22,candidate_mixer,native_qmf,0.005,656,0.15,0.7913043478260868,0.7911622276029057,0.4893374816535243,0.3112825384751208,0.0534153008154524,0.0086956521739129,0.0088168570222408,0.0023743434788456,0.0,0.008695652173913,0.004413014910392,0.026263152296001704,0.4000000000000001,0.0113113697743658,0.0756521739130434,1.0,0.7804878048780488,0.7731477479035187,0.4548725978846781,0.2944002057823436,0.0456314416404335,-0.0030487804878048,-0.0031507257235621005,0.000690053272701,0.0045731707317073,0.0015243902439024,0.0033738083577483004,0.0167119346667119,0.524390243902439,0.0039702001438504,0.0760597826086956,0.9969512195121953
mosi,22,candidate_mixer,native_qmf,0.01,656,0.325,0.8000000000000002,0.7997577409342116,0.4870841108989472,0.3090468651168469,0.0754476418174056,0.017391304347826,0.0174123703535469,0.0046277142334227,0.0,0.017391304347826,0.0097255543569704,0.0578016622229565,0.4000000000000001,0.0220463375981379,0.1639130434782608,1.0,0.7835365853658537,0.776042468072011,0.4543001949596063,0.2936413702615417,0.0409065836143788,0.0,-0.0002560055550697,0.0012624561977728,0.0060975609756097,0.0060975609756097,0.0073853865285203,0.0365689079824199,0.524390243902439,0.0072635350419918004,0.1647961956521739,0.9969512195121953
mosi,22,candidate_mixer,native_qmf,0.02,656,0.625,0.8000000000000002,0.799939490204977,0.48444643773442914,0.3064613585288527,0.0677954150789851,0.017391304347826,0.0175941196243123,0.0072653873979407,0.008695652173913,0.026086956521739098,0.0192971329429578,0.1142957903877163,0.4000000000000001,0.0346121066768456,0.3152173913043478,1.0,0.7865853658536586,0.779939617577994,0.453871377968403,0.2928686472260089,0.0358142004057484,0.0030487804878048,0.0036411439509131,0.0016912731889760998,0.010670731707317,0.0137195121951219,0.0144667333309094,0.0715545766055825,0.524390243902439,0.0097307445900007,0.3169157608695652,0.9969512195121953
mosi,22,candidate_mixer,native_qmf,0.05,656,1.0,0.8000000000000002,0.799939490204977,0.4832745438086435,0.3054446766373728,0.0675216047570025,0.017391304347826,0.0175941196243123,0.0084372813237265,0.026086956521739098,0.0434782608695652,0.0322587244204897,0.1897213531023021,0.4000000000000001,0.0401949622990859,0.5043478260869565,1.0,0.7911585365853658,0.7854504914213142,0.4542751585459507,0.2928408830464816,0.0422158074977067,0.0076219512195121,0.0091520177942332,0.0012874926114284,0.0167682926829268,0.024390243902439,0.0237259890445949,0.1170814599788025,0.524390243902439,0.0074075826895571,0.5070652173913043,0.9969512195121953
mosi,22,candidate_mixer,native_tmc,0.005,656,0.175,0.7913043478260868,0.7911622276029057,0.4885624018997623,0.3106464297166019,0.05322379417432949,0.0086956521739129,0.0088168570222408,0.0031494232326076,0.0,0.008695652173913,0.0046003259612581,0.028209563414942202,0.4000000000000001,0.0150038186093351,0.0882608695652173,1.0,0.7835365853658537,0.776042468072011,0.454865940817287,0.2944266513269907,0.0493469418515475,0.0,-0.0002560055550697,0.0006967103400921,0.0030487804878048,0.0030487804878048,0.0034928623364947997,0.0179378078616342,0.5228658536585366,0.0040085017516829,0.0841387195121951,0.9878048780487804
mosi,22,candidate_mixer,native_tmc,0.01,656,0.35,0.8000000000000002,0.7997577409342116,0.48592202703233756,0.3081199238766666,0.0679232090765677,0.017391304347826,0.0174123703535469,0.0057897981000323,0.0,0.017391304347826,0.0093457063066858,0.0572383643919991,0.4000000000000001,0.0275824584922426,0.1765217391304347,1.0,0.7835365853658537,0.776042468072011,0.4543590214359517,0.2937915861555212,0.0398620660651834,0.0,-0.0002560055550697,0.0012036297214274,0.0060975609756097,0.0060975609756097,0.007052437197309699,0.0362032949089801,0.5228658536585366,0.0069250754028156,0.1682774390243902,0.9878048780487804
mosi,22,candidate_mixer,native_tmc,0.02,656,0.7000000000000001,0.808695652173913,0.8085653753026636,0.482059977194988,0.3044244894119793,0.0752795979507929,0.026086956521739,0.0262200047219988,0.0096518479373819,0.008695652173913,0.0347826086956521,0.019330451251756,0.1179543831118788,0.4000000000000001,0.0459811088934417,0.3530434782608695,1.0,0.7820121951219512,0.7751006326853044,0.45389336775602046,0.2930302512253729,0.0410522396167224,-0.0015243902439024,-0.0011978409417764,0.0016692834013586,0.0137195121951219,0.0121951219512195,0.014388893002110298,0.0737667680411741,0.5228658536585366,0.00960422578342,0.3365548780487805,0.9878048780487804
mosi,22,candidate_mixer,native_tmc,0.05,656,1.0,0.817391304347826,0.8171701112877583,0.4801932425302398,0.3026976683440745,0.0912387842401889,0.0347826086956521,0.0348247407070936,0.0115185826021301,0.017391304347826,0.052173913043478196,0.0285081834056991,0.1731035779296081,0.4000000000000001,0.0548741579049674,0.5043478260869565,1.0,0.7911585365853658,0.7854504914213142,0.45406224764067055,0.2929176245804525,0.0374396876654214,0.0076219512195121,0.0091520177942332,0.0015004035167086,0.0167682926829268,0.024390243902439,0.0209334486316898,0.1071267938276354,0.5228658536585366,0.0086325710392689,0.48079268292682925,0.9878048780487804
mosi,22,candidate_mixer,negative_entropy,0.005,656,0.8999999999999999,0.7913043478260868,0.7911622276029057,0.4875153303146361,0.3110777778233188,0.0607314762861832,0.0086956521739129,0.0088168570222408,0.0041964948177337,0.0,0.008695652173913,0.0049060890451073,0.0221118792891502,0.4000000000000001,0.0199917198974187,0.2496207803487777,1.0,0.7820121951219512,0.7748501729281623,0.4559015333652495,0.2951452272592096,0.05156102585719851,-0.0015243902439024,-0.0014483006989185,-0.0003388822078704,0.0015243902439024,0.0,0.0054496177472174,0.0214264020323753,0.5213414634146342,-0.0019498532015942,0.24552452564239496,1.0
mosi,22,candidate_mixer,negative_entropy,0.01,656,1.0,0.7913043478260868,0.7911622276029057,0.48708847165107716,0.3108169837841807,0.05890556107396659,0.0086956521739129,0.0088168570222408,0.0046233534812927,0.0,0.008695652173913,0.0054609547369182,0.024599198251962596,0.4000000000000001,0.0220254704019697,0.2773564159870147,1.0,0.7820121951219512,0.7748501729281623,0.4559574723243712,0.2951523238584,0.0505538213907218,-0.0015243902439024,-0.0014483006989185,-0.0003948211669921,0.0015243902439024,0.0,0.0060625141486525,0.0238357037305831,0.5213414634146342,-0.0022716994364262,0.2728050649166107,1.0
mosi,22,candidate_mixer,negative_entropy,0.02,656,1.0,0.7913043478260868,0.7911622276029057,0.48708847165107716,0.3108169837841807,0.05890556107396659,0.0086956521739129,0.0088168570222408,0.0046233534812927,0.0,0.008695652173913,0.0054609547369182,0.024599198251962596,0.4000000000000001,0.0220254704019697,0.2773564159870147,1.0,0.7820121951219512,0.7748501729281623,0.4559574723243712,0.2951523238584,0.0505538213907218,-0.0015243902439024,-0.0014483006989185,-0.0003948211669921,0.0015243902439024,0.0,0.0060625141486525,0.0238357037305831,0.5213414634146342,-0.0022716994364262,0.2728050649166107,1.0
mosi,22,candidate_mixer,negative_entropy,0.05,656,1.0,0.7913043478260868,0.7911622276029057,0.48708847165107716,0.3108169837841807,0.05890556107396659,0.0086956521739129,0.0088168570222408,0.0046233534812927,0.0,0.008695652173913,0.0054609547369182,0.024599198251962596,0.4000000000000001,0.0220254704019697,0.2773564159870147,1.0,0.7820121951219512,0.7748501729281623,0.4559574723243712,0.2951523238584,0.0505538213907218,-0.0015243902439024,-0.0014483006989185,-0.0003948211669921,0.0015243902439024,0.0,0.0060625141486525,0.0238357037305831,0.5213414634146342,-0.0022716994364262,0.2728050649166107,1.0
mosi,22,convex_projection,analytic_pi_g2,0.005,656,0.22499999999999998,0.782608695652174,0.7823453705806648,0.4916836488084983,0.3135015417102166,0.0750956035192405,0.0,0.0,2.81763238716981e-05,0.0,0.0,0.000955269300069,0.0004470219687780999,0.4521739130434782,0.0001343236239806,0.012288772501051398,0.1304347826086956,0.7820121951219512,0.7748501729281623,0.4553601433390454,0.2950461679149055,0.0439273646743251,-0.0015243902439024,-0.0014483006989185,0.00020250781833369998,0.0015243902439024,0.0,0.0001829120352086,1.717300120203727e-05,0.4939024390243902,0.001165094878016,0.0074212462641298,0.10060975609756088
mosi,22,convex_projection,analytic_pi_g2,0.01,656,0.22499999999999998,0.782608695652174,0.7823453705806648,0.4916836488084983,0.3135015417102166,0.0750956035192405,0.0,0.0,2.81763238716981e-05,0.0,0.0,0.000955269300069,0.0004470219687780999,0.4521739130434782,0.0001343236239806,0.012288772501051398,0.1304347826086956,0.7820121951219512,0.7748501729281623,0.4553601433390454,0.2950461679149055,0.0439273646743251,-0.0015243902439024,-0.0014483006989185,0.00020250781833369998,0.0015243902439024,0.0,0.0001829120352086,1.717300120203727e-05,0.4939024390243902,0.001165094878016,0.0074212462641298,0.10060975609756088
mosi,22,convex_projection,analytic_pi_g2,0.02,656,0.22499999999999998,0.782608695652174,0.7823453705806648,0.4916836488084983,0.3135015417102166,0.0750956035192405,0.0,0.0,2.81763238716981e-05,0.0,0.0,0.000955269300069,0.0004470219687780999,0.4521739130434782,0.0001343236239806,0.012288772501051398,0.1304347826086956,0.7820121951219512,0.7748501729281623,0.4553601433390454,0.2950461679149055,0.0439273646743251,-0.0015243902439024,-0.0014483006989185,0.00020250781833369998,0.0015243902439024,0.0,0.0001829120352086,1.717300120203727e-05,0.4939024390243902,0.001165094878016,0.0074212462641298,0.10060975609756088
mosi,22,convex_projection,analytic_pi_g2,0.05,656,0.22499999999999998,0.782608695652174,0.7823453705806648,0.4916836488084983,0.3135015417102166,0.0750956035192405,0.0,0.0,2.81763238716981e-05,0.0,0.0,0.000955269300069,0.0004470219687780999,0.4521739130434782,0.0001343236239806,0.012288772501051398,0.1304347826086956,0.7820121951219512,0.7748501729281623,0.4553601433390454,0.2950461679149055,0.0439273646743251,-0.0015243902439024,-0.0014483006989185,0.00020250781833369998,0.0015243902439024,0.0,0.0001829120352086,1.717300120203727e-05,0.4939024390243902,0.001165094878016,0.0074212462641298,0.10060975609756088
mosi,22,convex_projection,fixed,0.005,656,0.0,0.782608695652174,0.7823453705806648,0.49171183863427326,0.3136254612949314,0.0851811891016752,0.0,0.0,-1.3501903262103102e-08,0.0,0.0,6.383404483322343e-09,2.1905858149651176e-08,0.4434782608695652,2.8425537479392915e-08,0.0,0.0,0.7835365853658537,0.7762984736270808,0.4555626374970058,0.2952313149693906,0.0453338585793972,0.0,0.0,1.366037333250247e-08,0.0,0.0,6.838366572994723e-09,2.967310065715712e-08,0.4832317073170731,3.9550953956357666e-08,0.0,0.0
mosi,22,convex_projection,fixed,0.01,656,0.0,0.782608695652174,0.7823453705806648,0.49171183863427326,0.3136254612949314,0.0851811891016752,0.0,0.0,-1.3501903262103102e-08,0.0,0.0,6.383404483322343e-09,2.1905858149651176e-08,0.4434782608695652,2.8425537479392915e-08,0.0,0.0,0.7835365853658537,0.7762984736270808,0.4555626374970058,0.2952313149693906,0.0453338585793972,0.0,0.0,1.366037333250247e-08,0.0,0.0,6.838366572994723e-09,2.967310065715712e-08,0.4832317073170731,3.9550953956357666e-08,0.0,0.0
mosi,22,convex_projection,fixed,0.02,656,0.0,0.782608695652174,0.7823453705806648,0.49171183863427326,0.3136254612949314,0.0851811891016752,0.0,0.0,-1.3501903262103102e-08,0.0,0.0,6.383404483322343e-09,2.1905858149651176e-08,0.4434782608695652,2.8425537479392915e-08,0.0,0.0,0.7835365853658537,0.7762984736270808,0.4555626374970058,0.2952313149693906,0.0453338585793972,0.0,0.0,1.366037333250247e-08,0.0,0.0,6.838366572994723e-09,2.967310065715712e-08,0.4832317073170731,3.9550953956357666e-08,0.0,0.0
mosi,22,convex_projection,fixed,0.05,656,0.0,0.782608695652174,0.7823453705806648,0.49171183863427326,0.3136254612949314,0.0851811891016752,0.0,0.0,-1.3501903262103102e-08,0.0,0.0,6.383404483322343e-09,2.1905858149651176e-08,0.4434782608695652,2.8425537479392915e-08,0.0,0.0,0.7835365853658537,0.7762984736270808,0.4555626374970058,0.2952313149693906,0.0453338585793972,0.0,0.0,1.366037333250247e-08,0.0,0.0,6.838366572994723e-09,2.967310065715712e-08,0.4832317073170731,3.9550953956357666e-08,0.0,0.0
mosi,33,candidate_mixer,analytic_pi_g1,0.005,656,0.55,0.8000000000000002,0.799939490204977,0.4652988314628601,0.291617604962395,0.0498275150423464,-0.0086956521739129,-0.0087416955179508,0.0002705752849578,0.008695652173913,0.0,0.0047885309904813,0.0315153360366821,0.5826086956521739,0.001368158501151,0.1619485914707183,0.8347826086956522,0.7774390243902439,0.7733605936695441,0.4648270010948181,0.3001130033063217,0.0258508750759973,0.0045731707317073,0.0047538917295087,0.001707911491394,0.0,0.0045731707317073,0.0040187966078519,0.027448028326034504,0.4695121951219512,0.0097069281265392,0.1880819052457809,0.8109756097560976
mosi,33,candidate_mixer,analytic_pi_g1,0.01,656,0.625,0.8000000000000002,0.799939490204977,0.46529388427734364,0.2915965111407547,0.0497964216315227,-0.0086956521739129,-0.0087416955179508,0.0002755224704742,0.008695652173913,0.0,0.0054556769318878,0.0358912229537963,0.5826086956521739,0.0013932478111837,0.1840324848890304,0.8347826086956522,0.7774390243902439,0.7733605936695441,0.4646250903606415,0.2999519329550641,0.025833350401826,0.0045731707317073,0.0047538917295087,0.0019098222255705998,0.0,0.0045731707317073,0.0045784125104546,0.0312500298023223,0.4695121951219512,0.0108544793284953,0.2137294113636016,0.8109756097560976
mosi,33,candidate_mixer,analytic_pi_g1,0.02,656,0.625,0.8000000000000002,0.799939490204977,0.46529388427734364,0.2915965111407547,0.0497964216315227,-0.0086956521739129,-0.0087416955179508,0.0002755224704742,0.008695652173913,0.0,0.0054556769318878,0.0358912229537963,0.5826086956521739,0.0013932478111837,0.1840324848890304,0.8347826086956522,0.7774390243902439,0.7733605936695441,0.4646250903606415,0.2999519329550641,0.025833350401826,0.0045731707317073,0.0047538917295087,0.0019098222255705998,0.0,0.0045731707317073,0.0045784125104546,0.0312500298023223,0.4695121951219512,0.0108544793284953,0.2137294113636016,0.8109756097560976
mosi,33,candidate_mixer,analytic_pi_g1,0.05,656,0.625,0.8000000000000002,0.799939490204977,0.46529388427734364,0.2915965111407547,0.0497964216315227,-0.0086956521739129,-0.0087416955179508,0.0002755224704742,0.008695652173913,0.0,0.0054556769318878,0.0358912229537963,0.5826086956521739,0.0013932478111837,0.1840324848890304,0.8347826086956522,0.7774390243902439,0.7733605936695441,0.4646250903606415,0.2999519329550641,0.025833350401826,0.0045731707317073,0.0047538917295087,0.0019098222255705998,0.0,0.0045731707317073,0.0045784125104546,0.0312500298023223,0.4695121951219512,0.0108544793284953,0.2137294113636016,0.8109756097560976
mosi,33,candidate_mixer,analytic_pi_g2,0.005,656,1.0,0.8000000000000002,0.799939490204977,0.4652995765209198,0.2915732933334424,0.0470618875130363,-0.0086956521739129,-0.0087416955179508,0.0002698302268981,0.008695652173913,0.0,0.0049555976875126,0.0450799345970153,0.5826086956521739,0.0013644666807558,0.1682863980531692,0.8347826086956522,0.7774390243902439,0.7733605936695441,0.4645405411720276,0.299887688471679,0.0261023408029137,0.0045731707317073,0.0047538917295087,0.0019943714141845,0.0,0.0045731707317073,0.0041308458894491,0.0295525640249252,0.4695121951219512,0.0113350957913073,0.2085083276033401,0.8109756097560976
mosi,33,candidate_mixer,analytic_pi_g2,0.01,656,1.0,0.8000000000000002,0.799939490204977,0.4652995765209198,0.2915732933334424,0.0470618875130363,-0.0086956521739129,-0.0087416955179508,0.0002698302268981,0.008695652173913,0.0,0.0049555976875126,0.0450799345970153,0.5826086956521739,0.0013644666807558,0.1682863980531692,0.8347826086956522,0.7774390243902439,0.7733605936695441,0.4645405411720276,0.299887688471679,0.0261023408029137,0.0045731707317073,0.0047538917295087,0.0019943714141845,0.0,0.0045731707317073,0.0041308458894491,0.0295525640249252,0.4695121951219512,0.0113350957913073,0.2085083276033401,0.8109756097560976
mosi,33,candidate_mixer,analytic_pi_g2,0.02,656,1.0,0.8000000000000002,0.799939490204977,0.4652995765209198,0.2915732933334424,0.0470618875130363,-0.0086956521739129,-0.0087416955179508,0.0002698302268981,0.008695652173913,0.0,0.0049555976875126,0.0450799345970153,0.5826086956521739,0.0013644666807558,0.1682863980531692,0.8347826086956522,0.7774390243902439,0.7733605936695441,0.4645405411720276,0.299887688471679,0.0261023408029137,0.0045731707317073,0.0047538917295087,0.0019943714141845,0.0,0.0045731707317073,0.0041308458894491,0.0295525640249252,0.4695121951219512,0.0113350957913073,0.2085083276033401,0.8109756097560976
mosi,33,candidate_mixer,analytic_pi_g2,0.05,656,1.0,0.8000000000000002,0.799939490204977,0.4652995765209198,0.2915732933334424,0.0470618875130363,-0.0086956521739129,-0.0087416955179508,0.0002698302268981,0.008695652173913,0.0,0.0049555976875126,0.0450799345970153,0.5826086956521739,0.0013644666807558,0.1682863980531692,0.8347826086956522,0.7774390243902439,0.7733605936695441,0.4645405411720276,0.299887688471679,0.0261023408029137,0.0045731707317073,0.0047538917295087,0.0019943714141845,0.0,0.0045731707317073,0.0041308458894491,0.0295525640249252,0.4695121951219512,0.0113350957913073,0.2085083276033401,0.8109756097560976
mosi,33,candidate_mixer,analytic_pi_g3,0.005,656,1.0,0.8000000000000002,0.799939490204977,0.46534463763237,0.291675952275125,0.0470115557960841,-0.0086956521739129,-0.0087416955179508,0.0002247691154479,0.008695652173913,0.0,0.0030560155864804003,0.0246597558259963,0.5652173913043478,0.001136477935534,0.1134709492325782,0.8347826086956522,0.7759146341463414,0.7719027265609661,0.46507754921913136,0.3003361885776917,0.0305401666498765,0.0030487804878048,0.0032960246209308005,0.0014573633670806,0.0,0.0030487804878048,0.0025033140555024,0.0184818506240844,0.4634146341463415,0.0082828636644807,0.1442954391241073,0.8109756097560976
mosi,33,candidate_mixer,analytic_pi_g3,0.01,656,1.0,0.8000000000000002,0.799939490204977,0.46534463763237,0.291675952275125,0.0470115557960841,-0.0086956521739129,-0.0087416955179508,0.0002247691154479,0.008695652173913,0.0,0.0030560155864804003,0.0246597558259963,0.5652173913043478,0.001136477935534,0.1134709492325782,0.8347826086956522,0.7759146341463414,0.7719027265609661,0.46507754921913136,0.3003361885776917,0.0305401666498765,0.0030487804878048,0.0032960246209308005,0.0014573633670806,0.0,0.0030487804878048,0.0025033140555024,0.0184818506240844,0.4634146341463415,0.0082828636644807,0.1442954391241073,0.8109756097560976
mosi,33,candidate_mixer,analytic_pi_g3,0.02,656,1.0,0.8000000000000002,0.799939490204977,0.46534463763237,0.291675952275125,0.0470115557960841,-0.0086956521739129,-0.0087416955179508,0.0002247691154479,0.008695652173913,0.0,0.0030560155864804003,0.0246597558259963,0.5652173913043478,0.001136477935534,0.1134709492325782,0.8347826086956522,0.7759146341463414,0.7719027265609661,0.46507754921913136,0.3003361885776917,0.0305401666498765,0.0030487804878048,0.0032960246209308005,0.0014573633670806,0.0,0.0030487804878048,0.0025033140555024,0.0184818506240844,0.4634146341463415,0.0082828636644807,0.1442954391241073,0.8109756097560976
mosi,33,candidate_mixer,analytic_pi_g3,0.05,656,1.0,0.8000000000000002,0.799939490204977,0.46534463763237,0.291675952275125,0.0470115557960841,-0.0086956521739129,-0.0087416955179508,0.0002247691154479,0.008695652173913,0.0,0.0030560155864804003,0.0246597558259963,0.5652173913043478,0.001136477935534,0.1134709492325782,0.8347826086956522,0.7759146341463414,0.7719027265609661,0.46507754921913136,0.3003361885776917,0.0305401666498765,0.0030487804878048,0.0032960246209308005,0.0014573633670806,0.0,0.0030487804878048,0.0025033140555024,0.0184818506240844,0.4634146341463415,0.0082828636644807,0.1442954391241073,0.8109756097560976
mosi,33,candidate_mixer,analytic_pi_selected,0.005,656,0.55,0.8000000000000002,0.799939490204977,0.4652988314628601,0.291617604962395,0.0498275150423464,-0.0086956521739129,-0.0087416955179508,0.0002705752849578,0.008695652173913,0.0,0.0047885309904813,0.0315153360366821,0.5826086956521739,0.001368158501151,0.1619485914707183,0.8347826086956522,0.7774390243902439,0.7733605936695441,0.4648270010948181,0.3001130033063217,0.0258508750759973,0.0045731707317073,0.0047538917295087,0.001707911491394,0.0,0.0045731707317073,0.0040187966078519,0.027448028326034504,0.4695121951219512,0.0097069281265392,0.1880819052457809,0.8109756097560976
mosi,33,candidate_mixer,analytic_pi_selected,0.01,656,0.625,0.8000000000000002,0.799939490204977,0.46529388427734364,0.2915965111407547,0.0497964216315227,-0.0086956521739129,-0.0087416955179508,0.0002755224704742,0.008695652173913,0.0,0.0054556769318878,0.0358912229537963,0.5826086956521739,0.0013932478111837,0.1840324848890304,0.8347826086956522,0.7774390243902439,0.7733605936695441,0.4646250903606415,0.2999519329550641,0.025833350401826,0.0045731707317073,0.0047538917295087,0.0019098222255705998,0.0,0.0045731707317073,0.0045784125104546,0.0312500298023223,0.4695121951219512,0.0108544793284953,0.2137294113636016,0.8109756097560976
mosi,33,candidate_mixer,analytic_pi_selected,0.02,656,0.625,0.8000000000000002,0.799939490204977,0.46529388427734364,0.2915965111407547,0.0497964216315227,-0.0086956521739129,-0.0087416955179508,0.0002755224704742,0.008695652173913,0.0,0.0054556769318878,0.0358912229537963,0.5826086956521739,0.0013932478111837,0.1840324848890304,0.8347826086956522,0.7774390243902439,0.7733605936695441,0.4646250903606415,0.2999519329550641,0.025833350401826,0.0045731707317073,0.0047538917295087,0.0019098222255705998,0.0,0.0045731707317073,0.0045784125104546,0.0312500298023223,0.4695121951219512,0.0108544793284953,0.2137294113636016,0.8109756097560976
mosi,33,candidate_mixer,analytic_pi_selected,0.05,656,0.625,0.8000000000000002,0.799939490204977,0.46529388427734364,0.2915965111407547,0.0497964216315227,-0.0086956521739129,-0.0087416955179508,0.0002755224704742,0.008695652173913,0.0,0.0054556769318878,0.0358912229537963,0.5826086956521739,0.0013932478111837,0.1840324848890304,0.8347826086956522,0.7774390243902439,0.7733605936695441,0.4646250903606415,0.2999519329550641,0.025833350401826,0.0045731707317073,0.0047538917295087,0.0019098222255705998,0.0,0.0045731707317073,0.0045784125104546,0.0312500298023223,0.4695121951219512,0.0108544793284953,0.2137294113636016,0.8109756097560976
mosi,33,candidate_mixer,fixed,0.005,656,0.25,0.8000000000000002,0.799939490204977,0.4651058412184031,0.2916643904673338,0.050535909896311494,-0.0086956521739129,-0.0087416955179508,0.00046356552941479996,0.008695652173913,0.0,0.0048273381264956,0.0234833854047676,0.6173913043478261,0.0023438288792355,0.25,1.0,0.7759146341463414,0.7719027265609661,0.4650145007148108,0.3003324956936017,0.0319985588331048,0.0030487804878048,0.0032960246209308005,0.0015204118714012,0.0,0.0030487804878048,0.003881668693778,0.0198050791902737,0.5228658536585366,0.0086412698337423,0.25,1.0
mosi,33,candidate_mixer,fixed,0.01,656,0.4749999999999999,0.8000000000000002,0.799939490204977,0.4649786366963279,0.291610702469898,0.0455786082407702,-0.0086956521739129,-0.0087416955179508,0.00059077005149,0.008695652173913,0.0,0.0092770950468677,0.0451049887165406,0.6173913043478261,0.0029870005727773,0.4749999999999999,1.0,0.7804878048780488,0.7766491700950489,0.4639189594461252,0.2995014924232316,0.0256888552727859,0.0076219512195122,0.0080424681550135,0.0026159531400869,0.0,0.0076219512195121,0.007464185455091,0.0379713324752244,0.5228658536585366,0.0148677327545948,0.4749999999999999,1.0
mosi,33,candidate_mixer,fixed,0.02,656,0.4749999999999999,0.8000000000000002,0.799939490204977,0.4649786366963279,0.291610702469898,0.0455786082407702,-0.0086956521739129,-0.0087416955179508,0.00059077005149,0.008695652173913,0.0,0.0092770950468677,0.0451049887165406,0.6173913043478261,0.0029870005727773,0.4749999999999999,1.0,0.7804878048780488,0.7766491700950489,0.4639189594461252,0.2995014924232316,0.0256888552727859,0.0076219512195122,0.0080424681550135,0.0026159531400869,0.0,0.0076219512195121,0.007464185455091,0.0379713324752244,0.5228658536585366,0.0148677327545948,0.4749999999999999,1.0
mosi,33,candidate_mixer,fixed,0.05,656,0.4749999999999999,0.8000000000000002,0.799939490204977,0.4649786366963279,0.291610702469898,0.0455786082407702,-0.0086956521739129,-0.0087416955179508,0.00059077005149,0.008695652173913,0.0,0.0092770950468677,0.0451049887165406,0.6173913043478261,0.0029870005727773,0.4749999999999999,1.0,0.7804878048780488,0.7766491700950489,0.4639189594461252,0.2995014924232316,0.0256888552727859,0.0076219512195122,0.0080424681550135,0.0026159531400869,0.0,0.0076219512195121,0.007464185455091,0.0379713324752244,0.5228658536585366,0.0148677327545948,0.4749999999999999,1.0
mosi,33,candidate_mixer,max_confidence,0.005,656,0.675,0.8000000000000002,0.799939490204977,0.46512871980667103,0.2919764972635851,0.0412276578986126,-0.0086956521739129,-0.0087416955179508,0.0004406869411468,0.008695652173913,0.0,0.004993543960154,0.0200860261917114,0.6173913043478261,0.0022282773099587,0.3849032521247864,1.0,0.7759146341463414,0.7719027265609661,0.4648697078227997,0.3003642601694393,0.0356185150037451,0.0030487804878048,0.0032960246209308005,0.0016652047634123997,0.0,0.0030487804878048,0.0033691220451146,0.0154281109571456,0.5228658536585366,0.0094643756068047,0.3541193008422851,1.0
mosi,33,candidate_mixer,max_confidence,0.01,656,1.0,0.8000000000000002,0.799939490204977,0.4650432765483856,0.292022175100585,0.0430730539819469,-0.0086956521739129,-0.0087416955179508,0.0005261301994323,0.008695652173913,0.0,0.0074251322075724,0.029904603958129803,0.6173913043478261,0.0026601449529236,0.5702269673347473,1.0,0.7759146341463414,0.7719027265609661,0.4641548693180084,0.2998602165623731,0.034859265859534,0.0030487804878048,0.0032960246209308005,0.0023800432682037,0.0,0.0030487804878048,0.0050070448778569,0.0229422152042388,0.5228658536585366,0.0135267915518551,0.5246211886405945,1.0
mosi,33,candidate_mixer,max_confidence,0.02,656,1.0,0.8000000000000002,0.799939490204977,0.4650432765483856,0.292022175100585,0.0430730539819469,-0.0086956521739129,-0.0087416955179508,0.0005261301994323,0.008695652173913,0.0,0.0074251322075724,0.029904603958129803,0.6173913043478261,0.0026601449529236,0.5702269673347473,1.0,0.7759146341463414,0.7719027265609661,0.4641548693180084,0.2998602165623731,0.034859265859534,0.0030487804878048,0.0032960246209308005,0.0023800432682037,0.0,0.0030487804878048,0.0050070448778569,0.0229422152042388,0.5228658536585366,0.0135267915518551,0.5246211886405945,1.0
mosi,33,candidate_mixer,max_confidence,0.05,656,1.0,0.8000000000000002,0.799939490204977,0.4650432765483856,0.292022175100585,0.0430730539819469,-0.0086956521739129,-0.0087416955179508,0.0005261301994323,0.008695652173913,0.0,0.0074251322075724,0.029904603958129803,0.6173913043478261,0.0026601449529236,0.5702269673347473,1.0,0.7759146341463414,0.7719027265609661,0.4641548693180084,0.2998602165623731,0.034859265859534,0.0030487804878048,0.0032960246209308005,0.0023800432682037,0.0,0.0030487804878048,0.0050070448778569,0.0229422152042388,0.5228658536585366,0.0135267915518551,0.5246211886405945,1.0
mosi,33,candidate_mixer,native_pdf,0.005,656,0.675,0.808695652173913,0.808681185722928,0.4627323592962548,0.2893015935148535,0.0400334915503549,0.0,0.0,0.0028370474515632,0.0,0.0,0.0049707501914261,0.0244833455882145,0.6173913043478261,0.014344631700984599,0.3404347826086956,1.0,0.7850609756097561,0.7810305031781541,0.46418511406049895,0.2995834220796248,0.022678144548428,0.0121951219512195,0.0124238012381188,0.002349798525713,0.0,0.0121951219512195,0.0054923933072389,0.0322112003568092,0.5228658536585366,0.0133550541499809,0.3910239925768822,0.9984756097560976
mosi,33,candidate_mixer,native_pdf,0.01,656,1.0,0.8260869565217391,0.8260738052026617,0.4616471397528796,0.2882386241052607,0.0473127901824525,0.017391304347826,0.0173926194797339,0.0039222669949383,0.0,0.017391304347826,0.0074085111611824,0.0364889005065551,0.6173913043478261,0.0198317203688307,0.5043478260869565,1.0,0.7896341463414634,0.7855985752043882,0.4633285655671944,0.2988788506846418,0.0287760072973411,0.0167682926829269,0.0169918732643528,0.0032063470190177,0.0,0.0167682926829268,0.0082096446700978,0.0480985019578085,0.5228658536585366,0.0182232116406347,0.5792948038176033,0.9984756097560976
mosi,33,candidate_mixer,native_pdf,0.02,656,1.0,0.8260869565217391,0.8260738052026617,0.4616471397528796,0.2882386241052607,0.0473127901824525,0.017391304347826,0.0173926194797339,0.0039222669949383,0.0,0.017391304347826,0.0074085111611824,0.0364889005065551,0.6173913043478261,0.0198317203688307,0.5043478260869565,1.0,0.7896341463414634,0.7855985752043882,0.4633285655671944,0.2988788506846418,0.0287760072973411,0.0167682926829269,0.0169918732643528,0.0032063470190177,0.0,0.0167682926829268,0.0082096446700978,0.0480985019578085,0.5228658536585366,0.0182232116406347,0.5792948038176033,0.9984756097560976
mosi,33,candidate_mixer,native_pdf,0.05,656,1.0,0.8260869565217391,0.8260738052026617,0.4616471397528796,0.2882386241052607,0.0473127901824525,0.017391304347826,0.0173926194797339,0.0039222669949383,0.0,0.017391304347826,0.0074085111611824,0.0364889005065551,0.6173913043478261,0.0198317203688307,0.5043478260869565,1.0,0.7896341463414634,0.7855985752043882,0.4633285655671944,0.2988788506846418,0.0287760072973411,0.0167682926829269,0.0169918732643528,0.0032063470190177,0.0,0.0167682926829268,0.0082096446700978,0.0480985019578085,0.5228658536585366,0.0182232116406347,0.5792948038176033,0.9984756097560976
mosi,33,candidate_mixer,native_qmf,0.005,656,0.44999999999999996,0.8000000000000002,0.799939490204977,0.4640507497982555,0.2905141722797952,0.0504152308559371,-0.0086956521739129,-0.0087416955179508,0.0015186569495624,0.008695652173913,0.0,0.0049466530167895,0.0238958522733185,0.6173913043478261,0.0076785836856475,0.2269565217391304,1.0,0.7789634146341463,0.7750060908254428,0.4647349197877106,0.3000552042321412,0.0256812709839155,0.0060975609756097,0.0063993888854074,0.0017999927985015,0.0,0.0060975609756097,0.0042352844760851,0.023468125752483,0.5213414634146342,0.010230256324462,0.2274396871686108,0.9969512195121953
mosi,33,candidate_mixer,native_qmf,0.01,656,0.875,0.808695652173913,0.808681185722928,0.4631214920031344,0.2895497297265424,0.0466471846683376,0.0,0.0,0.0024479147446835,0.008695652173913,0.008695652173913,0.0097658979001371,0.0470384736400182,0.6173913043478261,0.012377098330210497,0.4413043478260869,1.0,0.7896341463414634,0.7854135851632724,0.46338667404097805,0.2990021795768905,0.0267687768068002,0.0167682926829269,0.0168068832232369,0.0031482385452341003,0.0015243902439024,0.0182926829268292,0.0083663377968972,0.046149938832165,0.5213414634146342,0.0178929545633861,0.4422438361611877,0.9969512195121953
mosi,33,candidate_mixer,native_qmf,0.02,656,1.0,0.817391304347826,0.8173360562741094,0.4629354185621114,0.2893480685732464,0.0404487750998967,0.0086956521739131,0.0086548705511815,0.0026339881857065,0.008695652173913,0.017391304347826,0.0112125780026705,0.05395577213705519,0.6173913043478261,0.013317923139216398,0.5043478260869565,1.0,0.788109756097561,0.7837637868845851,0.4630534199942644,0.2987502460360799,0.026147986205802297,0.0152439024390244,0.0151570849445497,0.0034814925919477,0.0030487804878048,0.0182926829268292,0.0096076481430602,0.0529201599393799,0.5213414634146342,0.019786989981674,0.5054215270413573,0.9969512195121953
mosi,33,candidate_mixer,native_qmf,0.05,656,1.0,0.817391304347826,0.8173360562741094,0.4629354185621114,0.2893480685732464,0.0404487750998967,0.0086956521739131,0.0086548705511815,0.0026339881857065,0.008695652173913,0.017391304347826,0.0112125780026705,0.05395577213705519,0.6173913043478261,0.013317923139216398,0.5043478260869565,1.0,0.788109756097561,0.7837637868845851,0.4630534199942644,0.2987502460360799,0.026147986205802297,0.0152439024390244,0.0151570849445497,0.0034814925919477,0.0030487804878048,0.0182926829268292,0.0096076481430602,0.0529201599393799,0.5213414634146342,0.019786989981674,0.5054215270413573,0.9969512195121953
mosi,33,candidate_mixer,native_tmc,0.005,656,0.42500000000000004,0.8000000000000002,0.799939490204977,0.4645343837294452,0.2909916179996804,0.05049361072275051,-0.0086956521739129,-0.0087416955179508,0.0010350230183726,0.008695652173913,0.0,0.004735268649509,0.027524706270867,0.6173913043478261,0.0052332330840871,0.2143478260869565,1.0,0.7789634146341463,0.7750060908254428,0.4649475535195571,0.3001947874960292,0.024515232941993,0.0060975609756097,0.0063993888854074,0.001587359066655,0.0,0.0060975609756097,0.0039646472256372,0.0230532627593908,0.5213414634146342,0.0090217614143134,0.2116098886532343,0.992378048780488
mosi,33,candidate_mixer,native_tmc,0.01,656,0.875,0.808695652173913,0.808681185722928,0.4639306931293666,0.2903613423165959,0.0467634327532212,0.0,0.0,0.0016387136184514,0.008695652173913,0.008695652173913,0.0099192139702724,0.057521773449439303,0.6173913043478261,0.0082856143932866,0.441304347826087,1.0,0.7896341463414634,0.7854135851632724,0.46362171414098946,0.2991255068398624,0.0267116932003351,0.0167682926829269,0.0168068832232369,0.0029131984452226,0.0015243902439024,0.0182926829268292,0.0082934851135772,0.0480561226268126,0.5213414634146342,0.0165571139981195,0.4356674178154825,0.992378048780488
mosi,33,candidate_mixer,native_tmc,0.02,656,1.0,0.808695652173913,0.808681185722928,0.4638490977996574,0.2902670741510048,0.0452321540993869,0.0,0.0,0.0017203089481605,0.008695652173913,0.008695652173913,0.0113929756764263,0.0660171214810633,0.6173913043478261,0.0086981768206129,0.5043478260869566,1.0,0.788109756097561,0.7837637868845851,0.4633165381203408,0.298885777112705,0.0256802162868567,0.0152439024390244,0.0151570849445497,0.0032183744658713,0.0030487804878048,0.0182926829268292,0.0095217652332846,0.055113763298754996,0.5213414634146342,0.0182915691311349,0.4979056203605513,0.992378048780488
mosi,33,candidate_mixer,native_tmc,0.05,656,1.0,0.808695652173913,0.808681185722928,0.4638490977996574,0.2902670741510048,0.0452321540993869,0.0,0.0,0.0017203089481605,0.008695652173913,0.008695652173913,0.0113929756764263,0.0660171214810633,0.6173913043478261,0.0086981768206129,0.5043478260869566,1.0,0.788109756097561,0.7837637868845851,0.4633165381203408,0.298885777112705,0.0256802162868567,0.0152439024390244,0.0151570849445497,0.0032183744658713,0.0030487804878048,0.0182926829268292,0.0095217652332846,0.055113763298754996,0.5213414634146342,0.0182915691311349,0.4979056203605513,0.992378048780488
mosi,33,candidate_mixer,negative_entropy,0.005,656,1.0,0.808695652173913,0.808681185722928,0.464951753616333,0.2920099412919847,0.028251180441483097,0.0,0.0,0.0006176531314849,0.0,0.0,0.0032386344391852,0.011881636083126,0.6173913043478261,0.0031228279946973,0.3142659068107605,1.0,0.774390243902439,0.770255944267757,0.4655756950378418,0.3009158884404709,0.0399241392932286,0.0015243902439024,0.0016492423277216,0.0009592175483702999,0.0,0.0015243902439024,0.0020737207960337,0.0084203109145164,0.5228658536585366,0.0054516727654848,0.2795169353485107,1.0
mosi,33,candidate_mixer,negative_entropy,0.01,656,1.0,0.808695652173913,0.808681185722928,0.464951753616333,0.2920099412919847,0.028251180441483097,0.0,0.0,0.0006176531314849,0.0,0.0,0.0032386344391852,0.011881636083126,0.6173913043478261,0.0031228279946973,0.3142659068107605,1.0,0.774390243902439,0.770255944267757,0.4655756950378418,0.3009158884404709,0.0399241392932286,0.0015243902439024,0.0016492423277216,0.0009592175483702999,0.0,0.0015243902439024,0.0020737207960337,0.0084203109145164,0.5228658536585366,0.0054516727654848,0.2795169353485107,1.0
mosi,33,candidate_mixer,negative_entropy,0.02,656,1.0,0.808695652173913,0.808681185722928,0.464951753616333,0.2920099412919847,0.028251180441483097,0.0,0.0,0.0006176531314849,0.0,0.0,0.0032386344391852,0.011881636083126,0.6173913043478261,0.0031228279946973,0.3142659068107605,1.0,0.774390243902439,0.770255944267757,0.4655756950378418,0.3009158884404709,0.0399241392932286,0.0015243902439024,0.0016492423277216,0.0009592175483702999,0.0,0.0015243902439024,0.0020737207960337,0.0084203109145164,0.5228658536585366,0.0054516727654848,0.2795169353485107,1.0
mosi,33,candidate_mixer,negative_entropy,0.05,656,1.0,0.808695652173913,0.808681185722928,0.464951753616333,0.2920099412919847,0.028251180441483097,0.0,0.0,0.0006176531314849,0.0,0.0,0.0032386344391852,0.011881636083126,0.6173913043478261,0.0031228279946973,0.3142659068107605,1.0,0.774390243902439,0.770255944267757,0.4655756950378418,0.3009158884404709,0.0399241392932286,0.0015243902439024,0.0016492423277216,0.0009592175483702999,0.0,0.0015243902439024,0.0020737207960337,0.0084203109145164,0.5228658536585366,0.0054516727654848,0.2795169353485107,1.0
mosi,33,convex_projection,analytic_pi_g2,0.005,656,0.0,0.808695652173913,0.808681185722928,0.4655693890427019,0.2920049740693061,0.0251065549643142,0.0,0.0,1.770511609544556e-08,0.0,0.0,5.227587767193772e-09,2.3038401031350013e-08,0.5043478260869565,3.768118672642373e-08,0.0,0.0,0.7728658536585366,0.7686067019400353,0.4665349186928413,0.3015010910018489,0.0382533590422897,0.0,0.0,-6.106629146795939e-09,0.0,0.0,5.931686702864677e-09,2.7615399758595955e-08,0.4740853658536585,3.7928567064859926e-08,0.0,0.0
mosi,33,convex_projection,analytic_pi_g2,0.01,656,0.0,0.808695652173913,0.808681185722928,0.4655693890427019,0.2920049740693061,0.0251065549643142,0.0,0.0,1.770511609544556e-08,0.0,0.0,5.227587767193772e-09,2.3038401031350013e-08,0.5043478260869565,3.768118672642373e-08,0.0,0.0,0.7728658536585366,0.7686067019400353,0.4665349186928413,0.3015010910018489,0.0382533590422897,0.0,0.0,-6.106629146795939e-09,0.0,0.0,5.931686702864677e-09,2.7615399758595955e-08,0.4740853658536585,3.7928567064859926e-08,0.0,0.0
mosi,33,convex_projection,analytic_pi_g2,0.02,656,0.0,0.808695652173913,0.808681185722928,0.4655693890427019,0.2920049740693061,0.0251065549643142,0.0,0.0,1.770511609544556e-08,0.0,0.0,5.227587767193772e-09,2.3038401031350013e-08,0.5043478260869565,3.768118672642373e-08,0.0,0.0,0.7728658536585366,0.7686067019400353,0.4665349186928413,0.3015010910018489,0.0382533590422897,0.0,0.0,-6.106629146795939e-09,0.0,0.0,5.931686702864677e-09,2.7615399758595955e-08,0.4740853658536585,3.7928567064859926e-08,0.0,0.0
mosi,33,convex_projection,analytic_pi_g2,0.05,656,0.0,0.808695652173913,0.808681185722928,0.4655693890427019,0.2920049740693061,0.0251065549643142,0.0,0.0,1.770511609544556e-08,0.0,0.0,5.227587767193772e-09,2.3038401031350013e-08,0.5043478260869565,3.768118672642373e-08,0.0,0.0,0.7728658536585366,0.7686067019400353,0.4665349186928413,0.3015010910018489,0.0382533590422897,0.0,0.0,-6.106629146795939e-09,0.0,0.0,5.931686702864677e-09,2.7615399758595955e-08,0.4740853658536585,3.7928567064859926e-08,0.0,0.0
mosi,33,convex_projection,fixed,0.005,656,0.0,0.808695652173913,0.808681185722928,0.4655693890427019,0.2920049740693061,0.0251065549643142,0.0,0.0,1.770511609544556e-08,0.0,0.0,5.227587767193772e-09,2.3038401031350013e-08,0.5043478260869565,3.768118672642373e-08,0.0,0.0,0.7728658536585366,0.7686067019400353,0.4665349186928413,0.3015010910018489,0.0382533590422897,0.0,0.0,-6.106629146795939e-09,0.0,0.0,5.931686702864677e-09,2.7615399758595955e-08,0.4740853658536585,3.7928567064859926e-08,0.0,0.0
mosi,33,convex_projection,fixed,0.01,656,0.0,0.808695652173913,0.808681185722928,0.4655693890427019,0.2920049740693061,0.0251065549643142,0.0,0.0,1.770511609544556e-08,0.0,0.0,5.227587767193772e-09,2.3038401031350013e-08,0.5043478260869565,3.768118672642373e-08,0.0,0.0,0.7728658536585366,0.7686067019400353,0.4665349186928413,0.3015010910018489,0.0382533590422897,0.0,0.0,-6.106629146795939e-09,0.0,0.0,5.931686702864677e-09,2.7615399758595955e-08,0.4740853658536585,3.7928567064859926e-08,0.0,0.0
mosi,33,convex_projection,fixed,0.02,656,0.0,0.808695652173913,0.808681185722928,0.4655693890427019,0.2920049740693061,0.0251065549643142,0.0,0.0,1.770511609544556e-08,0.0,0.0,5.227587767193772e-09,2.3038401031350013e-08,0.5043478260869565,3.768118672642373e-08,0.0,0.0,0.7728658536585366,0.7686067019400353,0.4665349186928413,0.3015010910018489,0.0382533590422897,0.0,0.0,-6.106629146795939e-09,0.0,0.0,5.931686702864677e-09,2.7615399758595955e-08,0.4740853658536585,3.7928567064859926e-08,0.0,0.0
mosi,33,convex_projection,fixed,0.05,656,0.0,0.808695652173913,0.808681185722928,0.4655693890427019,0.2920049740693061,0.0251065549643142,0.0,0.0,1.770511609544556e-08,0.0,0.0,5.227587767193772e-09,2.3038401031350013e-08,0.5043478260869565,3.768118672642373e-08,0.0,0.0,0.7728658536585366,0.7686067019400353,0.4665349186928413,0.3015010910018489,0.0382533590422897,0.0,0.0,-6.106629146795939e-09,0.0,0.0,5.931686702864677e-09,2.7615399758595955e-08,0.4740853658536585,3.7928567064859926e-08,0.0,0.0
mosi,44,candidate_mixer,analytic_pi_g1,0.005,656,0.22499999999999998,0.7913043478260868,0.7900182592818016,0.4760368764400482,0.3034327648559614,0.0509813785552978,0.0,0.0,0.0026679039001464,0.008695652173913,0.008695652173913,0.0048218923620879,0.0310255244374275,0.5217391304347826,0.0142115653121599,0.0838193371891975,0.8521739130434782,0.7652439024390244,0.7625400765332506,0.4759266674518585,0.3126114476977871,0.0203784763267854,-0.0015243902439023,-0.0021939342258647,0.0033015608787535997,0.010670731707317,0.0091463414634146,0.0033082708250731,0.0199735164642334,0.4603658536585366,0.0187142660825275,0.0903186351060867,0.8490853658536586
mosi,44,candidate_mixer,analytic_pi_g1,0.01,656,0.44999999999999996,0.7913043478260868,0.7900182592818016,0.4739305377006531,0.3011364030351435,0.0337844371795654,0.0,0.0,0.0047742426395416,0.017391304347826,0.017391304347826,0.0098325693979859,0.0630589798092841,0.5217391304347826,0.0254315103995097,0.167638674378395,0.8521739130434782,0.7667682926829268,0.7638438896300531,0.4729783236980438,0.3100332045051288,0.026512415852488504,0.0,-0.0008901211290622,0.0062499046325682995,0.0137195121951219,0.0137195121951219,0.0067064217291772,0.0403541773557662,0.4603658536585366,0.0354258997719229,0.1806372702121734,0.8490853658536586
mosi,44,candidate_mixer,analytic_pi_g1,0.02,656,0.875,0.808695652173913,0.8083333333333333,0.47138717770576466,0.2982635347512251,0.049930523271146006,0.017391304347826,0.0183150740515317,0.0073176026344299,0.026086956521739098,0.0434782608695652,0.0198873318731784,0.1265657797455786,0.5217391304347826,0.03897980582925,0.3259641230106354,0.8521739130434782,0.7728658536585366,0.7693493009261991,0.46828287839889515,0.3059988756162777,0.0179724917724365,0.0060975609756097,0.0046152901670837,0.0109453499317169,0.0167682926829268,0.0228658536585365,0.013396804220974399,0.0800228342413902,0.4603658536585366,0.06204097718662999,0.3512391448020935,0.8490853658536586
mosi,44,candidate_mixer,analytic_pi_g1,0.05,656,1.0,0.808695652173913,0.8083333333333333,0.4709878861904143,0.2977830921395793,0.0492297545723293,0.017391304347826,0.0183150740515317,0.007716894149780201,0.026086956521739098,0.0434782608695652,0.0230116546154022,0.1460523024201392,0.5217391304347826,0.0411067780371624,0.3725304007530212,0.8521739130434782,0.7759146341463414,0.7724452834641025,0.46710720658302296,0.3050202858999289,0.0207518101101968,0.0091463414634146,0.007711272704987,0.0121210217475891,0.0182926829268292,0.027439024390243896,0.015438992530107398,0.0919961258769035,0.4603658536585366,0.0687049877540423,0.40141618251800526,0.8490853658536586
mosi,44,candidate_mixer,analytic_pi_g2,0.005,656,0.35,0.7913043478260868,0.7900182592818016,0.4755004346370697,0.3030298814900187,0.0372788491456404,0.0,0.0,0.003204345703125,0.008695652173913,0.008695652173913,0.004687160719186,0.0336950719356536,0.5217391304347826,0.0170693567885545,0.0830495133996009,0.8521739130434782,0.7652439024390244,0.7625400765332506,0.47561579942703236,0.3123613977580369,0.024029552573111,-0.0015243902439023,-0.0021939342258647,0.0036124289035797,0.010670731707317,0.0091463414634146,0.0030962256714701,0.0199992209672927,0.4603658536585366,0.0204760082358784,0.0907079502940177,0.8490853658536586
mosi,44,candidate_mixer,analytic_pi_g2,0.01,656,0.7250000000000001,0.8000000000000002,0.7990274295266317,0.4727659523487091,0.3002146521920614,0.0378364573354306,0.0086956521739131,0.0090091702448301,0.0059388279914855,0.017391304347826,0.026086956521739098,0.0099571337923407,0.0711147844791412,0.5217391304347826,0.0316353380922179,0.1720311492681503,0.8521739130434782,0.7682926829268293,0.7653062185190416,0.47216102480888356,0.3094001417915064,0.024727045671968897,0.0015243902439024,0.0005722077599261,0.007067203521728499,0.0137195121951219,0.015243902439024301,0.0065287379547953,0.0418804138898849,0.4603658536585366,0.0400585603159344,0.1878950297832489,0.8490853658536586
mosi,44,candidate_mixer,analytic_pi_g2,0.02,656,1.0,0.8000000000000002,0.7994540905299873,0.47120201587677,0.2985788256806772,0.0401117205619812,0.0086956521739131,0.0094358312481855,0.0075027644634246,0.026086956521739098,0.0347826086956521,0.0140064926818013,0.09948319196701041,0.5217391304347826,0.0399659792398748,0.237284317612648,0.8521739130434782,0.7698170731707317,0.766768461377266,0.46988216042518605,0.3074897171300974,0.0207273287744056,0.0030487804878048,0.0020344506181505,0.009346067905426,0.0137195121951219,0.0167682926829268,0.009129287675023,0.058236688375473,0.4603658536585366,0.0529754970198279,0.2591655552387237,0.8490853658536586
mosi,44,candidate_mixer,analytic_pi_g2,0.05,656,1.0,0.8000000000000002,0.7994540905299873,0.47120201587677,0.2985788256806772,0.0401117205619812,0.0086956521739131,0.0094358312481855,0.0075027644634246,0.026086956521739098,0.0347826086956521,0.0140064926818013,0.09948319196701041,0.5217391304347826,0.0399659792398748,0.237284317612648,0.8521739130434782,0.7698170731707317,0.766768461377266,0.46988216042518605,0.3074897171300974,0.0207273287744056,0.0030487804878048,0.0020344506181505,0.009346067905426,0.0137195121951219,0.0167682926829268,0.009129287675023,0.058236688375473,0.4603658536585366,0.0529754970198279,0.2591655552387237,0.8490853658536586
mosi,44,candidate_mixer,analytic_pi_g3,0.005,656,0.55,0.7913043478260868,0.7900182592818016,0.4749661684036255,0.3025942092321673,0.0406052029651144,0.0,0.0,0.0037386119365692004,0.008695652173913,0.008695652173913,0.0049549671821296,0.0358016997575759,0.5130434782608696,0.0199150830397064,0.0937679708003997,0.8521739130434782,0.7652439024390244,0.7625400765332506,0.4750525355339049,0.3119141164947967,0.0230997405582811,-0.0015243902439023,-0.0021939342258647,0.0041756927967071,0.010670731707317,0.0091463414634146,0.0031902077607809994,0.0204154849052429,0.4557926829268293,0.0236687330127826,0.1031783744692802,0.8490853658536586
mosi,44,candidate_mixer,analytic_pi_g3,0.01,656,1.0,0.8000000000000002,0.7990274295266317,0.47250837087631214,0.3001419299491717,0.0368074520774509,0.0086956521739131,0.0090091702448301,0.0061964094638824,0.017391304347826,0.026086956521739098,0.009241878055036,0.0660871177911758,0.5217391304347826,0.0330075193341266,0.1704872101545334,0.8521739130434782,0.7698170731707317,0.7669308976087452,0.4719962477684021,0.3093525773682983,0.0218624916018508,0.0030487804878048,0.0021968868496298,0.007231980562209999,0.0121951219512195,0.015243902439024301,0.0059065618552267,0.0374349504709243,0.4603658536585366,0.0409925590086065,0.1875970363616943,0.8490853658536586
mosi,44,candidate_mixer,analytic_pi_g3,0.02,656,1.0,0.8000000000000002,0.7990274295266317,0.47250837087631214,0.3001419299491717,0.0368074520774509,0.0086956521739131,0.0090091702448301,0.0061964094638824,0.017391304347826,0.026086956521739098,0.009241878055036,0.0660871177911758,0.5217391304347826,0.0330075193341266,0.1704872101545334,0.8521739130434782,0.7698170731707317,0.7669308976087452,0.4719962477684021,0.3093525773682983,0.0218624916018508,0.0030487804878048,0.0021968868496298,0.007231980562209999,0.0121951219512195,0.015243902439024301,0.0059065618552267,0.0374349504709243,0.4603658536585366,0.0409925590086065,0.1875970363616943,0.8490853658536586
mosi,44,candidate_mixer,analytic_pi_g3,0.05,656,1.0,0.8000000000000002,0.7990274295266317,0.47250837087631214,0.3001419299491717,0.0368074520774509,0.0086956521739131,0.0090091702448301,0.0061964094638824,0.017391304347826,0.026086956521739098,0.009241878055036,0.0660871177911758,0.5217391304347826,0.0330075193341266,0.1704872101545334,0.8521739130434782,0.7698170731707317,0.7669308976087452,0.4719962477684021,0.3093525773682983,0.0218624916018508,0.0030487804878048,0.0021968868496298,0.007231980562209999,0.0121951219512195,0.015243902439024301,0.0059065618552267,0.0374349504709243,0.4603658536585366,0.0409925590086065,0.1875970363616943,0.8490853658536586
mosi,44,candidate_mixer,analytic_pi_selected,0.005,656,0.55,0.7913043478260868,0.7900182592818016,0.4749661684036255,0.3025942092321673,0.0406052029651144,0.0,0.0,0.0037386119365692004,0.008695652173913,0.008695652173913,0.0049549671821296,0.0358016997575759,0.5130434782608696,0.0199150830397064,0.0937679708003997,0.8521739130434782,0.7652439024390244,0.7625400765332506,0.4750525355339049,0.3119141164947967,0.0230997405582811,-0.0015243902439023,-0.0021939342258647,0.0041756927967071,0.010670731707317,0.0091463414634146,0.0031902077607809994,0.0204154849052429,0.4557926829268293,0.0236687330127826,0.1031783744692802,0.8490853658536586
mosi,44,candidate_mixer,analytic_pi_selected,0.01,656,1.0,0.8000000000000002,0.7990274295266317,0.47250837087631214,0.3001419299491717,0.0368074520774509,0.0086956521739131,0.0090091702448301,0.0061964094638824,0.017391304347826,0.026086956521739098,0.009241878055036,0.0660871177911758,0.5217391304347826,0.0330075193341266,0.1704872101545334,0.8521739130434782,0.7698170731707317,0.7669308976087452,0.4719962477684021,0.3093525773682983,0.0218624916018508,0.0030487804878048,0.0021968868496298,0.007231980562209999,0.0121951219512195,0.015243902439024301,0.0059065618552267,0.0374349504709243,0.4603658536585366,0.0409925590086065,0.1875970363616943,0.8490853658536586
mosi,44,candidate_mixer,analytic_pi_selected,0.02,656,1.0,0.8000000000000002,0.7994540905299873,0.47120201587677,0.2985788256806772,0.0401117205619812,0.0086956521739131,0.0094358312481855,0.0075027644634246,0.026086956521739098,0.0347826086956521,0.0140064926818013,0.09948319196701041,0.5217391304347826,0.0399659792398748,0.237284317612648,0.8521739130434782,0.7698170731707317,0.766768461377266,0.46988216042518605,0.3074897171300974,0.0207273287744056,0.0030487804878048,0.0020344506181505,0.009346067905426,0.0137195121951219,0.0167682926829268,0.009129287675023,0.058236688375473,0.4603658536585366,0.0529754970198279,0.2591655552387237,0.8490853658536586
mosi,44,candidate_mixer,analytic_pi_selected,0.05,656,1.0,0.808695652173913,0.8083333333333333,0.4709878861904143,0.2977830921395793,0.0492297545723293,0.017391304347826,0.0183150740515317,0.007716894149780201,0.026086956521739098,0.0434782608695652,0.0230116546154022,0.1460523024201392,0.5217391304347826,0.0411067780371624,0.3725304007530212,0.8521739130434782,0.7759146341463414,0.7724452834641025,0.46710720658302296,0.3050202858999289,0.0207518101101968,0.0091463414634146,0.007711272704987,0.0121210217475891,0.0182926829268292,0.027439024390243896,0.015438992530107398,0.0919961258769035,0.4603658536585366,0.0687049877540423,0.40141618251800526,0.8490853658536586
mosi,44,candidate_mixer,fixed,0.005,656,0.125,0.7913043478260868,0.7900182592818016,0.4768569947044058,0.3041597128573139,0.0401840884724389,0.0,0.0,0.0018477856357888,0.008695652173913,0.008695652173913,0.0048369961965572,0.0317644428275943,0.5565217391304348,0.0098428420151106,0.125,1.0,0.7652439024390244,0.7626940278873982,0.4764283713444813,0.3130356319188473,0.0215569511339886,-0.0015243902439023,-0.0020399828717172,0.0027998569861308,0.0091463414634146,0.0076219512195121,0.0035550816085787003,0.0206095946414249,0.49847560975609745,0.015870237838615,0.125,1.0
mosi,44,candidate_mixer,fixed,0.01,656,0.25,0.8000000000000002,0.7984761904761905,0.4754439384772248,0.3024848362207407,0.0464852015609326,0.0086956521739131,0.0084579311943888,0.0032608418629698002,0.008695652173913,0.017391304347826,0.009819675701368,0.0645763858669149,0.5565217391304348,0.0173700025178692,0.25,1.0,0.7682926829268293,0.7654674093030257,0.47396152047061463,0.3108264646766875,0.0212493012318524,0.0015243902439024,0.0007333985439103,0.0052667078599974,0.0121951219512195,0.0137195121951219,0.007184895367144701,0.0416531224589277,0.49847560975609745,0.029852983762894896,0.25,1.0
mosi,44,candidate_mixer,fixed,0.02,656,0.4749999999999999,0.808695652173913,0.8083333333333333,0.4739263603508238,0.3005570976348622,0.05024319002809731,0.017391304347826,0.0183150740515317,0.0047784199893708,0.026086956521739098,0.0434782608695652,0.0191964958484319,0.1265119006156023,0.5565217391304348,0.025453937122286,0.4749999999999999,1.0,0.7682926829268293,0.7649698763942185,0.4702677044900055,0.307482949698486,0.0258624935397742,0.0015243902439024,0.00023586563510310003,0.0089605238406066,0.0167682926829268,0.0182926829268292,0.013922234550948398,0.0806854503593216,0.49847560975609745,0.0507904838343709,0.4749999999999999,1.0
mosi,44,candidate_mixer,fixed,0.05,656,0.625,0.808695652173913,0.8083333333333333,0.47362191879076154,0.3000483952632909,0.0518748927699482,0.017391304347826,0.0183150740515317,0.0050828615494331,0.026086956521739098,0.0434782608695652,0.0257759832264763,0.1700556259420326,0.5565217391304348,0.027075656373239297,0.625,1.0,0.774390243902439,0.7709842995169083,0.46829396275812735,0.3057060726113654,0.0212739769358006,0.0076219512195122,0.006250288757792801,0.0109342655724847,0.0182926829268292,0.0259146341463414,0.018572548832697,0.1075805142289588,0.49847560975609745,0.0619781601748293,0.625,1.0
mosi,44,candidate_mixer,max_confidence,0.005,656,0.44999999999999996,0.782608695652174,0.780952380952381,0.4772863984107971,0.3046913756813081,0.0295563288356946,-0.0086956521739129,-0.0090658783294206,0.0014183819293975,0.008695652173913,0.0,0.0049838381819427,0.02065210044384,0.5565217391304348,0.0075554504258151,0.2392339259386062,1.0,0.7682926829268293,0.7656239716432084,0.47619369626045216,0.3128950290811035,0.024463893073361,0.0015243902439024,0.0008899608840929,0.0030345320701599,0.0060975609756097,0.0076219512195121,0.0040410496294498,0.0192647501826286,0.49847560975609745,0.017200424649288,0.2343476712703704,1.0
mosi,44,candidate_mixer,max_confidence,0.01,656,0.875,0.7913043478260868,0.7900182592818016,0.476252943277359,0.3035031881592521,0.0334753922794176,0.0,0.0,0.0024518370628356,0.008695652173913,0.008695652173913,0.0098218284547328,0.040556451678276,0.5565217391304348,0.0130603681957487,0.46517708897590626,1.0,0.7652439024390244,0.7625400765332506,0.4736596941947937,0.3107083881893383,0.0265302198325715,-0.0015243902439023,-0.0021939342258647,0.0055685341358184,0.010670731707317,0.0091463414634146,0.0079372581094503,0.0378063842654228,0.49847560975609745,0.03156371635529,0.45567601919174183,1.0
mosi,44,candidate_mixer,max_confidence,0.02,656,1.0,0.7913043478260868,0.7900182592818016,0.4760056436061859,0.3032089868452316,0.0334089994430542,0.0,0.0,0.0026991367340087,0.008695652173913,0.008695652173913,0.0112709356471896,0.0464868336915969,0.5565217391304348,0.0143777796651741,0.5316309928894043,1.0,0.7652439024390244,0.7625400765332506,0.47297221422195423,0.3101151406451836,0.0257627626926433,-0.0015243902439023,-0.0021939342258647,0.006256014108657799,0.010670731707317,0.0091463414634146,0.0090988483279943,0.0433258861303329,0.49847560975609745,0.0354606143191003,0.5207726359367371,1.0
mosi,44,candidate_mixer,max_confidence,0.05,656,1.0,0.7913043478260868,0.7900182592818016,0.4760056436061859,0.3032089868452316,0.0334089994430542,0.0,0.0,0.0026991367340087,0.008695652173913,0.008695652173913,0.0112709356471896,0.0464868336915969,0.5565217391304348,0.0143777796651741,0.5316309928894043,1.0,0.7652439024390244,0.7625400765332506,0.47297221422195423,0.3101151406451836,0.0257627626926433,-0.0015243902439023,-0.0021939342258647,0.006256014108657799,0.010670731707317,0.0091463414634146,0.0090988483279943,0.0433258861303329,0.49847560975609745,0.0354606143191003,0.5207726359367371,1.0
mosi,44,candidate_mixer,native_pdf,0.005,656,0.3,0.8000000000000002,0.7990274295266317,0.4735663503227498,0.3011520388927151,0.0522186889745337,0.0086956521739131,0.0090091702448301,0.0051384300174449,0.0,0.008695652173913,0.0046141071862219,0.0201945327366667,0.5565217391304348,0.027371662129818803,0.151304347826087,1.0,0.7698170731707317,0.7669308976087452,0.4744844338197209,0.3112100818539965,0.0233934283266011,0.0030487804878048,0.0021968868496298,0.0047437945108912,0.0091463414634146,0.0121951219512195,0.0048524161922266,0.0233603073323099,0.4969512195121951,0.026888976259066298,0.1851577412513255,0.9969512195121953
mosi,44,candidate_mixer,native_pdf,0.01,656,0.625,0.8260869565217391,0.8257575757575758,0.46907245542111053,0.2964766248657272,0.0686735089720422,0.0347826086956521,0.0357393164757742,0.009632324919084,0.0,0.0347826086956521,0.0097837857632715,0.0425425672754038,0.5565217391304348,0.0513100359584722,0.3152173913043478,1.0,0.7728658536585366,0.7696927713256378,0.4702334345592201,0.3073389827146493,0.022070452903742,0.0060975609756097,0.0049587605665224,0.008994793771392,0.0121951219512195,0.0182926829268292,0.0103372179541365,0.0492987468697501,0.4969512195121951,0.0509847346259733,0.3857452942735949,0.9969512195121953
mosi,44,candidate_mixer,native_pdf,0.02,656,1.0,0.817391304347826,0.8173360562741094,0.4650025267070154,0.2921993244584196,0.061852758566238,0.026086956521739195,0.0273177969923078,0.0137022536331792,0.017391304347826,0.0434782608695652,0.015999712766753,0.0689656356753288,0.5565217391304348,0.0729899989185417,0.5043478260869565,1.0,0.7759146341463414,0.7715179301275901,0.4663611683058757,0.303869941816844,0.0221835525909859,0.0091463414634146,0.006783919368474601,0.0128670600247364,0.024390243902439,0.0335365853658536,0.0170110964583981,0.0800884360481978,0.4969512195121951,0.0729337367911537,0.6171924708377519,0.9969512195121953
mosi,44,candidate_mixer,native_pdf,0.05,656,1.0,0.817391304347826,0.8173360562741094,0.4650025267070154,0.2921993244584196,0.061852758566238,0.026086956521739195,0.0273177969923078,0.0137022536331792,0.017391304347826,0.0434782608695652,0.015999712766753,0.0689656356753288,0.5565217391304348,0.0729899989185417,0.5043478260869565,1.0,0.7759146341463414,0.7715179301275901,0.4663611683058757,0.303869941816844,0.0221835525909859,0.0091463414634146,0.006783919368474601,0.0128670600247364,0.024390243902439,0.0335365853658536,0.0170110964583981,0.0800884360481978,0.4969512195121951,0.0729337367911537,0.6171924708377519,0.9969512195121953
mosi,44,candidate_mixer,native_qmf,0.005,656,0.22499999999999998,0.7913043478260868,0.7900182592818016,0.4744917622754524,0.3021250083621737,0.0461802472263744,0.0,0.0,0.0042130180647421,0.008695652173913,0.008695652173913,0.0049898992572032,0.0349194563562549,0.5565217391304348,0.0224421171016926,0.1134782608695652,1.0,0.7652439024390244,0.762381454162276,0.4754159779513201,0.3121739999243322,0.0238975769486317,-0.0015243902439023,-0.0023525565968394,0.003812250379292,0.0121951219512195,0.010670731707317,0.0040698068634046,0.026473551325024696,0.4969512195121951,0.0216087442647469,0.12153101802757152,0.9984756097560976
mosi,44,candidate_mixer,native_qmf,0.01,656,0.42500000000000004,0.7913043478260868,0.7900182592818016,0.4714423170199715,0.2990035224835187,0.0316054926971519,0.0,0.0,0.007262463320223099,0.017391304347826,0.017391304347826,0.0095810395998957,0.0670210028668923,0.5565217391304348,0.0386861019062965,0.2143478260869565,1.0,0.7713414634146342,0.7683942945911595,0.4724541153950584,0.3095426371818636,0.0242979433833624,0.0045731707317073,0.003660283832044,0.0067741129355538,0.0121951219512195,0.0167682926829268,0.0077831561472293,0.0506087806432581,0.4969512195121951,0.0383973438617428,0.2295585896076352,0.9984756097560976
mosi,44,candidate_mixer,native_qmf,0.02,656,0.8500000000000001,0.808695652173913,0.8085653753026636,0.4668348378637469,0.2941183492791682,0.0475194549199989,0.017391304347826,0.0185471160208618,0.0118699424764477,0.0347826086956521,0.052173913043478196,0.0198937676517122,0.1388792823359042,0.5565217391304348,0.0632295237849882,0.428695652173913,1.0,0.7713414634146342,0.7677119628339141,0.46734121338596946,0.3049557166177952,0.024577973866825295,0.0045731707317073,0.0029779520747986,0.0118870149446427,0.0228658536585365,0.027439024390243896,0.0160054821539887,0.10391598551867949,0.4969512195121951,0.067378588932617,0.4591171792152705,0.9984756097560976
mosi,44,candidate_mixer,native_qmf,0.05,656,1.0,0.817391304347826,0.8173360562741094,0.4657668247141664,0.2929617512816685,0.0546516937456869,0.026086956521739195,0.0273177969923078,0.012937955626028202,0.0347826086956521,0.0608695652173913,0.0237399924529404,0.16553241391578,0.5565217391304348,0.0689186862127181,0.5043478260869565,1.0,0.774390243902439,0.7706293706293706,0.4658916347902558,0.3036630436808005,0.0319406583249441,0.0076219512195122,0.0058953598702552,0.013336593540356302,0.0259146341463414,0.0335365853658536,0.0190264024374165,0.12342995869827772,0.4969512195121951,0.0755951736544034,0.5401378579003181,0.9984756097560976
mosi,44,candidate_mixer,native_tmc,0.005,656,0.20000000000000004,0.8000000000000002,0.7984761904761905,0.4752765477505732,0.3028835965133805,0.0544924124057892,0.0086956521739131,0.0084579311943888,0.0034282325896214006,0.008695652173913,0.017391304347826,0.0045147063712156,0.0334385713479642,0.5565217391304348,0.0182616704090282,0.10086956521739131,1.0,0.7637195121951219,0.7610761910356576,0.4758881123394611,0.3125689746376239,0.0238760722039834,-0.0030487804878048,-0.0036578197234577994,0.003340115991151,0.010670731707317,0.0076219512195121,0.0036594518488081004,0.0227086025831366,0.4969512195121951,0.0189325649863693,0.10668875927889708,0.9969512195121953
mosi,44,candidate_mixer,native_tmc,0.01,656,0.42500000000000004,0.7913043478260868,0.7900182592818016,0.4722435001333245,0.2997137543157573,0.0351334823701241,0.0,0.0,0.0064612802068701,0.017391304347826,0.017391304347826,0.0097787916365114,0.0724454492558807,0.5565217391304348,0.0344183071998263,0.2143478260869565,1.0,0.7713414634146342,0.7683942945911595,0.47263113625295394,0.3096492028559875,0.0204829571433443,0.0045731707317073,0.003660283832044,0.0065970920776581,0.0121951219512195,0.0167682926829268,0.0078843588161589,0.0488878081420221,0.4969512195121951,0.0373939440593977,0.22671361346765637,0.9969512195121953
mosi,44,candidate_mixer,native_tmc,0.02,656,0.8250000000000001,0.8000000000000002,0.7997577409342116,0.46868063088609413,0.295739421347428,0.0461593181079073,0.0086956521739131,0.00973948165241,0.0100241494541006,0.0347826086956521,0.0434782608695652,0.0196928322425326,0.1457912189053711,0.5565217391304348,0.0533972325662617,0.4160869565217391,1.0,0.7728658536585366,0.7695233379313597,0.4679942219599298,0.3054339585608866,0.0288049972314715,0.0060975609756097,0.0047893271722443,0.0112340063706823,0.0198170731707317,0.0259146341463414,0.0157070351369038,0.0971913872087542,0.4969512195121951,0.0636771681970574,0.4400911320254507,0.9969512195121953
mosi,44,candidate_mixer,native_tmc,0.05,656,1.0,0.808695652173913,0.8085653753026636,0.4677916015808759,0.294669179848775,0.0473823165307648,0.017391304347826,0.0185471160208618,0.0109131787593187,0.0347826086956521,0.052173913043478196,0.0242892961130429,0.1796554488946614,0.5565217391304348,0.0581329721237616,0.5043478260869566,1.0,0.7759146341463414,0.7720881754433233,0.4663908612369618,0.3039824122723062,0.027600783624410697,0.0091463414634146,0.007354164684207901,0.0128373670936504,0.0259146341463414,0.0350609756097561,0.0192684226743547,0.1190808256932873,0.4969512195121951,0.0727654296123451,0.5334437963944857,0.9969512195121953
mosi,44,candidate_mixer,negative_entropy,0.005,656,1.0,0.7913043478260868,0.7900182592818016,0.47797733545303334,0.3055526899633046,0.0353114547936812,0.0,0.0,0.0007274448871612,0.0,0.0,0.0041015450842678,0.0165550664067268,0.5565217391304348,0.0038749217149447,0.2976149916648865,1.0,0.7667682926829268,0.7645971662910123,0.47716856002807606,0.3136864975439019,0.0191627757214918,0.0,-0.0001368444681031,0.002059668302536,0.0015243902439024,0.0015243902439024,0.0034973137080668995,0.0160334892570972,0.49847560975609745,0.0116745613403091,0.280413269996643,1.0
mosi,44,candidate_mixer,negative_entropy,0.01,656,1.0,0.7913043478260868,0.7900182592818016,0.47797733545303334,0.3055526899633046,0.0353114547936812,0.0,0.0,0.0007274448871612,0.0,0.0,0.0041015450842678,0.0165550664067268,0.5565217391304348,0.0038749217149447,0.2976149916648865,1.0,0.7667682926829268,0.7645971662910123,0.47716856002807606,0.3136864975439019,0.0191627757214918,0.0,-0.0001368444681031,0.002059668302536,0.0015243902439024,0.0015243902439024,0.0034973137080668995,0.0160334892570972,0.49847560975609745,0.0116745613403091,0.280413269996643,1.0
mosi,44,candidate_mixer,negative_entropy,0.02,656,1.0,0.7913043478260868,0.7900182592818016,0.47797733545303334,0.3055526899633046,0.0353114547936812,0.0,0.0,0.0007274448871612,0.0,0.0,0.0041015450842678,0.0165550664067268,0.5565217391304348,0.0038749217149447,0.2976149916648865,1.0,0.7667682926829268,0.7645971662910123,0.47716856002807606,0.3136864975439019,0.0191627757214918,0.0,-0.0001368444681031,0.002059668302536,0.0015243902439024,0.0015243902439024,0.0034973137080668995,0.0160334892570972,0.49847560975609745,0.0116745613403091,0.280413269996643,1.0
mosi,44,candidate_mixer,negative_entropy,0.05,656,1.0,0.7913043478260868,0.7900182592818016,0.47797733545303334,0.3055526899633046,0.0353114547936812,0.0,0.0,0.0007274448871612,0.0,0.0,0.0041015450842678,0.0165550664067268,0.5565217391304348,0.0038749217149447,0.2976149916648865,1.0,0.7667682926829268,0.7645971662910123,0.47716856002807606,0.3136864975439019,0.0191627757214918,0.0,-0.0001368444681031,0.002059668302536,0.0015243902439024,0.0015243902439024,0.0034973137080668995,0.0160334892570972,0.49847560975609745,0.0116745613403091,0.280413269996643,1.0
mosi,44,convex_projection,analytic_pi_g2,0.005,656,0.3,0.7913043478260868,0.7900182592818016,0.47864486273070256,0.3060713204806891,0.0327817137707398,0.0,0.0,5.991760949214385e-05,0.0,0.0,0.001247126026961,0.0027779371130234,0.46956521739130436,0.000319109460935,0.0158931370824575,0.1304347826086956,0.7667682926829268,0.7647340107591154,0.4788898107728203,0.3151638593430519,0.0224420840676081,0.0,0.0,0.0003384175577919,0.0,0.0,0.0002960478765842,7.286425818264776e-08,0.5060975609756098,0.00191816538094,0.013020109385251898,0.1082317073170731
mosi,44,convex_projection,analytic_pi_g2,0.01,656,0.3,0.7913043478260868,0.7900182592818016,0.47864486273070256,0.3060713204806891,0.0327817137707398,0.0,0.0,5.991760949214385e-05,0.0,0.0,0.001247126026961,0.0027779371130234,0.46956521739130436,0.000319109460935,0.0158931370824575,0.1304347826086956,0.7667682926829268,0.7647340107591154,0.4788898107728203,0.3151638593430519,0.0224420840676081,0.0,0.0,0.0003384175577919,0.0,0.0,0.0002960478765842,7.286425818264776e-08,0.5060975609756098,0.00191816538094,0.013020109385251898,0.1082317073170731
mosi,44,convex_projection,analytic_pi_g2,0.02,656,0.3,0.7913043478260868,0.7900182592818016,0.47864486273070256,0.3060713204806891,0.0327817137707398,0.0,0.0,5.991760949214385e-05,0.0,0.0,0.001247126026961,0.0027779371130234,0.46956521739130436,0.000319109460935,0.0158931370824575,0.1304347826086956,0.7667682926829268,0.7647340107591154,0.4788898107728203,0.3151638593430519,0.0224420840676081,0.0,0.0,0.0003384175577919,0.0,0.0,0.0002960478765842,7.286425818264776e-08,0.5060975609756098,0.00191816538094,0.013020109385251898,0.1082317073170731
mosi,44,convex_projection,analytic_pi_g2,0.05,656,0.3,0.7913043478260868,0.7900182592818016,0.47864486273070256,0.3060713204806891,0.0327817137707398,0.0,0.0,5.991760949214385e-05,0.0,0.0,0.001247126026961,0.0027779371130234,0.46956521739130436,0.000319109460935,0.0158931370824575,0.1304347826086956,0.7667682926829268,0.7647340107591154,0.4788898107728203,0.3151638593430519,0.0224420840676081,0.0,0.0,0.0003384175577919,0.0,0.0,0.0002960478765842,7.286425818264776e-08,0.5060975609756098,0.00191816538094,0.013020109385251898,0.1082317073170731
mosi,44,convex_projection,fixed,0.005,656,0.0,0.7913043478260868,0.7900182592818016,0.47870475854655786,0.3062659543192656,0.0324559693751127,0.0,0.0,2.1793636784117613e-08,0.0,0.0,7.925848447481768e-09,4.6863339958624906e-08,0.4782608695652174,5.250430867853596e-08,0.0,0.0,0.7667682926829268,0.7647340107591154,0.4792282091828389,0.3154959841045333,0.0196703498865046,0.0,0.0,1.9147773255845383e-08,0.0,0.0,7.537836706427296e-09,3.3046626907173866e-08,0.5228658536585366,3.606124743260608e-08,0.0,0.0
mosi,44,convex_projection,fixed,0.01,656,0.0,0.7913043478260868,0.7900182592818016,0.47870475854655786,0.3062659543192656,0.0324559693751127,0.0,0.0,2.1793636784117613e-08,0.0,0.0,7.925848447481768e-09,4.6863339958624906e-08,0.4782608695652174,5.250430867853596e-08,0.0,0.0,0.7667682926829268,0.7647340107591154,0.4792282091828389,0.3154959841045333,0.0196703498865046,0.0,0.0,1.9147773255845383e-08,0.0,0.0,7.537836706427296e-09,3.3046626907173866e-08,0.5228658536585366,3.606124743260608e-08,0.0,0.0
mosi,44,convex_projection,fixed,0.02,656,0.0,0.7913043478260868,0.7900182592818016,0.47870475854655786,0.3062659543192656,0.0324559693751127,0.0,0.0,2.1793636784117613e-08,0.0,0.0,7.925848447481768e-09,4.6863339958624906e-08,0.4782608695652174,5.250430867853596e-08,0.0,0.0,0.7667682926829268,0.7647340107591154,0.4792282091828389,0.3154959841045333,0.0196703498865046,0.0,0.0,1.9147773255845383e-08,0.0,0.0,7.537836706427296e-09,3.3046626907173866e-08,0.5228658536585366,3.606124743260608e-08,0.0,0.0
mosi,44,convex_projection,fixed,0.05,656,0.0,0.7913043478260868,0.7900182592818016,0.47870475854655786,0.3062659543192656,0.0324559693751127,0.0,0.0,2.1793636784117613e-08,0.0,0.0,7.925848447481768e-09,4.6863339958624906e-08,0.4782608695652174,5.250430867853596e-08,0.0,0.0,0.7667682926829268,0.7647340107591154,0.4792282091828389,0.3154959841045333,0.0196703498865046,0.0,0.0,1.9147773255845383e-08,0.0,0.0,7.537836706427296e-09,3.3046626907173866e-08,0.5228658536585366,3.606124743260608e-08,0.0,0.0
mosi,55,candidate_mixer,analytic_pi_g1,0.005,656,0.0,0.808695652173913,0.8085653753026636,0.45368221402168263,0.276058956700377,0.0475282648335332,0.0,0.0,0.0,0.0,0.0,0.0,0.0,0.0,0.0,0.0,0.0,0.7987804878048781,0.7900189145933363,0.4431804120540619,0.2817417798809198,0.0401765288012783,0.0,0.0,0.0,0.0,0.0,0.0,0.0,0.0,0.0,0.0,0.0
mosi,55,candidate_mixer,analytic_pi_g1,0.01,656,0.0,0.808695652173913,0.8085653753026636,0.45368221402168263,0.276058956700377,0.0475282648335332,0.0,0.0,0.0,0.0,0.0,0.0,0.0,0.0,0.0,0.0,0.0,0.7987804878048781,0.7900189145933363,0.4431804120540619,0.2817417798809198,0.0401765288012783,0.0,0.0,0.0,0.0,0.0,0.0,0.0,0.0,0.0,0.0,0.0
mosi,55,candidate_mixer,analytic_pi_g1,0.02,656,0.0,0.808695652173913,0.8085653753026636,0.45368221402168263,0.276058956700377,0.0475282648335332,0.0,0.0,0.0,0.0,0.0,0.0,0.0,0.0,0.0,0.0,0.0,0.7987804878048781,0.7900189145933363,0.4431804120540619,0.2817417798809198,0.0401765288012783,0.0,0.0,0.0,0.0,0.0,0.0,0.0,0.0,0.0,0.0,0.0
mosi,55,candidate_mixer,analytic_pi_g1,0.05,656,0.0,0.808695652173913,0.8085653753026636,0.45368221402168263,0.276058956700377,0.0475282648335332,0.0,0.0,0.0,0.0,0.0,0.0,0.0,0.0,0.0,0.0,0.0,0.7987804878048781,0.7900189145933363,0.4431804120540619,0.2817417798809198,0.0401765288012783,0.0,0.0,0.0,0.0,0.0,0.0,0.0,0.0,0.0,0.0,0.0
mosi,55,candidate_mixer,analytic_pi_g2,0.005,656,0.075,0.808695652173913,0.8085653753026636,0.4536794126033783,0.2760330539880903,0.047546779072803,0.0,0.0,2.80141830444336e-06,0.0,0.0,0.0004958862555213,0.0034017026424407,0.6173913043478261,1.5081410892348046e-05,0.0140847479924559,0.8608695652173914,0.7987804878048781,0.7900189145933363,0.4430689811706543,0.2816487466190436,0.0395048730438802,0.0,0.0,0.0001114308834075,0.0,0.0,0.0004058080376125,0.0027453005313873,0.5289634146341463,0.0006527120136178,0.014877900481224001,0.823170731707317
mosi,55,candidate_mixer,analytic_pi_g2,0.01,656,0.075,0.808695652173913,0.8085653753026636,0.4536794126033783,0.2760330539880903,0.047546779072803,0.0,0.0,2.80141830444336e-06,0.0,0.0,0.0004958862555213,0.0034017026424407,0.6173913043478261,1.5081410892348046e-05,0.0140847479924559,0.8608695652173914,0.7987804878048781,0.7900189145933363,0.4430689811706543,0.2816487466190436,0.0395048730438802,0.0,0.0,0.0001114308834075,0.0,0.0,0.0004058080376125,0.0027453005313873,0.5289634146341463,0.0006527120136178,0.014877900481224001,0.823170731707317
mosi,55,candidate_mixer,analytic_pi_g2,0.02,656,0.075,0.808695652173913,0.8085653753026636,0.4536794126033783,0.2760330539880903,0.047546779072803,0.0,0.0,2.80141830444336e-06,0.0,0.0,0.0004958862555213,0.0034017026424407,0.6173913043478261,1.5081410892348046e-05,0.0140847479924559,0.8608695652173914,0.7987804878048781,0.7900189145933363,0.4430689811706543,0.2816487466190436,0.0395048730438802,0.0,0.0,0.0001114308834075,0.0,0.0,0.0004058080376125,0.0027453005313873,0.5289634146341463,0.0006527120136178,0.014877900481224001,0.823170731707317
mosi,55,candidate_mixer,analytic_pi_g2,0.05,656,0.075,0.808695652173913,0.8085653753026636,0.4536794126033783,0.2760330539880903,0.047546779072803,0.0,0.0,2.80141830444336e-06,0.0,0.0,0.0004958862555213,0.0034017026424407,0.6173913043478261,1.5081410892348046e-05,0.0140847479924559,0.8608695652173914,0.7987804878048781,0.7900189145933363,0.4430689811706543,0.2816487466190436,0.0395048730438802,0.0,0.0,0.0001114308834075,0.0,0.0,0.0004058080376125,0.0027453005313873,0.5289634146341463,0.0006527120136178,0.014877900481224001,0.823170731707317
mosi,55,candidate_mixer,analytic_pi_g3,0.005,656,0.0,0.808695652173913,0.8085653753026636,0.45368221402168263,0.276058956700377,0.0475282648335332,0.0,0.0,0.0,0.0,0.0,0.0,0.0,0.0,0.0,0.0,0.0,0.7987804878048781,0.7900189145933363,0.4431804120540619,0.2817417798809198,0.0401765288012783,0.0,0.0,0.0,0.0,0.0,0.0,0.0,0.0,0.0,0.0,0.0
mosi,55,candidate_mixer,analytic_pi_g3,0.01,656,0.0,0.808695652173913,0.8085653753026636,0.45368221402168263,0.276058956700377,0.0475282648335332,0.0,0.0,0.0,0.0,0.0,0.0,0.0,0.0,0.0,0.0,0.0,0.7987804878048781,0.7900189145933363,0.4431804120540619,0.2817417798809198,0.0401765288012783,0.0,0.0,0.0,0.0,0.0,0.0,0.0,0.0,0.0,0.0,0.0
mosi,55,candidate_mixer,analytic_pi_g3,0.02,656,0.0,0.808695652173913,0.8085653753026636,0.45368221402168263,0.276058956700377,0.0475282648335332,0.0,0.0,0.0,0.0,0.0,0.0,0.0,0.0,0.0,0.0,0.0,0.7987804878048781,0.7900189145933363,0.4431804120540619,0.2817417798809198,0.0401765288012783,0.0,0.0,0.0,0.0,0.0,0.0,0.0,0.0,0.0,0.0,0.0
mosi,55,candidate_mixer,analytic_pi_g3,0.05,656,0.0,0.808695652173913,0.8085653753026636,0.45368221402168263,0.276058956700377,0.0475282648335332,0.0,0.0,0.0,0.0,0.0,0.0,0.0,0.0,0.0,0.0,0.0,0.7987804878048781,0.7900189145933363,0.4431804120540619,0.2817417798809198,0.0401765288012783,0.0,0.0,0.0,0.0,0.0,0.0,0.0,0.0,0.0,0.0,0.0
mosi,55,candidate_mixer,analytic_pi_selected,0.005,656,0.075,0.808695652173913,0.8085653753026636,0.4536794126033783,0.2760330539880903,0.047546779072803,0.0,0.0,2.80141830444336e-06,0.0,0.0,0.0004958862555213,0.0034017026424407,0.6173913043478261,1.5081410892348046e-05,0.0140847479924559,0.8608695652173914,0.7987804878048781,0.7900189145933363,0.4430689811706543,0.2816487466190436,0.0395048730438802,0.0,0.0,0.0001114308834075,0.0,0.0,0.0004058080376125,0.0027453005313873,0.5289634146341463,0.0006527120136178,0.014877900481224001,0.823170731707317
mosi,55,candidate_mixer,analytic_pi_selected,0.01,656,0.075,0.808695652173913,0.8085653753026636,0.4536794126033783,0.2760330539880903,0.047546779072803,0.0,0.0,2.80141830444336e-06,0.0,0.0,0.0004958862555213,0.0034017026424407,0.6173913043478261,1.5081410892348046e-05,0.0140847479924559,0.8608695652173914,0.7987804878048781,0.7900189145933363,0.4430689811706543,0.2816487466190436,0.0395048730438802,0.0,0.0,0.0001114308834075,0.0,0.0,0.0004058080376125,0.0027453005313873,0.5289634146341463,0.0006527120136178,0.014877900481224001,0.823170731707317
mosi,55,candidate_mixer,analytic_pi_selected,0.02,656,0.075,0.808695652173913,0.8085653753026636,0.4536794126033783,0.2760330539880903,0.047546779072803,0.0,0.0,2.80141830444336e-06,0.0,0.0,0.0004958862555213,0.0034017026424407,0.6173913043478261,1.5081410892348046e-05,0.0140847479924559,0.8608695652173914,0.7987804878048781,0.7900189145933363,0.4430689811706543,0.2816487466190436,0.0395048730438802,0.0,0.0,0.0001114308834075,0.0,0.0,0.0004058080376125,0.0027453005313873,0.5289634146341463,0.0006527120136178,0.014877900481224001,0.823170731707317
mosi,55,candidate_mixer,analytic_pi_selected,0.05,656,0.075,0.808695652173913,0.8085653753026636,0.4536794126033783,0.2760330539880903,0.047546779072803,0.0,0.0,2.80141830444336e-06,0.0,0.0,0.0004958862555213,0.0034017026424407,0.6173913043478261,1.5081410892348046e-05,0.0140847479924559,0.8608695652173914,0.7987804878048781,0.7900189145933363,0.4430689811706543,0.2816487466190436,0.0395048730438802,0.0,0.0,0.0001114308834075,0.0,0.0,0.0004058080376125,0.0027453005313873,0.5289634146341463,0.0006527120136178,0.014877900481224001,0.823170731707317
mosi,55,candidate_mixer,fixed,0.005,656,0.20000000000000004,0.817391304347826,0.8173360562741094,0.4535429699677717,0.2760944084297313,0.0784155627955561,0.0086956521739131,0.0087706809714459,0.000139244053911,0.0,0.008695652173913,0.0044876525480099,0.0190498193597942,0.6521739130434783,0.0007457841779414,0.20000000000000004,1.0,0.8003048780487805,0.7914736563692791,0.4427613697814875,0.2813334570591555,0.0406400662188122,0.0015243902439023,0.0014547417759428,0.0004190422725743,0.0015243902439024,0.0030487804878048,0.0038153118373881,0.0177429095580514,0.573170731707317,0.0024538164212862,0.1999999999999999,1.0
mosi,55,candidate_mixer,fixed,0.01,656,0.20000000000000004,0.817391304347826,0.8173360562741094,0.4535429699677717,0.2760944084297313,0.0784155627955561,0.0086956521739131,0.0087706809714459,0.000139244053911,0.0,0.008695652173913,0.0044876525480099,0.0190498193597942,0.6521739130434783,0.0007457841779414,0.20000000000000004,1.0,0.8003048780487805,0.7914736563692791,0.4427613697814875,0.2813334570591555,0.0406400662188122,0.0015243902439023,0.0014547417759428,0.0004190422725743,0.0015243902439024,0.0030487804878048,0.0038153118373881,0.0177429095580514,0.573170731707317,0.0024538164212862,0.1999999999999999,1.0
mosi,55,candidate_mixer,fixed,0.02,656,0.20000000000000004,0.817391304347826,0.8173360562741094,0.4535429699677717,0.2760944084297313,0.0784155627955561,0.0086956521739131,0.0087706809714459,0.000139244053911,0.0,0.008695652173913,0.0044876525480099,0.0190498193597942,0.6521739130434783,0.0007457841779414,0.20000000000000004,1.0,0.8003048780487805,0.7914736563692791,0.4427613697814875,0.2813334570591555,0.0406400662188122,0.0015243902439023,0.0014547417759428,0.0004190422725743,0.0015243902439024,0.0030487804878048,0.0038153118373881,0.0177429095580514,0.573170731707317,0.0024538164212862,0.1999999999999999,1.0
mosi,55,candidate_mixer,fixed,0.05,656,0.20000000000000004,0.817391304347826,0.8173360562741094,0.4535429699677717,0.2760944084297313,0.0784155627955561,0.0086956521739131,0.0087706809714459,0.000139244053911,0.0,0.008695652173913,0.0044876525480099,0.0190498193597942,0.6521739130434783,0.0007457841779414,0.20000000000000004,1.0,0.8003048780487805,0.7914736563692791,0.4427613697814875,0.2813334570591555,0.0406400662188122,0.0015243902439023,0.0014547417759428,0.0004190422725743,0.0015243902439024,0.0030487804878048,0.0038153118373881,0.0177429095580514,0.573170731707317,0.0024538164212862,0.1999999999999999,1.0
mosi,55,candidate_mixer,max_confidence,0.005,656,0.42500000000000004,0.808695652173913,0.8085653753026636,0.4535638093948364,0.2765505661813201,0.0522034370380898,0.0,0.0,0.0001184046268463,0.0,0.0,0.0037177954800425997,0.0174863100051879,0.6521739130434783,0.000634057624076,0.239825889468193,1.0,0.7987804878048781,0.7900189145933363,0.44273826479911793,0.2814375839108501,0.0400751760093177,0.0,0.0,0.0004421472549438,0.0,0.0,0.0028965177480131,0.0120737254619598,0.573170731707317,0.0025892102280609,0.23239591717720026,1.0
mosi,55,candidate_mixer,max_confidence,0.01,656,0.42500000000000004,0.808695652173913,0.8085653753026636,0.4535638093948364,0.2765505661813201,0.0522034370380898,0.0,0.0,0.0001184046268463,0.0,0.0,0.0037177954800425997,0.0174863100051879,0.6521739130434783,0.000634057624076,0.239825889468193,1.0,0.7987804878048781,0.7900189145933363,0.44273826479911793,0.2814375839108501,0.0400751760093177,0.0,0.0,0.0004421472549438,0.0,0.0,0.0028965177480131,0.0120737254619598,0.573170731707317,0.0025892102280609,0.23239591717720026,1.0
mosi,55,candidate_mixer,max_confidence,0.02,656,0.42500000000000004,0.808695652173913,0.8085653753026636,0.4535638093948364,0.2765505661813201,0.0522034370380898,0.0,0.0,0.0001184046268463,0.0,0.0,0.0037177954800425997,0.0174863100051879,0.6521739130434783,0.000634057624076,0.239825889468193,1.0,0.7987804878048781,0.7900189145933363,0.44273826479911793,0.2814375839108501,0.0400751760093177,0.0,0.0,0.0004421472549438,0.0,0.0,0.0028965177480131,0.0120737254619598,0.573170731707317,0.0025892102280609,0.23239591717720026,1.0
mosi,55,candidate_mixer,max_confidence,0.05,656,0.42500000000000004,0.808695652173913,0.8085653753026636,0.4535638093948364,0.2765505661813201,0.0522034370380898,0.0,0.0,0.0001184046268463,0.0,0.0,0.0037177954800425997,0.0174863100051879,0.6521739130434783,0.000634057624076,0.239825889468193,1.0,0.7987804878048781,0.7900189145933363,0.44273826479911793,0.2814375839108501,0.0400751760093177,0.0,0.0,0.0004421472549438,0.0,0.0,0.0028965177480131,0.0120737254619598,0.573170731707317,0.0025892102280609,0.23239591717720026,1.0
mosi,55,candidate_mixer,native_pdf,0.005,656,0.0,0.808695652173913,0.8085653753026636,0.45368222576257755,0.276058956700377,0.0475282669067382,0.0,0.0,-1.1740894867440232e-08,0.0,0.0,7.2092117265018385e-09,2.9149949012929882e-08,0.5043478260869565,6.840022903631393e-08,0.0,0.0,0.7987804878048781,0.7900189145933363,0.4431804430862539,0.2817417798809198,0.0401765458830973,0.0,0.0,-3.1032191982749424e-08,0.0,0.0,5.90020798325595e-09,2.8605612947818493e-08,0.4496951219512195,5.781605338928132e-08,0.0,0.0
mosi,55,candidate_mixer,native_pdf,0.01,656,0.0,0.808695652173913,0.8085653753026636,0.45368222576257755,0.276058956700377,0.0475282669067382,0.0,0.0,-1.1740894867440232e-08,0.0,0.0,7.2092117265018385e-09,2.9149949012929882e-08,0.5043478260869565,6.840022903631393e-08,0.0,0.0,0.7987804878048781,0.7900189145933363,0.4431804430862539,0.2817417798809198,0.0401765458830973,0.0,0.0,-3.1032191982749424e-08,0.0,0.0,5.90020798325595e-09,2.8605612947818493e-08,0.4496951219512195,5.781605338928132e-08,0.0,0.0
mosi,55,candidate_mixer,native_pdf,0.02,656,0.0,0.808695652173913,0.8085653753026636,0.45368222576257755,0.276058956700377,0.0475282669067382,0.0,0.0,-1.1740894867440232e-08,0.0,0.0,7.2092117265018385e-09,2.9149949012929882e-08,0.5043478260869565,6.840022903631393e-08,0.0,0.0,0.7987804878048781,0.7900189145933363,0.4431804430862539,0.2817417798809198,0.0401765458830973,0.0,0.0,-3.1032191982749424e-08,0.0,0.0,5.90020798325595e-09,2.8605612947818493e-08,0.4496951219512195,5.781605338928132e-08,0.0,0.0
mosi,55,candidate_mixer,native_pdf,0.05,656,0.0,0.808695652173913,0.8085653753026636,0.45368222576257755,0.276058956700377,0.0475282669067382,0.0,0.0,-1.1740894867440232e-08,0.0,0.0,7.2092117265018385e-09,2.9149949012929882e-08,0.5043478260869565,6.840022903631393e-08,0.0,0.0,0.7987804878048781,0.7900189145933363,0.4431804430862539,0.2817417798809198,0.0401765458830973,0.0,0.0,-3.1032191982749424e-08,0.0,0.0,5.90020798325595e-09,2.8605612947818493e-08,0.4496951219512195,5.781605338928132e-08,0.0,0.0
mosi,55,candidate_mixer,native_qmf,0.005,656,0.0,0.808695652173913,0.8085653753026636,0.45368222576257755,0.276058956700377,0.0475282669067382,0.0,0.0,-1.1740894867440232e-08,0.0,0.0,7.2092117265018385e-09,2.9149949012929882e-08,0.5043478260869565,6.840022903631393e-08,0.0,0.0,0.7987804878048781,0.7900189145933363,0.4431804430862539,0.2817417798809198,0.0401765458830973,0.0,0.0,-3.1032191982749424e-08,0.0,0.0,5.90020798325595e-09,2.8605612947818493e-08,0.4496951219512195,5.781605338928132e-08,0.0,0.0
mosi,55,candidate_mixer,native_qmf,0.01,656,0.0,0.808695652173913,0.8085653753026636,0.45368222576257755,0.276058956700377,0.0475282669067382,0.0,0.0,-1.1740894867440232e-08,0.0,0.0,7.2092117265018385e-09,2.9149949012929882e-08,0.5043478260869565,6.840022903631393e-08,0.0,0.0,0.7987804878048781,0.7900189145933363,0.4431804430862539,0.2817417798809198,0.0401765458830973,0.0,0.0,-3.1032191982749424e-08,0.0,0.0,5.90020798325595e-09,2.8605612947818493e-08,0.4496951219512195,5.781605338928132e-08,0.0,0.0
mosi,55,candidate_mixer,native_qmf,0.02,656,0.0,0.808695652173913,0.8085653753026636,0.45368222576257755,0.276058956700377,0.0475282669067382,0.0,0.0,-1.1740894867440232e-08,0.0,0.0,7.2092117265018385e-09,2.9149949012929882e-08,0.5043478260869565,6.840022903631393e-08,0.0,0.0,0.7987804878048781,0.7900189145933363,0.4431804430862539,0.2817417798809198,0.0401765458830973,0.0,0.0,-3.1032191982749424e-08,0.0,0.0,5.90020798325595e-09,2.8605612947818493e-08,0.4496951219512195,5.781605338928132e-08,0.0,0.0
mosi,55,candidate_mixer,native_qmf,0.05,656,0.0,0.808695652173913,0.8085653753026636,0.45368222576257755,0.276058956700377,0.0475282669067382,0.0,0.0,-1.1740894867440232e-08,0.0,0.0,7.2092117265018385e-09,2.9149949012929882e-08,0.5043478260869565,6.840022903631393e-08,0.0,0.0,0.7987804878048781,0.7900189145933363,0.4431804430862539,0.2817417798809198,0.0401765458830973,0.0,0.0,-3.1032191982749424e-08,0.0,0.0,5.90020798325595e-09,2.8605612947818493e-08,0.4496951219512195,5.781605338928132e-08,0.0,0.0
mosi,55,candidate_mixer,native_tmc,0.005,656,0.075,0.808695652173913,0.8085653753026636,0.4536733677617295,0.2759834597493762,0.0509145952523993,0.0,0.0,8.846259953232405e-06,0.0,0.0,0.0010733592454539,0.0053742258957493,0.6521739130434783,4.750305815903744e-05,0.0378260869565217,1.0,0.8003048780487805,0.7914736563692791,0.4430934339480317,0.2816400826540567,0.038328751534024,0.0015243902439023,0.0014547417759428,8.697810603014444e-05,0.0,0.0015243902439024,0.0008743107617650001,0.004790033495,0.5685975609756098,0.0005095138449106,0.0377346235418876,0.9954268292682928
mosi,55,candidate_mixer,native_tmc,0.01,656,0.075,0.808695652173913,0.8085653753026636,0.4536733677617295,0.2759834597493762,0.0509145952523993,0.0,0.0,8.846259953232405e-06,0.0,0.0,0.0010733592454539,0.0053742258957493,0.6521739130434783,4.750305815903744e-05,0.0378260869565217,1.0,0.8003048780487805,0.7914736563692791,0.4430934339480317,0.2816400826540567,0.038328751534024,0.0015243902439023,0.0014547417759428,8.697810603014444e-05,0.0,0.0015243902439024,0.0008743107617650001,0.004790033495,0.5685975609756098,0.0005095138449106,0.0377346235418876,0.9954268292682928
mosi,55,candidate_mixer,native_tmc,0.02,656,0.075,0.808695652173913,0.8085653753026636,0.4536733677617295,0.2759834597493762,0.0509145952523993,0.0,0.0,8.846259953232405e-06,0.0,0.0,0.0010733592454539,0.0053742258957493,0.6521739130434783,4.750305815903744e-05,0.0378260869565217,1.0,0.8003048780487805,0.7914736563692791,0.4430934339480317,0.2816400826540567,0.038328751534024,0.0015243902439023,0.0014547417759428,8.697810603014444e-05,0.0,0.0015243902439024,0.0008743107617650001,0.004790033495,0.5685975609756098,0.0005095138449106,0.0377346235418876,0.9954268292682928
mosi,55,candidate_mixer,native_tmc,0.05,656,0.075,0.808695652173913,0.8085653753026636,0.4536733677617295,0.2759834597493762,0.0509145952523993,0.0,0.0,8.846259953232405e-06,0.0,0.0,0.0010733592454539,0.0053742258957493,0.6521739130434783,4.750305815903744e-05,0.0378260869565217,1.0,0.8003048780487805,0.7914736563692791,0.4430934339480317,0.2816400826540567,0.038328751534024,0.0015243902439023,0.0014547417759428,8.697810603014444e-05,0.0,0.0015243902439024,0.0008743107617650001,0.004790033495,0.5685975609756098,0.0005095138449106,0.0377346235418876,0.9954268292682928
mosi,55,candidate_mixer,negative_entropy,0.005,656,1.0,0.808695652173913,0.8085653753026636,0.4525921940803528,0.2766546542723963,0.0518739954284999,0.0,0.0,0.0010900199413299,0.0,0.0,0.0038274254184216005,0.0146437034010887,0.6521739130434783,0.005837144381927,0.3264131546020508,1.0,0.7987804878048781,0.7900189145933363,0.4426394999027252,0.2814691786717136,0.0408231857709768,0.0,0.0,0.0005409121513366,0.0,0.0,0.0028406674973666,0.0107493232935667,0.573170731707317,0.0031671495915423994,0.299599289894104,1.0
mosi,55,candidate_mixer,negative_entropy,0.01,656,1.0,0.808695652173913,0.8085653753026636,0.4525921940803528,0.2766546542723963,0.0518739954284999,0.0,0.0,0.0010900199413299,0.0,0.0,0.0038274254184216005,0.0146437034010887,0.6521739130434783,0.005837144381927,0.3264131546020508,1.0,0.7987804878048781,0.7900189145933363,0.4426394999027252,0.2814691786717136,0.0408231857709768,0.0,0.0,0.0005409121513366,0.0,0.0,0.0028406674973666,0.0107493232935667,0.573170731707317,0.0031671495915423994,0.299599289894104,1.0
mosi,55,candidate_mixer,negative_entropy,0.02,656,1.0,0.808695652173913,0.8085653753026636,0.4525921940803528,0.2766546542723963,0.0518739954284999,0.0,0.0,0.0010900199413299,0.0,0.0,0.0038274254184216005,0.0146437034010887,0.6521739130434783,0.005837144381927,0.3264131546020508,1.0,0.7987804878048781,0.7900189145933363,0.4426394999027252,0.2814691786717136,0.0408231857709768,0.0,0.0,0.0005409121513366,0.0,0.0,0.0028406674973666,0.0107493232935667,0.573170731707317,0.0031671495915423994,0.299599289894104,1.0
mosi,55,candidate_mixer,negative_entropy,0.05,656,1.0,0.808695652173913,0.8085653753026636,0.4525921940803528,0.2766546542723963,0.0518739954284999,0.0,0.0,0.0010900199413299,0.0,0.0,0.0038274254184216005,0.0146437034010887,0.6521739130434783,0.005837144381927,0.3264131546020508,1.0,0.7987804878048781,0.7900189145933363,0.4426394999027252,0.2814691786717136,0.0408231857709768,0.0,0.0,0.0005409121513366,0.0,0.0,0.0028406674973666,0.0107493232935667,0.573170731707317,0.0031671495915423994,0.299599289894104,1.0
mosi,55,convex_projection,analytic_pi_g2,0.005,656,0.0,0.808695652173913,0.8085653753026636,0.45368222576257755,0.276058956700377,0.0475282669067382,0.0,0.0,-1.1740894867440232e-08,0.0,0.0,7.2092117265018385e-09,2.9149949012929882e-08,0.5043478260869565,6.840022903631393e-08,0.0,0.0,0.7987804878048781,0.7900189145933363,0.4431804430862539,0.2817417798809198,0.0401765458830973,0.0,0.0,-3.1032191982749424e-08,0.0,0.0,5.90020798325595e-09,2.8605612947818493e-08,0.4496951219512195,5.781605338928132e-08,0.0,0.0
mosi,55,convex_projection,analytic_pi_g2,0.01,656,0.0,0.808695652173913,0.8085653753026636,0.45368222576257755,0.276058956700377,0.0475282669067382,0.0,0.0,-1.1740894867440232e-08,0.0,0.0,7.2092117265018385e-09,2.9149949012929882e-08,0.5043478260869565,6.840022903631393e-08,0.0,0.0,0.7987804878048781,0.7900189145933363,0.4431804430862539,0.2817417798809198,0.0401765458830973,0.0,0.0,-3.1032191982749424e-08,0.0,0.0,5.90020798325595e-09,2.8605612947818493e-08,0.4496951219512195,5.781605338928132e-08,0.0,0.0
mosi,55,convex_projection,analytic_pi_g2,0.02,656,0.0,0.808695652173913,0.8085653753026636,0.45368222576257755,0.276058956700377,0.0475282669067382,0.0,0.0,-1.1740894867440232e-08,0.0,0.0,7.2092117265018385e-09,2.9149949012929882e-08,0.5043478260869565,6.840022903631393e-08,0.0,0.0,0.7987804878048781,0.7900189145933363,0.4431804430862539,0.2817417798809198,0.0401765458830973,0.0,0.0,-3.1032191982749424e-08,0.0,0.0,5.90020798325595e-09,2.8605612947818493e-08,0.4496951219512195,5.781605338928132e-08,0.0,0.0
mosi,55,convex_projection,analytic_pi_g2,0.05,656,0.0,0.808695652173913,0.8085653753026636,0.45368222576257755,0.276058956700377,0.0475282669067382,0.0,0.0,-1.1740894867440232e-08,0.0,0.0,7.2092117265018385e-09,2.9149949012929882e-08,0.5043478260869565,6.840022903631393e-08,0.0,0.0,0.7987804878048781,0.7900189145933363,0.4431804430862539,0.2817417798809198,0.0401765458830973,0.0,0.0,-3.1032191982749424e-08,0.0,0.0,5.90020798325595e-09,2.8605612947818493e-08,0.4496951219512195,5.781605338928132e-08,0.0,0.0
mosi,55,convex_projection,fixed,0.005,656,0.0,0.808695652173913,0.8085653753026636,0.45368222576257755,0.276058956700377,0.0475282669067382,0.0,0.0,-1.1740894867440232e-08,0.0,0.0,7.2092117265018385e-09,2.9149949012929882e-08,0.5043478260869565,6.840022903631393e-08,0.0,0.0,0.7987804878048781,0.7900189145933363,0.4431804430862539,0.2817417798809198,0.0401765458830973,0.0,0.0,-3.1032191982749424e-08,0.0,0.0,5.90020798325595e-09,2.8605612947818493e-08,0.4496951219512195,5.781605338928132e-08,0.0,0.0
mosi,55,convex_projection,fixed,0.01,656,0.0,0.808695652173913,0.8085653753026636,0.45368222576257755,0.276058956700377,0.0475282669067382,0.0,0.0,-1.1740894867440232e-08,0.0,0.0,7.2092117265018385e-09,2.9149949012929882e-08,0.5043478260869565,6.840022903631393e-08,0.0,0.0,0.7987804878048781,0.7900189145933363,0.4431804430862539,0.2817417798809198,0.0401765458830973,0.0,0.0,-3.1032191982749424e-08,0.0,0.0,5.90020798325595e-09,2.8605612947818493e-08,0.4496951219512195,5.781605338928132e-08,0.0,0.0
mosi,55,convex_projection,fixed,0.02,656,0.0,0.808695652173913,0.8085653753026636,0.45368222576257755,0.276058956700377,0.0475282669067382,0.0,0.0,-1.1740894867440232e-08,0.0,0.0,7.2092117265018385e-09,2.9149949012929882e-08,0.5043478260869565,6.840022903631393e-08,0.0,0.0,0.7987804878048781,0.7900189145933363,0.4431804430862539,0.2817417798809198,0.0401765458830973,0.0,0.0,-3.1032191982749424e-08,0.0,0.0,5.90020798325595e-09,2.8605612947818493e-08,0.4496951219512195,5.781605338928132e-08,0.0,0.0
mosi,55,convex_projection,fixed,0.05,656,0.0,0.808695652173913,0.8085653753026636,0.45368222576257755,0.276058956700377,0.0475282669067382,0.0,0.0,-1.1740894867440232e-08,0.0,0.0,7.2092117265018385e-09,2.9149949012929882e-08,0.5043478260869565,6.840022903631393e-08,0.0,0.0,0.7987804878048781,0.7900189145933363,0.4431804430862539,0.2817417798809198,0.0401765458830973,0.0,0.0,-3.1032191982749424e-08,0.0,0.0,5.90020798325595e-09,2.8605612947818493e-08,0.4496951219512195,5.781605338928132e-08,0.0,0.0
