dataset,action,controller,strength,test_nll_gain_mean,test_clipped_harm_mean,test_accuracy_gain_mean
avmnist,candidate_mixer,analytic_pi_g1,0.0,0.0,0.0,0.0
avmnist,candidate_mixer,analytic_pi_g1,0.025,0.00180613547563548,7.731710284133441e-05,5.555555555554e-05
avmnist,candidate_mixer,analytic_pi_g1,0.05,0.00213349722325796,0.000155725903459786,5.555555555554e-05
avmnist,candidate_mixer,analytic_pi_g1,0.075,0.00238137841224666,0.00023526541335736002,5.555555555555999e-05
avmnist,candidate_mixer,analytic_pi_g1,0.1,0.00259045697748658,0.00031597740889986,0.00011111111111109999
avmnist,candidate_mixer,analytic_pi_g1,0.125,0.00277488641440862,0.00039790497394273996,0.00016666666666666
avmnist,candidate_mixer,analytic_pi_g1,0.15,0.00294149480760092,0.000481095543364,0.00022222222222222
avmnist,candidate_mixer,analytic_pi_g1,0.175,0.00309418290853496,0.00056559720542278,0.00027777777777776005
avmnist,candidate_mixer,analytic_pi_g1,0.2,0.0032354045659303,0.0006514622422400399,0.0003333333333333
avmnist,candidate_mixer,analytic_pi_g1,0.225,0.0033668305724858802,0.00073874698136928,0.00038888888888884
avmnist,candidate_mixer,analytic_pi_g1,0.25,0.0034896470606326597,0.0008275114523712201,0.00049999999999996
avmnist,candidate_mixer,analytic_pi_g1,0.275,0.0036047253757714804,0.00091781918890768,0.0005555555555555
avmnist,candidate_mixer,analytic_pi_g1,0.3,0.0037127275019883596,0.0010097388527355602,0.00061111111111106
avmnist,candidate_mixer,analytic_pi_g1,0.325,0.0038141600787639,0.00110334487981158,0.00077777777777774
avmnist,candidate_mixer,analytic_pi_g1,0.35,0.003909413143992379,0.00119871688075358,0.0009444444444443801
avmnist,candidate_mixer,analytic_pi_g1,0.375,0.0039987981319427,0.00129594085738058,0.00099999999999994
avmnist,candidate_mixer,analytic_pi_g1,0.4,0.00408254936337468,0.00139511087909334,0.0010555555555554802
avmnist,candidate_mixer,analytic_pi_g1,0.425,0.0041608482599258,0.0014963267138227202,0.00099999999999992
avmnist,candidate_mixer,analytic_pi_g1,0.45,0.0042338259518146,0.0015997004462405598,0.00099999999999992
avmnist,candidate_mixer,analytic_pi_g1,0.475,0.00430157221853728,0.0017053519841282998,0.00099999999999992
avmnist,candidate_mixer,analytic_pi_g1,0.5,0.00436414442956442,0.00181341369170692,0.00099999999999992
avmnist,candidate_mixer,analytic_pi_g1,0.525,0.00442155785858628,0.0019240318331866797,0.0010555555555555002
avmnist,candidate_mixer,analytic_pi_g1,0.55,0.0044737953692674,0.0020373679231852,0.00111111111111106
avmnist,candidate_mixer,analytic_pi_g1,0.5750000000000001,0.00452081523835654,0.0021536000189371,0.0010555555555555002
avmnist,candidate_mixer,analytic_pi_g1,0.6000000000000001,0.004562530294060679,0.0022729290882125,0.00111111111111106
avmnist,candidate_mixer,analytic_pi_g1,0.625,0.00459882579743854,0.0023955779382958597,0.00111111111111106
avmnist,candidate_mixer,analytic_pi_g1,0.65,0.00462954640388486,0.00252180008683348,0.0011666666666666002
avmnist,candidate_mixer,analytic_pi_g1,0.675,0.00465449281036852,0.0026513095479458,0.0011666666666666002
avmnist,candidate_mixer,analytic_pi_g1,0.7000000000000001,0.0046734191477298395,0.00278070580679922,0.0011666666666666002
avmnist,candidate_mixer,analytic_pi_g1,0.7250000000000001,0.0046860251575708,0.00289534849580372,0.0012777777777777202
avmnist,candidate_mixer,analytic_pi_g1,0.75,0.004691931977868,0.0030100120930000598,0.0012777777777777002
avmnist,candidate_mixer,analytic_pi_g1,0.775,0.0046906847506761,0.00312157378066328,0.0012777777777777002
avmnist,candidate_mixer,analytic_pi_g1,0.8,0.0046817243099212,0.00322679746896024,0.00122222222222214
avmnist,candidate_mixer,analytic_pi_g1,0.8250000000000001,0.004664355143904659,0.00332477085757994,0.00133333333333328
avmnist,candidate_mixer,analytic_pi_g1,0.8500000000000001,0.00463769957423204,0.00342172777745868,0.00138888888888882
avmnist,candidate_mixer,analytic_pi_g1,0.875,0.00460064113140102,0.00351257380098098,0.00144444444444438
avmnist,candidate_mixer,analytic_pi_g1,0.9,0.0045517116785049,0.0036025158129632,0.00133333333333328
avmnist,candidate_mixer,analytic_pi_g1,0.925,0.00448893010616298,0.00369246627669778,0.00138888888888882
avmnist,candidate_mixer,analytic_pi_g1,0.95,0.00440949909389014,0.0037776415934785606,0.00149999999999994
avmnist,candidate_mixer,analytic_pi_g1,0.975,0.00430921539664262,0.00385723833460356,0.0015555555555555
avmnist,candidate_mixer,analytic_pi_g1,1.0,0.004181145131587941,0.0039293843088671196,0.0016111111111110602
avmnist,candidate_mixer,analytic_pi_g2,0.0,0.0,0.0,0.0
avmnist,candidate_mixer,analytic_pi_g2,0.025,0.0016025826334952799,6.416265096049756e-05,5.555555555554e-05
avmnist,candidate_mixer,analytic_pi_g2,0.05,0.00188768617808814,0.0001292583299800486,-2.001437210408241e-17
avmnist,candidate_mixer,analytic_pi_g2,0.075,0.002104278281331,0.0001953198065165957,5.555555555554e-05
avmnist,candidate_mixer,analytic_pi_g2,0.1,0.00228771232068536,0.00026238244172414,5.555555555555999e-05
avmnist,candidate_mixer,analytic_pi_g2,0.125,0.0024502594023942596,0.00033048331970342,0.00016666666666666
avmnist,candidate_mixer,analytic_pi_g2,0.15,0.00259782448410982,0.0003996620245743,0.00016666666666666
avmnist,candidate_mixer,analytic_pi_g2,0.175,0.0027337510138749598,0.00046995991724538,0.00022222222222222
avmnist,candidate_mixer,analytic_pi_g2,0.2,0.00286014378070824,0.00054142251028676,0.00038888888888886
avmnist,candidate_mixer,analytic_pi_g2,0.225,0.00297841466963286,0.00061409642803478,0.0003333333333333
avmnist,candidate_mixer,analytic_pi_g2,0.25,0.00308956615626808,0.00068803331232624,0.0003333333333333
avmnist,candidate_mixer,analytic_pi_g2,0.275,0.0031943246722220798,0.00076328718569126,0.00027777777777776
avmnist,candidate_mixer,analytic_pi_g2,0.3,0.0032932419329881,0.00083991623250764,0.00049999999999996
avmnist,candidate_mixer,analytic_pi_g2,0.325,0.00338673815131182,0.00091798348585136,0.00049999999999996
avmnist,candidate_mixer,analytic_pi_g2,0.35,0.00347513370215888,0.0009975560591555799,0.0007222222222221601
avmnist,candidate_mixer,analytic_pi_g2,0.375,0.0035586826503276603,0.0010787071660160598,0.00077777777777772
avmnist,candidate_mixer,analytic_pi_g2,0.4,0.0036375727504491195,0.00116151508409524,0.00077777777777774
avmnist,candidate_mixer,analytic_pi_g2,0.425,0.0037119489163159997,0.0012460657046176001,0.00077777777777774
avmnist,candidate_mixer,analytic_pi_g2,0.45,0.00378191433846944,0.0013324511935934,0.00083333333333328
avmnist,candidate_mixer,analytic_pi_g2,0.475,0.0038475409150123194,0.0014207733329384801,0.0008888888888888399
avmnist,candidate_mixer,analytic_pi_g2,0.5,0.003908864036202379,0.0015111430664546202,0.0009444444444443801
avmnist,candidate_mixer,analytic_pi_g2,0.525,0.00396590307354922,0.00160368182696396,0.00099999999999992
avmnist,candidate_mixer,analytic_pi_g2,0.55,0.0040186326950787995,0.0016985245747491201,0.0010555555555554802
avmnist,candidate_mixer,analytic_pi_g2,0.5750000000000001,0.00406701266765592,0.0017958185402675998,0.0009444444444443801
avmnist,candidate_mixer,analytic_pi_g2,0.6000000000000001,0.00411097332835192,0.0018957299878820202,0.0009444444444443801
avmnist,candidate_mixer,analytic_pi_g2,0.625,0.00415041446685784,0.00199844304006542,0.0009444444444443801
avmnist,candidate_mixer,analytic_pi_g2,0.65,0.0041852109134197,0.00210416512563818,0.00099999999999992
avmnist,candidate_mixer,analytic_pi_g2,0.675,0.00421519242227072,0.00221313064685088,0.00099999999999992
avmnist,candidate_mixer,analytic_pi_g2,0.7000000000000001,0.0042401630431412995,0.00232333338353778,0.0009444444444443601
avmnist,candidate_mixer,analytic_pi_g2,0.7250000000000001,0.0042598776519298205,0.00243086186237628,0.0009444444444443601
avmnist,candidate_mixer,analytic_pi_g2,0.75,0.00427403226494784,0.00252654028590762,0.0009444444444443601
avmnist,candidate_mixer,analytic_pi_g2,0.775,0.0042822733521461,0.0026184349786489798,0.0009444444444443601
avmnist,candidate_mixer,analytic_pi_g2,0.8,0.00428415872156616,0.00270994778256858,0.0009444444444443601
avmnist,candidate_mixer,analytic_pi_g2,0.8250000000000001,0.00427915044128892,0.0027939269784837397,0.00105555555555546
avmnist,candidate_mixer,analytic_pi_g2,0.8500000000000001,0.0042665846645831606,0.0028728316305204602,0.00099999999999992
avmnist,candidate_mixer,analytic_pi_g2,0.875,0.00424562357366082,0.0029508647741749395,0.00099999999999992
avmnist,candidate_mixer,analytic_pi_g2,0.9,0.00421520397067062,0.0030233593890443,0.00099999999999992
avmnist,candidate_mixer,analytic_pi_g2,0.925,0.00417392067611212,0.00309382632840418,0.00111111111111102
avmnist,candidate_mixer,analytic_pi_g2,0.95,0.004119886085391,0.0031637801323085397,0.0011666666666666002
avmnist,candidate_mixer,analytic_pi_g2,0.975,0.00405040681362148,0.0032309477915986795,0.0011666666666666002
avmnist,candidate_mixer,analytic_pi_g2,1.0,0.0039614062756299405,0.0032944058300926797,0.0011666666666666002
avmnist,candidate_mixer,analytic_pi_g3,0.0,0.0,0.0,0.0
avmnist,candidate_mixer,analytic_pi_g3,0.025,0.0014323022216558,5.697012602468021e-05,5.555555555554e-05
avmnist,candidate_mixer,analytic_pi_g3,0.05,0.00168195031583304,0.00011477899606683961,-2.001437210408241e-17
avmnist,candidate_mixer,analytic_pi_g3,0.075,0.0018731120973825,0.00017345613450739036,5.555555555554e-05
avmnist,candidate_mixer,analytic_pi_g3,0.1,0.00203602537512776,0.00023303275083884074,5.555555555554e-05
avmnist,candidate_mixer,analytic_pi_g3,0.125,0.00218112319707866,0.00029354209400477997,0.0001111111111111
avmnist,candidate_mixer,analytic_pi_g3,0.15,0.0023134183138608403,0.00035501907404974,0.00011111111111109999
avmnist,candidate_mixer,analytic_pi_g3,0.175,0.00243575349450106,0.00041750091186252,0.00016666666666666
avmnist,candidate_mixer,analytic_pi_g3,0.2,0.0025499176234006398,0.00048102739965538,0.00027777777777774005
avmnist,candidate_mixer,analytic_pi_g3,0.225,0.00265710838139054,0.00054564052261406,0.00038888888888886
avmnist,candidate_mixer,analytic_pi_g3,0.25,0.00275817625224586,0.0006113855051807601,0.0003333333333333
avmnist,candidate_mixer,analytic_pi_g3,0.275,0.0028537448495625796,0.00067831038031724,0.0003333333333333
avmnist,candidate_mixer,analytic_pi_g3,0.3,0.0029442805796861,0.00074646671419026,0.00027777777777776
avmnist,candidate_mixer,analytic_pi_g3,0.325,0.00303013697266572,0.00081590978661546,0.0003333333333333
avmnist,candidate_mixer,analytic_pi_g3,0.35,0.0031115829944609796,0.0008866990741807201,0.0004444444444444
avmnist,candidate_mixer,analytic_pi_g3,0.375,0.00318883284926412,0.0009588986169546401,0.00061111111111104
avmnist,candidate_mixer,analytic_pi_g3,0.4,0.00326204746961588,0.0010325776704121,0.00061111111111104
avmnist,candidate_mixer,analytic_pi_g3,0.425,0.0033313427120446604,0.00110781093826512,0.0007222222222221601
avmnist,candidate_mixer,analytic_pi_g3,0.45,0.0033968068659305005,0.0011846797773614,0.0007222222222221601
avmnist,candidate_mixer,analytic_pi_g3,0.475,0.0034584973007439996,0.0012632726458832,0.00077777777777772
avmnist,candidate_mixer,analytic_pi_g3,0.5,0.00351644605398174,0.00134368627332146,0.00077777777777772
avmnist,candidate_mixer,analytic_pi_g3,0.525,0.0035706534981727197,0.00142602623673152,0.00083333333333328
avmnist,candidate_mixer,analytic_pi_g3,0.55,0.0036211103200911796,0.00151040923083196,0.00077777777777774
avmnist,candidate_mixer,analytic_pi_g3,0.5750000000000001,0.0036677714437246003,0.0015969631262123002,0.00077777777777774
avmnist,candidate_mixer,analytic_pi_g3,0.6000000000000001,0.0037105765193700202,0.0016858305898494804,0.0008333333333333
avmnist,candidate_mixer,analytic_pi_g3,0.625,0.00374944098293776,0.00177716944599518,0.0008888888888888399
avmnist,candidate_mixer,analytic_pi_g3,0.65,0.0037842508405446394,0.0018711572978645,0.0009444444444443801
avmnist,candidate_mixer,analytic_pi_g3,0.675,0.00381487272679798,0.0019679936463944,0.0009444444444443801
avmnist,candidate_mixer,analytic_pi_g3,0.7000000000000001,0.00384112931787964,0.00206753953825678,0.0009444444444443801
avmnist,candidate_mixer,analytic_pi_g3,0.7250000000000001,0.0038628179579972798,0.00216555763036006,0.0009444444444443801
avmnist,candidate_mixer,analytic_pi_g3,0.75,0.0038796879351138402,0.0022592883673496,0.0009444444444443801
avmnist,candidate_mixer,analytic_pi_g3,0.775,0.0038914415985345395,0.00234299051808188,0.00088888888888882
avmnist,candidate_mixer,analytic_pi_g3,0.8,0.0038977213203906596,0.00242323763668532,0.00088888888888882
avmnist,candidate_mixer,analytic_pi_g3,0.8250000000000001,0.00389808788895602,0.00250280806794756,0.00088888888888882
avmnist,candidate_mixer,analytic_pi_g3,0.8500000000000001,0.00389200747013086,0.0025760989869012796,0.00088888888888882
avmnist,candidate_mixer,analytic_pi_g3,0.875,0.0038788229227065597,0.00264339130371802,0.00088888888888882
avmnist,candidate_mixer,analytic_pi_g3,0.9,0.0038577057421206803,0.0027078592916950197,0.00088888888888882
avmnist,candidate_mixer,analytic_pi_g3,0.925,0.0038275957107543404,0.0027738087344914,0.00088888888888882
avmnist,candidate_mixer,analytic_pi_g3,0.95,0.00378709398210044,0.00283486112020904,0.00088888888888882
avmnist,candidate_mixer,analytic_pi_g3,0.975,0.00373429469764228,0.00289365896023806,0.0009444444444443601
avmnist,candidate_mixer,analytic_pi_g3,1.0,0.0036664612591266,0.00294597519095984,0.0009444444444443601
avmnist,candidate_mixer,fixed,0.0,1.2074594830935315e-09,4.3096016746514737e-10,0.0
avmnist,candidate_mixer,fixed,0.025,0.00205016158178252,0.00019982865027898,5.555555555554e-05
avmnist,candidate_mixer,fixed,0.05,0.00240765180953712,0.00040122537172038,5.555555555555999e-05
avmnist,candidate_mixer,fixed,0.075,0.00265766447027608,0.00060424461120286,0.00011111111111109999
avmnist,candidate_mixer,fixed,0.1,0.0028518298157491,0.00080894404567922,0.00011111111111109999
avmnist,candidate_mixer,fixed,0.125,0.0030092781502167,0.00101538486645898,0.00022222222222222
avmnist,candidate_mixer,fixed,0.15,0.0031396665582831594,0.00122363209029964,0.00022222222222222
avmnist,candidate_mixer,fixed,0.175,0.00324869225009954,0.00143375490731122,0.00038888888888884
avmnist,candidate_mixer,fixed,0.2,0.00334005167310418,0.00164582707120592,0.0004999999999999399
avmnist,candidate_mixer,fixed,0.225,0.0034163009202011598,0.00185992733844576,0.00072222222222218
avmnist,candidate_mixer,fixed,0.25,0.0034792887631854993,0.00207613996408406,0.0007777777777777199
avmnist,candidate_mixer,fixed,0.275,0.00353039652300594,0.00229455526362814,0.0008333333333332601
avmnist,candidate_mixer,fixed,0.3,0.00357068074345238,0.00251527025213538,0.0010555555555555002
avmnist,candidate_mixer,fixed,0.325,0.00360096281577948,0.00273838937410418,0.0010555555555555002
avmnist,candidate_mixer,fixed,0.35,0.0036218877288362998,0.00296402534065776,0.00111111111111106
avmnist,candidate_mixer,fixed,0.375,0.00363396387889042,0.0031923000942219197,0.00116666666666664
avmnist,candidate_mixer,fixed,0.4,0.0036375907280774998,0.00342334592560822,0.00116666666666664
avmnist,candidate_mixer,fixed,0.425,0.0036330783504193802,0.00365730677443786,0.0012222222222221801
avmnist,candidate_mixer,fixed,0.45,0.0036206613554579,0.0038943397516446403,0.0013333333333332802
avmnist,candidate_mixer,fixed,0.475,0.00360050876578726,0.004134616932968601,0.00122222222222216
avmnist,candidate_mixer,fixed,0.5,0.00357273086160498,0.00437832748577316,0.0012777777777777002
avmnist,candidate_mixer,fixed,0.525,0.00353738364213032,0.00462568020942736,0.0013888888888888402
avmnist,candidate_mixer,fixed,0.55,0.00349447130642024,0.00487690659365798,0.00133333333333326
avmnist,candidate_mixer,fixed,0.5750000000000001,0.0034439469752148,0.0051322645323560595,0.00122222222222216
avmnist,candidate_mixer,fixed,0.6000000000000001,0.0033857117294264403,0.00539204287622632,0.00122222222222216
avmnist,candidate_mixer,fixed,0.625,0.0033196119069710804,0.0056565670724242996,0.00133333333333328
avmnist,candidate_mixer,fixed,0.65,0.0032454344580419405,0.0059262062322790405,0.00149999999999994
avmnist,candidate_mixer,fixed,0.675,0.00316289998808966,0.0061966268280504,0.0014444444444443798
avmnist,candidate_mixer,fixed,0.7000000000000001,0.00307165288899402,0.00645736088991952,0.0014444444444444
avmnist,candidate_mixer,fixed,0.7250000000000001,0.0029712476283146596,0.0067117064223882,0.0015555555555555
avmnist,candidate_mixer,fixed,0.75,0.0028611297608907398,0.0069593731511447005,0.00161111111111104
avmnist,candidate_mixer,fixed,0.775,0.0027406094166634804,0.00720197009064476,0.0016666666666666202
avmnist,candidate_mixer,fixed,0.8,0.0026088236610248604,0.00744086766425502,0.00161111111111108
avmnist,candidate_mixer,fixed,0.8250000000000001,0.002464681741919716,0.007673240126366799,0.0015555555555555399
avmnist,candidate_mixer,fixed,0.8500000000000001,0.0023067828340269797,0.00790182330106716,0.00155555555555552
avmnist,candidate_mixer,fixed,0.875,0.0021332872307697403,0.0081230563843297,0.00161111111111108
avmnist,candidate_mixer,fixed,0.9,0.0019417035738496403,0.008342285491055179,0.00161111111111108
avmnist,candidate_mixer,fixed,0.925,0.0017285118786764,0.00855627617803952,0.00161111111111108
avmnist,candidate_mixer,fixed,0.95,0.00148842875576706,0.008765215964834299,0.0015555555555555399
avmnist,candidate_mixer,fixed,0.975,0.00121276286641866,0.00897127699018652,0.0016111111111110602
avmnist,candidate_mixer,fixed,1.0,0.00088481247500894,0.00916938540090112,0.00161111111111104
avmnist,candidate_mixer,max_confidence,0.0,0.0,0.0,0.0
avmnist,candidate_mixer,max_confidence,0.025,0.0018605407327413198,0.00017070342437358,5.555555555554e-05
avmnist,candidate_mixer,max_confidence,0.05,0.0021641280502080404,0.00034241356188428,-2.001437210408241e-17
avmnist,candidate_mixer,max_confidence,0.075,0.00237481556832784,0.00051516680978232,0.0
avmnist,candidate_mixer,max_confidence,0.1,0.0025386199355124798,0.00068898954195896,5.555555555554e-05
avmnist,candidate_mixer,max_confidence,0.125,0.00267221853137012,0.00086392558878282,0.0001111111111111
avmnist,candidate_mixer,max_confidence,0.15,0.0027839116752147,0.0010400039493105601,0.00022222222222222
avmnist,candidate_mixer,max_confidence,0.175,0.00287852808833116,0.00121727051446208,0.00027777777777776005
avmnist,candidate_mixer,max_confidence,0.2,0.0029591701924800602,0.00139576969668264,0.0002222222222222
avmnist,candidate_mixer,max_confidence,0.225,0.00302798859775062,0.0015755341155454,0.0002222222222222
avmnist,candidate_mixer,max_confidence,0.25,0.0030865009874105004,0.00175662587862458,0.00027777777777776
avmnist,candidate_mixer,max_confidence,0.275,0.00313587337732312,0.00193908498622474,0.00038888888888888003
avmnist,candidate_mixer,max_confidence,0.3,0.00317697636783118,0.00212297281250352,0.00049999999999998
avmnist,candidate_mixer,max_confidence,0.325,0.0032105017453431797,0.00230834635440252,0.00049999999999998
avmnist,candidate_mixer,max_confidence,0.35,0.00323699600994582,0.0024952678941189597,0.0007777777777777199
avmnist,candidate_mixer,max_confidence,0.375,0.0032568976283072993,0.0026838038116692997,0.0007777777777777199
avmnist,candidate_mixer,max_confidence,0.4,0.00327054485678668,0.00287403450347478,0.0008888888888888399
avmnist,candidate_mixer,max_confidence,0.425,0.00327826105058188,0.0030660129617899002,0.0008888888888888399
avmnist,candidate_mixer,max_confidence,0.45,0.0032802332192658793,0.0032598515506833204,0.00105555555555546
avmnist,candidate_mixer,max_confidence,0.475,0.00327665694057938,0.0034556304570287,0.00105555555555546
avmnist,candidate_mixer,max_confidence,0.5,0.00326766781508918,0.0036534521263092,0.00099999999999992
avmnist,candidate_mixer,max_confidence,0.525,0.0032533645629882397,0.00385342705994842,0.00099999999999992
avmnist,candidate_mixer,max_confidence,0.55,0.00323381759226316,0.00405567362904544,0.00099999999999992
avmnist,candidate_mixer,max_confidence,0.5750000000000001,0.0032090622931718596,0.00426032431423658,0.00099999999999992
avmnist,candidate_mixer,max_confidence,0.6000000000000001,0.0031790949404239197,0.00446752696298058,0.0010555555555555002
avmnist,candidate_mixer,max_confidence,0.625,0.0031438965350389,0.0046774451155215,0.0011111111111110402
avmnist,candidate_mixer,max_confidence,0.65,0.00310340300202364,0.0048902579117566,0.0010555555555555002
avmnist,candidate_mixer,max_confidence,0.675,0.00305752716958518,0.00510617480613286,0.0010555555555555002
avmnist,candidate_mixer,max_confidence,0.7000000000000001,0.00300613828003402,0.00532347401604054,0.0010555555555555002
avmnist,candidate_mixer,max_confidence,0.7250000000000001,0.0029490616172551803,0.00553850661963218,0.0011111111111110402
avmnist,candidate_mixer,max_confidence,0.75,0.00288608632981772,0.00574815412983292,0.0011111111111110402
avmnist,candidate_mixer,max_confidence,0.775,0.0028169389814138,0.00595247223973268,0.00122222222222214
avmnist,candidate_mixer,max_confidence,0.8,0.0027412768453359197,0.00615272205322976,0.00122222222222214
avmnist,candidate_mixer,max_confidence,0.8250000000000001,0.00265867970883842,0.006352424249052959,0.0012777777777777002
avmnist,candidate_mixer,max_confidence,0.8500000000000001,0.0025686182081699,0.006550170388072681,0.0013888888888888402
avmnist,candidate_mixer,max_confidence,0.875,0.0024704206734895,0.00674977200105782,0.00133333333333328
avmnist,candidate_mixer,max_confidence,0.9,0.002363227680325455,0.006942502502351939,0.00133333333333328
avmnist,candidate_mixer,max_confidence,0.925,0.0022459059953689347,0.00713003333657974,0.0013888888888888402
avmnist,candidate_mixer,max_confidence,0.95,0.00211692862212656,0.00731790494173762,0.00144444444444438
avmnist,candidate_mixer,max_confidence,0.975,0.00197412222623824,0.0075038861483334995,0.00144444444444438
avmnist,candidate_mixer,max_confidence,1.0,0.0018142186105251199,0.0076857374981045,0.00144444444444438
avmnist,candidate_mixer,negative_entropy,0.0,0.0,0.0,0.0
avmnist,candidate_mixer,negative_entropy,0.025,0.0018717709928750402,0.00016767443739802002,5.555555555554e-05
avmnist,candidate_mixer,negative_entropy,0.05,0.0021814085543155398,0.00033627331722524,-2.001437210408241e-17
avmnist,candidate_mixer,negative_entropy,0.075,0.0023968510329723,0.00050582393305372,0.0
avmnist,candidate_mixer,negative_entropy,0.1,0.00256469659507268,0.0006763528916053001,5.555555555554e-05
avmnist,candidate_mixer,negative_entropy,0.125,0.00270188152790064,0.0008478958508930601,0.00016666666666666
avmnist,candidate_mixer,negative_entropy,0.15,0.00281685516238208,0.00102047655964268,0.00022222222222222
avmnist,candidate_mixer,negative_entropy,0.175,0.0029145441949367,0.0011941323988139002,0.00022222222222222
avmnist,candidate_mixer,negative_entropy,0.2,0.00299812965095038,0.00136889957357194,0.0002222222222222
avmnist,candidate_mixer,negative_entropy,0.225,0.0030698094516992402,0.00154480868950482,0.0002222222222222
avmnist,candidate_mixer,negative_entropy,0.25,0.0031311575323342807,0.0017219068948179002,0.0002222222222222
avmnist,candidate_mixer,negative_entropy,0.275,0.0031833693385123797,0.0019002295332028996,0.00038888888888888003
avmnist,candidate_mixer,negative_entropy,0.3,0.0032273527234792194,0.0020798255456611,0.00044444444444442007
avmnist,candidate_mixer,negative_entropy,0.325,0.00326383076608176,0.00226073940284546,0.00055555555555552
avmnist,candidate_mixer,negative_entropy,0.35,0.00329337455332272,0.00244302300270642,0.00072222222222218
avmnist,candidate_mixer,negative_entropy,0.375,0.00331645011901852,0.00262672747485336,0.0007777777777777199
avmnist,candidate_mixer,negative_entropy,0.4,0.0033334329724311203,0.0028119154274463,0.00083333333333326
avmnist,candidate_mixer,negative_entropy,0.425,0.00334464609622948,0.00299863475374872,0.00094444444444436
avmnist,candidate_mixer,negative_entropy,0.45,0.0033503256738185395,0.0031869657337665197,0.00111111111111104
avmnist,candidate_mixer,negative_entropy,0.475,0.00335068404674524,0.0033769739326089004,0.0010555555555555002
avmnist,candidate_mixer,negative_entropy,0.5,0.0033458910882472395,0.00356873595155772,0.0010555555555555002
avmnist,candidate_mixer,negative_entropy,0.525,0.0033360745757817804,0.00376233728602524,0.0010555555555555002
avmnist,candidate_mixer,negative_entropy,0.55,0.0033213384449481604,0.00395786440931256,0.0010555555555555002
avmnist,candidate_mixer,negative_entropy,0.5750000000000001,0.00330175124108786,0.00415541692636904,0.00099999999999996
avmnist,candidate_mixer,negative_entropy,0.6000000000000001,0.0032773651182651,0.00435510333627456,0.00099999999999994
avmnist,candidate_mixer,negative_entropy,0.625,0.00324819870293134,0.00455703982152038,0.00099999999999994
avmnist,candidate_mixer,negative_entropy,0.65,0.00321424864232536,0.00476135578937826,0.0010555555555555002
avmnist,candidate_mixer,negative_entropy,0.675,0.0031754799187183004,0.00496819680556648,0.0011666666666666002
avmnist,candidate_mixer,negative_entropy,0.7000000000000001,0.0031318470835685003,0.00517772082239386,0.00122222222222216
avmnist,candidate_mixer,negative_entropy,0.7250000000000001,0.00308326296508308,0.005390107166022,0.0012777777777777002
avmnist,candidate_mixer,negative_entropy,0.75,0.0030296180397271603,0.00560237430036064,0.0012777777777777002
avmnist,candidate_mixer,negative_entropy,0.775,0.0029707647860049797,0.00581318940967318,0.0013888888888888003
avmnist,candidate_mixer,negative_entropy,0.8,0.00290652140974994,0.00602036938071246,0.00133333333333326
avmnist,candidate_mixer,negative_entropy,0.8250000000000001,0.00283666029572482,0.006220346130430659,0.0012777777777777002
avmnist,candidate_mixer,negative_entropy,0.8500000000000001,0.0027609035372733602,0.00641833562403914,0.0012777777777777002
avmnist,candidate_mixer,negative_entropy,0.875,0.0026788976043462197,0.0066138850525021,0.00133333333333328
avmnist,candidate_mixer,negative_entropy,0.9,0.00259022116661066,0.0068113731220364,0.00133333333333328
avmnist,candidate_mixer,negative_entropy,0.925,0.00249433666467662,0.00700568687170738,0.00138888888888882
avmnist,candidate_mixer,negative_entropy,0.95,0.00239057391881936,0.0071954219602048,0.00138888888888882
avmnist,candidate_mixer,negative_entropy,0.975,0.0022780589759349534,0.00738575980067248,0.00149999999999992
avmnist,candidate_mixer,negative_entropy,1.0,0.002155655995011328,0.0075746733695267994,0.00155555555555548
avmnist,convex_projection,analytic_pi_g2,0.0,1.2074594830935315e-09,4.3096016746514737e-10,0.0
avmnist,convex_projection,analytic_pi_g2,0.025,0.0012638167022532675,1.5774062763279957e-05,0.0
avmnist,convex_projection,analytic_pi_g2,0.05,0.00141966887645954,3.168547765771421e-05,0.0
avmnist,convex_projection,analytic_pi_g2,0.075,0.0015372379008479601,4.773813148609847e-05,-2.0003530082357557e-17
avmnist,convex_projection,analytic_pi_g2,0.1,0.00163670706730096,6.393612166586295e-05,-2.0003530082357557e-17
avmnist,convex_projection,analytic_pi_g2,0.125,0.00172487089804966,8.028353920676869e-05,5.5555555555519996e-05
avmnist,convex_projection,analytic_pi_g2,0.15,0.0018049892696132802,9.678480624746266e-05,5.5555555555519996e-05
avmnist,convex_projection,analytic_pi_g2,0.175,0.0018789327069202398,0.00011344432562843373,5.5555555555519996e-05
avmnist,convex_projection,analytic_pi_g2,0.2,0.00194789680514768,0.00013026717239134753,0.00011111111111108
avmnist,convex_projection,analytic_pi_g2,0.225,0.00201270457780434,0.00014725824155614183,0.00016666666666664002
avmnist,convex_projection,analytic_pi_g2,0.25,0.00207395233291854,0.0001644230505139218,0.00011111111111108
avmnist,convex_projection,analytic_pi_g2,0.275,0.00213208945458672,0.00018176714118550266,0.00011111111111109999
avmnist,convex_projection,analytic_pi_g2,0.3,0.0021874650364456802,0.0001992966208149434,0.00022222222222222
avmnist,convex_projection,analytic_pi_g2,0.325,0.0022403564704385997,0.0002170179236564507,0.00022222222222222
avmnist,convex_projection,analytic_pi_g2,0.35,0.0022909892159502397,0.00023493773559240817,0.00027777777777778
avmnist,convex_projection,analytic_pi_g2,0.375,0.0023395483241445197,0.00025306334568434935,0.00038888888888888003
avmnist,convex_projection,analytic_pi_g2,0.4,0.00238618810888086,0.0002714024488819855,0.00044444444444442007
avmnist,convex_projection,analytic_pi_g2,0.425,0.00243103858537546,0.0002899634514159382,0.00044444444444442007
avmnist,convex_projection,analytic_pi_g2,0.45,0.0024742102087133002,0.0003087548955537008,0.00044444444444442007
avmnist,convex_projection,analytic_pi_g2,0.475,0.0025157970812035,0.0003277865336663239,0.00044444444444442007
avmnist,convex_projection,analytic_pi_g2,0.5,0.00255588006817432,0.00034706827312076013,0.00044444444444442007
avmnist,convex_projection,analytic_pi_g2,0.525,0.0025945283655489,0.0003666113072267565,0.00044444444444442007
avmnist,convex_projection,analytic_pi_g2,0.55,0.00263180167994818,0.0003864274873413495,0.00044444444444442007
avmnist,convex_projection,analytic_pi_g2,0.5750000000000001,0.00266775078240816,0.00040652975587896005,0.0004999999999999801
avmnist,convex_projection,analytic_pi_g2,0.6000000000000001,0.00270241958926976,0.00042693202276002,0.0004999999999999801
avmnist,convex_projection,analytic_pi_g2,0.625,0.00273584438631958,0.00044764971094338,0.0004999999999999801
avmnist,convex_projection,analytic_pi_g2,0.65,0.00276805581014084,0.00046869954306321993,0.0004999999999999801
avmnist,convex_projection,analytic_pi_g2,0.675,0.00279907842513588,0.00049010006420506,0.0004999999999999801
avmnist,convex_projection,analytic_pi_g2,0.7000000000000001,0.0028289310166308796,0.00051187168110586,0.0004999999999999801
avmnist,convex_projection,analytic_pi_g2,0.7250000000000001,0.0028576271890820002,0.0005340371471112999,0.0004999999999999801
avmnist,convex_projection,analytic_pi_g2,0.75,0.00288517486579282,0.0005566217339944,0.0004999999999999801
avmnist,convex_projection,analytic_pi_g2,0.775,0.0029115760539566602,0.0005791609590378,0.00055555555555552
avmnist,convex_projection,analytic_pi_g2,0.8,0.00293682727597218,0.00059945954344528,0.00055555555555552
avmnist,convex_projection,analytic_pi_g2,0.8250000000000001,0.00296091797901436,0.0006200775637525601,0.00055555555555552
avmnist,convex_projection,analytic_pi_g2,0.8500000000000001,0.00298383010145668,0.00064103215721306,0.00061111111111106
avmnist,convex_projection,analytic_pi_g2,0.875,0.00300553719804762,0.0006623412808306,0.00061111111111106
avmnist,convex_projection,analytic_pi_g2,0.9,0.00302600242214918,0.00068402513938492,0.00061111111111106
avmnist,convex_projection,analytic_pi_g2,0.925,0.0030451761029674403,0.00070610583008382,0.00061111111111106
avmnist,convex_projection,analytic_pi_g2,0.95,0.00306299219261054,0.00072817589408194,0.00055555555555552
avmnist,convex_projection,analytic_pi_g2,0.975,0.00307936358395576,0.00074852287631462,0.00055555555555552
avmnist,convex_projection,analytic_pi_g2,1.0,0.00309417307878504,0.00076922046199474,0.00055555555555552
avmnist,convex_projection,fixed,0.0,1.2074594830935315e-09,4.3096016746514737e-10,0.0
avmnist,convex_projection,fixed,0.025,0.0014375558523583999,4.985722570719806e-05,0.0
avmnist,convex_projection,fixed,0.05,0.0016503382755314801,0.00010017005959064523,-2.0003530082357557e-17
avmnist,convex_projection,fixed,0.075,0.0018115035832519,0.00015095243637535562,-5.555555555558001e-05
avmnist,convex_projection,fixed,0.1,0.00194572076149156,0.0002022189089638502,-2.0003530082357557e-17
avmnist,convex_projection,fixed,0.125,0.0020620708614988,0.0002539849049008492,5.5555555555519996e-05
avmnist,convex_projection,fixed,0.15,0.0021651797744626404,0.0003062668075328,5.5555555555519996e-05
avmnist,convex_projection,fixed,0.175,0.0022578160359173803,0.00035908204748745997,0.00016666666666664
avmnist,convex_projection,fixed,0.2,0.00234180600021284,0.00041244920615384,0.00011111111111109999
avmnist,convex_projection,fixed,0.225,0.00241843538509096,0.00046638813317862,0.00016666666666665997
avmnist,convex_projection,fixed,0.25,0.0024886520187153197,0.0005209200804113799,0.00027777777777778
avmnist,convex_projection,fixed,0.275,0.00255317879847298,0.00057606785525008,0.00027777777777778
avmnist,convex_projection,fixed,0.3,0.0026125813844963797,0.00063185599698946,0.00033333333333332
avmnist,convex_projection,fixed,0.325,0.0026673111021996597,0.0006883109805986001,0.00038888888888886
avmnist,convex_projection,fixed,0.35,0.00271773335416794,0.0007454614534043601,0.00044444444444442007
avmnist,convex_projection,fixed,0.375,0.00276414710194932,0.0008033385115030999,0.0004999999999999801
avmnist,convex_projection,fixed,0.4,0.00280679859443244,0.0008619760244739001,0.0004999999999999801
avmnist,convex_projection,fixed,0.425,0.0028458912429242798,0.00092141101924654,0.00044444444444442007
avmnist,convex_projection,fixed,0.45,0.00288159282223944,0.0009816841370004,0.00044444444444442007
avmnist,convex_projection,fixed,0.475,0.0029140407507346,0.00104284018099862,0.0004999999999999801
avmnist,convex_projection,fixed,0.5,0.00294334593879898,0.0011049287787101001,0.00044444444444441996
avmnist,convex_projection,fixed,0.525,0.00296959552508926,0.0011680051890252002,0.00049999999999996
avmnist,convex_projection,fixed,0.55,0.0029928547038152397,0.00123213129570714,0.00044444444444441996
avmnist,convex_projection,fixed,0.5750000000000001,0.0030131677615064397,0.00129737684278296,0.0006666666666666401
avmnist,convex_projection,fixed,0.6000000000000001,0.0030305583730073802,0.00136382098841376,0.0006666666666666401
avmnist,convex_projection,fixed,0.625,0.0030450291428589598,0.00143155428415706,0.0006666666666666401
avmnist,convex_projection,fixed,0.65,0.00305656030959212,0.00150068123168976,0.00061111111111108
avmnist,convex_projection,fixed,0.675,0.00306510744495164,0.00156341615403074,0.0006666666666666401
avmnist,convex_projection,fixed,0.7000000000000001,0.00307059786080788,0.0016238834445818002,0.0006666666666666401
avmnist,convex_projection,fixed,0.7250000000000001,0.00307292525602902,0.00168527582135592,0.0006666666666666401
avmnist,convex_projection,fixed,0.75,0.0030719418452913603,0.00174574659746336,0.0008333333333332601
avmnist,convex_projection,fixed,0.775,0.00306744672042672,0.0018056121337666799,0.00077777777777772
avmnist,convex_projection,fixed,0.8,0.0030591683212125,0.0018632882055940997,0.00077777777777772
avmnist,convex_projection,fixed,0.8250000000000001,0.0030467372550894403,0.00192171816735306,0.00077777777777772
avmnist,convex_projection,fixed,0.8500000000000001,0.0030296424461586395,0.00198091171357534,0.0008333333333332601
avmnist,convex_projection,fixed,0.875,0.0030071566235231003,0.0020380781049694,0.00072222222222216
avmnist,convex_projection,fixed,0.9,0.00297820086763062,0.0020959603471914,0.00072222222222216
avmnist,convex_projection,fixed,0.925,0.00294107526638398,0.00215458913145764,0.00072222222222216
avmnist,convex_projection,fixed,0.95,0.0028928525059999,0.0022139977287874797,0.00072222222222216
avmnist,convex_projection,fixed,0.975,0.00282773509737818,0.00227422232938274,0.00072222222222218
avmnist,convex_projection,fixed,1.0,0.00273094382816472,0.00233530244414886,0.00066666666666662
cremad,candidate_mixer,analytic_pi_g1,0.0,0.0,0.0,0.0
cremad,candidate_mixer,analytic_pi_g1,0.025,0.002529768075907054,0.0011403440378020835,0.000806234883095921
cremad,candidate_mixer,analytic_pi_g1,0.05,0.004949107662832398,0.0022887756893989197,0.001504971781779062
cremad,candidate_mixer,analytic_pi_g1,0.075,0.00727052792558356,0.0034454660519876437,0.0022037086804622074
cremad,candidate_mixer,analytic_pi_g1,0.1,0.009503147613934901,0.004610591069816415,0.0030905670518677326
cremad,candidate_mixer,analytic_pi_g1,0.125,0.011654066006299807,0.005784337287288122,0.004192421392098874
cremad,candidate_mixer,analytic_pi_g1,0.15,0.01372907502745399,0.006966896041553422,0.005159903251813985
cremad,candidate_mixer,analytic_pi_g1,0.175,0.015732854800146086,0.00815846676939733,0.005536146197258762
cremad,candidate_mixer,analytic_pi_g1,0.2,0.017669403223028964,0.009359259049122009,0.006208008599838721
cremad,candidate_mixer,analytic_pi_g1,0.225,0.019542091138194332,0.01056949056002179,0.00682612201021226
cremad,candidate_mixer,analytic_pi_g1,0.25,0.021353928182945826,0.011789389642581674,0.007847352862133793
cremad,candidate_mixer,analytic_pi_g1,0.275,0.02310745732914336,0.013019193554869187,0.008626713249126543
cremad,candidate_mixer,analytic_pi_g1,0.3,0.02480494775492728,0.014259152946875029,0.009352324643912894
cremad,candidate_mixer,analytic_pi_g1,0.325,0.026448386146701197,0.015509526355673053,0.009513571620532069
cremad,candidate_mixer,analytic_pi_g1,0.35,0.028039558257059605,0.016770592848130792,0.010051061542596038
cremad,candidate_mixer,analytic_pi_g1,0.375,0.02958004704184246,0.018042638282036495,0.010400429991937608
cremad,candidate_mixer,analytic_pi_g1,0.4,0.031071231061494037,0.01932596643191268,0.011018543402311152
cremad,candidate_mixer,analytic_pi_g1,0.425,0.03251435473156817,0.020620897552411425,0.011932276269819884
cremad,candidate_mixer,analytic_pi_g1,0.45,0.033910542442990146,0.02192776748048049,0.01228164471916146
cremad,candidate_mixer,analytic_pi_g1,0.475,0.03526075331955239,0.02324693743119478,0.012496640687987058
cremad,candidate_mixer,analytic_pi_g1,0.5,0.036565878102293024,0.024578784072600925,0.013034130610051023
cremad,candidate_mixer,analytic_pi_g1,0.525,0.037826634393652,0.025923706772838517,0.01373286750873417
cremad,candidate_mixer,analytic_pi_g1,0.55,0.03904371586610983,0.02728213737299523,0.014861596345068482
cremad,candidate_mixer,analytic_pi_g1,0.5750000000000001,0.04021766316951582,0.028654525602710385,0.015614082235958027
cremad,candidate_mixer,analytic_pi_g1,0.6000000000000001,0.041348942504778705,0.03004136409628525,0.015882827196990013
cremad,candidate_mixer,analytic_pi_g1,0.625,0.04243790432190064,0.03144316664508702,0.01615157215802198
cremad,candidate_mixer,analytic_pi_g1,0.65,0.04348488255586391,0.032860497308374856,0.016796560064498745
cremad,candidate_mixer,analytic_pi_g1,0.675,0.0444900112041892,0.034293962293798774,0.016957807041117934
cremad,candidate_mixer,analytic_pi_g1,0.7000000000000001,0.04545344913143583,0.03574420706456829,0.01733404998656271
cremad,candidate_mixer,analytic_pi_g1,0.7250000000000001,0.04637513739612269,0.0372106878725159,0.01784466541252347
cremad,candidate_mixer,analytic_pi_g1,0.75,0.0472550319539254,0.038692873637863924,0.017952163396936248
cremad,candidate_mixer,analytic_pi_g1,0.775,0.04809291502443312,0.04018633735281814,0.018194033861865043
cremad,candidate_mixer,analytic_pi_g1,0.8,0.04888843656771603,0.04169314131971662,0.01862402579951622
cremad,candidate_mixer,analytic_pi_g1,0.8250000000000001,0.049641188342415515,0.04320843132611714,0.019027143241064175
cremad,candidate_mixer,analytic_pi_g1,0.8500000000000001,0.05035053241063876,0.04472435613069453,0.019027143241064196
cremad,candidate_mixer,analytic_pi_g1,0.875,0.05101569678571327,0.04624113330116466,0.01932276269819936
cremad,candidate_mixer,analytic_pi_g1,0.9,0.05163575686840749,0.04776414111426792,0.019430260682612156
cremad,candidate_mixer,analytic_pi_g1,0.925,0.052209425717391955,0.04929310405430163,0.019779629131953726
cremad,candidate_mixer,analytic_pi_g1,0.95,0.0527352281921943,0.050822436892034764,0.020182746573501692
cremad,candidate_mixer,analytic_pi_g1,0.975,0.053211209366187597,0.05235603615116986,0.020424617038430473
cremad,candidate_mixer,analytic_pi_g1,1.0,0.0536348225191952,0.05388231343682074,0.020397742542327277
cremad,candidate_mixer,analytic_pi_g2,0.0,0.0,0.0,0.0
cremad,candidate_mixer,analytic_pi_g2,0.025,0.0016802777128493364,0.0007595849128481302,0.0006718624025799398
cremad,candidate_mixer,analytic_pi_g2,0.05,0.003305138897043572,0.0015241214215075008,0.0012899758129534837
cremad,candidate_mixer,analytic_pi_g2,0.075,0.004879654914709302,0.0022937091446337933,0.0016662187583982458
cremad,candidate_mixer,analytic_pi_g2,0.1,0.0064077213258391715,0.003068449556175743,0.0022574576726686105
cremad,candidate_mixer,analytic_pi_g2,0.125,0.007892344328576046,0.0038484502874639066,0.002875571083042149
cremad,candidate_mixer,analytic_pi_g2,0.15,0.0093361702281856,0.00463382144036475,0.0036818059661381077
cremad,candidate_mixer,analytic_pi_g2,0.175,0.010741262026161134,0.005424677464780332,0.0042461703843052504
cremad,candidate_mixer,analytic_pi_g2,0.2,0.012109422805455966,0.006221138319707366,0.0047030368180596225
cremad,candidate_mixer,analytic_pi_g2,0.225,0.01344227308196678,0.007023329338413195,0.00529427573232997
cremad,candidate_mixer,analytic_pi_g2,0.25,0.01474114224751187,0.007831379372085372,0.005858640150497141
cremad,candidate_mixer,analytic_pi_g2,0.275,0.016007255679719737,0.008645424665870627,0.006342381080354692
cremad,candidate_mixer,analytic_pi_g2,0.3,0.01724169707464867,0.009465606403390624,0.006745498521902682
cremad,candidate_mixer,analytic_pi_g2,0.325,0.018445395247585716,0.010292071893721565,0.007417360924482622
cremad,candidate_mixer,analytic_pi_g2,0.35,0.019619226119301024,0.011124977617589847,0.008008599838752973
cremad,candidate_mixer,analytic_pi_g2,0.375,0.020763935460675197,0.011964485081359676,0.008384842784197748
cremad,candidate_mixer,analytic_pi_g2,0.4,0.02188018838970351,0.012810765144592107,0.008922332706261709
cremad,candidate_mixer,analytic_pi_g2,0.425,0.0229685664160922,0.01366399493628096,0.00929857565170649
cremad,candidate_mixer,analytic_pi_g2,0.45,0.024029724848139016,0.014524364234537674,0.009916689062080033
cremad,candidate_mixer,analytic_pi_g2,0.475,0.02506401704960177,0.015392069993112606,0.01042730448804079
cremad,candidate_mixer,analytic_pi_g2,0.5,0.0260719430811845,0.016267323917945758,0.010937919914001575
cremad,candidate_mixer,analytic_pi_g2,0.525,0.027053858062266865,0.017150343238112983,0.01091104541789837
cremad,candidate_mixer,analytic_pi_g2,0.55,0.028010086243077603,0.018041365450581947,0.011099166890620753
cremad,candidate_mixer,analytic_pi_g2,0.5750000000000001,0.028940913621791697,0.01894063469569639,0.011475409836065523
cremad,candidate_mixer,analytic_pi_g2,0.6000000000000001,0.029846540467452647,0.019848419450177353,0.011771029293200713
cremad,candidate_mixer,analytic_pi_g2,0.625,0.03072719972033035,0.020764995592094874,0.01238914270357425
cremad,candidate_mixer,analytic_pi_g2,0.65,0.031582990824551474,0.021690665942223006,0.012872883633431826
cremad,candidate_mixer,analytic_pi_g2,0.675,0.03241405115752919,0.022625753140786267,0.013168503090567007
cremad,candidate_mixer,analytic_pi_g2,0.7000000000000001,0.03322044090858164,0.023570597088687695,0.013383499059392592
cremad,candidate_mixer,analytic_pi_g2,0.7250000000000001,0.034002142949182426,0.02452557333213195,0.01365224402042457
cremad,candidate_mixer,analytic_pi_g2,0.75,0.03475911591969899,0.025490622469858476,0.014001612469766148
cremad,candidate_mixer,analytic_pi_g2,0.775,0.03549127830705533,0.02646356018841286,0.014297231926901327
cremad,candidate_mixer,analytic_pi_g2,0.8,0.036198468799073305,0.027444964524001046,0.014727223864552483
cremad,candidate_mixer,analytic_pi_g2,0.8250000000000001,0.036880531560282155,0.028436905786983695,0.015049717817790857
cremad,candidate_mixer,analytic_pi_g2,0.8500000000000001,0.037537159164629096,0.029432326722194292,0.015479709755442047
cremad,candidate_mixer,analytic_pi_g2,0.875,0.038168009980267543,0.03043426268180146,0.01572158022037082
cremad,candidate_mixer,analytic_pi_g2,0.9,0.0387726365430673,0.03143788025772269,0.01607094866971239
cremad,candidate_mixer,analytic_pi_g2,0.925,0.039350544888945634,0.03244314718454895,0.01690405804891152
cremad,candidate_mixer,analytic_pi_g2,0.95,0.03990103673371082,0.03345332026839035,0.017065305025530716
cremad,candidate_mixer,analytic_pi_g2,0.975,0.04042334824247849,0.03446606317456447,0.0172534264982531
cremad,candidate_mixer,analytic_pi_g2,1.0,0.040916442451410365,0.035477257671935374,0.0173609244826659
cremad,candidate_mixer,analytic_pi_g3,0.0,0.0,0.0,0.0
cremad,candidate_mixer,analytic_pi_g3,0.025,0.0012121604450669324,0.0005495156619905162,0.00048374092985755193
cremad,candidate_mixer,analytic_pi_g3,0.05,0.0023908936426351446,0.0011023960437766445,0.0010749798441279067
cremad,candidate_mixer,analytic_pi_g3,0.075,0.003539030183806405,0.00165870411892047,0.0016124697661918572
cremad,candidate_mixer,analytic_pi_g3,0.1,0.004658687862777044,0.0022185070184471884,0.001746842246707847
cremad,candidate_mixer,analytic_pi_g3,0.125,0.005751547016337516,0.002781874255617687,0.002203708680462215
cremad,candidate_mixer,analytic_pi_g3,0.15,0.006819027466852118,0.003348877267847903,0.0025530771298037853
cremad,candidate_mixer,analytic_pi_g3,0.175,0.007862348620271922,0.003919589104228678,0.0030368180596613502
cremad,candidate_mixer,analytic_pi_g3,0.2,0.008882463428481379,0.004494088352983173,0.0037624294544476786
cremad,candidate_mixer,analytic_pi_g3,0.225,0.009880309379155213,0.005072453548244173,0.004273044880408453
cremad,candidate_mixer,analytic_pi_g3,0.25,0.010856628482042488,0.005654770345389501,0.004595538833646827
cremad,candidate_mixer,analytic_pi_g3,0.275,0.01181210590222607,0.006241124492159595,0.004998656275194793
cremad,candidate_mixer,analytic_pi_g3,0.3,0.012747365175412213,0.006831606293724817,0.0054286482128459625
cremad,candidate_mixer,analytic_pi_g3,0.325,0.013662898401136278,0.007426310591554804,0.005724267669981134
cremad,candidate_mixer,analytic_pi_g3,0.35,0.014559251558585201,0.008025336541018644,0.005778016662187541
cremad,candidate_mixer,analytic_pi_g3,0.375,0.015436839182765746,0.008628787449992755,0.006234883095941907
cremad,candidate_mixer,analytic_pi_g3,0.4,0.016296010895526288,0.009236770592871646,0.00669174952969627
cremad,candidate_mixer,analytic_pi_g3,0.425,0.017137177334585245,0.009849399765322644,0.007309862940069823
cremad,candidate_mixer,analytic_pi_g3,0.45,0.01796058643988718,0.010466792508777006,0.007686105885514596
cremad,candidate_mixer,analytic_pi_g3,0.475,0.018766559285202537,0.011089075639710231,0.007847352862133785
cremad,candidate_mixer,analytic_pi_g3,0.5,0.019555342142955442,0.011716379438211768,0.008142972319268965
cremad,candidate_mixer,analytic_pi_g3,0.525,0.020327096133102636,0.012348841720863077,0.008384842784197745
cremad,candidate_mixer,analytic_pi_g3,0.55,0.02108209311113146,0.012986610040996651,0.008680462241332915
cremad,candidate_mixer,analytic_pi_g3,0.5750000000000001,0.0218204190848944,0.013629836254662766,0.009164203171190488
cremad,candidate_mixer,analytic_pi_g3,0.6000000000000001,0.02254226245056134,0.014278687156203191,0.009674818597151242
cremad,candidate_mixer,analytic_pi_g3,0.625,0.02324768931466508,0.014933331757638679,0.009809191077667251
cremad,candidate_mixer,analytic_pi_g3,0.65,0.0239367931544604,0.01559395726254063,0.010158559527008827
cremad,candidate_mixer,analytic_pi_g3,0.675,0.024609649410429722,0.016260761370843795,0.010642300456866384
cremad,candidate_mixer,analytic_pi_g3,0.7000000000000001,0.025266285200203548,0.016933951229012176,0.010830421929588769
cremad,candidate_mixer,analytic_pi_g3,0.7250000000000001,0.0259067268661195,0.01761375354338624,0.011179790378930346
cremad,candidate_mixer,analytic_pi_g3,0.75,0.026530892584343695,0.018300408663118474,0.011797903789303897
cremad,candidate_mixer,analytic_pi_g3,0.775,0.02713879005974957,0.018993889322658032,0.011771029293200692
cremad,candidate_mixer,analytic_pi_g3,0.8,0.027730321514129082,0.019692084715581197,0.012039774254232676
cremad,candidate_mixer,analytic_pi_g3,0.8250000000000001,0.02830538070512627,0.020394802454271298,0.012577264176296645
cremad,candidate_mixer,analytic_pi_g3,0.8500000000000001,0.028863764305775946,0.02110394063105092,0.012523515184090261
cremad,candidate_mixer,analytic_pi_g3,0.875,0.029405339468681957,0.021819283137760177,0.012711636656812636
cremad,candidate_mixer,analytic_pi_g3,0.9,0.029929873202315417,0.02253852951438236,0.013114754098360607
cremad,candidate_mixer,analytic_pi_g3,0.925,0.03043707024663466,0.023260107341987545,0.013302875571082996
cremad,candidate_mixer,analytic_pi_g3,0.95,0.030926521386359485,0.023983761316400048,0.013598495028218176
cremad,candidate_mixer,analytic_pi_g3,0.975,0.031397896037566875,0.02470550415879753,0.013705993012630965
cremad,candidate_mixer,analytic_pi_g3,1.0,0.03185060924177875,0.025431186659123882,0.013894114485353357
cremad,candidate_mixer,fixed,0.0,2.1863060710965563e-09,1.1139902453420301e-08,0.0
cremad,candidate_mixer,fixed,0.025,0.004361767692913707,0.002002279872059712,0.0011824778285406952
cremad,candidate_mixer,fixed,0.05,0.008407373933127406,0.004021050598706155,0.0018543402311206366
cremad,candidate_mixer,fixed,0.075,0.01218948463039339,0.006056694677782139,0.0031174415479709354
cremad,candidate_mixer,fixed,0.1,0.015743105026621837,0.008109611929145073,0.004514915345337246
cremad,candidate_mixer,fixed,0.125,0.019093696021358908,0.010180219644904981,0.00572426766998114
cremad,candidate_mixer,fixed,0.15,0.0222607897050518,0.012268953765614047,0.006745498521902668
cremad,candidate_mixer,fixed,0.175,0.025259913966112314,0.014376270167087354,0.0073098629400698304
cremad,candidate_mixer,fixed,0.2,0.028103733019340084,0.01650264607153755,0.008196721311475358
cremad,candidate_mixer,fixed,0.225,0.03080277480312744,0.01864858159884173,0.009325450147809666
cremad,candidate_mixer,fixed,0.25,0.03336592058301371,0.02081460147630016,0.010104810534802423
cremad,candidate_mixer,fixed,0.275,0.03580074839308817,0.023001256928293218,0.01072292394517598
cremad,candidate_mixer,fixed,0.3,0.038113781920809275,0.02520912777090604,0.011744154797097502
cremad,candidate_mixer,fixed,0.325,0.04031067564131575,0.02743882474102709,0.012738511152915837
cremad,candidate_mixer,fixed,0.35,0.04239635547007808,0.029690992094830858,0.013679118516527759
cremad,candidate_mixer,fixed,0.375,0.04437512745543489,0.03196631051717786,0.014350980919107725
cremad,candidate_mixer,fixed,0.4,0.04625076290869186,0.03426550039164636,0.014995968825584485
cremad,candidate_mixer,fixed,0.425,0.048026565752271926,0.036589325491078795,0.015560333243751643
cremad,candidate_mixer,fixed,0.45,0.04970542614948613,0.03893859716128514,0.016017199677505985
cremad,candidate_mixer,fixed,0.475,0.051289863318614695,0.04131417908667719,0.016877183552808327
cremad,candidate_mixer,fixed,0.5,0.052782059625854104,0.0437169927472062,0.017522171459285106
cremad,candidate_mixer,fixed,0.525,0.05418388747179359,0.04614802370254832,0.018220908357968236
cremad,candidate_mixer,fixed,0.55,0.05549693005532478,0.04860832887413003,0.01857027680730981
cremad,candidate_mixer,fixed,0.5750000000000001,0.05672249676476378,0.05109904504133228,0.0187046492878258
cremad,candidate_mixer,fixed,0.6000000000000001,0.057861633671642355,0.05362139882939922,0.019269013705992957
cremad,candidate_mixer,fixed,0.625,0.05891512935985974,0.056176718549634276,0.019806503628056926
cremad,candidate_mixer,fixed,0.65,0.05988351608714635,0.05876644836703826,0.02020962106960488
cremad,candidate_mixer,fixed,0.675,0.06076706602189312,0.0613904778080394,0.02104273044880404
cremad,candidate_mixer,fixed,0.7000000000000001,0.06156578199572742,0.06404063759904813,0.021445847890352004
cremad,candidate_mixer,fixed,0.7250000000000001,0.06227938181783589,0.06671662186515051,0.02187583982800317
cremad,candidate_mixer,fixed,0.75,0.06290727464433203,0.06940750053588478,0.02233270626175753
cremad,candidate_mixer,fixed,0.775,0.06344852707377602,0.07212043135415427,0.02241332975006714
cremad,candidate_mixer,fixed,0.8,0.0639018153516657,0.07485487098974775,0.022467078742273532
cremad,candidate_mixer,fixed,0.8250000000000001,0.06426535794517553,0.07759531429041563,0.023004568664337494
cremad,candidate_mixer,fixed,0.8500000000000001,0.0645368190683366,0.0803404713804519,0.023058317656543877
cremad,candidate_mixer,fixed,0.875,0.0647131669628004,0.08309023032435311,0.02370330556302065
cremad,candidate_mixer,fixed,0.9,0.06479045736345494,0.0858464048569712,0.024106423004568604
cremad,candidate_mixer,fixed,0.925,0.06476348376798347,0.08858973124856577,0.024106423004568608
cremad,candidate_mixer,fixed,0.95,0.06462516667770142,0.09132467169631156,0.023864552539639834
cremad,candidate_mixer,fixed,0.975,0.06436535881178407,0.09406021578696697,0.02405267401236221
cremad,candidate_mixer,fixed,1.0,0.06396805643486794,0.09678754110183087,0.023703305563020645
cremad,candidate_mixer,max_confidence,0.0,0.0,0.0,0.0
cremad,candidate_mixer,max_confidence,0.025,0.002149074856423088,0.0009862118028000572,0.0006181134103735458
cremad,candidate_mixer,max_confidence,0.05,0.004197626266387179,0.0019769643747503387,0.001101854340231103
cremad,candidate_mixer,max_confidence,0.075,0.006159273934473202,0.002972334707295928,0.0016393442622950484
cremad,candidate_mixer,max_confidence,0.1,0.008043792679629526,0.003972399468171723,0.0018274657350174299
cremad,candidate_mixer,max_confidence,0.125,0.009858571018976551,0.004977242007037602,0.002176834184359007
cremad,candidate_mixer,max_confidence,0.15,0.011609475653006827,0.005986946493848205,0.002794947594732567
cremad,candidate_mixer,max_confidence,0.175,0.013301328478946144,0.007001599267143099,0.0032518140284869294
cremad,candidate_mixer,max_confidence,0.2,0.014938025561368275,0.008021293484095965,0.004031174415479679
cremad,candidate_mixer,max_confidence,0.225,0.016523036230190257,0.009046121486553966,0.0047299113141628215
cremad,candidate_mixer,max_confidence,0.25,0.018059221410648776,0.010076185024812176,0.004891158290782014
cremad,candidate_mixer,max_confidence,0.275,0.019549076576701883,0.011111585182973439,0.005724267669981148
cremad,candidate_mixer,max_confidence,0.3,0.020994838060662435,0.012152427727508176,0.006100510615425922
cremad,candidate_mixer,max_confidence,0.325,0.02239841757298665,0.013198825530857957,0.0061273851115291236
cremad,candidate_mixer,max_confidence,0.35,0.023761593068488553,0.014250896602230246,0.006315506584251509
cremad,candidate_mixer,max_confidence,0.375,0.025085858643871854,0.015308761887564654,0.0070411179790378624
cremad,candidate_mixer,max_confidence,0.4,0.02637262810016629,0.016372551251396996,0.007256113947863447
cremad,candidate_mixer,max_confidence,0.425,0.027623147365067165,0.017442395087848082,0.00736361193227624
cremad,candidate_mixer,max_confidence,0.45,0.028838512962205944,0.0185184368208697,0.007686105885514607
cremad,candidate_mixer,max_confidence,0.475,0.030019796599434462,0.019600826949361654,0.008519215264713751
cremad,candidate_mixer,max_confidence,0.5,0.03116787810602416,0.020689719558228643,0.008841709217952128
cremad,candidate_mixer,max_confidence,0.525,0.03228356564631222,0.021785280066803837,0.009137328675087292
cremad,candidate_mixer,max_confidence,0.55,0.033367671304350054,0.022887686692985132,0.009379199140016082
cremad,candidate_mixer,max_confidence,0.5750000000000001,0.03442081220686287,0.023997120415149585,0.009836065573770453
cremad,candidate_mixer,max_confidence,0.6000000000000001,0.03544365598353859,0.02511378400081809,0.010131685030905627
cremad,candidate_mixer,max_confidence,0.625,0.036436712737046226,0.026237880488824035,0.010722923945175974
cremad,candidate_mixer,max_confidence,0.65,0.03740047531978825,0.0273696386015297,0.011126041386723953
cremad,candidate_mixer,max_confidence,0.675,0.038335389731808736,0.028509302405218446,0.011475409836065528
cremad,candidate_mixer,max_confidence,0.7000000000000001,0.03924176182294522,0.02965712410439621,0.011905401773716694
cremad,candidate_mixer,max_confidence,0.7250000000000001,0.04012001496237853,0.030813389632012873,0.012416017199677453
cremad,candidate_mixer,max_confidence,0.75,0.040970326733826196,0.03197613736633102,0.012631013168503045
cremad,candidate_mixer,max_confidence,0.775,0.04179293083202702,0.0331452931073969,0.012899758129535019
cremad,candidate_mixer,max_confidence,0.8,0.042587972585951775,0.03432063132842852,0.012980381617844617
cremad,candidate_mixer,max_confidence,0.8250000000000001,0.04335551791631924,0.035503828938969285,0.013383499059392576
cremad,candidate_mixer,max_confidence,0.8500000000000001,0.04409558642330232,0.03669256019883815,0.013840365493146952
cremad,candidate_mixer,max_confidence,0.875,0.044808157933267666,0.03788421391645876,0.013947863477559743
cremad,candidate_mixer,max_confidence,0.9,0.045493040303330456,0.039080655667705536,0.014001612469766157
cremad,candidate_mixer,max_confidence,0.925,0.04615001850825293,0.04027749323990674,0.014243482934694917
cremad,candidate_mixer,max_confidence,0.95,0.04677871686257007,0.041476257275204265,0.01464660037624289
cremad,candidate_mixer,max_confidence,0.975,0.047378643888262274,0.042674935003504756,0.014673474872346099
cremad,candidate_mixer,max_confidence,1.0,0.047949008487046786,0.043876092236121586,0.014969094329481274
cremad,candidate_mixer,native_pdf,0.0,2.1863060710965563e-09,1.1139902453420301e-08,0.0
cremad,candidate_mixer,native_pdf,0.025,0.002227033047806555,0.0010749272370015454,0.00045686643375435096
cremad,candidate_mixer,native_pdf,0.05,0.004351942306314681,0.0021560581202577657,0.0010481053480246936
cremad,candidate_mixer,native_pdf,0.075,0.0063862813140870165,0.003243498800991273,0.0015318462778822733
cremad,candidate_mixer,native_pdf,0.1,0.008338667082698197,0.004337359850948347,0.002499328137597391
cremad,candidate_mixer,native_pdf,0.125,0.010215862632823834,0.0054377555402261284,0.0030368180596613446
cremad,candidate_mixer,native_pdf,0.15,0.01202335977996857,0.0065448040319247645,0.0037893039505508715
cremad,candidate_mixer,native_pdf,0.175,0.013765728726213778,0.00765862759129036,0.004219295888202057
cremad,candidate_mixer,native_pdf,0.2,0.015446843627564627,0.008779352810777227,0.004891158290781989
cremad,candidate_mixer,native_pdf,0.225,0.017070036152984587,0.009907110852635207,0.005213652244020389
cremad,candidate_mixer,native_pdf,0.25,0.018638204424882322,0.01104203771083377,0.005536146197258767
cremad,candidate_mixer,native_pdf,0.275,0.02015389287960017,0.012184274494372297,0.005724267669981129
cremad,candidate_mixer,native_pdf,0.3,0.02161935239022392,0.013333967734302237,0.006315506584251521
cremad,candidate_mixer,native_pdf,0.325,0.02303658653718027,0.014491269717108865,0.0070142434829346635
cremad,candidate_mixer,native_pdf,0.35,0.024407387879668903,0.015656338847477542,0.007444235420585829
cremad,candidate_mixer,native_pdf,0.375,0.0257333668329943,0.01682934004391352,0.007847352862133807
cremad,candidate_mixer,native_pdf,0.4,0.027015974961935384,0.018010445171208322,0.008384842784197762
cremad,candidate_mixer,native_pdf,0.425,0.02825652397773588,0.019199833514368603,0.008761085729642536
cremad,candidate_mixer,native_pdf,0.45,0.029456201373225206,0.02039769229936781,0.009002956194571322
cremad,candidate_mixer,native_pdf,0.475,0.030616083386133065,0.02160421726697321,0.009352324643912903
cremad,candidate_mixer,native_pdf,0.5,0.03173714580765413,0.022819613306981054,0.009567320612738486
cremad,candidate_mixer,native_pdf,0.525,0.032820273028354295,0.024044095161505012,0.009647944101048075
cremad,candidate_mixer,native_pdf,0.55,0.03386626562147034,0.025277888207571448,0.009862940069873639
cremad,candidate_mixer,native_pdf,0.5750000000000001,0.03487584669452183,0.026521229331260644,0.010346680999731201
cremad,candidate_mixer,native_pdf,0.6000000000000001,0.035849667187147306,0.02777436790810428,0.010481053480247204
cremad,candidate_mixer,native_pdf,0.625,0.03678831025145055,0.02903756690755529,0.01080354743348557
cremad,candidate_mixer,native_pdf,0.65,0.037692294817512004,0.030311104143285295,0.011448535339962335
cremad,candidate_mixer,native_pdf,0.675,0.03856207841853566,0.03159527369611992,0.011851652781510305
cremad,candidate_mixer,native_pdf,0.7000000000000001,0.03939805932534672,0.032890387542985275,0.011851652781510295
cremad,candidate_mixer,native_pdf,0.7250000000000001,0.04020057801688063,0.03419677743387581,0.01201289975812948
cremad,candidate_mixer,native_pdf,0.75,0.0409699179902149,0.03551457145559569,0.012362268207471064
cremad,candidate_mixer,native_pdf,0.775,0.04170630588870756,0.03684299214947297,0.012657887664606248
cremad,candidate_mixer,native_pdf,0.8,0.04240991089754405,0.038183724281519026,0.012846009137328623
cremad,candidate_mixer,native_pdf,0.8250000000000001,0.043080843319125386,0.03953500013526092,0.013464122547702179
cremad,candidate_mixer,native_pdf,0.8500000000000001,0.043719152191168086,0.0408973451025051,0.01392098898145656
cremad,candidate_mixer,native_pdf,0.875,0.04432482173987825,0.04226828419759519,0.01429723192690133
cremad,candidate_mixer,native_pdf,0.9,0.044897766354953336,0.04365136854720102,0.014189733942488524
cremad,candidate_mixer,native_pdf,0.925,0.04543782360685273,0.04504384797808482,0.014431604407417333
cremad,candidate_mixer,native_pdf,0.95,0.045944744550851034,0.04644141493821542,0.014834721848965293
cremad,candidate_mixer,native_pdf,0.975,0.04641818007728586,0.047843364335218845,0.014807847352862072
cremad,candidate_mixer,native_pdf,1.0,0.04685766115518132,0.04925517434274348,0.015103466809997251
cremad,candidate_mixer,native_qmf,0.0,2.1863060710965563e-09,1.1139902453420301e-08,0.0
cremad,candidate_mixer,native_qmf,0.025,0.0022409693668063724,0.001051632429943865,0.0004837409298575525
cremad,candidate_mixer,native_qmf,0.05,0.004375364992158142,0.0021093224526048645,0.0010481053480246988
cremad,candidate_mixer,native_qmf,0.075,0.006416907145977514,0.0031731719908908427,0.0018274657350174453
cremad,candidate_mixer,native_qmf,0.1,0.008375256276004333,0.004243287168276512,0.0026068261220101715
cremad,candidate_mixer,native_qmf,0.125,0.010257749008038691,0.005319777550354668,0.0030368180596613394
cremad,candidate_mixer,native_qmf,0.15,0.012070222024564623,0.006402756318795033,0.003869927438860478
cremad,candidate_mixer,native_qmf,0.175,0.013817466899178477,0.007492340457647706,0.004488040849234031
cremad,candidate_mixer,native_qmf,0.2,0.015503507227588979,0.008588650953143515,0.00499865627519478
cremad,candidate_mixer,native_qmf,0.225,0.017131779717964018,0.009691813008278503,0.005697393173877934
cremad,candidate_mixer,native_qmf,0.25,0.018705258856216815,0.01080195627362417,0.006073636119322721
cremad,candidate_mixer,native_qmf,0.275,0.020226546254150112,0.011919215095982722,0.006557377049180293
cremad,candidate_mixer,native_qmf,0.3,0.02169793676561155,0.013043728786709952,0.0069604944907282595
cremad,candidate_mixer,native_qmf,0.325,0.023121468695274,0.014175641911763607,0.00747110991668902
cremad,candidate_mixer,native_qmf,0.35,0.024498962749220938,0.015315104605807187,0.007793603869927388
cremad,candidate_mixer,native_qmf,0.375,0.025832052793192218,0.016462272913015236,0.007820478366030581
cremad,candidate_mixer,native_qmf,0.4,0.02712221050606096,0.017617309157595105,0.00849234076861054
cremad,candidate_mixer,native_qmf,0.425,0.02837076538915393,0.018780382347471605,0.00940607363611928
cremad,candidate_mixer,native_qmf,0.45,0.029578921177399194,0.019951668615088725,0.009782316581564043
cremad,candidate_mixer,native_qmf,0.475,0.030747769416445546,0.021131351699881885,0.01021230851921523
cremad,candidate_mixer,native_qmf,0.5,0.03187830077361549,0.022319623477685818,0.010051061542596024
cremad,candidate_mixer,native_qmf,0.525,0.03297141451084131,0.02351668454319054,0.01053480247245359
cremad,candidate_mixer,native_qmf,0.55,0.03402792644626161,0.02472274485257536,0.011179790378930344
cremad,candidate_mixer,native_qmf,0.5750000000000001,0.03504857565605135,0.025938024434675556,0.011717280300994299
cremad,candidate_mixer,native_qmf,0.6000000000000001,0.036034030111418446,0.027162754180522684,0.012281644719161464
cremad,candidate_mixer,native_qmf,0.625,0.036984891402146475,0.02839717672291287,0.012684762160709457
cremad,candidate_mixer,native_qmf,0.65,0.03790169866386779,0.029641547419885495,0.012980381617844613
cremad,candidate_mixer,native_qmf,0.675,0.03878493179872029,0.03089613545875216,0.013329750067186188
cremad,candidate_mixer,native_qmf,0.7000000000000001,0.03963501405621862,0.032161225100756655,0.013786616500940558
cremad,candidate_mixer,native_qmf,0.7250000000000001,0.04045231402152324,0.03343711709077342,0.013867239989250138
cremad,candidate_mixer,native_qmf,0.75,0.04123714704058816,0.03472413026194739,0.01402848696586933
cremad,candidate_mixer,native_qmf,0.775,0.04198977609481337,0.036022603372224495,0.014431604407417305
cremad,candidate_mixer,native_qmf,0.8,0.042710412120751634,0.03733289721885362,0.014834721848965287
cremad,candidate_mixer,native_qmf,0.8250000000000001,0.043399213751966925,0.03865539180497896,0.015184090298306877
cremad,candidate_mixer,native_qmf,0.8500000000000001,0.044056286438908555,0.03998882658339564,0.015506584251545242
cremad,candidate_mixer,native_qmf,0.875,0.044681680876819306,0.04133299342040035,0.015640956732061236
cremad,candidate_mixer,native_qmf,0.9,0.04527539063866333,0.04268658410735156,0.01585595270088682
cremad,candidate_mixer,native_qmf,0.925,0.04583734886604483,0.04405049516120522,0.015963450685299592
cremad,candidate_mixer,native_qmf,0.95,0.04636742381027007,0.04542239994404856,0.016420317119053986
cremad,candidate_mixer,native_qmf,0.975,0.046865412928818004,0.04679961640044624,0.01660843859177636
cremad,candidate_mixer,native_qmf,1.0,0.04733103511424109,0.04818168379019937,0.01666218758398276
cremad,candidate_mixer,native_tmc,0.0,2.1863060710965563e-09,1.1139902453420301e-08,0.0
cremad,candidate_mixer,native_tmc,0.025,0.0023430286088379775,0.0010150347186567924,0.0003224939532383629
cremad,candidate_mixer,native_tmc,0.05,0.0045680939227620305,0.002035849836503483,0.0011556033324374793
cremad,candidate_mixer,native_tmc,0.075,0.006691224136016463,0.003062543618704772,0.001719967750604645
cremad,candidate_mixer,native_tmc,0.1,0.008723757155842482,0.004095218478678953,0.002364955657081397
cremad,candidate_mixer,native_tmc,0.125,0.01067427545751649,0.00513398022895933,0.0028218220908357546
cremad,candidate_mixer,native_tmc,0.15,0.012549568868481676,0.0061789382588936115,0.003628056973931699
cremad,candidate_mixer,native_tmc,0.175,0.014355178057570504,0.007230205725554474,0.003950550927170086
cremad,candidate_mixer,native_tmc,0.2,0.016095728938539167,0.00828789975917364,0.004246170384305255
cremad,candidate_mixer,native_tmc,0.225,0.017775151869247816,0.009352141684578675,0.005052405267401205
cremad,candidate_mixer,native_tmc,0.25,0.019396832474841964,0.010423057260306241,0.005724267669981149
cremad,candidate_mixer,native_tmc,0.275,0.020963719474737724,0.01150077693729012,0.005858640150497132
cremad,candidate_mixer,native_tmc,0.3,0.022478404191955587,0.012585436139286237,0.0065305025530770664
cremad,candidate_mixer,native_tmc,0.325,0.023943180690572954,0.013677175567506358,0.00706799247514103
cremad,candidate_mixer,native_tmc,0.35,0.025360092233531157,0.01477614153229695,0.0075517334049985995
cremad,candidate_mixer,native_tmc,0.375,0.026730967816014452,0.015882486315133247,0.008116097823165762
cremad,candidate_mixer,native_tmc,0.4,0.028057451328829874,0.016996368564715543,0.008707336737436124
cremad,candidate_mixer,native_tmc,0.425,0.029341025135561177,0.01811795373157578,0.00886858371405531
cremad,candidate_mixer,native_tmc,0.45,0.03058302933754183,0.019247414546353193,0.009298575651706475
cremad,candidate_mixer,native_tmc,0.475,0.031784677654454585,0.020384931547813335,0.009755442085460832
cremad,candidate_mixer,native_tmc,0.5,0.032947070607505416,0.021530693667806824,0.009782316581564037
cremad,candidate_mixer,native_tmc,0.525,0.03407120652086322,0.02268489888175652,0.010185434023112016
cremad,candidate_mixer,native_tmc,0.55,0.035157990732737274,0.02384775493500143,0.010534802472453577
cremad,candidate_mixer,native_tmc,0.5750000000000001,0.036208243315353744,0.025019480157524553,0.01080354743348556
cremad,candidate_mixer,native_tmc,0.6000000000000001,0.03722270553333962,0.026200304382403904,0.011287288363343133
cremad,candidate_mixer,native_tmc,0.625,0.03820204521587263,0.027390469986966336,0.011636656812684693
cremad,candidate_mixer,native_tmc,0.65,0.03914686117458873,0.028590233080407146,0.011851652781510288
cremad,candidate_mixer,native_tmc,0.675,0.04005768676305131,0.029799864868019797,0.011824778285407081
cremad,candidate_mixer,native_tmc,0.7000000000000001,0.04093499264165677,0.031019653230849053,0.01206664875033588
cremad,candidate_mixer,native_tmc,0.7250000000000001,0.04177918878150918,0.03224888584048753,0.012631013168503038
cremad,candidate_mixer,native_tmc,0.75,0.042590625709220856,0.03348818214365571,0.012657887664606243
cremad,candidate_mixer,native_tmc,0.775,0.04336959495820963,0.034737654061312885,0.012792260145122223
cremad,candidate_mixer,native_tmc,0.8,0.04411632864572012,0.03599773548293335,0.013114754098360618
cremad,candidate_mixer,native_tmc,0.8250000000000001,0.04483099803014651,0.03726868004739711,0.013329750067186185
cremad,candidate_mixer,native_tmc,0.8500000000000001,0.045513710805694246,0.03854999353430781,0.013813490997043779
cremad,candidate_mixer,native_tmc,0.875,0.04616450673370036,0.03984272044400685,0.013920988981456545
cremad,candidate_mixer,native_tmc,0.9,0.0467833509377024,0.04114408072572395,0.014189733942488524
cremad,candidate_mixer,native_tmc,0.925,0.047370123686882724,0.04245595170030079,0.014243482934694924
cremad,candidate_mixer,native_tmc,0.95,0.04792460449373658,0.043773684653589766,0.014512227895726903
cremad,candidate_mixer,native_tmc,0.975,0.048446446186198956,0.045096363204375864,0.01464660037624289
cremad,candidate_mixer,native_tmc,1.0,0.04893512938926753,0.046424503952662,0.01478097285675889
cremad,candidate_mixer,negative_entropy,0.0,0.0,0.0,0.0
cremad,candidate_mixer,negative_entropy,0.025,0.0016322936158896123,0.0007503275077920147,0.00045686643375435773
cremad,candidate_mixer,negative_entropy,0.05,0.0032017446195396356,0.0015033724709911272,0.0008599838753023195
cremad,candidate_mixer,negative_entropy,0.075,0.004715896823719485,0.0022591726710496094,0.0011287288363342942
cremad,candidate_mixer,negative_entropy,0.1,0.006180314909095065,0.003017766242326201,0.0012899758129534815
cremad,candidate_mixer,negative_entropy,0.125,0.007599379889140378,0.003779193838944102,0.001800591238914234
cremad,candidate_mixer,negative_entropy,0.15,0.008976604130536508,0.004543496246002334,0.0020693361999462125
cremad,candidate_mixer,negative_entropy,0.175,0.010314886522241778,0.005310714886894401,0.002579951625906976
cremad,candidate_mixer,negative_entropy,0.2,0.01161665236940305,0.006080894513597255,0.0027949475947325686
cremad,candidate_mixer,negative_entropy,0.225,0.012884006633837947,0.006854079397872262,0.003144316044074146
cremad,candidate_mixer,negative_entropy,0.25,0.014118803103294922,0.007630317880967468,0.0035474334856221154
cremad,candidate_mixer,negative_entropy,0.275,0.015322637442650517,0.008409657777086537,0.0037624294544476937
cremad,candidate_mixer,negative_entropy,0.3,0.016496896074203245,0.00919214830801659,0.004219295888202067
cremad,candidate_mixer,negative_entropy,0.325,0.01764284392352767,0.009977841413024444,0.004676162321956424
cremad,candidate_mixer,negative_entropy,0.35,0.018761602451774995,0.010766791585543459,0.004944907282988404
cremad,candidate_mixer,negative_entropy,0.375,0.019854210512960335,0.011559055964728962,0.0051599032518139885
cremad,candidate_mixer,negative_entropy,0.4,0.02092158486848871,0.012354690705477796,0.005563020693361959
cremad,candidate_mixer,negative_entropy,0.425,0.02196452325949321,0.013153757904404647,0.0058586401504971365
cremad,candidate_mixer,negative_entropy,0.45,0.022983835298378753,0.01395631867731964,0.0060198871271163286
cremad,candidate_mixer,negative_entropy,0.475,0.023980179186374732,0.014762440820126177,0.006449879064767497
cremad,candidate_mixer,negative_entropy,0.5,0.02495419237921869,0.015572192191299693,0.006638000537489879
cremad,candidate_mixer,negative_entropy,0.525,0.025906472437101695,0.016385644184562086,0.006826122010212264
cremad,candidate_mixer,negative_entropy,0.55,0.02683755610297357,0.017202873515614375,0.007175490459553842
cremad,candidate_mixer,negative_entropy,0.5750000000000001,0.0277479163519447,0.018023956701754114,0.007363611932276229
cremad,candidate_mixer,negative_entropy,0.6000000000000001,0.028638032407922044,0.01884897847946962,0.007605482397204997
cremad,candidate_mixer,negative_entropy,0.625,0.029508275700268982,0.019678022901686968,0.00787422735823697
cremad,candidate_mixer,negative_entropy,0.65,0.030359100728418083,0.020511183397505496,0.00851921526471373
cremad,candidate_mixer,negative_entropy,0.675,0.03119077691145075,0.021348559626199616,0.008895458210158507
cremad,candidate_mixer,negative_entropy,0.7000000000000001,0.03200366605324498,0.022190248540526748,0.009191077667293686
cremad,candidate_mixer,negative_entropy,0.7250000000000001,0.03279807523545698,0.02303636369196049,0.009621069604944861
cremad,candidate_mixer,negative_entropy,0.75,0.03357420021633531,0.023887015461873582,0.009943563558183221
cremad,candidate_mixer,negative_entropy,0.775,0.034332369362849786,0.024742330032536147,0.010185434023111999
cremad,candidate_mixer,negative_entropy,0.8,0.03507271101320339,0.02560244174111,0.010266057511421617
cremad,candidate_mixer,negative_entropy,0.8250000000000001,0.035795438076596936,0.02646685457775639,0.010319806503628001
cremad,candidate_mixer,negative_entropy,0.8500000000000001,0.03650071656181742,0.027334401039148803,0.010588551464659982
cremad,candidate_mixer,negative_entropy,0.875,0.037188665553210556,0.028205323800768917,0.010964794410104752
cremad,candidate_mixer,negative_entropy,0.9,0.037859393069578126,0.02908123779923793,0.011045417898414348
cremad,candidate_mixer,negative_entropy,0.925,0.038512984159267606,0.029959724602023886,0.01107229239451756
cremad,candidate_mixer,negative_entropy,0.95,0.039149434934601685,0.030841233164023922,0.01139478634775592
cremad,candidate_mixer,negative_entropy,0.975,0.039768815008551436,0.0317253714228122,0.011636656812684717
cremad,candidate_mixer,negative_entropy,1.0,0.040371045482251525,0.03261181583207069,0.011905401773716687
cremad,convex_projection,analytic_pi_g2,0.0,2.1863060710965563e-09,1.1139902453420301e-08,0.0
cremad,convex_projection,analytic_pi_g2,0.025,0.0009548463702088704,0.00031260636467437847,0.00021499596882557513
cremad,convex_projection,analytic_pi_g2,0.05,0.0018573294421803505,0.0006266114382382892,0.00042999193765115107
cremad,convex_projection,analytic_pi_g2,0.075,0.0027187503163306056,0.0009420421728800775,0.000618113410373527
cremad,convex_projection,analytic_pi_g2,0.1,0.0035457054429320887,0.0012589243051255982,0.0008599838753023117
cremad,convex_projection,analytic_pi_g2,0.125,0.004342606595428667,0.0015772860640358636,0.0010212308519215014
cremad,convex_projection,analytic_pi_g2,0.15,0.005112659919280252,0.001897155080679448,0.001289975812953479
cremad,convex_projection,analytic_pi_g2,0.175,0.005858321541774693,0.0022185612393496963,0.0015318462778822612
cremad,convex_projection,analytic_pi_g2,0.2,0.00658155007290179,0.0025415357096600583,0.001719967750604652
cremad,convex_projection,analytic_pi_g2,0.225,0.007283947414740755,0.0028661105071249478,0.001854340231120639
cremad,convex_projection,analytic_pi_g2,0.25,0.007966858316103057,0.0031923194424368995,0.0020155872077398294
cremad,convex_projection,analytic_pi_g2,0.275,0.008631424243489397,0.003520197767055587,0.002230583176565419
cremad,convex_projection,analytic_pi_g2,0.3,0.00927863158675925,0.0038497821051407728,0.002311206664875001
cremad,convex_projection,analytic_pi_g2,0.325,0.00990933860363715,0.004181110841621698,0.0025799516259069786
cremad,convex_projection,analytic_pi_g2,0.35,0.010524303003948127,0.004514225485442311,0.0026605751142165695
cremad,convex_projection,analytic_pi_g2,0.375,0.01112419376650373,0.004849168059520212,0.0027411986025261555
cremad,convex_projection,analytic_pi_g2,0.4,0.011709607665403965,0.005185983412311757,0.0029830690674549423
cremad,convex_projection,analytic_pi_g2,0.425,0.012281078738136724,0.005524719135521152,0.0031443160440741335
cremad,convex_projection,analytic_pi_g2,0.45,0.012839086211007595,0.005865424880131366,0.003305563020693323
cremad,convex_projection,analytic_pi_g2,0.475,0.013384063677222655,0.006208154011975556,0.0037086804622413023
cremad,convex_projection,analytic_pi_g2,0.5,0.01391640085201982,0.0065529622555570936,0.004084923407686082
cremad,convex_projection,analytic_pi_g2,0.525,0.014436448787524859,0.006899908961916347,0.004246170384305271
cremad,convex_projection,analytic_pi_g2,0.55,0.014944527944430597,0.007249058793955918,0.004326793872614856
cremad,convex_projection,analytic_pi_g2,0.5750000000000001,0.015440923117953406,0.007600477482873616,0.00451491534533724
cremad,convex_projection,analytic_pi_g2,0.6000000000000001,0.01592589374801552,0.007954239707131616,0.004783660306369213
cremad,convex_projection,analytic_pi_g2,0.625,0.016399669307564535,0.008310421296917166,0.0049717817790915966
cremad,convex_projection,analytic_pi_g2,0.65,0.016862456262239176,0.008669106902507823,0.005428648212845975
cremad,convex_projection,analytic_pi_g2,0.675,0.017314437115984703,0.009030387668211575,0.005536146197258765
cremad,convex_projection,analytic_pi_g2,0.7000000000000001,0.01775576670722488,0.009394360376398176,0.005751142166084349
cremad,convex_projection,analytic_pi_g2,0.7250000000000001,0.01818658141143271,0.0097611336676767,0.006046761623219521
cremad,convex_projection,analytic_pi_g2,0.75,0.01860698987770983,0.01013056232002411,0.006154259607632317
cremad,convex_projection,analytic_pi_g2,0.775,0.019017079908757895,0.010501293306997441,0.006342381080354698
cremad,convex_projection,analytic_pi_g2,0.8,0.019416913294026044,0.0108723972144824,0.006396130072561101
cremad,convex_projection,analytic_pi_g2,0.8250000000000001,0.019806525491280792,0.011245058758534618,0.00666487503359309
cremad,convex_projection,analytic_pi_g2,0.8500000000000001,0.02018592268188049,0.011620120804324487,0.006987368986831455
cremad,convex_projection,analytic_pi_g2,0.875,0.02055507752411668,0.011995387130652442,0.007094866971244238
cremad,convex_projection,analytic_pi_g2,0.9,0.020913927361316285,0.012371545102051967,0.007256113947863438
cremad,convex_projection,analytic_pi_g2,0.925,0.02126236691229189,0.012746549322179179,0.007497984412792207
cremad,convex_projection,analytic_pi_g2,0.95,0.021600233913509678,0.013119467424397907,0.007632356893308186
cremad,convex_projection,analytic_pi_g2,0.975,0.021927301703935344,0.013492831032316677,0.007578607901101804
cremad,convex_projection,analytic_pi_g2,1.0,0.02224325115186317,0.013863272407919836,0.007659231389411406
cremad,convex_projection,fixed,0.0,2.1863060710965563e-09,1.1139902453420301e-08,0.0
cremad,convex_projection,fixed,0.025,0.0034044958660653913,0.0012860573672667966,0.00037624294544475704
cremad,convex_projection,fixed,0.05,0.006386509731567219,0.00257968676855535,0.0008331093791991079
cremad,convex_projection,fixed,0.075,0.009078460881855707,0.003881030954304196,0.0010749798441278939
cremad,convex_projection,fixed,0.1,0.011544054771645667,0.0051902374066914985,0.0013437248051598862
cremad,convex_projection,fixed,0.125,0.013822508281281887,0.006507459311385957,0.002015587207739828
cremad,convex_projection,fixed,0.15,0.01594080166057662,0.007832855918201601,0.0024724536414941897
cremad,convex_projection,fixed,0.175,0.017918767616633833,0.009166592935679816,0.002741198602526164
cremad,convex_projection,fixed,0.2,0.019771648809191585,0.010508842963581427,0.003305563020693332
cremad,convex_projection,fixed,0.225,0.021511542870493013,0.011859785967172628,0.003923676431066877
cremad,convex_projection,fixed,0.25,0.023148287533804934,0.013219609799337584,0.004353668368718062
cremad,convex_projection,fixed,0.275,0.02469003605703012,0.014588510776889538,0.004810534802472411
cremad,convex_projection,fixed,0.3,0.026143648860892165,0.01596669431867696,0.005159903251813992
cremad,convex_projection,fixed,0.325,0.027514969978745918,0.017354375654445066,0.005616769685568356
cremad,convex_projection,fixed,0.35,0.028809028069715616,0.018751780615075646,0.005912389142703541
cremad,convex_projection,fixed,0.375,0.03003018620546339,0.020159146516871753,0.0062348830959419186
cremad,convex_projection,fixed,0.4,0.03118225579130817,0.021576723155086457,0.0067992475141090735
cremad,convex_projection,fixed,0.425,0.03226858470672587,0.023004773925045647,0.007309862940069823
cremad,convex_projection,fixed,0.45,0.03329212648052742,0.024443577093184603,0.007712980381617792
cremad,convex_projection,fixed,0.475,0.03425549522034667,0.025893427245344304,0.008250470303681753
cremad,convex_projection,fixed,0.5,0.03516100963245742,0.027354636946107326,0.008761085729642525
cremad,convex_projection,fixed,0.525,0.036010728529423705,0.028827538651274152,0.00924482665950008
cremad,convex_projection,fixed,0.55,0.03680647956989156,0.030312486926446162,0.009889814565976842
cremad,convex_projection,fixed,0.5750000000000001,0.03754988250807353,0.03180986103905977,0.010266057511421626
cremad,convex_projection,fixed,0.6000000000000001,0.038242367886962815,0.03332006801046981,0.010481053480247193
cremad,convex_projection,fixed,0.625,0.03888519184698016,0.03484354624084742,0.01088417092179517
cremad,convex_projection,fixed,0.65,0.03947944751114117,0.036380769855775055,0.01112604138672396
cremad,convex_projection,fixed,0.675,0.04002607322646364,0.037931701003785866,0.011502284332168738
cremad,convex_projection,fixed,0.7000000000000001,0.040525857769696985,0.03949452214299211,0.011986025262026303
cremad,convex_projection,fixed,0.7250000000000001,0.040979442443289535,0.04106790661368278,0.012039774254232683
cremad,convex_projection,fixed,0.75,0.04138731976929354,0.042648717374975456,0.012227895726955084
cremad,convex_projection,fixed,0.775,0.04174982819688857,0.04423661270288255,0.012362268207471069
cremad,convex_projection,fixed,0.8,0.042067141810632855,0.04583302510452182,0.012953507121741415
cremad,convex_projection,fixed,0.8250000000000001,0.04233925334798448,0.047434049000120077,0.013490997043805386
cremad,convex_projection,fixed,0.8500000000000001,0.04256594768591405,0.04904038790444358,0.013276001074979801
cremad,convex_projection,fixed,0.875,0.04274676087896177,0.05065180062724891,0.013249126578876613
cremad,convex_projection,fixed,0.9,0.04288091578972884,0.052268679445191354,0.013786616500940572
cremad,convex_projection,fixed,0.925,0.04296721677107085,0.05388945604739239,0.014028486965869344
cremad,convex_projection,fixed,0.95,0.043003865466231264,0.055513991572014185,0.014673474872346076
cremad,convex_projection,fixed,0.975,0.04298810325873141,0.057142992117498626,0.015157215802203649
cremad,convex_projection,fixed,1.0,0.04291538869425888,0.058776382426323916,0.015479709755442037
mosei,candidate_mixer,analytic_pi_g1,0.0,0.0,0.0,0.0
mosei,candidate_mixer,analytic_pi_g1,0.025,0.0002026200294494,0.00027230066771148,0.00016510731975780002
mosei,candidate_mixer,analytic_pi_g1,0.05,0.0004016697406768,0.00054569276981052,0.0005503577325261
mosei,candidate_mixer,analytic_pi_g1,0.075,0.00059721469879146,0.0008201898424885799,0.0010456796917996001
mosei,candidate_mixer,analytic_pi_g1,0.1,0.00078927874565118,0.0010958040249533399,0.0012107870115574601
mosei,candidate_mixer,analytic_pi_g1,0.125,0.00097790956497186,0.00137255045119668,0.00126582278481006
mosei,candidate_mixer,analytic_pi_g1,0.15,0.00116311907768244,0.00165044188033782,0.00115575123830486
mosei,candidate_mixer,analytic_pi_g1,0.175,0.0013449430465698,0.00192949329502876,0.0013208585580627
mosei,candidate_mixer,analytic_pi_g1,0.2,0.00152345895767206,0.00220972029492254,0.00154100165107314
mosei,candidate_mixer,analytic_pi_g1,0.225,0.0016986668109893201,0.00249113645404574,0.0018712162905888002
mosei,candidate_mixer,analytic_pi_g1,0.25,0.00187056660652158,0.0027737579774111004,0.00181618051733624
mosei,candidate_mixer,analytic_pi_g1,0.275,0.00203918814659116,0.00305760107003148,0.00203632361034664
mosei,candidate_mixer,analytic_pi_g1,0.3,0.00220459103584284,0.0033426810521632,0.00209135938359928
mosei,candidate_mixer,analytic_pi_g1,0.325,0.0023667454719543,0.0036290152929722803,0.00209135938359928
mosei,candidate_mixer,analytic_pi_g1,0.35,0.00252571702003474,0.00391662120819088,0.00214639515685188
mosei,candidate_mixer,analytic_pi_g1,0.375,0.0026814997196197,0.00420551565475758,0.00203632361034666
mosei,candidate_mixer,analytic_pi_g1,0.4,0.00283408761024468,0.004495717259123859,0.00214639515685188
mosei,candidate_mixer,analytic_pi_g1,0.425,0.0029835343360900602,0.00478724492713804,0.00231150247660976
mosei,candidate_mixer,analytic_pi_g1,0.45,0.0031297922134398996,0.00508011616766448,0.0024766097963676
mosei,candidate_mixer,analytic_pi_g1,0.475,0.0032729566097258996,0.00537435347214336,0.00236653824986238
mosei,candidate_mixer,analytic_pi_g1,0.5,0.0034129679203033004,0.00566997481510038,0.0023665382498623396
mosei,candidate_mixer,analytic_pi_g1,0.525,0.0035498321056365396,0.00596700115129346,0.0024215740231149597
mosei,candidate_mixer,analytic_pi_g1,0.55,0.003683590888977,0.00626545632258052,0.00236653824986236
mosei,candidate_mixer,analytic_pi_g1,0.5750000000000001,0.0038142204284667205,0.006565360352396921,0.00247660979636758
mosei,candidate_mixer,analytic_pi_g1,0.6000000000000001,0.00394173264503476,0.0068667380139231,0.00264171711612544
mosei,candidate_mixer,analytic_pi_g1,0.625,0.00406613945960994,0.00716961147263642,0.00264171711612542
mosei,candidate_mixer,analytic_pi_g1,0.65,0.00418739914894098,0.007474005501717279,0.0026967528893780397
mosei,candidate_mixer,analytic_pi_g1,0.675,0.00430555343627924,0.00777994757518168,0.00236653824986236
mosei,candidate_mixer,analytic_pi_g1,0.7000000000000001,0.00442059040069574,0.00808746209368102,0.00242157402311498
mosei,candidate_mixer,analytic_pi_g1,0.7250000000000001,0.0045324504375457205,0.008396577369421659,0.0024766097963676
mosei,candidate_mixer,analytic_pi_g1,0.75,0.00464121103286738,0.00870732115581624,0.00258668134287282
mosei,candidate_mixer,analytic_pi_g1,0.775,0.004746800661087,0.0090197243727743,0.0025866813428728403
mosei,candidate_mixer,analytic_pi_g1,0.8,0.004849243164062479,0.00933381691575046,0.0025866813428728
mosei,candidate_mixer,analytic_pi_g1,0.8250000000000001,0.0049484848976134605,0.00964963119477028,0.00264171711612544
mosei,candidate_mixer,analytic_pi_g1,0.8500000000000001,0.0050445437431334795,0.009967201016843261,0.0028618602091359
mosei,candidate_mixer,analytic_pi_g1,0.875,0.00513740181922908,0.01028656195849174,0.00319207484865158
mosei,candidate_mixer,analytic_pi_g1,0.9,0.0052270114421843995,0.01060775052756066,0.00330214639515682
mosei,candidate_mixer,analytic_pi_g1,0.925,0.00531339645385736,0.01093080695718524,0.00324711062190416
mosei,candidate_mixer,analytic_pi_g1,0.95,0.00539649724960322,0.011255769245326461,0.00330214639515684
mosei,candidate_mixer,analytic_pi_g1,0.975,0.0054762721061706,0.01158101111650462,0.00308200330214636
mosei,candidate_mixer,analytic_pi_g1,1.0,0.005552756786346399,0.01190731823444362,0.0031920748486515605
mosei,candidate_mixer,analytic_pi_g2,0.0,0.0,0.0,0.0
mosei,candidate_mixer,analytic_pi_g2,0.025,0.00012294650077816958,0.00018088428187180001,5.503577325258e-05
mosei,candidate_mixer,analytic_pi_g2,0.05,0.00024437904357906004,0.00036241041379974,0.00033021463951566005
mosei,candidate_mixer,analytic_pi_g2,0.075,0.00036423802375788,0.00054458745871668,0.0007154650522839401
mosei,candidate_mixer,analytic_pi_g2,0.1,0.00048257112503048,0.0007274211966432,0.00088057237204178
mosei,candidate_mixer,analytic_pi_g2,0.125,0.0005993545055389,0.0009109195671043801,0.0010456796917996001
mosei,candidate_mixer,analytic_pi_g2,0.15,0.0007146120071410799,0.00109509009635072,0.00121078701155746
mosei,candidate_mixer,analytic_pi_g2,0.175,0.0008283376693725,0.0012799398973583598,0.0012658227848100802
mosei,candidate_mixer,analytic_pi_g2,0.2,0.0009405434131621599,0.00146547830663616,0.0012107870115574601
mosei,candidate_mixer,analytic_pi_g2,0.225,0.00105121135711664,0.0016517121111973398,0.00121078701155746
mosei,candidate_mixer,analytic_pi_g2,0.25,0.00116037130355828,0.0018386499723418998,0.0013758943313153
mosei,candidate_mixer,analytic_pi_g2,0.275,0.0012679815292358,0.00202630104031408,0.0014309301045678801
mosei,candidate_mixer,analytic_pi_g2,0.3,0.00137408971786494,0.00221467276569452,0.00154100165107312
mosei,candidate_mixer,analytic_pi_g2,0.325,0.0014786839485168,0.0024037749739363,0.0017061089708310002
mosei,candidate_mixer,analytic_pi_g2,0.35,0.0015817284584044799,0.00259361681528386,0.0017611447440836002
mosei,candidate_mixer,analytic_pi_g2,0.375,0.0016832828521728,0.00278420709073538,0.0017611447440836002
mosei,candidate_mixer,analytic_pi_g2,0.4,0.00178328752517696,0.0029755564872175,0.00187121629058882
mosei,candidate_mixer,analytic_pi_g2,0.425,0.0018817961215972401,0.0031676732935010596,0.0018712162905888201
mosei,candidate_mixer,analytic_pi_g2,0.45,0.00197875499725336,0.0033605689648538196,0.0019812878370940403
mosei,candidate_mixer,analytic_pi_g2,0.475,0.00207417607307428,0.00355425328016276,0.0019262520638414203
mosei,candidate_mixer,analytic_pi_g2,0.5,0.0021680891513824,0.00374873769469554,0.00209135938359928
mosei,candidate_mixer,analytic_pi_g2,0.525,0.00226043462753292,0.003944032266736,0.0020363236103466604
mosei,candidate_mixer,analytic_pi_g2,0.55,0.0023512661457061198,0.0041401495225727005,0.00209135938359926
mosei,candidate_mixer,analytic_pi_g2,0.5750000000000001,0.0024405300617217603,0.00433710021898146,0.00214639515685192
mosei,candidate_mixer,analytic_pi_g2,0.6000000000000001,0.0025282502174376804,0.004534896556287959,0.0021463951568518403
mosei,candidate_mixer,analytic_pi_g2,0.625,0.00261442661285394,0.0047335516195743796,0.00198128783709408
mosei,candidate_mixer,analytic_pi_g2,0.65,0.0026990354061126203,0.0049330772832035606,0.0020363236103467
mosei,candidate_mixer,analytic_pi_g2,0.675,0.0027820765972137,0.0051334880292415,0.00231150247660974
mosei,candidate_mixer,analytic_pi_g2,0.7000000000000001,0.0028635203838348,0.00533479666337366,0.0023115024766097803
mosei,candidate_mixer,analytic_pi_g2,0.7250000000000001,0.0029434144496917397,0.0055370177142321396,0.0020363236103467
mosei,candidate_mixer,analytic_pi_g2,0.75,0.0030216991901396996,0.005740166176110459,0.0020913593835993
mosei,candidate_mixer,analytic_pi_g2,0.775,0.00309837460517878,0.0059442570433020205,0.00214639515685192
mosei,candidate_mixer,analytic_pi_g2,0.8,0.00317343473434442,0.0061493063345551,0.0024215740231149597
mosei,candidate_mixer,analytic_pi_g2,0.8250000000000001,0.0032468736171722004,0.0063553300686179995,0.0025866813428728
mosei,candidate_mixer,analytic_pi_g2,0.8500000000000001,0.0033186793327331194,0.0065623456612229,0.0025316455696202
mosei,candidate_mixer,analytic_pi_g2,0.875,0.00338885188102716,0.0067703711800277,0.0025866813428728
mosei,candidate_mixer,analytic_pi_g2,0.9,0.0034573614597320198,0.00697942469269032,0.0025316455696202
mosei,candidate_mixer,analytic_pi_g2,0.925,0.0035241842269897,0.0071895275264978,0.00264171711612542
mosei,candidate_mixer,analytic_pi_g2,0.95,0.0035893499851226197,0.00740069728344674,0.0025866813428728
mosei,candidate_mixer,analytic_pi_g2,0.975,0.00365279316902154,0.0076129575259983,0.002696752889378
mosei,candidate_mixer,analytic_pi_g2,1.0,0.00371448993682858,0.00782632920891042,0.0026417171161254
mosei,candidate_mixer,analytic_pi_g3,0.0,0.0,0.0,0.0
mosei,candidate_mixer,analytic_pi_g3,0.025,8.562207221981836e-05,0.00013204843417040146,5.503577325258e-05
mosei,candidate_mixer,analytic_pi_g3,0.05,0.0001704156398772958,0.00026453245955048,-2.0003530082357557e-17
mosei,candidate_mixer,analytic_pi_g3,0.075,0.00025429129600520003,0.00039745823596596,0.00027517886626304
mosei,candidate_mixer,analytic_pi_g3,0.1,0.00033729672431942004,0.00053082915837872,0.00038525041276828007
mosei,candidate_mixer,analytic_pi_g3,0.125,0.00041943192481989997,0.00066465096315364,0.0006053935057786999
mosei,candidate_mixer,analytic_pi_g3,0.15,0.00050069689750668,0.0007989290985278199,0.0007705008255365801
mosei,candidate_mixer,analytic_pi_g3,0.175,0.0005810737609862799,0.0009336679358966201,0.000990643918547
mosei,candidate_mixer,analytic_pi_g3,0.2,0.0006605744361877,0.00106887245783578,0.00110071546505222
mosei,candidate_mixer,analytic_pi_g3,0.225,0.0007391870021819399,0.0012045484851114,0.00121078701155744
mosei,candidate_mixer,analytic_pi_g3,0.25,0.0008169233798980199,0.00134070136118676,0.0012107870115574601
mosei,candidate_mixer,analytic_pi_g3,0.275,0.0008937537670135,0.00147733585909004,0.00132085855806272
mosei,candidate_mixer,analytic_pi_g3,0.3,0.0009697198867797199,0.00161445855628694,0.00126582278481012
mosei,candidate_mixer,analytic_pi_g3,0.325,0.00104479193687434,0.00175207529682662,0.0012658227848101
mosei,candidate_mixer,analytic_pi_g3,0.35,0.00111894011497494,0.0018901912961154601,0.0013208585580627
mosei,candidate_mixer,analytic_pi_g3,0.375,0.00119221210479732,0.00202881318982686,0.0015410016510731199
mosei,candidate_mixer,analytic_pi_g3,0.4,0.0012645840644835802,0.00216794777661558,0.00137589433131528
mosei,candidate_mixer,analytic_pi_g3,0.425,0.00133603215217586,0.00230759959667916,0.00137589433131528
mosei,candidate_mixer,analytic_pi_g3,0.45,0.00140659809112544,0.00244777740444982,0.00154100165107312
mosei,candidate_mixer,analytic_pi_g3,0.475,0.00147624015808102,0.00258848757948722,0.00165107319757836
mosei,candidate_mixer,analytic_pi_g3,0.5,0.0015449702739715001,0.00272973584942514,0.00181618051733622
mosei,candidate_mixer,analytic_pi_g3,0.525,0.00161276459693902,0.00287153045646842,0.00181618051733622
mosei,candidate_mixer,analytic_pi_g3,0.55,0.0016796410083770401,0.00301387831568714,0.0017061089708309998
mosei,candidate_mixer,analytic_pi_g3,0.5750000000000001,0.00174559354782102,0.00315678701736028,0.00170610897083098
mosei,candidate_mixer,analytic_pi_g3,0.6000000000000001,0.0018106102943419799,0.0033002647571264998,0.0016510731975783802
mosei,candidate_mixer,analytic_pi_g3,0.625,0.00187467932701106,0.0034443189390003202,0.0016510731975783802
mosei,candidate_mixer,analytic_pi_g3,0.65,0.0019378066062926802,0.0035889578983187196,0.00176114474408358
mosei,candidate_mixer,analytic_pi_g3,0.675,0.0019999742507934002,0.00373419136740262,0.0018712162905888201
mosei,candidate_mixer,analytic_pi_g3,0.7000000000000001,0.00206118822097772,0.0038800264243035996,0.00192625206384138
mosei,candidate_mixer,analytic_pi_g3,0.7250000000000001,0.0021214365959167,0.00402647377923126,0.00203632361034666
mosei,candidate_mixer,analytic_pi_g3,0.75,0.0021807134151457996,0.00417354125529522,0.0019262520638414203
mosei,candidate_mixer,analytic_pi_g3,0.775,0.0022390067577361603,0.0043212390039115605,0.00198128783709406
mosei,candidate_mixer,analytic_pi_g3,0.8,0.0022963166236877,0.00446957862004634,0.0019262520638414203
mosei,candidate_mixer,analytic_pi_g3,0.8250000000000001,0.00235263705253594,0.00461856918409462,0.00187121629058882
mosei,candidate_mixer,analytic_pi_g3,0.8500000000000001,0.0024079322814940804,0.00476822108030314,0.0019262520638414203
mosei,candidate_mixer,analytic_pi_g3,0.875,0.00246223211288448,0.004918546089902461,0.00198128783709406
mosei,candidate_mixer,analytic_pi_g3,0.9,0.00251549482345578,0.00506955632008608,0.00203632361034664
mosei,candidate_mixer,analytic_pi_g3,0.925,0.0025677382946014,0.00522126327268774,0.00209135938359924
mosei,candidate_mixer,analytic_pi_g3,0.95,0.0026189267635345,0.0053736799396574,0.00209135938359924
mosei,candidate_mixer,analytic_pi_g3,0.975,0.00266907215118404,0.00552681963890786,0.00209135938359924
mosei,candidate_mixer,analytic_pi_g3,1.0,0.00271813869476316,0.0056806958280503405,0.00209135938359924
mosei,candidate_mixer,fixed,0.0,-6.201015345652649e-09,4.519771551092789e-09,0.0
mosei,candidate_mixer,fixed,0.025,0.00043367018821762,0.0005185963288852401,0.0004402861860209201
mosei,candidate_mixer,fixed,0.05,0.0008532645337983201,0.0010396529481580801,0.0009906439185470002
mosei,candidate_mixer,fixed,0.075,0.00125934010547204,0.0015632053543418799,0.00115575123830484
mosei,candidate_mixer,fixed,0.1,0.00165239705005742,0.0020892904747057397,0.0012107870115574799
mosei,candidate_mixer,fixed,0.125,0.00203288207251828,0.00261794625829938,0.0014859658778205401
mosei,candidate_mixer,fixed,0.15,0.0024011961143958196,0.00314921171974106,0.0018712162905888201
mosei,candidate_mixer,fixed,0.175,0.00275770053085716,0.0036831269856495404,0.0021463951568518997
mosei,candidate_mixer,fixed,0.2,0.00310272212145474,0.00421973334393302,0.0021463951568519
mosei,candidate_mixer,fixed,0.225,0.00343655727149962,0.00475907329617118,0.0021463951568518403
mosei,candidate_mixer,fixed,0.25,0.0037594753933871206,0.00530119061335,0.0022564667033571
mosei,candidate_mixer,fixed,0.275,0.004071721809718301,0.00584613039523904,0.0024766097963676405
mosei,candidate_mixer,fixed,0.3,0.00437352018603926,0.00639393913373226,0.00247660979636758
mosei,candidate_mixer,fixed,0.325,0.00466507459622618,0.006944664780511161,0.0024215740231149597
mosei,candidate_mixer,fixed,0.35,0.0049465712851898,0.007498356819431359,0.00236653824986236
mosei,candidate_mixer,fixed,0.375,0.00521818017979922,0.008055066344082021,0.0022014309301045002
mosei,candidate_mixer,fixed,0.4,0.005480056188434159,0.00861484614102602,0.00203632361034672
mosei,candidate_mixer,fixed,0.425,0.0057323403215128,0.0091777507792918,0.00236653824986236
mosei,candidate_mixer,fixed,0.45,0.0059751606590366605,0.009743836706767001,0.0024766097963675802
mosei,candidate_mixer,fixed,0.475,0.00620863318623964,0.010313162354232899,0.0025316455696202398
mosei,candidate_mixer,fixed,0.5,0.00643286251446344,0.010885788247883759,0.00275178866263062
mosei,candidate_mixer,fixed,0.525,0.00664794250118102,0.01146177713130404,0.0028618602091358804
mosei,candidate_mixer,fixed,0.55,0.00685395678047312,0.01204119409802266,0.0030269675288937398
mosei,candidate_mixer,fixed,0.5750000000000001,0.007050979213075961,0.012624106735947141,0.0031370390753989396
mosei,candidate_mixer,fixed,0.6000000000000001,0.00723907426327434,0.01321058528519678,0.0029168959823885
mosei,candidate_mixer,fixed,0.625,0.007418297308308319,0.013800702811121002,0.0028618602091358804
mosei,candidate_mixer,fixed,0.65,0.007588694884532859,0.0143945353946143,0.0031370390753989
mosei,candidate_mixer,fixed,0.675,0.00775030487324894,0.014992162342246259,0.00269675288937804
mosei,candidate_mixer,fixed,0.7000000000000001,0.00790315662785416,0.01559366641922908,0.00264171711612544
mosei,candidate_mixer,fixed,0.7250000000000001,0.00804727104268184,0.01619913410888674,0.0024766097963676405
mosei,candidate_mixer,fixed,0.75,0.00818266056254158,0.016808655903105003,0.0022564667033571
mosei,candidate_mixer,fixed,0.775,0.00830932913046316,0.01742232662929772,0.00198128783709412
mosei,candidate_mixer,fixed,0.8,0.00842727206938062,0.018040245820801458,0.002421574023115
mosei,candidate_mixer,fixed,0.8250000000000001,0.008536475891336019,0.01866251813943878,0.00231150247660976
mosei,candidate_mixer,fixed,0.8500000000000001,0.00863691802504602,0.019289253861442958,0.00231150247660976
mosei,candidate_mixer,fixed,0.875,0.008728566449083739,0.01991942104956434,0.0025316455696202
mosei,candidate_mixer,fixed,0.9,0.00881137921307416,0.020552574428068418,0.00258668134287282
mosei,candidate_mixer,fixed,0.925,0.0088853038225614,0.0211904044613934,0.00269675288937808
mosei,candidate_mixer,fixed,0.95,0.00895027645359894,0.02183303232465342,0.00247660979636764
mosei,candidate_mixer,fixed,0.975,0.00900622094907488,0.02248058551500136,0.00269675288937804
mosei,candidate_mixer,fixed,1.0,0.0090530475277174,0.0231331983844369,0.0024766097963676
mosei,candidate_mixer,max_confidence,0.0,0.0,0.0,0.0
mosei,candidate_mixer,max_confidence,0.025,0.00019821524620052003,0.00023021298111412002,-2.0003530082357557e-17
mosei,candidate_mixer,max_confidence,0.05,0.00039322972297663997,0.00046098802704358,0.00011007154650522002
mosei,candidate_mixer,max_confidence,0.075,0.0005851387977599801,0.00069233044050628,0.0003852504127683
mosei,candidate_mixer,max_confidence,0.1,0.00077403187751766,0.00092424574540922,0.0004953219592735
mosei,candidate_mixer,max_confidence,0.125,0.00095995664596552,0.00115674035623668,0.0004953219592735
mosei,candidate_mixer,max_confidence,0.15,0.0011429965496063,0.00138981929048892,0.00066042927903136
mosei,candidate_mixer,max_confidence,0.175,0.00132321715354914,0.0016234882175921801,0.0007705008255366002
mosei,candidate_mixer,max_confidence,0.2,0.00150067210197444,0.0018577524926513,0.0008805723720418001
mosei,candidate_mixer,max_confidence,0.225,0.0016753971576690201,0.0020926209632307,0.0009906439185470202
mosei,candidate_mixer,max_confidence,0.25,0.0018474578857421396,0.00232809793669724,0.00115575123830488
mosei,candidate_mixer,max_confidence,0.275,0.0020169198513030596,0.00256418939679858,0.00104567969179964
mosei,candidate_mixer,max_confidence,0.3,0.00218380689620968,0.00280090263113374,0.00110071546505224
mosei,candidate_mixer,max_confidence,0.325,0.00234814882278438,0.00303824469447132,0.0011007154650522599
mosei,candidate_mixer,max_confidence,0.35,0.00250999927520748,0.0032762215938418595,0.00110071546505224
mosei,candidate_mixer,max_confidence,0.375,0.0026693940162658197,0.0035148411523550404,0.0012107870115575
mosei,candidate_mixer,max_confidence,0.4,0.0028263509273528603,0.00375411128625268,0.0013758943313153201
mosei,candidate_mixer,max_confidence,0.425,0.0029809176921843997,0.0039940358605235204,0.0013758943313153002
mosei,candidate_mixer,max_confidence,0.45,0.0031331419944762803,0.00423462572507552,0.0014309301045679
mosei,candidate_mixer,max_confidence,0.475,0.0032829940319060802,0.00447588800452644,0.0014309301045678801
mosei,candidate_mixer,max_confidence,0.5,0.00343055129051206,0.0047178306151181,0.0014859658778205401
mosei,candidate_mixer,max_confidence,0.525,0.0035758137702941403,0.0049604615196585196,0.00148596587782056
mosei,candidate_mixer,max_confidence,0.55,0.0037188231945037204,0.00520378891378636,0.0015960374243258
mosei,candidate_mixer,max_confidence,0.5750000000000001,0.0038595616817474004,0.005447821225970919,0.0015960374243258202
mosei,candidate_mixer,max_confidence,0.6000000000000001,0.00399810075759886,0.0056925673969089405,0.00165107319757842
mosei,candidate_mixer,max_confidence,0.625,0.00413441658020014,0.005938037205487441,0.0015960374243258
mosei,candidate_mixer,max_confidence,0.65,0.00426855087280266,0.00618423894047732,0.0016510731975784
mosei,candidate_mixer,max_confidence,0.675,0.00440049171447748,0.0064311831258236805,0.0015410016510731602
mosei,candidate_mixer,max_confidence,0.7000000000000001,0.0045302808284759,0.00667887814342972,0.0016510731975783802
mosei,candidate_mixer,max_confidence,0.7250000000000001,0.00465794205665582,0.0069273361004888595,0.0016510731975783802
mosei,candidate_mixer,max_confidence,0.75,0.0047834694385528,0.00717656556516884,0.00170610897083102
mosei,candidate_mixer,max_confidence,0.775,0.00490683317184442,0.0074265792034566,0.0017611447440836598
mosei,candidate_mixer,max_confidence,0.8,0.00502812266349788,0.00767738744616506,0.0017611447440836199
mosei,candidate_mixer,max_confidence,0.8250000000000001,0.0051472783088683605,0.007929000537842481,0.00176114474408364
mosei,candidate_mixer,max_confidence,0.8500000000000001,0.0052643597126006605,0.0081814319826662,0.0017061089708310401
mosei,candidate_mixer,max_confidence,0.875,0.00537934303283684,0.008434693049639421,0.0017611447440836598
mosei,candidate_mixer,max_confidence,0.9,0.00549224615097042,0.0086887970566749,0.0017611447440836598
mosei,candidate_mixer,max_confidence,0.925,0.00560304522514338,0.00894375797361132,0.0017061089708309998
mosei,candidate_mixer,max_confidence,0.95,0.0057117998600005795,0.009199586696922741,0.0017611447440836199
mosei,candidate_mixer,max_confidence,0.975,0.00581846237182614,0.009456301201134878,0.0018712162905888201
mosei,candidate_mixer,max_confidence,1.0,0.0059230744838714,0.00971391331404442,0.0019262520638414602
mosei,candidate_mixer,native_pdf,0.0,-6.201015345652649e-09,4.519771551092789e-09,0.0
mosei,candidate_mixer,native_pdf,0.025,0.00021708633881304,0.00024218853396216003,-5.503577325260003e-05
mosei,candidate_mixer,native_pdf,0.05,0.00042982693537792,0.00048503952085681996,0.00016510731975782
mosei,candidate_mixer,native_pdf,0.075,0.0006383415252666,0.00072855872036026,0.0007154650522839
mosei,candidate_mixer,native_pdf,0.1,0.0008427465153450799,0.00097275245675062,0.00055035773252608
mosei,candidate_mixer,native_pdf,0.125,0.00104314977809106,0.0012176271742671799,0.0008805723720417601
mosei,candidate_mixer,native_pdf,0.15,0.00123965150824974,0.0014631894407563,0.00110071546505224
mosei,candidate_mixer,native_pdf,0.175,0.00143234496418944,0.0017094459515234,0.0014859658778205202
mosei,candidate_mixer,native_pdf,0.2,0.00162131711273252,0.00195640353336012,0.00159603742432576
mosei,candidate_mixer,native_pdf,0.225,0.0018066491926603998,0.00220406914875602,0.0014859658778205401
mosei,candidate_mixer,native_pdf,0.25,0.0019884172092833998,0.00245244990030732,0.0013208585580626602
mosei,candidate_mixer,native_pdf,0.275,0.0021666923702488004,0.0027015530353345397,0.0012658227848101
mosei,candidate_mixer,native_pdf,0.3,0.00234154147099172,0.0029513859507228997,0.0014859658778205401
mosei,candidate_mixer,native_pdf,0.325,0.00251302723681252,0.0032019561979997,0.00170610897083096
mosei,candidate_mixer,native_pdf,0.35,0.0026812086274175598,0.0034532714886647995,0.0018161805173361801
mosei,candidate_mixer,native_pdf,0.375,0.00284614110882622,0.00370533969979122,0.0016510731975783802
mosei,candidate_mixer,native_pdf,0.4,0.00300787689678092,0.0039581688799146,0.0016510731975783802
mosei,candidate_mixer,native_pdf,0.425,0.0031664651751695,0.00421176725523172,0.0018161805173362202
mosei,candidate_mixer,native_pdf,0.45,0.0033219522924454806,0.00446614323613054,0.00203632361034666
mosei,candidate_mixer,native_pdf,0.475,0.00347438193859882,0.0047213054240757,0.00220143093010454
mosei,candidate_mixer,native_pdf,0.5,0.0036237953048660005,0.0049772626188762,0.0021463951568519
mosei,candidate_mixer,native_pdf,0.525,0.00377023122806178,0.00523402382636458,0.00203632361034668
mosei,candidate_mixer,native_pdf,0.55,0.00391372632115774,0.0054915982665188,0.0019262520638414597
mosei,candidate_mixer,native_pdf,0.5750000000000001,0.004054315091511241,0.00574999538206306,0.0021463951568519
mosei,candidate_mixer,native_pdf,0.6000000000000001,0.004192030047962319,0.006009224847585639,0.00214639515685188
mosei,candidate_mixer,native_pdf,0.625,0.00432690179785446,0.0062692965792165,0.00231150247660972
mosei,candidate_mixer,native_pdf,0.65,0.00445895913489414,0.00653022074491306,0.00264171711612538
mosei,candidate_mixer,native_pdf,0.675,0.0045882291186477,0.00679200777540562,0.00264171711612542
mosei,candidate_mixer,native_pdf,0.7000000000000001,0.00471473714636272,0.00705466837586186,0.00264171711612538
mosei,candidate_mixer,native_pdf,0.7250000000000001,0.00483850701771326,0.007318213538335699,0.00242157402311492
mosei,candidate_mixer,native_pdf,0.75,0.00495956099298268,0.00758265455507306,0.0024215740231149597
mosei,candidate_mixer,native_pdf,0.775,0.00507791984512488,0.00784800303275674,0.0026417171161253797
mosei,candidate_mixer,native_pdf,0.8,0.005193602906078,0.0081142709077825,0.0029719317556411197
mosei,candidate_mixer,native_pdf,0.8250000000000001,0.00530662810764306,0.00838147046266948,0.0031370390753989396
mosei,candidate_mixer,native_pdf,0.8500000000000001,0.0054170120171829,0.00864961434372286,0.0031920748486515397
mosei,candidate_mixer,native_pdf,0.875,0.00552476986834306,0.00891871558008044,0.0031920748486515597
mosei,candidate_mixer,native_pdf,0.9,0.005629915586943581,0.009188787604295178,0.00335718216840942
mosei,candidate_mixer,native_pdf,0.925,0.0057324618121411194,0.00945984427462542,0.00313703907539892
mosei,candidate_mixer,native_pdf,0.95,0.00583241991290664,0.009731899899230059,0.0031370390753989404
mosei,candidate_mixer,native_pdf,0.975,0.0059297999998146,0.010004969262495481,0.0034122179416619797
mosei,candidate_mixer,native_pdf,1.0,0.00602461093208022,0.0102790676537558,0.00341221794166202
mosei,candidate_mixer,native_qmf,0.0,-6.201015345652649e-09,4.519771551092789e-09,0.0
mosei,candidate_mixer,native_qmf,0.025,0.00031111585794518,0.00036857808209028004,0.00027517886626306
mosei,candidate_mixer,native_qmf,0.05,0.0006139061938073001,0.0007385806992331199,0.00082553659878918
mosei,candidate_mixer,native_qmf,0.075,0.0009086449988131601,0.0011100245307896401,0.0008805723720417601
mosei,candidate_mixer,native_qmf,0.1,0.00119558559718594,0.0014829270938932601,0.0009906439185470202
mosei,candidate_mixer,native_qmf,0.125,0.0014749580341258998,0.0018573063071745,0.0013208585580627
mosei,candidate_mixer,native_qmf,0.15,0.001746972017722,0.00223318050500586,0.0015410016510731
mosei,candidate_mixer,native_qmf,0.175,0.00201181935525324,0.0026105684524512797,0.00181618051733624
mosei,candidate_mixer,native_qmf,0.2,0.00226967598924552,0.00298948936096526,0.0020913593835992796
mosei,candidate_mixer,native_qmf,0.225,0.00252070371296058,0.00336996290489118,0.0020913593835993
mosei,candidate_mixer,native_qmf,0.25,0.00276505162639336,0.00375200923881138,0.0019812878370940403
mosei,candidate_mixer,native_qmf,0.275,0.0030028573801714397,0.00413564901580716,0.0023115024766097
mosei,candidate_mixer,native_qmf,0.3,0.00323424824454308,0.00452090340669072,0.00247660979636758
mosei,candidate_mixer,native_qmf,0.325,0.0034593420329255007,0.004907794120277339,0.00247660979636756
mosei,candidate_mixer,native_qmf,0.35,0.0036782479035852,0.0052963434247707605,0.0025316455696202203
mosei,candidate_mixer,native_qmf,0.375,0.0038910670584602998,0.00568657417034304,0.00269675288937806
mosei,candidate_mixer,native_qmf,0.4,0.0040978933545743005,0.0060785098129953,0.00269675288937808
mosei,candidate_mixer,native_qmf,0.425,0.00429881384068316,0.006472174439796261,0.00264171711612546
mosei,candidate_mixer,native_qmf,0.45,0.00449390922956468,0.00686759279560184,0.0025866813428728403
mosei,candidate_mixer,native_qmf,0.475,0.00468325431457056,0.00726479031137134,0.0026417171161254
mosei,candidate_mixer,native_qmf,0.5,0.00486691833761526,0.00766379313420556,0.00247660979636758
mosei,candidate_mixer,native_qmf,0.525,0.00504496531459786,0.00806462815924476,0.00247660979636758
mosei,candidate_mixer,native_qmf,0.55,0.00521745432328756,0.00846732306357904,0.00269675288937802
mosei,candidate_mixer,native_qmf,0.5750000000000001,0.005384439757905821,0.00887190634233882,0.00280682443588324
mosei,candidate_mixer,native_qmf,0.6000000000000001,0.005545971553972439,0.00927840734715066,0.0029719317556410997
mosei,candidate_mixer,native_qmf,0.625,0.0057020953864263205,0.00968685632716434,0.00264171711612542
mosei,candidate_mixer,native_qmf,0.65,0.00585285284355966,0.01009728447287868,0.0026967528893780397
mosei,candidate_mixer,native_qmf,0.675,0.00599828157890114,0.01050972396302048,0.00269675288937806
mosei,candidate_mixer,native_qmf,0.7000000000000001,0.00613841544283804,0.01092420801475856,0.0029168959823885196
mosei,candidate_mixer,native_qmf,0.7250000000000001,0.00627328459546352,0.01134077093756954,0.0029719317556411396
mosei,candidate_mixer,native_qmf,0.75,0.00640291560186868,0.0117594481911091,0.0028068244358832803
mosei,candidate_mixer,native_qmf,0.775,0.006527331510860821,0.012180276447486881,0.0030269675288937597
mosei,candidate_mixer,native_qmf,0.8,0.00664655191787062,0.012603293658392679,0.0029719317556410997
mosei,candidate_mixer,native_qmf,0.8250000000000001,0.006760593012609161,0.01302853912758076,0.0028068244358832803
mosei,candidate_mixer,native_qmf,0.8500000000000001,0.006869467611844421,0.0134560535892855,0.00302696752889372
mosei,candidate_mixer,native_qmf,0.875,0.0069731851774801,0.013885879293221779,0.00297193175564114
mosei,candidate_mixer,native_qmf,0.9,0.007071751819935119,0.014318060096913398,0.00264171711612542
mosei,candidate_mixer,native_qmf,0.925,0.00716517028663208,0.01475264156620302,0.00247660979636756
mosei,candidate_mixer,native_qmf,0.95,0.0072534399352047405,0.01518967108492352,0.00242157402311498
mosei,candidate_mixer,native_qmf,0.975,0.00733655669082148,0.01562919797486164,0.00231150247660974
mosei,candidate_mixer,native_qmf,1.0,0.00741451298678618,0.01607127362732648,0.0023665382498623396
mosei,candidate_mixer,native_tmc,0.0,-6.201015345652649e-09,4.519771551092789e-09,0.0
mosei,candidate_mixer,native_tmc,0.025,0.00023443836325436003,0.00029815095371974,0.00016510731975780002
mosei,candidate_mixer,native_tmc,0.05,0.0004635598061175,0.0005972706711175,0.00060539350577872
mosei,candidate_mixer,native_tmc,0.075,0.00068750574579906,0.0008973688148859401,0.0008255365987891599
mosei,candidate_mixer,native_tmc,0.1,0.00090641134320966,0.0011984556977679,0.00088057237204178
mosei,candidate_mixer,native_tmc,0.125,0.00112040080460978,0.00150054183961774,0.00126582278481008
mosei,candidate_mixer,native_tmc,0.15,0.0013295886312053602,0.0018036379738461598,0.0009906439185470401
mosei,candidate_mixer,native_tmc,0.175,0.00153408066858864,0.00210775505417038,0.00121078701155746
mosei,candidate_mixer,native_tmc,0.2,0.0017339749958099199,0.0024129042616636,0.00159603742432574
mosei,candidate_mixer,native_tmc,0.225,0.0019293626844515,0.00271909701212124,0.0016510731975783802
mosei,candidate_mixer,native_tmc,0.25,0.00212032845121866,0.00302634496376322,0.00137589433131536
mosei,candidate_mixer,native_tmc,0.275,0.00230695122247274,0.00333466002529144,0.00132085855806272
mosei,candidate_mixer,native_tmc,0.3,0.0024893046253114197,0.00364405436432544,0.0014309301045679602
mosei,candidate_mixer,native_tmc,0.325,0.00266745741688744,0.0039545404162385,0.00137589433131536
mosei,candidate_mixer,native_tmc,0.35,0.00284147386141434,0.00426613089342004,0.00132085855806272
mosei,candidate_mixer,native_tmc,0.375,0.00301141406255716,0.004578838794991059,0.00110071546505228
mosei,candidate_mixer,native_tmc,0.4,0.0031773342575280804,0.00489267741700288,0.0011557512383048398
mosei,candidate_mixer,native_tmc,0.425,0.0033392870781139604,0.00520766036314958,0.0008805723720417401
mosei,candidate_mixer,native_tmc,0.45,0.0034973217829834605,0.0055238015560301595,0.0010456796917996398
mosei,candidate_mixer,native_tmc,0.475,0.0036514844649125798,0.0058411152489965,0.00115575123830488
mosei,candidate_mixer,native_tmc,0.5,0.0038018182359901205,0.00615961603862864,0.00115575123830484
mosei,candidate_mixer,native_tmc,0.525,0.00394836339338904,0.006479318877881279,0.0013758943313153201
mosei,candidate_mixer,native_tmc,0.55,0.00409115756789932,0.006800239089949099,0.0015410016510731602
mosei,candidate_mixer,native_tmc,0.5750000000000001,0.004230235857091201,0.00712239238290466,0.0017061089708310002
mosei,candidate_mixer,native_tmc,0.6000000000000001,0.00436563094470462,0.00744579486516488,0.0018161805173362799
mosei,candidate_mixer,native_tmc,0.625,0.00449737320763128,0.007770463061849921,0.00176114474408368
mosei,candidate_mixer,native_tmc,0.65,0.00462549081165912,0.0080964139321029,0.00170610897083102
mosei,candidate_mixer,native_tmc,0.675,0.004750009796983939,0.008423664887446159,0.0017611447440836199
mosei,candidate_mixer,native_tmc,0.7000000000000001,0.00487095415434736,0.008752233811257379,0.0018712162905888201
mosei,candidate_mixer,native_tmc,0.7250000000000001,0.0049883458925368,0.00908213907945728,0.0021463951568519
mosei,candidate_mixer,native_tmc,0.75,0.00510220509787302,0.00941339958250984,0.0018161805173362
mosei,candidate_mixer,native_tmc,0.775,0.00521254998621624,0.00974603474884816,0.0014309301045679602
mosei,candidate_mixer,native_tmc,0.8,0.005319396947933019,0.01008006456984896,0.0013208585580627
mosei,candidate_mixer,native_tmc,0.8250000000000001,0.00542276058619018,0.010415509626494901,0.00154100165107314
mosei,candidate_mixer,native_tmc,0.8500000000000001,0.00552265374887056,0.010752391117878481,0.0013758943313153201
mosei,candidate_mixer,native_tmc,0.875,0.005619087554338,0.011090730891719022,0.0014859658778205401
mosei,candidate_mixer,native_tmc,0.9,0.00571207141121682,0.011430551477085299,0.00132085855806274
mosei,candidate_mixer,native_tmc,0.925,0.00580161303229014,0.011771876119539879,0.00137589433131534
mosei,candidate_mixer,native_tmc,0.95,0.00588771844256212,0.01211472881894772,0.0013208585580627
mosei,candidate_mixer,native_tmc,0.975,0.00597039198146882,0.012459134370223298,0.0014309301045679402
mosei,candidate_mixer,native_tmc,1.0,0.006049636299160561,0.012805118407325861,0.00159603742432574
mosei,candidate_mixer,negative_entropy,0.0,0.0,0.0,0.0
mosei,candidate_mixer,negative_entropy,0.025,9.844899177546327e-05,0.00011540040432004625,0.0
mosei,candidate_mixer,negative_entropy,0.05,0.00019581317901607394,0.00023100049002092003,5.50357732526e-05
mosei,candidate_mixer,negative_entropy,0.075,0.00029208660125726,0.00034680207027118,5.50357732526e-05
mosei,candidate_mixer,negative_entropy,0.1,0.00038731694221488,0.00046280516544354,5.50357732526e-05
mosei,candidate_mixer,negative_entropy,0.125,0.0004815161228179401,0.00057901293621394,0.0001100715465052
mosei,candidate_mixer,negative_entropy,0.15,0.00057466626167292,0.00069542715791606,0.00022014309301044004
mosei,candidate_mixer,negative_entropy,0.175,0.0006668508052825401,0.00081204824382434,0.00022014309301044004
mosei,candidate_mixer,negative_entropy,0.2,0.000758022069931,0.00092887923819938,0.00027517886626304003
mosei,candidate_mixer,negative_entropy,0.225,0.0008482694625853999,0.00104592128191138,0.00016510731975784
mosei,candidate_mixer,negative_entropy,0.25,0.0009375631809233999,0.00116317637730384,0.00022014309301044004
mosei,candidate_mixer,negative_entropy,0.275,0.001025903224945,0.00128064658492796,0.00038525041276828007
mosei,candidate_mixer,negative_entropy,0.3,0.00111331939697262,0.0013983333250507201,0.00033021463951564
mosei,candidate_mixer,negative_entropy,0.325,0.00119985938072202,0.0015162386931478601,0.00033021463951564
mosei,candidate_mixer,negative_entropy,0.35,0.0012854516506194801,0.0016343648312613,0.00038525041276824
mosei,candidate_mixer,negative_entropy,0.375,0.00137020945549006,0.00175271409098056,0.00038525041276824
mosei,candidate_mixer,negative_entropy,0.4,0.00145406126976008,0.0018712889170273803,0.00038525041276824
mosei,candidate_mixer,negative_entropy,0.425,0.00153708457946774,0.0019900884246453,0.00044028618602086
mosei,candidate_mixer,negative_entropy,0.45,0.00161923766136166,0.00210911836475128,0.00049532195927348
mosei,candidate_mixer,negative_entropy,0.475,0.0017005443572997599,0.00222837922628964,0.00055035773252608
mosei,candidate_mixer,negative_entropy,0.5,0.0017810165882110002,0.00234787310473616,0.00071546505228392
mosei,candidate_mixer,negative_entropy,0.525,0.00186065435409542,0.00246760321315374,0.00066042927903132
mosei,candidate_mixer,negative_entropy,0.55,0.00193949341773982,0.00258757062256332,0.0006604292790313401
mosei,candidate_mixer,negative_entropy,0.5750000000000001,0.0020175278186797796,0.0027077782899140803,0.0007705008255365801
mosei,candidate_mixer,negative_entropy,0.6000000000000001,0.0020947396755218,0.0028282285202294,0.0007705008255365801
mosei,candidate_mixer,negative_entropy,0.625,0.0021711647510528403,0.0029489239212125,0.00060539350577874
mosei,candidate_mixer,negative_entropy,0.65,0.00224678516387936,0.00306986779905854,0.0007154650522839801
mosei,candidate_mixer,negative_entropy,0.675,0.00232162475585932,0.0031910614576190002,0.0008805723720418001
mosei,candidate_mixer,negative_entropy,0.7000000000000001,0.00239568948745724,0.00331250759772954,0.0009356081452944001
mosei,candidate_mixer,negative_entropy,0.7250000000000001,0.00246898531913754,0.00343420924618838,0.0009356081452944001
mosei,candidate_mixer,negative_entropy,0.75,0.0025415062904357395,0.00355616994202134,0.0008805723720418001
mosei,candidate_mixer,negative_entropy,0.775,0.00261324644088742,0.0036783902905880997,0.0008805723720418001
mosei,candidate_mixer,negative_entropy,0.8,0.0026842415332793803,0.00380087620578702,0.00082553659878918
mosei,candidate_mixer,negative_entropy,0.8250000000000001,0.00275448560714716,0.00392362750135356,0.00082553659878918
mosei,candidate_mixer,negative_entropy,0.8500000000000001,0.00282396674156182,0.004046649439260299,0.00082553659878918
mosei,candidate_mixer,negative_entropy,0.875,0.0028926968574523398,0.0041699448600411,0.0008805723720418001
mosei,candidate_mixer,negative_entropy,0.9,0.00296068787574762,0.00429351590573782,0.0008805723720418001
mosei,candidate_mixer,negative_entropy,0.925,0.00302795767784112,0.00441736653447148,0.0009356081452944001
mosei,candidate_mixer,negative_entropy,0.95,0.0030944526195525604,0.00454149991273876,0.000990643918547
mosei,candidate_mixer,negative_entropy,0.975,0.0031602263450622196,0.004665919346734821,0.000990643918547
mosei,candidate_mixer,negative_entropy,1.0,0.00322526097297664,0.00479062832891938,0.000990643918547
mosei,convex_projection,analytic_pi_g2,0.0,-6.201015345652649e-09,4.519771551092789e-09,0.0
mosei,convex_projection,analytic_pi_g2,0.025,2.266906911556621e-05,1.8728305051996963e-05,5.50357732526e-05
mosei,convex_projection,analytic_pi_g2,0.05,4.504245046278832e-05,3.751360961071355e-05,5.50357732526e-05
mosei,convex_projection,analytic_pi_g2,0.075,6.71178336969506e-05,5.63609105499742e-05,5.50357732526e-05
mosei,convex_projection,analytic_pi_g2,0.1,8.889917065762885e-05,7.527097003637585e-05,5.50357732526e-05
mosei,convex_projection,analytic_pi_g2,0.125,0.00011039000462028859,9.424488440249121e-05,5.50357732526e-05
mosei,convex_projection,analytic_pi_g2,0.15,0.00013159358442055774,0.00011328373210890419,0.0001100715465052
mosei,convex_projection,analytic_pi_g2,0.175,0.0001525132413590243,0.0001323885488322261,0.00016510731975784
mosei,convex_projection,analytic_pi_g2,0.2,0.00017315184097830912,0.0001515604121614423,0.00033021463951566005
mosei,convex_projection,analytic_pi_g2,0.225,0.0001935121881113864,0.00017080052045223088,0.00044028618602090004
mosei,convex_projection,analytic_pi_g2,0.25,0.0002135969865567023,0.00019011010144639863,0.0004953219592735
mosei,convex_projection,analytic_pi_g2,0.275,0.0002334085870632481,0.00020949043138962002,0.0005503577325260999
mosei,convex_projection,analytic_pi_g2,0.3,0.00025294930394905026,0.00022894282701398,0.00060539350577872
mosei,convex_projection,analytic_pi_g2,0.325,0.00027222102254666756,0.00024846860803084,0.0006604292790313401
mosei,convex_projection,analytic_pi_g2,0.35,0.0002912258093287006,0.00026806949891054,0.00077050082553654
mosei,convex_projection,analytic_pi_g2,0.375,0.0003099654293539676,0.00028774677504998,0.0008805723720417601
mosei,convex_projection,analytic_pi_g2,0.4,0.0003284411260624317,0.000307502258256,0.0008805723720417601
mosei,convex_projection,analytic_pi_g2,0.425,0.00034665465782593403,0.00032733747788076,0.0008805723720417601
mosei,convex_projection,analytic_pi_g2,0.45,0.0003646066397904685,0.00034725441544818,0.00082553659878914
mosei,convex_projection,analytic_pi_g2,0.475,0.00038229845099057544,0.00036725497058281997,0.00082553659878914
mosei,convex_projection,analytic_pi_g2,0.5,0.000399730741930448,0.0003873409901195,0.00082553659878914
mosei,convex_projection,analytic_pi_g2,0.525,0.00041690411037310237,0.00040751476877062007,0.00082553659878918
mosei,convex_projection,analytic_pi_g2,0.55,0.0004338187762106432,0.00042777872465986,0.0009356081452944001
mosei,convex_projection,analytic_pi_g2,0.5750000000000001,0.00045047495300029724,0.00044813505638862,0.00088057237204178
mosei,convex_projection,analytic_pi_g2,0.6000000000000001,0.0004668725297876287,0.00046858654731310006,0.0008805723720418
mosei,convex_projection,analytic_pi_g2,0.625,0.0004830111536165842,0.0004891358808059999,0.000990643918547
mosei,convex_projection,analytic_pi_g2,0.65,0.0004988899902599458,0.00050978622156062,0.0009356081452944001
mosei,convex_projection,analytic_pi_g2,0.675,0.0005145084150401441,0.0005305406961195801,0.0009356081452944001
mosei,convex_projection,analytic_pi_g2,0.7000000000000001,0.0005298649305173415,0.00055140281258218,0.0009356081452944001
mosei,convex_projection,analytic_pi_g2,0.7250000000000001,0.0005449580704474096,0.0005723763590846,0.0009906439185470202
mosei,convex_projection,analytic_pi_g2,0.75,0.0005597858275134535,0.00059346538174318,0.00093560814529442
mosei,convex_projection,analytic_pi_g2,0.775,0.0005743457832474269,0.00061467438602306,0.00099064391854702
mosei,convex_projection,analytic_pi_g2,0.8,0.0005886348534033003,0.0006360085062925199,0.00104567969179962
mosei,convex_projection,analytic_pi_g2,0.8250000000000001,0.0006026502503626507,0.00065747255747448,0.000990643918547
mosei,convex_projection,analytic_pi_g2,0.8500000000000001,0.0006163874261406529,0.00067907297415824,0.00104567969179962
mosei,convex_projection,analytic_pi_g2,0.875,0.0006298419068607713,0.00070081606642096,0.00104567969179962
mosei,convex_projection,analytic_pi_g2,0.9,0.0006430082741514292,0.00072270904403924,0.00104567969179962
mosei,convex_projection,analytic_pi_g2,0.925,0.0006558802391692344,0.0007447601846741,0.0011007154650522401
mosei,convex_projection,analytic_pi_g2,0.95,0.0006684502719843447,0.0007669784811092401,0.0011557512383048602
mosei,convex_projection,analytic_pi_g2,0.975,0.0006807100236903563,0.00078685095987796,0.0011557512383048602
mosei,convex_projection,analytic_pi_g2,1.0,0.0006926492121955823,0.00080676756563088,0.0011557512383048602
mosei,convex_projection,fixed,0.0,-6.201015345652649e-09,4.519771551092789e-09,0.0
mosei,convex_projection,fixed,0.025,5.769570888496105e-05,4.8573593246720754e-05,5.50357732526e-05
mosei,convex_projection,fixed,0.05,0.0001136212663921235,9.739396921073223e-05,-2.0003530082357557e-17
mosei,convex_projection,fixed,0.075,0.00016784892778821782,0.0001464663917642216,0.00022014309301044004
mosei,convex_projection,fixed,0.1,0.0002204489076462615,0.00019579550214468,0.00022014309301044004
mosei,convex_projection,fixed,0.125,0.0002714843067127686,0.00024538612872984005,0.00038525041276827996
mosei,convex_projection,fixed,0.15,0.00032101202966053203,0.00029524328941532,0.00071546505228396
mosei,convex_projection,fixed,0.175,0.00036908353957315686,0.00034537220326996004,0.0006604292790313201
mosei,convex_projection,fixed,0.2,0.0004157454836780229,0.00039577830326981996,0.0007705008255365599
mosei,convex_projection,fixed,0.225,0.0004610402161550057,0.00044646724966131997,0.00071546505228392
mosei,convex_projection,fixed,0.25,0.0005050062376144196,0.00049744494526758,0.0008805723720417401
mosei,convex_projection,fixed,0.275,0.0005476785662813832,0.0005487175569189,0.0008805723720417401
mosei,convex_projection,fixed,0.3,0.0005890890525423037,0.00060029153439688,0.0009356081452943799
mosei,convex_projection,fixed,0.325,0.0006292666459537849,0.00065217363260346,0.00104567969179962
mosei,convex_projection,fixed,0.35,0.0006682376218523722,0.0007043709367214801,0.00088057237204178
mosei,convex_projection,fixed,0.375,0.0007060257731731979,0.0007568908910918399,0.0009356081452943799
mosei,convex_projection,fixed,0.4,0.0007426525718588468,0.00080974132934688,0.0009356081452944001
mosei,convex_projection,fixed,0.425,0.0007781373032504761,0.0008629305119709401,0.00104567969179966
mosei,convex_projection,fixed,0.45,0.0008124971760082346,0.00091646716700872,0.00110071546505228
mosei,convex_projection,fixed,0.475,0.0008457474093845275,0.00097036053669502,0.0011557512383048602
mosei,convex_projection,fixed,0.5,0.0008779012990096441,0.00102462043145264,0.00110071546505222
mosei,convex_projection,fixed,0.525,0.0009089702617106571,0.0010792572922509003,0.00110071546505222
mosei,convex_projection,fixed,0.55,0.0009389638592464392,0.0011342822628793,0.00110071546505222
mosei,convex_projection,fixed,0.5750000000000001,0.000967889800138274,0.00118970727464332,0.00104567969179962
mosei,convex_projection,fixed,0.6000000000000001,0.000995753917991514,0.00124554514634722,0.00110071546505222
mosei,convex_projection,fixed,0.625,0.0010225601237501623,0.00130180970270152,0.0012107870115574799
mosei,convex_projection,fixed,0.65,0.0010483103281423809,0.00135851591606718,0.0012658227848101
mosei,convex_projection,fixed,0.675,0.0010730043290439017,0.0014156800775221002,0.00115575123830488
mosei,convex_projection,fixed,0.7000000000000001,0.0010966396564447843,0.0014733200049058199,0.0014859658778205401
mosei,convex_projection,fixed,0.7250000000000001,0.001119211364926673,0.00153145529913818,0.0014309301045679203
mosei,convex_projection,fixed,0.75,0.0011407117596840678,0.00159010766259586,0.0014859658778205603
mosei,convex_projection,fixed,0.775,0.0011611300366145695,0.00164911783018074,0.0016510731975783802
mosei,convex_projection,fixed,0.8,0.001180451809008914,0.00170572454501146,0.0016510731975783802
mosei,convex_projection,fixed,0.8250000000000001,0.0011986584815226245,0.00176273866763818,0.0017611447440836002
mosei,convex_projection,fixed,0.8500000000000001,0.0012157264141502235,0.0018201707490122197,0.0016510731975783802
mosei,convex_projection,fixed,0.875,0.0012316257910331067,0.0018780318674657,0.00154100165107318
mosei,convex_projection,fixed,0.9,0.0012463190644365673,0.00193633366946438,0.00148596587782054
mosei,convex_projection,fixed,0.925,0.0012597587710835418,0.0019950884147146,0.00143093010456792
mosei,convex_projection,fixed,0.95,0.0012718843935868413,0.00205430902620236,0.00159603742432576
mosei,convex_projection,fixed,0.975,0.0012826177195631417,0.0021140091458561805,0.00165107319757836
mosei,convex_projection,fixed,1.0,0.0012918557433327022,0.0021742031966460003,0.00165107319757836
mosi,candidate_mixer,analytic_pi_g1,0.0,0.0,0.0,0.0
mosi,candidate_mixer,analytic_pi_g1,0.025,0.00026305317878719557,0.00037249215820333995,0.00030487804878046
mosi,candidate_mixer,analytic_pi_g1,0.05,0.0005218207836150726,0.0007462211477104,0.0018292682926829
mosi,candidate_mixer,analytic_pi_g1,0.075,0.0007763624191283599,0.00112120156409214,0.00152439024390242
mosi,candidate_mixer,analytic_pi_g1,0.1,0.00102673768997186,0.00149744598893444,0.0018292682926829
mosi,candidate_mixer,analytic_pi_g1,0.125,0.00127295851707454,0.0018749693059362,0.0024390243902438604
mosi,candidate_mixer,analytic_pi_g1,0.15,0.0015150129795074,0.00225378454197194,0.00152439024390242
mosi,candidate_mixer,analytic_pi_g1,0.175,0.0017530262470245,0.00263390624895688,0.0018292682926829
mosi,candidate_mixer,analytic_pi_g1,0.2,0.0019869983196258,0.0030153493629767997,0.00152439024390244
mosi,candidate_mixer,analytic_pi_g1,0.225,0.00221689939498898,0.0033981291577219403,0.00274390243902438
mosi,candidate_mixer,analytic_pi_g1,0.25,0.00244283080101008,0.0037822605343534993,0.00304878048780488
mosi,candidate_mixer,analytic_pi_g1,0.275,0.00266476273536676,0.00416776197962458,0.0033536585365853398
mosi,candidate_mixer,analytic_pi_g1,0.3,0.00288278460502622,0.0045546449720859,0.0036585365853658
mosi,candidate_mixer,analytic_pi_g1,0.325,0.00309684276580806,0.004942929605022001,0.00457317073170726
mosi,candidate_mixer,analytic_pi_g1,0.35,0.0033069789409637,0.00533263096585866,0.00518292682926822
mosi,candidate_mixer,analytic_pi_g1,0.375,0.0035132348537444402,0.00572376744821664,0.00518292682926824
mosi,candidate_mixer,analytic_pi_g1,0.4,0.00371560454368586,0.0061163571197539,0.005182926829268261
mosi,candidate_mixer,analytic_pi_g1,0.425,0.0039141178131103195,0.0065104162320494,0.00487804878048778
mosi,candidate_mixer,analytic_pi_g1,0.45,0.0041088104248046394,0.0069059654604643195,0.00548780487804878
mosi,candidate_mixer,analytic_pi_g1,0.475,0.00429965257644648,0.00730302301235492,0.0057926829268292405
mosi,candidate_mixer,analytic_pi_g1,0.5,0.004486638307571339,0.00770160886459046,0.00640243902439022
mosi,candidate_mixer,analytic_pi_g1,0.525,0.0046698629856109205,0.008101743040606341,0.00579268292682922
mosi,candidate_mixer,analytic_pi_g1,0.55,0.00484927892684932,0.0085034471005201,0.00579268292682922
mosi,candidate_mixer,analytic_pi_g1,0.5750000000000001,0.005024886131286601,0.00890674153342838,0.006097560975609701
mosi,candidate_mixer,analytic_pi_g1,0.6000000000000001,0.0051967144012450795,0.00931164845824238,0.007012195121951161
mosi,candidate_mixer,analytic_pi_g1,0.625,0.0053647398948669005,0.009718190412968359,0.00701219512195114
mosi,candidate_mixer,analytic_pi_g1,0.65,0.00552899837493892,0.010126390215009402,0.00670731707317066
mosi,candidate_mixer,analytic_pi_g1,0.675,0.00568948984146112,0.0105362717062234,0.00670731707317068
mosi,candidate_mixer,analytic_pi_g1,0.7000000000000001,0.00584618449211116,0.0109478618949651,0.0067073170731707
mosi,candidate_mixer,analytic_pi_g1,0.7250000000000001,0.0059991061687469,0.01136118210852142,0.0067073170731707
mosi,candidate_mixer,analytic_pi_g1,0.75,0.0061482489109039,0.011776261776685639,0.007012195121951161
mosi,candidate_mixer,analytic_pi_g1,0.775,0.0062936186790466,0.012193125858902901,0.00701219512195118
mosi,candidate_mixer,analytic_pi_g1,0.8,0.0064351856708526195,0.01261180592700834,0.00762195121951212
mosi,candidate_mixer,analytic_pi_g1,0.8250000000000001,0.006572961807250919,0.01303232405334706,0.00762195121951212
mosi,candidate_mixer,analytic_pi_g1,0.8500000000000001,0.0067069292068481,0.01345471637323492,0.00762195121951212
mosi,candidate_mixer,analytic_pi_g1,0.875,0.00683710575103756,0.0138790101744234,0.0082317073170731
mosi,candidate_mixer,analytic_pi_g1,0.9,0.006963431835174521,0.01430523926392194,0.00914634146341458
mosi,candidate_mixer,analytic_pi_g1,0.925,0.0070859491825103395,0.014733436238020597,0.00975609756097556
mosi,candidate_mixer,analytic_pi_g1,0.95,0.007204586267471259,0.015163634438067642,0.00975609756097558
mosi,candidate_mixer,analytic_pi_g1,0.975,0.007319396734237619,0.015595870092511118,0.01036585365853654
mosi,candidate_mixer,analytic_pi_g1,1.0,0.0074303090572357,0.0160301798023283,0.01128048780487802
mosi,candidate_mixer,analytic_pi_g2,0.0,0.0,0.0,0.0
mosi,candidate_mixer,analytic_pi_g2,0.025,0.0002000808715819965,0.00022636294597754,0.00060975609756094
mosi,candidate_mixer,analytic_pi_g2,0.05,0.00039807558059688547,0.00045334862079466,0.0006097560975609599
mosi,candidate_mixer,analytic_pi_g2,0.075,0.0005939364433288001,0.0006809585145673999,0.00213414634146338
mosi,candidate_mixer,analytic_pi_g2,0.1,0.0007877469062804799,0.00090920187649314,0.0018292682926829
mosi,candidate_mixer,analytic_pi_g2,0.125,0.0009795010089873799,0.00113808398600662,0.00121951219512192
mosi,candidate_mixer,analytic_pi_g2,0.15,0.0011691510677337201,0.0013676086207851201,0.0024390243902438604
mosi,candidate_mixer,analytic_pi_g2,0.175,0.0013567984104156,0.00159778704401102,0.00274390243902434
mosi,candidate_mixer,analytic_pi_g2,0.2,0.00154237747192378,0.00182861859211694,0.0024390243902438604
mosi,candidate_mixer,analytic_pi_g2,0.225,0.0017259776592254202,0.0020601166877894797,0.00243902439024386
mosi,candidate_mixer,analytic_pi_g2,0.25,0.0019075691699980998,0.00229228218086058,0.0018292682926829
mosi,candidate_mixer,analytic_pi_g2,0.275,0.00208715796470636,0.0025251267710700203,0.00152439024390244
mosi,candidate_mixer,analytic_pi_g2,0.3,0.00226473808288572,0.00275865392759436,0.0018292682926829
mosi,candidate_mixer,analytic_pi_g2,0.325,0.00244033932685846,0.00299287096131588,0.0024390243902438795
mosi,candidate_mixer,analytic_pi_g2,0.35,0.0026139855384826197,0.0032277857651933405,0.00274390243902438
mosi,candidate_mixer,analytic_pi_g2,0.375,0.00278565287590022,0.00346340700052674,0.0024390243902438795
mosi,candidate_mixer,analytic_pi_g2,0.4,0.0029553651809692003,0.0036997382296249,0.00274390243902438
mosi,candidate_mixer,analytic_pi_g2,0.425,0.00312313437461848,0.0039367902791127,0.00304878048780484
mosi,candidate_mixer,analytic_pi_g2,0.45,0.0032889544963836197,0.00417457127477968,0.0036585365853658
mosi,candidate_mixer,analytic_pi_g2,0.475,0.0034528255462646,0.00441308482550078,0.003963414634146301
mosi,candidate_mixer,analytic_pi_g2,0.5,0.00361477136611934,0.004652344807982401,0.00426829268292678
mosi,candidate_mixer,analytic_pi_g2,0.525,0.0037748038768767797,0.00489235445857046,0.00426829268292678
mosi,candidate_mixer,analytic_pi_g2,0.55,0.003932899236679039,0.005133126908913201,0.00396341463414628
mosi,candidate_mixer,analytic_pi_g2,0.5750000000000001,0.00408905744552606,0.00537466672249136,0.00487804878048778
mosi,candidate_mixer,analytic_pi_g2,0.6000000000000001,0.00424330234527582,0.00561698558740314,0.00487804878048778
mosi,candidate_mixer,analytic_pi_g2,0.625,0.0043956518173216995,0.00586009067483238,0.00548780487804874
mosi,candidate_mixer,analytic_pi_g2,0.65,0.00454609394073482,0.0061039919964968594,0.00548780487804874
mosi,candidate_mixer,analytic_pi_g2,0.675,0.004694598913192681,0.00634870012290772,0.005182926829268261
mosi,candidate_mixer,analytic_pi_g2,0.7000000000000001,0.0048411905765532995,0.0065942232497035996,0.00579268292682926
mosi,candidate_mixer,analytic_pi_g2,0.7250000000000001,0.004985886812210039,0.00684057231992478,0.00548780487804878
mosi,candidate_mixer,analytic_pi_g2,0.75,0.0051286935806274,0.007087757112458281,0.0057926829268292405
mosi,candidate_mixer,analytic_pi_g2,0.775,0.00526955723762506,0.007335788337513779,0.0057926829268292405
mosi,candidate_mixer,analytic_pi_g2,0.8,0.00540854930877678,0.0075846777763217185,0.0057926829268292405
mosi,candidate_mixer,analytic_pi_g2,0.8250000000000001,0.0055455923080444,0.00783443488180632,0.005487804878048759
mosi,candidate_mixer,analytic_pi_g2,0.8500000000000001,0.0056807339191436,0.00808507222682232,0.0057926829268292405
mosi,candidate_mixer,analytic_pi_g2,0.875,0.005813980102539,0.00833660108037288,0.0057926829268292405
mosi,candidate_mixer,analytic_pi_g2,0.9,0.00594529509544368,0.008589032804593399,0.00579268292682922
mosi,candidate_mixer,analytic_pi_g2,0.925,0.00607470870018,0.00884238239377732,0.006402439024390199
mosi,candidate_mixer,analytic_pi_g2,0.95,0.006202167272567701,0.0090966596268117,0.006402439024390199
mosi,candidate_mixer,analytic_pi_g2,0.975,0.0063277184963226,0.00935188075527544,0.006402439024390199
mosi,candidate_mixer,analytic_pi_g2,1.0,0.00645134449005122,0.00960805453360076,0.006402439024390199
mosi,candidate_mixer,analytic_pi_g3,0.0,0.0,0.0,0.0
mosi,candidate_mixer,analytic_pi_g3,0.025,0.0001561522483825615,0.00015068516222523884,0.00060975609756094
mosi,candidate_mixer,analytic_pi_g3,0.05,0.0003111124038695988,0.00030172731203486,-1.9992688060632702e-17
mosi,candidate_mixer,analytic_pi_g3,0.075,0.00046483874320981235,0.00045313133741724,0.0009146341463414399
mosi,candidate_mixer,analytic_pi_g3,0.1,0.0006173729896545,0.00060489894240158,0.00152439024390242
mosi,candidate_mixer,analytic_pi_g3,0.125,0.00076870322227474,0.00075703299953596,0.00213414634146338
mosi,candidate_mixer,analytic_pi_g3,0.15,0.00091884136199946,0.00090953758335666,0.00152439024390242
mosi,candidate_mixer,analytic_pi_g3,0.175,0.00106778144836422,0.00106241404428142,0.0018292682926829
mosi,candidate_mixer,analytic_pi_g3,0.2,0.00121555924415584,0.0012156677548773001,0.0024390243902438604
mosi,candidate_mixer,analytic_pi_g3,0.225,0.0013621568679809,0.0013693016255273802,0.00274390243902434
mosi,candidate_mixer,analytic_pi_g3,0.25,0.00150759220123286,0.00152331725694234,0.00274390243902434
mosi,candidate_mixer,analytic_pi_g3,0.275,0.00165184736251826,0.0016777196899056199,0.0027439024390243398
mosi,candidate_mixer,analytic_pi_g3,0.3,0.0017949819564819,0.0018325114855542001,0.00243902439024386
mosi,candidate_mixer,analytic_pi_g3,0.325,0.0019369423389434398,0.00198769656708458,0.00243902439024386
mosi,candidate_mixer,analytic_pi_g3,0.35,0.00207776427268976,0.00214327729772772,0.00243902439024386
mosi,candidate_mixer,analytic_pi_g3,0.375,0.0022174000740050803,0.00229925907915456,0.0024390243902438604
mosi,candidate_mixer,analytic_pi_g3,0.4,0.00235592722892756,0.00245564470533276,0.0024390243902438604
mosi,candidate_mixer,analytic_pi_g3,0.425,0.0024932861328124598,0.00261243686545634,0.00274390243902436
mosi,candidate_mixer,analytic_pi_g3,0.45,0.0026295483112334602,0.00276964062359178,0.0024390243902438795
mosi,candidate_mixer,analytic_pi_g3,0.475,0.00276467800140374,0.00292726058978584,0.0024390243902438795
mosi,candidate_mixer,analytic_pi_g3,0.5,0.0028986573219298597,0.0030852996744215,0.0021341463414634
mosi,candidate_mixer,analytic_pi_g3,0.525,0.00303152799606318,0.00324376041535282,0.0021341463414634
mosi,candidate_mixer,analytic_pi_g3,0.55,0.0031632483005523196,0.0034026499604805998,0.0021341463414634
mosi,candidate_mixer,analytic_pi_g3,0.5750000000000001,0.0032938718795776,0.0035619707545265,0.00304878048780484
mosi,candidate_mixer,analytic_pi_g3,0.6000000000000001,0.00342337489128108,0.00372172694187606,0.0033536585365852994
mosi,candidate_mixer,analytic_pi_g3,0.625,0.0035517573356627597,0.0038819231092929395,0.0033536585365852994
mosi,candidate_mixer,analytic_pi_g3,0.65,0.00367901921272274,0.00404256333131338,0.0033536585365852994
mosi,candidate_mixer,analytic_pi_g3,0.675,0.00380517244338984,0.00420365436002608,0.0033536585365852994
mosi,candidate_mixer,analytic_pi_g3,0.7000000000000001,0.003930205106735181,0.0043651966378092195,0.0033536585365852994
mosi,candidate_mixer,analytic_pi_g3,0.7250000000000001,0.00405414700508112,0.00452719833701846,0.0033536585365852994
mosi,candidate_mixer,analytic_pi_g3,0.75,0.004176956415176339,0.00468966229818756,0.00304878048780484
mosi,candidate_mixer,analytic_pi_g3,0.775,0.0042986631393432,0.00485259490087624,0.00304878048780484
mosi,candidate_mixer,analytic_pi_g3,0.8,0.00441926121711726,0.00501600145362312,0.0033536585365853203
mosi,candidate_mixer,analytic_pi_g3,0.8250000000000001,0.004538744688034,0.00517988614737984,0.0036585365853657797
mosi,candidate_mixer,analytic_pi_g3,0.8500000000000001,0.0046571254730224,0.00534425373189146,0.003963414634146301
mosi,candidate_mixer,analytic_pi_g3,0.875,0.0047743916511535,0.005509111052378959,0.00396341463414632
mosi,candidate_mixer,analytic_pi_g3,0.9,0.00489056706428524,0.0056744609959423,0.0042682926829268
mosi,candidate_mixer,analytic_pi_g3,0.925,0.005005627870559659,0.0058403126429766,0.0042682926829268
mosi,candidate_mixer,analytic_pi_g3,0.95,0.00511958003044122,0.006006669532507601,0.0042682926829268
mosi,candidate_mixer,analytic_pi_g3,0.975,0.005232411623001061,0.0061735383234917795,0.0045731707317072795
mosi,candidate_mixer,analytic_pi_g3,1.0,0.0053441107273101,0.00634092381224032,0.004878048780487761
mosi,candidate_mixer,fixed,0.0,2.5650242485575347e-09,6.355797837672198e-09,0.0
mosi,candidate_mixer,fixed,0.025,0.00036431996688361304,0.000721136689241,0.0009146341463414801
mosi,candidate_mixer,fixed,0.05,0.00071698791800934,0.00144545709181288,0.0018292682926828799
mosi,candidate_mixer,fixed,0.075,0.00105820469314594,0.00217300478796134,0.0018292682926829
mosi,candidate_mixer,fixed,0.1,0.00138815316865388,0.00290382477944294,0.0021341463414634
mosi,candidate_mixer,fixed,0.125,0.00170700210583072,0.0036379632474955403,0.0012195121951219601
mosi,candidate_mixer,fixed,0.15,0.0020149072625654397,0.00437546760059774,0.00274390243902438
mosi,candidate_mixer,fixed,0.175,0.00231201236010464,0.0051163865249223405,0.00396341463414632
mosi,candidate_mixer,fixed,0.2,0.00259844992660286,0.0058607700376827,0.00457317073170726
mosi,candidate_mixer,fixed,0.225,0.00287434203512208,0.006608669543589479,0.00487804878048774
mosi,candidate_mixer,fixed,0.25,0.0031398009505661005,0.007360137894652679,0.005182926829268261
mosi,candidate_mixer,fixed,0.275,0.0033949296974951798,0.0081152294535899,0.00518292682926826
mosi,candidate_mixer,fixed,0.3,0.0036398225587140204,0.00887400016112446,0.00640243902439022
mosi,candidate_mixer,fixed,0.325,0.0038745655128627396,0.00963650760748514,0.006402439024390199
mosi,candidate_mixer,fixed,0.35,0.004099236617870599,0.01040281110845196,0.0067073170731706405
mosi,candidate_mixer,fixed,0.375,0.004313906346007339,0.01117297178632522,0.006402439024390159
mosi,candidate_mixer,fixed,0.4,0.00451863787531686,0.01194705265623716,0.0067073170731707
mosi,candidate_mixer,fixed,0.425,0.0047134873414365125,0.012725118718266901,0.00701219512195118
mosi,candidate_mixer,fixed,0.45,0.004898504053119497,0.0135072370558714,0.00609756097560972
mosi,candidate_mixer,fixed,0.475,0.00507373067420724,0.01429347694120102,0.007317073170731661
mosi,candidate_mixer,fixed,0.5,0.0052392033742901,0.015083909947930699,0.00731707317073164
mosi,candidate_mixer,fixed,0.525,0.00539495194984928,0.01587861007231374,0.00884146341463408
mosi,candidate_mixer,fixed,0.55,0.005540999917278139,0.01667765386324328,0.0091463414634146
mosi,candidate_mixer,fixed,0.5750000000000001,0.00567736457881284,0.01748112056220474,0.00945121951219508
mosi,candidate_mixer,fixed,0.6000000000000001,0.00580405706206388,0.01828909225410794,0.01036585365853654
mosi,candidate_mixer,fixed,0.625,0.00592108233352142,0.0191016540301126,0.01036585365853654
mosi,candidate_mixer,fixed,0.65,0.00602843918608862,0.01991889416370256,0.011280487804878
mosi,candidate_mixer,fixed,0.675,0.00612612020038854,0.0207409043014291,0.01219512195121946
mosi,candidate_mixer,fixed,0.7000000000000001,0.006214111679268639,0.02156777966993348,0.013414634146341439
mosi,candidate_mixer,fixed,0.7250000000000001,0.0062923935545954,0.02239961930108062,0.013719512195121918
mosi,candidate_mixer,fixed,0.75,0.00636093926507472,0.02323652627729272,0.012499999999999959
mosi,candidate_mixer,fixed,0.775,0.0064197156034472205,0.0240786079994743,0.0115853658536585
mosi,candidate_mixer,fixed,0.8,0.0064686825309778,0.024925976480272498,0.011585365853658481
mosi,candidate_mixer,fixed,0.8250000000000001,0.006507792956675459,0.025778748665835138,0.01097560975609752
mosi,candidate_mixer,fixed,0.8500000000000001,0.006536992478127279,0.026637046789721557,0.010670731707317041
mosi,candidate_mixer,fixed,0.875,0.006556219080191321,0.027500998763209,0.01006097560975604
mosi,candidate_mixer,fixed,0.9,0.006565402787048093,0.02837073860693588,0.01006097560975604
mosi,candidate_mixer,fixed,0.925,0.006564465262228153,0.02924640692966456,0.01036585365853654
mosi,candidate_mixer,fixed,0.95,0.006553319350186652,0.030128151460956504,0.01067073170731704
mosi,candidate_mixer,fixed,0.975,0.006531868551736481,0.031016127645779563,0.010670731707317
mosi,candidate_mixer,fixed,1.0,0.006500006424131541,0.0319104993105577,0.0109756097560975
mosi,candidate_mixer,max_confidence,0.0,0.0,0.0,0.0
mosi,candidate_mixer,max_confidence,0.025,0.0001510322093963515,0.00025390922091894,0.00060975609756094
mosi,candidate_mixer,max_confidence,0.05,0.0003003537654876467,0.00050823730998668,0.00060975609756094
mosi,candidate_mixer,max_confidence,0.075,0.0004480063915252488,0.00076299007632764,0.00030487804878046
mosi,candidate_mixer,max_confidence,0.1,0.0005939722061156928,0.0010181694291531399,0.00060975609756096
mosi,candidate_mixer,max_confidence,0.125,0.0007382810115813831,0.0012737814220599403,0.00121951219512194
mosi,candidate_mixer,max_confidence,0.15,0.0008809447288512867,0.00152982543222602,0.00152439024390242
mosi,candidate_mixer,max_confidence,0.175,0.0010219633579253884,0.0017863055923953,0.0018292682926829
mosi,candidate_mixer,max_confidence,0.2,0.0011613488197326257,0.0020432257791980603,0.00213414634146338
mosi,candidate_mixer,max_confidence,0.225,0.0012991309165954286,0.0023005943279712803,0.0021341463414634
mosi,candidate_mixer,max_confidence,0.25,0.0014352798461913772,0.0025584073737263202,0.00213414634146342
mosi,candidate_mixer,max_confidence,0.275,0.0015698373317718241,0.0028166731121018,0.00243902439024388
mosi,candidate_mixer,max_confidence,0.3,0.001702821254730184,0.00307539275381708,0.00243902439024388
mosi,candidate_mixer,max_confidence,0.325,0.00183421373367306,0.0033345724223181003,0.0024390243902439003
mosi,candidate_mixer,max_confidence,0.35,0.0019640088081359403,0.0035942154936492,0.00304878048780486
mosi,candidate_mixer,max_confidence,0.375,0.00209226012229916,0.0038543245755135605,0.00304878048780486
mosi,candidate_mixer,max_confidence,0.4,0.0022189438343047604,0.00411490565165872,0.00304878048780486
mosi,candidate_mixer,max_confidence,0.425,0.00234405398368832,0.004375959187746,0.00274390243902436
mosi,candidate_mixer,max_confidence,0.45,0.00246763825416562,0.00463749389164146,0.00243902439024388
mosi,candidate_mixer,max_confidence,0.475,0.00258967876434324,0.004899510927498281,0.0027439024390243398
mosi,candidate_mixer,max_confidence,0.5,0.0027101933956146,0.0051620180718600205,0.0027439024390243398
mosi,candidate_mixer,max_confidence,0.525,0.0028291642665863,0.0054250170476734,0.0030487804878048196
mosi,candidate_mixer,max_confidence,0.55,0.00294659733772276,0.00568851162679488,0.0027439024390243398
mosi,candidate_mixer,max_confidence,0.5750000000000001,0.00306254029273984,0.00595250790938732,0.0027439024390243398
mosi,candidate_mixer,max_confidence,0.6000000000000001,0.0031769871711730797,0.00621700994670386,0.00304878048780484
mosi,candidate_mixer,max_confidence,0.625,0.0032898902893066006,0.006482027657329981,0.00304878048780484
mosi,candidate_mixer,max_confidence,0.65,0.0034012913703918403,0.00674755801446734,0.00304878048780484
mosi,candidate_mixer,max_confidence,0.675,0.0035112082958221,0.00701360930688674,0.00274390243902438
mosi,candidate_mixer,max_confidence,0.7000000000000001,0.00361964702606198,0.007280187960714039,0.00274390243902438
mosi,candidate_mixer,max_confidence,0.7250000000000001,0.00372655987739562,0.007547301286831461,0.00274390243902438
mosi,candidate_mixer,max_confidence,0.75,0.0038320243358611803,0.00781494802795346,0.00274390243902438
mosi,candidate_mixer,max_confidence,0.775,0.00393594503402708,0.00808314117602998,0.00304878048780488
mosi,candidate_mixer,max_confidence,0.8,0.00403841137886046,0.00835188329219814,0.0033536585365853398
mosi,candidate_mixer,max_confidence,0.8250000000000001,0.00413942337036128,0.00862117726355786,0.0033536585365853398
mosi,candidate_mixer,max_confidence,0.8500000000000001,0.0042389154434203805,0.008891035988926838,0.0036585365853658396
mosi,candidate_mixer,max_confidence,0.875,0.00433694720268246,0.009161458723247001,0.0036585365853658396
mosi,candidate_mixer,max_confidence,0.9,0.00443351864814754,0.00943245775997632,0.0036585365853658396
mosi,candidate_mixer,max_confidence,0.925,0.0045285820960998,0.00970403449609868,0.0036585365853658396
mosi,candidate_mixer,max_confidence,0.95,0.00462217926979064,0.00997619889676566,0.0036585365853658396
mosi,candidate_mixer,max_confidence,0.975,0.004714304208755441,0.010248958412557779,0.0036585365853658396
mosi,candidate_mixer,max_confidence,1.0,0.004804992675781219,0.01052231825888152,0.00396341463414634
mosi,candidate_mixer,native_pdf,0.0,2.5650242485575347e-09,6.355797837672198e-09,0.0
mosi,candidate_mixer,native_pdf,0.025,0.0002252992129923393,0.00035864457150628,0.0006097560975609599
mosi,candidate_mixer,native_pdf,0.05,0.0004467701923475921,0.0007182539347613799,0.00213414634146338
mosi,candidate_mixer,native_pdf,0.075,0.0006644593470836727,0.00107883740241902,0.00213414634146338
mosi,candidate_mixer,native_pdf,0.1,0.0008784082636458251,0.00144040471542006,0.00213414634146338
mosi,candidate_mixer,native_pdf,0.125,0.0010886563891650202,0.0018029658179631598,0.00213414634146338
mosi,candidate_mixer,native_pdf,0.15,0.0012952411390995337,0.00216653086445576,0.00213414634146338
mosi,candidate_mixer,native_pdf,0.175,0.001498197995318974,0.00253111022680814,0.00274390243902436
mosi,candidate_mixer,native_pdf,0.2,0.001697560595534557,0.0028967145020925003,0.00274390243902436
mosi,candidate_mixer,native_pdf,0.225,0.001893360814868323,0.00326335452059114,0.0033536585365853003
mosi,candidate_mixer,native_pdf,0.25,0.0020856288402555023,0.0036310413542605,0.0036585365853657797
mosi,candidate_mixer,native_pdf,0.275,0.0022743932382884415,0.00399978632563922,0.00396341463414628
mosi,candidate_mixer,native_pdf,0.3,0.0024596810170380203,0.00436960101723168,0.0033536585365853003
mosi,candidate_mixer,native_pdf,0.325,0.00264151768232152,0.00474049728140046,0.0036585365853658
mosi,candidate_mixer,native_pdf,0.35,0.00281992728882988,0.00511248725080452,0.0036585365853658
mosi,candidate_mixer,native_pdf,0.375,0.0029949324864743795,0.00548558334942348,0.0033536585365853398
mosi,candidate_mixer,native_pdf,0.4,0.00316655456227006,0.00585979830421134,0.00304878048780486
mosi,candidate_mixer,native_pdf,0.425,0.00333481347802818,0.00623514515742834,0.004268292682926779
mosi,candidate_mixer,native_pdf,0.45,0.0034997279040976,0.006611637279702459,0.00457317073170728
mosi,candidate_mixer,native_pdf,0.475,0.00366131524935732,0.006989288383879461,0.00457317073170728
mosi,candidate_mixer,native_pdf,0.5,0.00381959168763314,0.00736811253972354,0.00548780487804874
mosi,candidate_mixer,native_pdf,0.525,0.00397457218068284,0.00774812418953978,0.0057926829268292405
mosi,candidate_mixer,native_pdf,0.55,0.0041262704978654,0.0081293381647937,0.00731707317073166
mosi,candidate_mixer,native_pdf,0.5750000000000001,0.00427469923258504,0.00851176970381498,0.00701219512195118
mosi,candidate_mixer,native_pdf,0.6000000000000001,0.0044198698155762,0.00889543447067746,0.00731707317073166
mosi,candidate_mixer,native_pdf,0.625,0.00456179252506916,0.00928034857536162,0.00792682926829264
mosi,candidate_mixer,native_pdf,0.65,0.0047004764938535,0.00966652859531446,0.00731707317073166
mosi,candidate_mixer,native_pdf,0.675,0.0048359297132313,0.01005399159853658,0.00823170731707314
mosi,candidate_mixer,native_pdf,0.7000000000000001,0.00496815903382606,0.010442755168340501,0.008231707317073119
mosi,candidate_mixer,native_pdf,0.7250000000000001,0.005097170163187321,0.01083283742994212,0.00792682926829264
mosi,candidate_mixer,native_pdf,0.75,0.00522296766010342,0.01122425707906558,0.00792682926829266
mosi,candidate_mixer,native_pdf,0.775,0.00534555492550464,0.01161703341276508,0.008536585365853621
mosi,candidate_mixer,native_pdf,0.8,0.0054649341898052,0.01201118636269312,0.00823170731707314
mosi,candidate_mixer,native_pdf,0.8250000000000001,0.00558110649649952,0.012406736531073239,0.00792682926829266
mosi,candidate_mixer,native_pdf,0.8500000000000001,0.00569407168178406,0.012803705229670743,0.00762195121951216
mosi,candidate_mixer,native_pdf,0.875,0.0058038283499361595,0.013202114522093461,0.008536585365853621
mosi,candidate_mixer,native_pdf,0.9,0.00591037384412586,0.01360198726980252,0.00823170731707314
mosi,candidate_mixer,native_pdf,0.925,0.00601370421228144,0.01400334718226454,0.00853658536585364
mosi,candidate_mixer,native_pdf,0.95,0.00611381416756142,0.01440621887174208,0.00945121951219512
mosi,candidate_mixer,native_pdf,0.975,0.0062106970429079795,0.014810627913292521,0.01036585365853658
mosi,candidate_mixer,native_pdf,1.0,0.0063043447390655994,0.0152166009106321,0.01006097560975608
mosi,candidate_mixer,native_qmf,0.0,2.5650242485575347e-09,6.355797837672198e-09,0.0
mosi,candidate_mixer,native_qmf,0.025,0.0002710310964936048,0.00043056980160602,0.00121951219512194
mosi,candidate_mixer,native_qmf,0.05,0.00053663327612278,0.00086243962209788,0.00152439024390242
mosi,candidate_mixer,native_qmf,0.075,0.00079689172182626,0.0012956212401439601,0.00121951219512192
mosi,candidate_mixer,native_qmf,0.1,0.0010518841088072001,0.0017301269327165002,0.00121951219512196
mosi,candidate_mixer,native_qmf,0.125,0.0013016835543765801,0.0021659691947169,0.00121951219512194
mosi,candidate_mixer,native_qmf,0.15,0.0015463589571263,0.00260316074499288,0.00152439024390242
mosi,candidate_mixer,native_qmf,0.175,0.00178597529717116,0.00304171453258682,0.0018292682926829198
mosi,candidate_mixer,native_qmf,0.2,0.0020205939029866197,0.0034816437432272597,0.00182926829268294
mosi,candidate_mixer,native_qmf,0.225,0.00225027268941972,0.00392296180607544,0.00304878048780488
mosi,candidate_mixer,native_qmf,0.25,0.00247506637068644,0.00436568240074042,0.0036585365853658396
mosi,candidate_mixer,native_qmf,0.275,0.0026950266515522,0.00480981946457624,0.0042682926829268
mosi,candidate_mixer,native_qmf,0.3,0.0029102023993895,0.00525538720027586,0.00457317073170726
mosi,candidate_mixer,native_qmf,0.325,0.0031206397993942597,0.00570240008377782,0.00548780487804872
mosi,candidate_mixer,native_qmf,0.35,0.00332638249490246,0.006150872872502521,0.00579268292682918
mosi,candidate_mixer,native_qmf,0.375,0.0035274717144658805,0.006600820613935139,0.0067073170731706405
mosi,candidate_mixer,native_qmf,0.4,0.0037239463871117998,0.00705225865457514,0.00731707317073164
mosi,candidate_mixer,native_qmf,0.425,0.0039158432470127605,0.007505202649272361,0.007317073170731661
mosi,candidate_mixer,native_qmf,0.45,0.00410319692862612,0.00795966857097132,0.0067073170731706796
mosi,candidate_mixer,native_qmf,0.475,0.00428604005322308,0.00841567272088694,0.0057926829268292
mosi,candidate_mixer,native_qmf,0.5,0.00446440330760526,0.00887323173913696,0.00518292682926826
mosi,candidate_mixer,native_qmf,0.525,0.0046383155157048005,0.009332362615857199,0.006402439024390199
mosi,candidate_mixer,native_qmf,0.55,0.00480780370367558,0.00979308270282872,0.00731707317073164
mosi,candidate_mixer,native_qmf,0.5750000000000001,0.00497289315900572,0.01025540972564728,0.0076219512195120995
mosi,candidate_mixer,native_qmf,0.6000000000000001,0.0051336074841164,0.01071936179646822,0.00731707317073164
mosi,candidate_mixer,native_qmf,0.625,0.00528996864485222,0.0111849574273621,0.00731707317073164
mosi,candidate_mixer,native_qmf,0.65,0.00544199701421922,0.01165221554431964,0.00792682926829264
mosi,candidate_mixer,native_qmf,0.675,0.00558971141167982,0.01212115550194654,0.009451219512195061
mosi,candidate_mixer,native_qmf,0.7000000000000001,0.00573312913827538,0.01259179709889334,0.00975609756097556
mosi,candidate_mixer,native_qmf,0.7250000000000001,0.005872266007810821,0.0130641605940672,0.01006097560975604
mosi,candidate_mixer,native_qmf,0.75,0.006007136374302001,0.01353826672367868,0.01006097560975604
mosi,candidate_mixer,native_qmf,0.775,0.00613775315586064,0.014014136719178621,0.00975609756097554
mosi,candidate_mixer,native_qmf,0.8,0.00626412785516114,0.01449179232614636,0.00975609756097554
mosi,candidate_mixer,native_qmf,0.8250000000000001,0.006386270576611459,0.01497125582419502,0.00945121951219506
mosi,candidate_mixer,native_qmf,0.8500000000000001,0.00650419004032574,0.015452550047965941,0.00975609756097558
mosi,candidate_mixer,native_qmf,0.875,0.006617893592975299,0.01593569840928926,0.010060975609756061
mosi,candidate_mixer,native_qmf,0.9,0.00672738721557402,0.01642072492059638,0.00975609756097556
mosi,candidate_mixer,native_qmf,0.925,0.006832675528233,0.01690765421967636,0.01006097560975604
mosi,candidate_mixer,native_qmf,0.95,0.006933761791900961,0.01739651159587716,0.01067073170731702
mosi,candidate_mixer,native_qmf,0.975,0.00703064790708738,0.0178873230178625,0.0109756097560975
mosi,candidate_mixer,native_qmf,1.0,0.0071233344095450206,0.0183801151630451,0.011280487804878
mosi,candidate_mixer,native_tmc,0.0,2.5650242485575347e-09,6.355797837672198e-09,0.0
mosi,candidate_mixer,native_tmc,0.025,0.00025111830002973905,0.00041316335156098006,0.0009146341463414399
mosi,candidate_mixer,native_tmc,0.05,0.0004973624602168318,0.0008275018235467,0.00213414634146336
mosi,candidate_mixer,native_tmc,0.075,0.0007388018457675489,0.0012430255110133,0.00213414634146338
mosi,candidate_mixer,native_tmc,0.1,0.00097549984844878,0.0016597449725461802,0.00152439024390244
mosi,candidate_mixer,native_tmc,0.125,0.00120751665103954,0.00207767095093972,0.0012195121951219402
mosi,candidate_mixer,native_tmc,0.15,0.00143490940942946,0.00249681437847874,0.0018292682926829202
mosi,candidate_mixer,native_tmc,0.175,0.00165773241913756,0.00291718638244632,0.00274390243902436
mosi,candidate_mixer,native_tmc,0.2,0.001876037267784,0.00333879829087094,0.00213414634146342
mosi,candidate_mixer,native_tmc,0.225,0.00208987297486612,0.0037616616385274596,0.0027439024390244
mosi,candidate_mixer,native_tmc,0.25,0.00229928612002718,0.00418578817320774,0.0033536585365853597
mosi,candidate_mixer,native_tmc,0.275,0.0025043209608690596,0.0046111898622774195,0.0036585365853658396
mosi,candidate_mixer,native_tmc,0.3,0.0027050195412387,0.00503787889953742,0.00457317073170728
mosi,candidate_mixer,native_tmc,0.325,0.00290142179081228,0.00546586771240944,0.00457317073170728
mosi,candidate_mixer,native_tmc,0.35,0.00309356561670832,0.005895168969466859,0.00487804878048778
mosi,candidate_mixer,native_tmc,0.375,0.00328148698777926,0.00632579558833458,0.00487804878048778
mosi,candidate_mixer,native_tmc,0.4,0.00346522001215952,0.0067577607439824,0.00609756097560974
mosi,candidate_mixer,native_tmc,0.425,0.0036447970085828002,0.007191077877439859,0.006097560975609701
mosi,candidate_mixer,native_tmc,0.45,0.00382024857192532,0.007625760704961961,0.00640243902439018
mosi,candidate_mixer,native_tmc,0.475,0.00399160363338112,0.00806182322767862,0.006097560975609701
mosi,candidate_mixer,native_tmc,0.5,0.00415888951562884,0.00849927974176338,0.0057926829268292405
mosi,candidate_mixer,native_tmc,0.525,0.004322131983308759,0.00893814484916056,0.007012195121951161
mosi,candidate_mixer,native_tmc,0.55,0.00448135528909052,0.0093784334689134,0.007621951219512141
mosi,candidate_mixer,native_tmc,0.5750000000000001,0.00463658221557966,0.0098201608491407,0.00762195121951216
mosi,candidate_mixer,native_tmc,0.6000000000000001,0.00478783411327618,0.0102633425797132,0.00762195121951216
mosi,candidate_mixer,native_tmc,0.625,0.0049351309347726805,0.01070799460568728,0.00884146341463408
mosi,candidate_mixer,native_tmc,0.65,0.0050784912653487595,0.01115413324155908,0.00853658536585358
mosi,candidate_mixer,native_tmc,0.675,0.0052179323500946995,0.01160177518640856,0.00914634146341458
mosi,candidate_mixer,native_tmc,0.7000000000000001,0.00535347011767094,0.01205093754001188,0.008841463414634121
mosi,candidate_mixer,native_tmc,0.7250000000000001,0.00548511920078666,0.01250163782000702,0.009756097560975601
mosi,candidate_mixer,native_tmc,0.75,0.0056128929534549,0.012953893980210199,0.009146341463414639
mosi,candidate_mixer,native_tmc,0.775,0.0057368034650606805,0.01340772443018896,0.01006097560975608
mosi,candidate_mixer,native_tmc,0.8,0.00585686157125098,0.01386314805621292,0.01036585365853652
mosi,candidate_mixer,native_tmc,0.8250000000000001,0.005973076861633121,0.01432018424371602,0.010670731707317001
mosi,candidate_mixer,native_tmc,0.8500000000000001,0.006085457684239941,0.01477885290142226,0.01036585365853654
mosi,candidate_mixer,native_tmc,0.875,0.0061940111466930806,0.01523917448730464,0.010975609756097519
mosi,candidate_mixer,native_tmc,0.9,0.00629874311396642,0.0157011700365711,0.01067073170731702
mosi,candidate_mixer,native_tmc,0.925,0.006399658202616215,0.01616486119189488,0.01067073170731702
mosi,candidate_mixer,native_tmc,0.95,0.0064967597713123885,0.01663027023613812,0.01067073170731702
mosi,candidate_mixer,native_tmc,0.975,0.006590049907460325,0.01709742012785136,0.0109756097560975
mosi,candidate_mixer,native_tmc,1.0,0.006679529409660266,0.01756633453987184,0.011585365853658481
mosi,candidate_mixer,negative_entropy,0.0,0.0,0.0,0.0
mosi,candidate_mixer,negative_entropy,0.025,6.41047954559277e-05,0.00010178573938899574,0.00030487804878046
mosi,candidate_mixer,negative_entropy,0.05,0.00012784004211424826,0.00020365287055024002,0.00030487804878046
mosi,candidate_mixer,negative_entropy,0.075,0.00019122362136839266,0.00030560027225867996,0.00030487804878046
mosi,candidate_mixer,negative_entropy,0.1,0.00025419592857358974,0.0004076274868566,0.00030487804878046
mosi,candidate_mixer,negative_entropy,0.125,0.0003168880939483373,0.00050973647739732,0.00030487804878046
mosi,candidate_mixer,negative_entropy,0.15,0.0003791689872741492,0.00061192666180428,0.00060975609756094
mosi,candidate_mixer,negative_entropy,0.175,0.0004410982131957595,0.00071419830201188,0.00030487804878046
mosi,candidate_mixer,negative_entropy,0.2,0.0005026400089263554,0.0008165522653143201,0.00030487804878046
mosi,candidate_mixer,negative_entropy,0.225,0.0005638718605040933,0.0009189887612591801,0.00030487804878046
mosi,candidate_mixer,negative_entropy,0.25,0.0006247162818908485,0.0010215075802988802,0.00060975609756096
mosi,candidate_mixer,negative_entropy,0.275,0.000685232877731266,0.0011241109226829801,0.00060975609756096
mosi,candidate_mixer,negative_entropy,0.3,0.0007453739643096405,0.00122679718770082,0.0009146341463414399
mosi,candidate_mixer,negative_entropy,0.325,0.0008051931858062324,0.0013295678538269799,0.0009146341463414399
mosi,candidate_mixer,negative_entropy,0.35,0.000864660739898644,0.00143242268823082,0.0009146341463414399
mosi,candidate_mixer,negative_entropy,0.375,0.0009237408638000198,0.00153536176076154,0.0009146341463414399
mosi,candidate_mixer,negative_entropy,0.4,0.00098251104354856,0.00163838642183688,0.0009146341463414399
mosi,candidate_mixer,negative_entropy,0.425,0.0010409235954284201,0.0017414970789104201,0.0009146341463414399
mosi,candidate_mixer,negative_entropy,0.45,0.00109902024269102,0.0018446926726027799,0.0009146341463414399
mosi,candidate_mixer,negative_entropy,0.475,0.0011567473411559599,0.00194797727745024,0.0009146341463414399
mosi,candidate_mixer,negative_entropy,0.5,0.00121412277221678,0.0020513457944616197,0.0009146341463414399
mosi,candidate_mixer,negative_entropy,0.525,0.00127116441726682,0.00215480278711762,0.0009146341463414399
mosi,candidate_mixer,negative_entropy,0.55,0.00132789015769956,0.00225834883749478,0.0009146341463414399
mosi,candidate_mixer,negative_entropy,0.5750000000000001,0.00138425827026362,0.00236198070924726,0.0009146341463414399
mosi,candidate_mixer,negative_entropy,0.6000000000000001,0.00144028663635252,0.0024657026166096,0.00121951219512192
mosi,candidate_mixer,negative_entropy,0.625,0.0014959931373596,0.0025695139775052,0.00121951219512192
mosi,candidate_mixer,negative_entropy,0.65,0.00155136585235594,0.00267341486178334,0.00121951219512192
mosi,candidate_mixer,negative_entropy,0.675,0.00160640478134154,0.0027774041052906996,0.00121951219512192
mosi,candidate_mixer,negative_entropy,0.7000000000000001,0.00166109204292294,0.00288148398976768,0.00121951219512192
mosi,candidate_mixer,negative_entropy,0.7250000000000001,0.0017154395580291399,0.0029856571462004997,0.00121951219512192
mosi,candidate_mixer,negative_entropy,0.75,0.00176950097084042,0.00308991975616658,0.00121951219512192
mosi,candidate_mixer,negative_entropy,0.775,0.0018232107162475398,0.0031942739151417598,0.00121951219512192
mosi,candidate_mixer,negative_entropy,0.8,0.001876562833786,0.0032987209735437597,0.00121951219512192
mosi,candidate_mixer,negative_entropy,0.8250000000000001,0.00192961692810054,0.0034032620722427393,0.00152439024390242
mosi,candidate_mixer,negative_entropy,0.8500000000000001,0.00198234915733334,0.00350789509247984,0.00152439024390242
mosi,candidate_mixer,negative_entropy,0.875,0.0020347476005553805,0.0036126215942203594,0.00152439024390242
mosi,candidate_mixer,negative_entropy,0.9,0.0020868122577667203,0.0037174432538449403,0.00152439024390242
mosi,candidate_mixer,negative_entropy,0.925,0.00213856697082514,0.0038223601179197,0.00152439024390242
mosi,candidate_mixer,negative_entropy,0.95,0.00218998193740844,0.0039273713715374005,0.00121951219512194
mosi,candidate_mixer,negative_entropy,0.975,0.00224107503890986,0.00403247862122948,0.00121951219512194
mosi,candidate_mixer,negative_entropy,1.0,0.00229187607765196,0.004137683333829,0.00121951219512194
mosi,convex_projection,analytic_pi_g2,0.0,2.5650242485575347e-09,6.355797837672198e-09,0.0
mosi,convex_projection,analytic_pi_g2,0.025,1.780356887922663e-05,2.592474865219906e-05,0.0
mosi,convex_projection,analytic_pi_g2,0.05,3.539905354846828e-05,5.1900067554569416e-05,0.0
mosi,convex_projection,analytic_pi_g2,0.075,5.279180825455399e-05,7.793163603665804e-05,-0.00030487804878048
mosi,convex_projection,analytic_pi_g2,0.1,6.998356117798618e-05,0.00010402000862945846,-0.00030487804878048
mosi,convex_projection,analytic_pi_g2,0.125,8.697583971138616e-05,0.00013016559758602226,-0.00030487804878048
mosi,convex_projection,analytic_pi_g2,0.15,0.00010377062706045885,0.00015636910564126002,-0.00030487804878048
mosi,convex_projection,analytic_pi_g2,0.175,0.00012036954696679685,0.00018263091047584,-0.00030487804878048
mosi,convex_projection,analytic_pi_g2,0.2,0.00013677465282391685,0.00020895111700885998,-0.00030487804878048
mosi,convex_projection,analytic_pi_g2,0.225,0.00015298627391408515,0.00023533136170960002,-0.00030487804878048
mosi,convex_projection,analytic_pi_g2,0.25,0.0001690068926463358,0.00026177077043334,-0.00030487804878048
mosi,convex_projection,analytic_pi_g2,0.275,0.0001848376958919143,0.00028827078883068,-0.00030487804878048
mosi,convex_projection,analytic_pi_g2,0.3,0.0002004798331458662,0.00031483172294556,-0.00030487804878048
mosi,convex_projection,analytic_pi_g2,0.325,0.00021593464810280733,0.00034145397563563996,-0.00030487804878048
mosi,convex_projection,analytic_pi_g2,0.35,0.00023120295737988757,0.00036813831632126,-1.9992688060632702e-17
mosi,convex_projection,analytic_pi_g2,0.375,0.00024628619871497066,0.00039488546473126,-1.9992688060632702e-17
mosi,convex_projection,analytic_pi_g2,0.4,0.0002611860049318443,0.00042169506963892004,-1.9992688060632702e-17
mosi,convex_projection,analytic_pi_g2,0.425,0.0002759025031215351,0.00044856887748962,0.00030487804878046
mosi,convex_projection,analytic_pi_g2,0.45,0.00029043693814924,0.00047550702680684,0.00060975609756092
mosi,convex_projection,analytic_pi_g2,0.475,0.00030479028095,0.00050251002996798,0.00060975609756092
mosi,convex_projection,analytic_pi_g2,0.5,0.00031896361887748,0.0005295786489268401,0.00060975609756092
mosi,convex_projection,analytic_pi_g2,0.525,0.00033295740581502,0.0005567136592812599,0.00060975609756092
mosi,convex_projection,analytic_pi_g2,0.55,0.00034677228094308,0.00058391540721914,0.00091463414634142
mosi,convex_projection,analytic_pi_g2,0.5750000000000001,0.00036040901353457994,0.0006111847730251999,0.00091463414634142
mosi,convex_projection,analytic_pi_g2,0.6000000000000001,0.00037386870311597995,0.00063852217782212,0.00060975609756096
mosi,convex_projection,analytic_pi_g2,0.625,0.00038715185806094,0.0006659285024235399,0.00060975609756096
mosi,convex_projection,analytic_pi_g2,0.65,0.0004002581894506,0.00069340475562576,0.0003048780487805
mosi,convex_projection,analytic_pi_g2,0.675,0.00041318970899987997,0.00072095118569966,0.00030487804878047994
mosi,convex_projection,analytic_pi_g2,0.7000000000000001,0.00042594471085928,0.00074856911511738,0.00030487804878047994
mosi,convex_projection,analytic_pi_g2,0.7250000000000001,0.00043852579338126004,0.00077625859046794,0.00030487804878047994
mosi,convex_projection,analytic_pi_g2,0.75,0.00045093229083689994,0.00080402073447414,0.00030487804878047994
mosi,convex_projection,analytic_pi_g2,0.775,0.000463164631566,0.00083185632707648,0.00030487804878047994
mosi,convex_projection,analytic_pi_g2,0.8,0.0004752232580387,0.0008597662157506,0.00030487804878047994
mosi,convex_projection,analytic_pi_g2,0.8250000000000001,0.00048710852492176,0.0008877513078850201,0.00030487804878047994
mosi,convex_projection,analytic_pi_g2,0.8500000000000001,0.00049882039422852,0.0009158118845079,0.00030487804878047994
mosi,convex_projection,analytic_pi_g2,0.875,0.0005103590427714599,0.0009439495726559201,0.0
mosi,convex_projection,analytic_pi_g2,0.9,0.0005217245790686,0.0009721648660666601,0.0
mosi,convex_projection,analytic_pi_g2,0.925,0.00053291732384302,0.00100045868402878,0.0
mosi,convex_projection,analytic_pi_g2,0.95,0.00054393698689796,0.0010288322021571599,-0.00030487804878048
mosi,convex_projection,analytic_pi_g2,0.975,0.0005547841775922801,0.0010572860774035599,-0.00030487804878048
mosi,convex_projection,analytic_pi_g2,1.0,0.0005654579977901,0.00108582126679326,-0.00030487804878048
mosi,convex_projection,fixed,0.0,2.5650242485575347e-09,6.355797837672198e-09,0.0
mosi,convex_projection,fixed,0.025,3.1924993859699936e-05,8.262285603426853e-05,0.0
mosi,convex_projection,fixed,0.05,6.252543613773824e-05,0.00016565481268422,-0.00030487804878048
mosi,convex_projection,fixed,0.075,9.182987760311682e-05,0.00024910440034662,-0.00030487804878048
mosi,convex_projection,fixed,0.1,0.00011986206901954,0.00033297857239592,0.0
mosi,convex_projection,fixed,0.125,0.00014664368852492,0.00041728450438263995,0.0
mosi,convex_projection,fixed,0.15,0.00017219448508332,0.00050202959903164,0.0
mosi,convex_projection,fixed,0.175,0.00019653240528618002,0.0005872214979716,0.00060975609756094
mosi,convex_projection,fixed,0.2,0.00021967370540952,0.00067286808913896,0.00030487804878048
mosi,convex_projection,fixed,0.225,0.00024163305034770002,0.00075897752408172,0.00030487804878048
mosi,convex_projection,fixed,0.25,0.00026242360080324,0.0008455582299301001,0.00060975609756094
mosi,convex_projection,fixed,0.275,0.00028205708990106,0.0009326189251483,0.0009146341463414399
mosi,convex_projection,fixed,0.3,0.00030054389022276,0.00102016863307794,0.00060975609756098
mosi,convex_projection,fixed,0.325,0.00031789307209918,0.00110821669891516,0.0009146341463414599
mosi,convex_projection,fixed,0.35,0.00033411245386760004,0.00119677280982174,0.00060975609756098
mosi,convex_projection,fixed,0.375,0.00034920864468168,0.00128584701298176,0.0009146341463414601
mosi,convex_projection,fixed,0.4,0.00036318708035244004,0.001375449737463,0.0012195121951219402
mosi,convex_projection,fixed,0.425,0.00037605205261152005,0.00146559181706298,0.0012195121951219402
mosi,convex_projection,fixed,0.45,0.00038780673209026003,0.0015562845149325402,0.00121951219512192
mosi,convex_projection,fixed,0.475,0.00039845318523216,0.0016475395505378201,0.00121951219512192
mosi,convex_projection,fixed,0.5,0.00040799238527558003,0.00173936912949002,0.0009146341463414399
mosi,convex_projection,fixed,0.525,0.00041642421736276004,0.00183178597655222,0.00060975609756098
mosi,convex_projection,fixed,0.55,0.00042374747776089994,0.0019248033678434598,0.00030487804878047994
mosi,convex_projection,fixed,0.5750000000000001,0.00042995986709297993,0.00201843517194264,0.00030487804878047994
mosi,convex_projection,fixed,0.6000000000000001,0.0004350579773982,0.00211269589169084,0.00060975609756098
mosi,convex_projection,fixed,0.625,0.00043903727275022,0.0022076007106016397,0.0009146341463414601
mosi,convex_projection,fixed,0.65,0.00044189206306027997,0.0023031655442897598,0.00091463414634142
mosi,convex_projection,fixed,0.675,0.00044361547058514004,0.0023994070973941397,0.00060975609756094
mosi,convex_projection,fixed,0.7000000000000001,0.0004441993885308,0.00249634292675752,0.00060975609756094
mosi,convex_projection,fixed,0.7250000000000001,0.00044363443099902004,0.0025939915117554205,0.00060975609756094
mosi,convex_projection,fixed,0.75,0.00044190987335294003,0.0026923723328228,0.0009146341463414402
mosi,convex_projection,fixed,0.775,0.00043901358187718004,0.00279150595960008,0.0015243902439024
mosi,convex_projection,fixed,0.8,0.00043493193136575996,0.0028914141492754598,0.0024390243902438604
mosi,convex_projection,fixed,0.8250000000000001,0.0004296497089837,0.00299211995858716,0.00213414634146338
mosi,convex_projection,fixed,0.8500000000000001,0.00042315000239101996,0.00309364786997494,0.0024390243902438604
mosi,convex_projection,fixed,0.875,0.00041541406968995993,0.0031960239350909197,0.0027439024390243398
mosi,convex_projection,fixed,0.9,0.00040642118821608,0.00329927593864352,0.0027439024390243398
mosi,convex_projection,fixed,0.925,0.0003961484785332,0.00340343358625882,0.0024390243902438604
mosi,convex_projection,fixed,0.95,0.0003845706991522001,0.0035085287208955996,0.0024390243902438604
mosi,convex_projection,fixed,0.975,0.00037166000644055995,0.0036145955734006004,0.00213414634146338
mosi,convex_projection,fixed,1.0,0.00035738567284266005,0.0037216710541888402,0.0024390243902438604
