dataset,protocol,method,condition,corruption_type,affected_modality,corruption_level,corruption_seed,accuracy,nll,n
mosi,clean-only,A7_equal_ensemble,clean,clean,none,0.0,-1,0.7957317073170732,0.4466564962397229,656
mosi,clean-only,A7_equal_ensemble,gaussian:audio:0.25:seed101,gaussian,audio,0.25,101,0.7972560975609756,0.4463207908258554,656
mosi,clean-only,A7_equal_ensemble,gaussian:audio:0.25:seed202,gaussian,audio,0.25,202,0.7957317073170732,0.44699309161407,656
mosi,clean-only,A7_equal_ensemble,gaussian:audio:0.25:seed303,gaussian,audio,0.25,303,0.7942073170731707,0.4466719834119097,656
mosi,clean-only,A7_equal_ensemble,gaussian:audio:0.5:seed101,gaussian,audio,0.5,101,0.7957317073170732,0.4462600044008834,656
mosi,clean-only,A7_equal_ensemble,gaussian:audio:0.5:seed202,gaussian,audio,0.5,202,0.7942073170731707,0.44742619944160616,656
mosi,clean-only,A7_equal_ensemble,gaussian:audio:0.5:seed303,gaussian,audio,0.5,303,0.7926829268292683,0.4467837208225155,656
mosi,clean-only,A7_equal_ensemble,gaussian:audio:1.0:seed101,gaussian,audio,1.0,101,0.7942073170731707,0.4466122104685634,656
mosi,clean-only,A7_equal_ensemble,gaussian:audio:1.0:seed202,gaussian,audio,1.0,202,0.7911585365853658,0.44866451610774116,656
mosi,clean-only,A7_equal_ensemble,gaussian:audio:1.0:seed303,gaussian,audio,1.0,303,0.7896341463414634,0.4477556352615964,656
mosi,clean-only,A7_equal_ensemble,gaussian:audio:2.0:seed101,gaussian,audio,2.0,101,0.7911585365853658,0.4486555109369077,656
mosi,clean-only,A7_equal_ensemble,gaussian:audio:2.0:seed202,gaussian,audio,2.0,202,0.7911585365853658,0.4520975509130136,656
mosi,clean-only,A7_equal_ensemble,gaussian:audio:2.0:seed303,gaussian,audio,2.0,303,0.788109756097561,0.4503600857488318,656
mosi,clean-only,A7_equal_ensemble,gaussian:text:0.25:seed101,gaussian,text,0.25,101,0.7835365853658537,0.4518461582619158,656
mosi,clean-only,A7_equal_ensemble,gaussian:text:0.25:seed202,gaussian,text,0.25,202,0.788109756097561,0.4480152288997986,656
mosi,clean-only,A7_equal_ensemble,gaussian:text:0.25:seed303,gaussian,text,0.25,303,0.7972560975609756,0.45121994544879734,656
mosi,clean-only,A7_equal_ensemble,gaussian:text:0.5:seed101,gaussian,text,0.5,101,0.7774390243902439,0.46038171508373404,656
mosi,clean-only,A7_equal_ensemble,gaussian:text:0.5:seed202,gaussian,text,0.5,202,0.7820121951219512,0.4523216826618027,656
mosi,clean-only,A7_equal_ensemble,gaussian:text:0.5:seed303,gaussian,text,0.5,303,0.7957317073170732,0.4594273334616793,656
mosi,clean-only,A7_equal_ensemble,gaussian:text:1.0:seed101,gaussian,text,1.0,101,0.7637195121951219,0.48492110372886177,656
mosi,clean-only,A7_equal_ensemble,gaussian:text:1.0:seed202,gaussian,text,1.0,202,0.7652439024390244,0.46908519508243063,656
mosi,clean-only,A7_equal_ensemble,gaussian:text:1.0:seed303,gaussian,text,1.0,303,0.774390243902439,0.4863818418044918,656
mosi,clean-only,A7_equal_ensemble,gaussian:text:2.0:seed101,gaussian,text,2.0,101,0.7210365853658537,0.5576047361912134,656
mosi,clean-only,A7_equal_ensemble,gaussian:text:2.0:seed202,gaussian,text,2.0,202,0.739329268292683,0.5285463970121143,656
mosi,clean-only,A7_equal_ensemble,gaussian:text:2.0:seed303,gaussian,text,2.0,303,0.7195121951219512,0.5661464057930614,656
mosi,clean-only,A7_equal_ensemble,gaussian:vision:0.25:seed101,gaussian,vision,0.25,101,0.7957317073170732,0.4465020229555803,656
mosi,clean-only,A7_equal_ensemble,gaussian:vision:0.25:seed202,gaussian,vision,0.25,202,0.7926829268292683,0.4465905600939109,656
mosi,clean-only,A7_equal_ensemble,gaussian:vision:0.25:seed303,gaussian,vision,0.25,303,0.7926829268292683,0.44688520040561325,656
mosi,clean-only,A7_equal_ensemble,gaussian:vision:0.5:seed101,gaussian,vision,0.5,101,0.7942073170731707,0.446247591315563,656
mosi,clean-only,A7_equal_ensemble,gaussian:vision:0.5:seed202,gaussian,vision,0.5,202,0.788109756097561,0.446407982941089,656
mosi,clean-only,A7_equal_ensemble,gaussian:vision:0.5:seed303,gaussian,vision,0.5,303,0.7942073170731707,0.44695253851109373,656
mosi,clean-only,A7_equal_ensemble,gaussian:vision:1.0:seed101,gaussian,vision,1.0,101,0.7972560975609756,0.4457327593068183,656
mosi,clean-only,A7_equal_ensemble,gaussian:vision:1.0:seed202,gaussian,vision,1.0,202,0.7911585365853658,0.446199820215167,656
mosi,clean-only,A7_equal_ensemble,gaussian:vision:1.0:seed303,gaussian,vision,1.0,303,0.7942073170731707,0.4469733211834689,656
mosi,clean-only,A7_equal_ensemble,gaussian:vision:2.0:seed101,gaussian,vision,2.0,101,0.801829268292683,0.4464669686525826,656
mosi,clean-only,A7_equal_ensemble,gaussian:vision:2.0:seed202,gaussian,vision,2.0,202,0.7957317073170732,0.4485519315038162,656
mosi,clean-only,A7_equal_ensemble,gaussian:vision:2.0:seed303,gaussian,vision,2.0,303,0.7926829268292683,0.4504669665467332,656
mosi,clean-only,A7_equal_ensemble,mask:audio:0.25:seed101,mask,audio,0.25,101,0.7942073170731707,0.44676105486133394,656
mosi,clean-only,A7_equal_ensemble,mask:audio:0.25:seed202,mask,audio,0.25,202,0.7865853658536586,0.44838313844074723,656
mosi,clean-only,A7_equal_ensemble,mask:audio:0.25:seed303,mask,audio,0.25,303,0.7926829268292683,0.447807478330247,656
mosi,clean-only,A7_equal_ensemble,mask:audio:0.5:seed101,mask,audio,0.5,101,0.7896341463414634,0.44866899167144514,656
mosi,clean-only,A7_equal_ensemble,mask:audio:0.5:seed202,mask,audio,0.5,202,0.788109756097561,0.4484088183177003,656
mosi,clean-only,A7_equal_ensemble,mask:audio:0.5:seed303,mask,audio,0.5,303,0.7926829268292683,0.4482615210214965,656
mosi,clean-only,A7_equal_ensemble,mask:audio:0.75:seed101,mask,audio,0.75,101,0.7865853658536586,0.4488719934140672,656
mosi,clean-only,A7_equal_ensemble,mask:audio:0.75:seed202,mask,audio,0.75,202,0.7835365853658537,0.4489157660038577,656
mosi,clean-only,A7_equal_ensemble,mask:audio:0.75:seed303,mask,audio,0.75,303,0.7911585365853658,0.44940351997911526,656
mosi,clean-only,A7_equal_ensemble,mask:text:0.25:seed101,mask,text,0.25,101,0.774390243902439,0.47732055341275337,656
mosi,clean-only,A7_equal_ensemble,mask:text:0.25:seed202,mask,text,0.25,202,0.7804878048780488,0.4699759147523277,656
mosi,clean-only,A7_equal_ensemble,mask:text:0.25:seed303,mask,text,0.25,303,0.7865853658536586,0.47097687298591406,656
mosi,clean-only,A7_equal_ensemble,mask:text:0.5:seed101,mask,text,0.5,101,0.7621951219512195,0.5166434877985311,656
mosi,clean-only,A7_equal_ensemble,mask:text:0.5:seed202,mask,text,0.5,202,0.7560975609756098,0.513265352063314,656
mosi,clean-only,A7_equal_ensemble,mask:text:0.5:seed303,mask,text,0.5,303,0.7591463414634146,0.5213200232708026,656
mosi,clean-only,A7_equal_ensemble,mask:text:0.75:seed101,mask,text,0.75,101,0.6890243902439024,0.5964076374191609,656
mosi,clean-only,A7_equal_ensemble,mask:text:0.75:seed202,mask,text,0.75,202,0.6920731707317073,0.5924009957982167,656
mosi,clean-only,A7_equal_ensemble,mask:text:0.75:seed303,mask,text,0.75,303,0.676829268292683,0.5987940410377132,656
mosi,clean-only,A7_equal_ensemble,mask:vision:0.25:seed101,mask,vision,0.25,101,0.7911585365853658,0.44717508278166157,656
mosi,clean-only,A7_equal_ensemble,mask:vision:0.25:seed202,mask,vision,0.25,202,0.7926829268292683,0.4476597624635217,656
mosi,clean-only,A7_equal_ensemble,mask:vision:0.25:seed303,mask,vision,0.25,303,0.7957317073170732,0.44763062620174865,656
mosi,clean-only,A7_equal_ensemble,mask:vision:0.5:seed101,mask,vision,0.5,101,0.7896341463414634,0.4497154110075569,656
mosi,clean-only,A7_equal_ensemble,mask:vision:0.5:seed202,mask,vision,0.5,202,0.7942073170731707,0.4487207014194514,656
mosi,clean-only,A7_equal_ensemble,mask:vision:0.5:seed303,mask,vision,0.5,303,0.7942073170731707,0.44821486694784884,656
mosi,clean-only,A7_equal_ensemble,mask:vision:0.75:seed101,mask,vision,0.75,101,0.7926829268292683,0.45089375337354387,656
mosi,clean-only,A7_equal_ensemble,mask:vision:0.75:seed202,mask,vision,0.75,202,0.7911585365853658,0.4502196855676842,656
mosi,clean-only,A7_equal_ensemble,mask:vision:0.75:seed303,mask,vision,0.75,303,0.7911585365853658,0.45020856099034345,656
mosi,clean-only,A8_safe_fallback,clean,clean,none,0.0,-1,0.8033536585365854,0.4417870796389897,656
mosi,clean-only,A8_safe_fallback,gaussian:audio:0.25:seed101,gaussian,audio,0.25,101,0.801829268292683,0.4416206606336824,656
mosi,clean-only,A8_safe_fallback,gaussian:audio:0.25:seed202,gaussian,audio,0.25,202,0.8033536585365854,0.44222526950570923,656
mosi,clean-only,A8_safe_fallback,gaussian:audio:0.25:seed303,gaussian,audio,0.25,303,0.801829268292683,0.4417902079062289,656
mosi,clean-only,A8_safe_fallback,gaussian:audio:0.5:seed101,gaussian,audio,0.5,101,0.8003048780487805,0.4416505289466605,656
mosi,clean-only,A8_safe_fallback,gaussian:audio:0.5:seed202,gaussian,audio,0.5,202,0.801829268292683,0.4427898865392129,656
mosi,clean-only,A8_safe_fallback,gaussian:audio:0.5:seed303,gaussian,audio,0.5,303,0.801829268292683,0.4418817692314176,656
mosi,clean-only,A8_safe_fallback,gaussian:audio:1.0:seed101,gaussian,audio,1.0,101,0.801829268292683,0.44195753823289086,656
mosi,clean-only,A8_safe_fallback,gaussian:audio:1.0:seed202,gaussian,audio,1.0,202,0.8048780487804879,0.44408184119345673,656
mosi,clean-only,A8_safe_fallback,gaussian:audio:1.0:seed303,gaussian,audio,1.0,303,0.7957317073170732,0.4425340960192575,656
mosi,clean-only,A8_safe_fallback,gaussian:audio:2.0:seed101,gaussian,audio,2.0,101,0.801829268292683,0.4435335532763545,656
mosi,clean-only,A8_safe_fallback,gaussian:audio:2.0:seed202,gaussian,audio,2.0,202,0.8003048780487805,0.44705579310372834,656
mosi,clean-only,A8_safe_fallback,gaussian:audio:2.0:seed303,gaussian,audio,2.0,303,0.7957317073170732,0.4442035799105788,656
mosi,clean-only,A8_safe_fallback,gaussian:text:0.25:seed101,gaussian,text,0.25,101,0.7987804878048781,0.44655227272859604,656
mosi,clean-only,A8_safe_fallback,gaussian:text:0.25:seed202,gaussian,text,0.25,202,0.8079268292682927,0.44289567465844887,656
mosi,clean-only,A8_safe_fallback,gaussian:text:0.25:seed303,gaussian,text,0.25,303,0.7987804878048781,0.447061863964018,656
mosi,clean-only,A8_safe_fallback,gaussian:text:0.5:seed101,gaussian,text,0.5,101,0.7896341463414634,0.4548492596027143,656
mosi,clean-only,A8_safe_fallback,gaussian:text:0.5:seed202,gaussian,text,0.5,202,0.8003048780487805,0.44692475339851084,656
mosi,clean-only,A8_safe_fallback,gaussian:text:0.5:seed303,gaussian,text,0.5,303,0.7942073170731707,0.45580356229012187,656
mosi,clean-only,A8_safe_fallback,gaussian:text:1.0:seed101,gaussian,text,1.0,101,0.7789634146341463,0.4800130378511014,656
mosi,clean-only,A8_safe_fallback,gaussian:text:1.0:seed202,gaussian,text,1.0,202,0.7698170731707317,0.4654330275662459,656
mosi,clean-only,A8_safe_fallback,gaussian:text:1.0:seed303,gaussian,text,1.0,303,0.7698170731707317,0.48422406794753425,656
mosi,clean-only,A8_safe_fallback,gaussian:text:2.0:seed101,gaussian,text,2.0,101,0.7240853658536586,0.5624772459265928,656
mosi,clean-only,A8_safe_fallback,gaussian:text:2.0:seed202,gaussian,text,2.0,202,0.7271341463414634,0.5368369321076308,656
mosi,clean-only,A8_safe_fallback,gaussian:text:2.0:seed303,gaussian,text,2.0,303,0.7271341463414634,0.5741504673679368,656
mosi,clean-only,A8_safe_fallback,gaussian:vision:0.25:seed101,gaussian,vision,0.25,101,0.801829268292683,0.44215296225026074,656
mosi,clean-only,A8_safe_fallback,gaussian:vision:0.25:seed202,gaussian,vision,0.25,202,0.801829268292683,0.44148472482134926,656
mosi,clean-only,A8_safe_fallback,gaussian:vision:0.25:seed303,gaussian,vision,0.25,303,0.801829268292683,0.44150930178402853,656
mosi,clean-only,A8_safe_fallback,gaussian:vision:0.5:seed101,gaussian,vision,0.5,101,0.8048780487804879,0.44271521855768137,656
mosi,clean-only,A8_safe_fallback,gaussian:vision:0.5:seed202,gaussian,vision,0.5,202,0.801829268292683,0.44136241249194275,656
mosi,clean-only,A8_safe_fallback,gaussian:vision:0.5:seed303,gaussian,vision,0.5,303,0.8003048780487805,0.4412664744664123,656
mosi,clean-only,A8_safe_fallback,gaussian:vision:1.0:seed101,gaussian,vision,1.0,101,0.8033536585365854,0.4449076777437865,656
mosi,clean-only,A8_safe_fallback,gaussian:vision:1.0:seed202,gaussian,vision,1.0,202,0.7972560975609756,0.4420697791783246,656
mosi,clean-only,A8_safe_fallback,gaussian:vision:1.0:seed303,gaussian,vision,1.0,303,0.8048780487804879,0.4415583885703387,656
mosi,clean-only,A8_safe_fallback,gaussian:vision:2.0:seed101,gaussian,vision,2.0,101,0.7942073170731707,0.45413931107144717,656
mosi,clean-only,A8_safe_fallback,gaussian:vision:2.0:seed202,gaussian,vision,2.0,202,0.8003048780487805,0.45069084299995243,656
mosi,clean-only,A8_safe_fallback,gaussian:vision:2.0:seed303,gaussian,vision,2.0,303,0.7987804878048781,0.45025111844891225,656
mosi,clean-only,A8_safe_fallback,mask:audio:0.25:seed101,mask,audio,0.25,101,0.8033536585365854,0.4419524170388185,656
mosi,clean-only,A8_safe_fallback,mask:audio:0.25:seed202,mask,audio,0.25,202,0.8033536585365854,0.44300959174559745,656
mosi,clean-only,A8_safe_fallback,mask:audio:0.25:seed303,mask,audio,0.25,303,0.8048780487804879,0.44271362383748236,656
mosi,clean-only,A8_safe_fallback,mask:audio:0.5:seed101,mask,audio,0.5,101,0.8003048780487805,0.442899464829775,656
mosi,clean-only,A8_safe_fallback,mask:audio:0.5:seed202,mask,audio,0.5,202,0.7987804878048781,0.4425764215054416,656
mosi,clean-only,A8_safe_fallback,mask:audio:0.5:seed303,mask,audio,0.5,303,0.7987804878048781,0.44299169562600044,656
mosi,clean-only,A8_safe_fallback,mask:audio:0.75:seed101,mask,audio,0.75,101,0.8003048780487805,0.44318379870445,656
mosi,clean-only,A8_safe_fallback,mask:audio:0.75:seed202,mask,audio,0.75,202,0.7957317073170732,0.4432518060871314,656
mosi,clean-only,A8_safe_fallback,mask:audio:0.75:seed303,mask,audio,0.75,303,0.7987804878048781,0.44368560907734456,656
mosi,clean-only,A8_safe_fallback,mask:text:0.25:seed101,mask,text,0.25,101,0.7850609756097561,0.47042154953813936,656
mosi,clean-only,A8_safe_fallback,mask:text:0.25:seed202,mask,text,0.25,202,0.7987804878048781,0.46140180415953785,656
mosi,clean-only,A8_safe_fallback,mask:text:0.25:seed303,mask,text,0.25,303,0.8079268292682927,0.4619525401223872,656
mosi,clean-only,A8_safe_fallback,mask:text:0.5:seed101,mask,text,0.5,101,0.7652439024390244,0.5014886790968789,656
mosi,clean-only,A8_safe_fallback,mask:text:0.5:seed202,mask,text,0.5,202,0.7865853658536586,0.496350150957791,656
mosi,clean-only,A8_safe_fallback,mask:text:0.5:seed303,mask,text,0.5,303,0.7804878048780488,0.5060359485414172,656
mosi,clean-only,A8_safe_fallback,mask:text:0.75:seed101,mask,text,0.75,101,0.7164634146341463,0.5729778679818993,656
mosi,clean-only,A8_safe_fallback,mask:text:0.75:seed202,mask,text,0.75,202,0.7332317073170732,0.5698527802445873,656
mosi,clean-only,A8_safe_fallback,mask:text:0.75:seed303,mask,text,0.75,303,0.7210365853658537,0.5752912281170515,656
mosi,clean-only,A8_safe_fallback,mask:vision:0.25:seed101,mask,vision,0.25,101,0.801829268292683,0.44209150759569715,656
mosi,clean-only,A8_safe_fallback,mask:vision:0.25:seed202,mask,vision,0.25,202,0.7972560975609756,0.4433339981509228,656
mosi,clean-only,A8_safe_fallback,mask:vision:0.25:seed303,mask,vision,0.25,303,0.7987804878048781,0.44284044540525674,656
mosi,clean-only,A8_safe_fallback,mask:vision:0.5:seed101,mask,vision,0.5,101,0.8003048780487805,0.44562157235466565,656
mosi,clean-only,A8_safe_fallback,mask:vision:0.5:seed202,mask,vision,0.5,202,0.8003048780487805,0.4455254995311608,656
mosi,clean-only,A8_safe_fallback,mask:vision:0.5:seed303,mask,vision,0.5,303,0.7987804878048781,0.44328758384801237,656
mosi,clean-only,A8_safe_fallback,mask:vision:0.75:seed101,mask,vision,0.75,101,0.7957317073170732,0.4467723619560788,656
mosi,clean-only,A8_safe_fallback,mask:vision:0.75:seed202,mask,vision,0.75,202,0.7972560975609756,0.446566887476981,656
mosi,clean-only,A8_safe_fallback,mask:vision:0.75:seed303,mask,vision,0.75,303,0.7987804878048781,0.4459753142448127,656
mosi,clean-only,full_ensemble,clean,clean,none,0.0,-1,0.7972560975609756,0.4504459917294397,656
mosi,clean-only,full_ensemble,gaussian:audio:0.25:seed101,gaussian,audio,0.25,101,0.7972560975609756,0.4502693218177661,656
mosi,clean-only,full_ensemble,gaussian:audio:0.25:seed202,gaussian,audio,0.25,202,0.7957317073170732,0.4506182529445093,656
mosi,clean-only,full_ensemble,gaussian:audio:0.25:seed303,gaussian,audio,0.25,303,0.7957317073170732,0.45035841261320786,656
mosi,clean-only,full_ensemble,gaussian:audio:0.5:seed101,gaussian,audio,0.5,101,0.7957317073170732,0.4502073657887147,656
mosi,clean-only,full_ensemble,gaussian:audio:0.5:seed202,gaussian,audio,0.5,202,0.7942073170731707,0.45091906219005,656
mosi,clean-only,full_ensemble,gaussian:audio:0.5:seed303,gaussian,audio,0.5,303,0.7957317073170732,0.45042822005168126,656
mosi,clean-only,full_ensemble,gaussian:audio:1.0:seed101,gaussian,audio,1.0,101,0.7942073170731707,0.45031370399465737,656
mosi,clean-only,full_ensemble,gaussian:audio:1.0:seed202,gaussian,audio,1.0,202,0.7911585365853658,0.4517121499315326,656
mosi,clean-only,full_ensemble,gaussian:audio:1.0:seed303,gaussian,audio,1.0,303,0.7957317073170732,0.45085427459743105,656
mosi,clean-only,full_ensemble,gaussian:audio:2.0:seed101,gaussian,audio,2.0,101,0.7926829268292683,0.4512846812726916,656
mosi,clean-only,full_ensemble,gaussian:audio:2.0:seed202,gaussian,audio,2.0,202,0.7865853658536586,0.4537624828500004,656
mosi,clean-only,full_ensemble,gaussian:audio:2.0:seed303,gaussian,audio,2.0,303,0.7942073170731707,0.4522662992007511,656
mosi,clean-only,full_ensemble,gaussian:text:0.25:seed101,gaussian,text,0.25,101,0.788109756097561,0.45520351036446005,656
mosi,clean-only,full_ensemble,gaussian:text:0.25:seed202,gaussian,text,0.25,202,0.7942073170731707,0.45162052975173406,656
mosi,clean-only,full_ensemble,gaussian:text:0.25:seed303,gaussian,text,0.25,303,0.7957317073170732,0.45499579053144684,656
mosi,clean-only,full_ensemble,gaussian:text:0.5:seed101,gaussian,text,0.5,101,0.774390243902439,0.4630387764561638,656
mosi,clean-only,full_ensemble,gaussian:text:0.5:seed202,gaussian,text,0.5,202,0.7820121951219512,0.4555066899732609,656
mosi,clean-only,full_ensemble,gaussian:text:0.5:seed303,gaussian,text,0.5,303,0.788109756097561,0.46309350313194336,656
mosi,clean-only,full_ensemble,gaussian:text:1.0:seed101,gaussian,text,1.0,101,0.7637195121951219,0.4865058832749092,656
mosi,clean-only,full_ensemble,gaussian:text:1.0:seed202,gaussian,text,1.0,202,0.7667682926829268,0.47191123207123614,656
mosi,clean-only,full_ensemble,gaussian:text:1.0:seed303,gaussian,text,1.0,303,0.7682926829268293,0.4896052477278473,656
mosi,clean-only,full_ensemble,gaussian:text:2.0:seed101,gaussian,text,2.0,101,0.725609756097561,0.5575551807635957,656
mosi,clean-only,full_ensemble,gaussian:text:2.0:seed202,gaussian,text,2.0,202,0.7362804878048781,0.5303418816609796,656
mosi,clean-only,full_ensemble,gaussian:text:2.0:seed303,gaussian,text,2.0,303,0.7149390243902439,0.5682918470056537,656
mosi,clean-only,full_ensemble,gaussian:vision:0.25:seed101,gaussian,vision,0.25,101,0.7972560975609756,0.4503360606665148,656
mosi,clean-only,full_ensemble,gaussian:vision:0.25:seed202,gaussian,vision,0.25,202,0.7987804878048781,0.4503722056705143,656
mosi,clean-only,full_ensemble,gaussian:vision:0.25:seed303,gaussian,vision,0.25,303,0.7957317073170732,0.45039449665708103,656
mosi,clean-only,full_ensemble,gaussian:vision:0.5:seed101,gaussian,vision,0.5,101,0.7972560975609756,0.45016329937091587,656
mosi,clean-only,full_ensemble,gaussian:vision:0.5:seed202,gaussian,vision,0.5,202,0.7942073170731707,0.45016723714440476,656
mosi,clean-only,full_ensemble,gaussian:vision:0.5:seed303,gaussian,vision,0.5,303,0.7987804878048781,0.45026505563527613,656
mosi,clean-only,full_ensemble,gaussian:vision:1.0:seed101,gaussian,vision,1.0,101,0.7957317073170732,0.4499521971034366,656
mosi,clean-only,full_ensemble,gaussian:vision:1.0:seed202,gaussian,vision,1.0,202,0.7896341463414634,0.44988745168580674,656
mosi,clean-only,full_ensemble,gaussian:vision:1.0:seed303,gaussian,vision,1.0,303,0.7957317073170732,0.45017214633134034,656
mosi,clean-only,full_ensemble,gaussian:vision:2.0:seed101,gaussian,vision,2.0,101,0.8003048780487805,0.45091381418671156,656
mosi,clean-only,full_ensemble,gaussian:vision:2.0:seed202,gaussian,vision,2.0,202,0.7972560975609756,0.4519664567697028,656
mosi,clean-only,full_ensemble,gaussian:vision:2.0:seed303,gaussian,vision,2.0,303,0.7926829268292683,0.4530852211152973,656
mosi,clean-only,full_ensemble,mask:audio:0.25:seed101,mask,audio,0.25,101,0.7911585365853658,0.4505493323974101,656
mosi,clean-only,full_ensemble,mask:audio:0.25:seed202,mask,audio,0.25,202,0.7942073170731707,0.45132907533706185,656
mosi,clean-only,full_ensemble,mask:audio:0.25:seed303,mask,audio,0.25,303,0.7942073170731707,0.4511728467249051,656
mosi,clean-only,full_ensemble,mask:audio:0.5:seed101,mask,audio,0.5,101,0.7896341463414634,0.4514471184292741,656
mosi,clean-only,full_ensemble,mask:audio:0.5:seed202,mask,audio,0.5,202,0.7942073170731707,0.4512017634355257,656
mosi,clean-only,full_ensemble,mask:audio:0.5:seed303,mask,audio,0.5,303,0.7926829268292683,0.45124958767995027,656
mosi,clean-only,full_ensemble,mask:audio:0.75:seed101,mask,audio,0.75,101,0.7896341463414634,0.45153517228825263,656
mosi,clean-only,full_ensemble,mask:audio:0.75:seed202,mask,audio,0.75,202,0.7896341463414634,0.45152275099757433,656
mosi,clean-only,full_ensemble,mask:audio:0.75:seed303,mask,audio,0.75,303,0.7926829268292683,0.4518637103521836,656
mosi,clean-only,full_ensemble,mask:text:0.25:seed101,mask,text,0.25,101,0.7804878048780488,0.4822374234557213,656
mosi,clean-only,full_ensemble,mask:text:0.25:seed202,mask,text,0.25,202,0.7804878048780488,0.4752303379486089,656
mosi,clean-only,full_ensemble,mask:text:0.25:seed303,mask,text,0.25,303,0.7850609756097561,0.47616564459868865,656
mosi,clean-only,full_ensemble,mask:text:0.5:seed101,mask,text,0.5,101,0.7576219512195121,0.5229051983628684,656
mosi,clean-only,full_ensemble,mask:text:0.5:seed202,mask,text,0.5,202,0.7591463414634146,0.5203104895298826,656
mosi,clean-only,full_ensemble,mask:text:0.5:seed303,mask,text,0.5,303,0.7652439024390244,0.5274582322610455,656
mosi,clean-only,full_ensemble,mask:text:0.75:seed101,mask,text,0.75,101,0.6829268292682927,0.6034371426797664,656
mosi,clean-only,full_ensemble,mask:text:0.75:seed202,mask,text,0.75,202,0.6920731707317073,0.5996696604541565,656
mosi,clean-only,full_ensemble,mask:text:0.75:seed303,mask,text,0.75,303,0.663109756097561,0.6055943800733328,656
mosi,clean-only,full_ensemble,mask:vision:0.25:seed101,mask,vision,0.25,101,0.7957317073170732,0.451249117137562,656
mosi,clean-only,full_ensemble,mask:vision:0.25:seed202,mask,vision,0.25,202,0.7911585365853658,0.45179233457475293,656
mosi,clean-only,full_ensemble,mask:vision:0.25:seed303,mask,vision,0.25,303,0.7957317073170732,0.451742652025858,656
mosi,clean-only,full_ensemble,mask:vision:0.5:seed101,mask,vision,0.5,101,0.7896341463414634,0.453795180025622,656
mosi,clean-only,full_ensemble,mask:vision:0.5:seed202,mask,vision,0.5,202,0.7926829268292683,0.4530682240359991,656
mosi,clean-only,full_ensemble,mask:vision:0.5:seed303,mask,vision,0.5,303,0.7957317073170732,0.45248753557954197,656
mosi,clean-only,full_ensemble,mask:vision:0.75:seed101,mask,vision,0.75,101,0.788109756097561,0.4549717933506233,656
mosi,clean-only,full_ensemble,mask:vision:0.75:seed202,mask,vision,0.75,202,0.7896341463414634,0.4543754417675596,656
mosi,clean-only,full_ensemble,mask:vision:0.75:seed303,mask,vision,0.75,303,0.788109756097561,0.45438554211193355,656
mosi,clean-only,i2moe,clean,clean,none,0.0,-1,0.7774390243902439,0.4733770669519425,656
mosi,clean-only,i2moe,gaussian:audio:0.25:seed101,gaussian,audio,0.25,101,0.7759146341463414,0.47256289440112353,656
mosi,clean-only,i2moe,gaussian:audio:0.25:seed202,gaussian,audio,0.25,202,0.774390243902439,0.4741301559068997,656
mosi,clean-only,i2moe,gaussian:audio:0.25:seed303,gaussian,audio,0.25,303,0.7774390243902439,0.47390829487014297,656
mosi,clean-only,i2moe,gaussian:audio:0.5:seed101,gaussian,audio,0.5,101,0.7774390243902439,0.47296291834040466,656
mosi,clean-only,i2moe,gaussian:audio:0.5:seed202,gaussian,audio,0.5,202,0.7774390243902439,0.4759460177518073,656
mosi,clean-only,i2moe,gaussian:audio:0.5:seed303,gaussian,audio,0.5,303,0.7713414634146342,0.4754484077130394,656
mosi,clean-only,i2moe,gaussian:audio:1.0:seed101,gaussian,audio,1.0,101,0.7713414634146342,0.47724283350006,656
mosi,clean-only,i2moe,gaussian:audio:1.0:seed202,gaussian,audio,1.0,202,0.7682926829268293,0.48223151820318666,656
mosi,clean-only,i2moe,gaussian:audio:1.0:seed303,gaussian,audio,1.0,303,0.7637195121951219,0.4814729427558121,656
mosi,clean-only,i2moe,gaussian:audio:2.0:seed101,gaussian,audio,2.0,101,0.7698170731707317,0.49732219391935373,656
mosi,clean-only,i2moe,gaussian:audio:2.0:seed202,gaussian,audio,2.0,202,0.7484756097560976,0.5030943719189572,656
mosi,clean-only,i2moe,gaussian:audio:2.0:seed303,gaussian,audio,2.0,303,0.7439024390243902,0.5020333019112942,656
mosi,clean-only,i2moe,gaussian:text:0.25:seed101,gaussian,text,0.25,101,0.7728658536585366,0.4768259605902246,656
mosi,clean-only,i2moe,gaussian:text:0.25:seed202,gaussian,text,0.25,202,0.7682926829268293,0.4757326907778559,656
mosi,clean-only,i2moe,gaussian:text:0.25:seed303,gaussian,text,0.25,303,0.7789634146341463,0.47817567060413346,656
mosi,clean-only,i2moe,gaussian:text:0.5:seed101,gaussian,text,0.5,101,0.7591463414634146,0.4837196512296528,656
mosi,clean-only,i2moe,gaussian:text:0.5:seed202,gaussian,text,0.5,202,0.7530487804878049,0.48108814878313616,656
mosi,clean-only,i2moe,gaussian:text:0.5:seed303,gaussian,text,0.5,303,0.7713414634146342,0.48673336978907855,656
mosi,clean-only,i2moe,gaussian:text:1.0:seed101,gaussian,text,1.0,101,0.75,0.5084894864955404,656
mosi,clean-only,i2moe,gaussian:text:1.0:seed202,gaussian,text,1.0,202,0.7484756097560976,0.5001902502202699,656
mosi,clean-only,i2moe,gaussian:text:1.0:seed303,gaussian,text,1.0,303,0.760670731707317,0.5146110740296611,656
mosi,clean-only,i2moe,gaussian:text:2.0:seed101,gaussian,text,2.0,101,0.6966463414634146,0.5959801050777487,656
mosi,clean-only,i2moe,gaussian:text:2.0:seed202,gaussian,text,2.0,202,0.7149390243902439,0.5681273374155259,656
mosi,clean-only,i2moe,gaussian:text:2.0:seed303,gaussian,text,2.0,303,0.7042682926829268,0.6061701560673668,656
mosi,clean-only,i2moe,gaussian:vision:0.25:seed101,gaussian,vision,0.25,101,0.7789634146341463,0.47228051130528725,656
mosi,clean-only,i2moe,gaussian:vision:0.25:seed202,gaussian,vision,0.25,202,0.7789634146341463,0.4738136857087979,656
mosi,clean-only,i2moe,gaussian:vision:0.25:seed303,gaussian,vision,0.25,303,0.7774390243902439,0.4742392518735266,656
mosi,clean-only,i2moe,gaussian:vision:0.5:seed101,gaussian,vision,0.5,101,0.7789634146341463,0.4708848623695924,656
mosi,clean-only,i2moe,gaussian:vision:0.5:seed202,gaussian,vision,0.5,202,0.7789634146341463,0.47416087836959503,656
mosi,clean-only,i2moe,gaussian:vision:0.5:seed303,gaussian,vision,0.5,303,0.7682926829268293,0.4748635788981567,656
mosi,clean-only,i2moe,gaussian:vision:1.0:seed101,gaussian,vision,1.0,101,0.7896341463414634,0.4685583746919459,656
mosi,clean-only,i2moe,gaussian:vision:1.0:seed202,gaussian,vision,1.0,202,0.7682926829268293,0.4752826389705048,656
mosi,clean-only,i2moe,gaussian:vision:1.0:seed303,gaussian,vision,1.0,303,0.7789634146341463,0.4771156834912782,656
mosi,clean-only,i2moe,gaussian:vision:2.0:seed101,gaussian,vision,2.0,101,0.7789634146341463,0.4686479859508874,656
mosi,clean-only,i2moe,gaussian:vision:2.0:seed202,gaussian,vision,2.0,202,0.7545731707317073,0.48256925195573597,656
mosi,clean-only,i2moe,gaussian:vision:2.0:seed303,gaussian,vision,2.0,303,0.7759146341463414,0.4872441827263654,656
mosi,clean-only,i2moe,mask:audio:0.25:seed101,mask,audio,0.25,101,0.7865853658536586,0.4727561638684681,656
mosi,clean-only,i2moe,mask:audio:0.25:seed202,mask,audio,0.25,202,0.7865853658536586,0.4767936786938049,656
mosi,clean-only,i2moe,mask:audio:0.25:seed303,mask,audio,0.25,303,0.7835365853658537,0.4757686363787735,656
mosi,clean-only,i2moe,mask:audio:0.5:seed101,mask,audio,0.5,101,0.7820121951219512,0.4764956125231424,656
mosi,clean-only,i2moe,mask:audio:0.5:seed202,mask,audio,0.5,202,0.7850609756097561,0.4760297254670548,656
mosi,clean-only,i2moe,mask:audio:0.5:seed303,mask,audio,0.5,303,0.7911585365853658,0.4743480787030068,656
mosi,clean-only,i2moe,mask:audio:0.75:seed101,mask,audio,0.75,101,0.7835365853658537,0.47436631500258,656
mosi,clean-only,i2moe,mask:audio:0.75:seed202,mask,audio,0.75,202,0.7850609756097561,0.47557117307858476,656
mosi,clean-only,i2moe,mask:audio:0.75:seed303,mask,audio,0.75,303,0.7896341463414634,0.4764698637680415,656
mosi,clean-only,i2moe,mask:text:0.25:seed101,mask,text,0.25,101,0.7576219512195121,0.4953112943146332,656
mosi,clean-only,i2moe,mask:text:0.25:seed202,mask,text,0.25,202,0.760670731707317,0.4878980926592922,656
mosi,clean-only,i2moe,mask:text:0.25:seed303,mask,text,0.25,303,0.7667682926829268,0.4915780037369374,656
mosi,clean-only,i2moe,mask:text:0.5:seed101,mask,text,0.5,101,0.7378048780487805,0.5268121861509409,656
mosi,clean-only,i2moe,mask:text:0.5:seed202,mask,text,0.5,202,0.7332317073170732,0.5225766002584217,656
mosi,clean-only,i2moe,mask:text:0.5:seed303,mask,text,0.5,303,0.7271341463414634,0.5337715946555244,656
mosi,clean-only,i2moe,mask:text:0.75:seed101,mask,text,0.75,101,0.663109756097561,0.5869110492605948,656
mosi,clean-only,i2moe,mask:text:0.75:seed202,mask,text,0.75,202,0.6875,0.5836237096610183,656
mosi,clean-only,i2moe,mask:text:0.75:seed303,mask,text,0.75,303,0.6692073170731707,0.5938528017743798,656
mosi,clean-only,i2moe,mask:vision:0.25:seed101,mask,vision,0.25,101,0.7835365853658537,0.47079872739531786,656
mosi,clean-only,i2moe,mask:vision:0.25:seed202,mask,vision,0.25,202,0.7759146341463414,0.47285577364890735,656
mosi,clean-only,i2moe,mask:vision:0.25:seed303,mask,vision,0.25,303,0.7865853658536586,0.47095218124554994,656
mosi,clean-only,i2moe,mask:vision:0.5:seed101,mask,vision,0.5,101,0.7820121951219512,0.47044678323526834,656
mosi,clean-only,i2moe,mask:vision:0.5:seed202,mask,vision,0.5,202,0.7804878048780488,0.4711404606244319,656
mosi,clean-only,i2moe,mask:vision:0.5:seed303,mask,vision,0.5,303,0.7911585365853658,0.4686990830969994,656
mosi,clean-only,i2moe,mask:vision:0.75:seed101,mask,vision,0.75,101,0.7850609756097561,0.4711691824608034,656
mosi,clean-only,i2moe,mask:vision:0.75:seed202,mask,vision,0.75,202,0.7820121951219512,0.4712008339808543,656
mosi,clean-only,i2moe,mask:vision:0.75:seed303,mask,vision,0.75,303,0.7896341463414634,0.46983084300756245,656
mosi,clean-only,pdf,clean,clean,none,0.0,-1,0.7789634146341463,0.45333754377413893,656
mosi,clean-only,pdf,gaussian:audio:0.25:seed101,gaussian,audio,0.25,101,0.7820121951219512,0.45281498646608337,656
mosi,clean-only,pdf,gaussian:audio:0.25:seed202,gaussian,audio,0.25,202,0.7789634146341463,0.453382160752511,656
mosi,clean-only,pdf,gaussian:audio:0.25:seed303,gaussian,audio,0.25,303,0.7820121951219512,0.4537337223423364,656
mosi,clean-only,pdf,gaussian:audio:0.5:seed101,gaussian,audio,0.5,101,0.7850609756097561,0.4526673751136592,656
mosi,clean-only,pdf,gaussian:audio:0.5:seed202,gaussian,audio,0.5,202,0.7789634146341463,0.45364190019568407,656
mosi,clean-only,pdf,gaussian:audio:0.5:seed303,gaussian,audio,0.5,303,0.7850609756097561,0.45449037213389204,656
mosi,clean-only,pdf,gaussian:audio:1.0:seed101,gaussian,audio,1.0,101,0.7835365853658537,0.4534961972550197,656
mosi,clean-only,pdf,gaussian:audio:1.0:seed202,gaussian,audio,1.0,202,0.7820121951219512,0.45543336333931983,656
mosi,clean-only,pdf,gaussian:audio:1.0:seed303,gaussian,audio,1.0,303,0.7789634146341463,0.4572567123969209,656
mosi,clean-only,pdf,gaussian:audio:2.0:seed101,gaussian,audio,2.0,101,0.7820121951219512,0.46169412380051655,656
mosi,clean-only,pdf,gaussian:audio:2.0:seed202,gaussian,audio,2.0,202,0.7789634146341463,0.4654050155672062,656
mosi,clean-only,pdf,gaussian:audio:2.0:seed303,gaussian,audio,2.0,303,0.7820121951219512,0.46764283003445345,656
mosi,clean-only,pdf,gaussian:text:0.25:seed101,gaussian,text,0.25,101,0.7820121951219512,0.45845232738392117,656
mosi,clean-only,pdf,gaussian:text:0.25:seed202,gaussian,text,0.25,202,0.7850609756097561,0.45432037157392086,656
mosi,clean-only,pdf,gaussian:text:0.25:seed303,gaussian,text,0.25,303,0.7896341463414634,0.45796266860067003,656
mosi,clean-only,pdf,gaussian:text:0.5:seed101,gaussian,text,0.5,101,0.7682926829268293,0.4693384140179942,656
mosi,clean-only,pdf,gaussian:text:0.5:seed202,gaussian,text,0.5,202,0.7804878048780488,0.46083738638478194,656
mosi,clean-only,pdf,gaussian:text:0.5:seed303,gaussian,text,0.5,303,0.7820121951219512,0.4679062020989442,656
mosi,clean-only,pdf,gaussian:text:1.0:seed101,gaussian,text,1.0,101,0.7484756097560976,0.5070417615881945,656
mosi,clean-only,pdf,gaussian:text:1.0:seed202,gaussian,text,1.0,202,0.7530487804878049,0.48975494151754295,656
mosi,clean-only,pdf,gaussian:text:1.0:seed303,gaussian,text,1.0,303,0.7667682926829268,0.5063730695693658,656
mosi,clean-only,pdf,gaussian:text:2.0:seed101,gaussian,text,2.0,101,0.711890243902439,0.6419361444656777,656
mosi,clean-only,pdf,gaussian:text:2.0:seed202,gaussian,text,2.0,202,0.7210365853658537,0.5993426340209859,656
mosi,clean-only,pdf,gaussian:text:2.0:seed303,gaussian,text,2.0,303,0.7073170731707317,0.6444945412339576,656
mosi,clean-only,pdf,gaussian:vision:0.25:seed101,gaussian,vision,0.25,101,0.7804878048780488,0.45305274184510946,656
mosi,clean-only,pdf,gaussian:vision:0.25:seed202,gaussian,vision,0.25,202,0.7789634146341463,0.4542709889036469,656
mosi,clean-only,pdf,gaussian:vision:0.25:seed303,gaussian,vision,0.25,303,0.7789634146341463,0.4543187413877574,656
mosi,clean-only,pdf,gaussian:vision:0.5:seed101,gaussian,vision,0.5,101,0.7820121951219512,0.4531926652242495,656
mosi,clean-only,pdf,gaussian:vision:0.5:seed202,gaussian,vision,0.5,202,0.7804878048780488,0.4553063311719234,656
mosi,clean-only,pdf,gaussian:vision:0.5:seed303,gaussian,vision,0.5,303,0.7774390243902439,0.45578451955929483,656
mosi,clean-only,pdf,gaussian:vision:1.0:seed101,gaussian,vision,1.0,101,0.7850609756097561,0.4543264293630278,656
mosi,clean-only,pdf,gaussian:vision:1.0:seed202,gaussian,vision,1.0,202,0.7789634146341463,0.4582943542334459,656
mosi,clean-only,pdf,gaussian:vision:1.0:seed303,gaussian,vision,1.0,303,0.7820121951219512,0.46046021853490776,656
mosi,clean-only,pdf,gaussian:vision:2.0:seed101,gaussian,vision,2.0,101,0.7820121951219512,0.4614287511497892,656
mosi,clean-only,pdf,gaussian:vision:2.0:seed202,gaussian,vision,2.0,202,0.7850609756097561,0.4705301537223876,656
mosi,clean-only,pdf,gaussian:vision:2.0:seed303,gaussian,vision,2.0,303,0.7682926829268293,0.47723077318985013,656
mosi,clean-only,pdf,mask:audio:0.25:seed101,mask,audio,0.25,101,0.7804878048780488,0.4528228202441939,656
mosi,clean-only,pdf,mask:audio:0.25:seed202,mask,audio,0.25,202,0.7759146341463414,0.45475501804208296,656
mosi,clean-only,pdf,mask:audio:0.25:seed303,mask,audio,0.25,303,0.7759146341463414,0.4539235757971824,656
mosi,clean-only,pdf,mask:audio:0.5:seed101,mask,audio,0.5,101,0.7804878048780488,0.4543230956723545,656
mosi,clean-only,pdf,mask:audio:0.5:seed202,mask,audio,0.5,202,0.7850609756097561,0.45365040976746523,656
mosi,clean-only,pdf,mask:audio:0.5:seed303,mask,audio,0.5,303,0.7789634146341463,0.45397661757241076,656
mosi,clean-only,pdf,mask:audio:0.75:seed101,mask,audio,0.75,101,0.7820121951219512,0.4545489050949444,656
mosi,clean-only,pdf,mask:audio:0.75:seed202,mask,audio,0.75,202,0.7804878048780488,0.45454495017274005,656
mosi,clean-only,pdf,mask:audio:0.75:seed303,mask,audio,0.75,303,0.7820121951219512,0.4545847380554655,656
mosi,clean-only,pdf,mask:text:0.25:seed101,mask,text,0.25,101,0.7576219512195121,0.4805897081092575,656
mosi,clean-only,pdf,mask:text:0.25:seed202,mask,text,0.25,202,0.7713414634146342,0.46712842632835816,656
mosi,clean-only,pdf,mask:text:0.25:seed303,mask,text,0.25,303,0.774390243902439,0.4708392122163162,656
mosi,clean-only,pdf,mask:text:0.5:seed101,mask,text,0.5,101,0.7454268292682927,0.51683472894685,656
mosi,clean-only,pdf,mask:text:0.5:seed202,mask,text,0.5,202,0.7454268292682927,0.5121080273564842,656
mosi,clean-only,pdf,mask:text:0.5:seed303,mask,text,0.5,303,0.7408536585365854,0.5228204175641125,656
mosi,clean-only,pdf,mask:text:0.75:seed101,mask,text,0.75,101,0.6737804878048781,0.6025306764656134,656
mosi,clean-only,pdf,mask:text:0.75:seed202,mask,text,0.75,202,0.6859756097560976,0.5964822609045203,656
mosi,clean-only,pdf,mask:text:0.75:seed303,mask,text,0.75,303,0.6753048780487805,0.6032409492165628,656
mosi,clean-only,pdf,mask:vision:0.25:seed101,mask,vision,0.25,101,0.7835365853658537,0.451909575023205,656
mosi,clean-only,pdf,mask:vision:0.25:seed202,mask,vision,0.25,202,0.7835365853658537,0.4525183862381738,656
mosi,clean-only,pdf,mask:vision:0.25:seed303,mask,vision,0.25,303,0.7865853658536586,0.4516636254229024,656
mosi,clean-only,pdf,mask:vision:0.5:seed101,mask,vision,0.5,101,0.7850609756097561,0.4515708745500712,656
mosi,clean-only,pdf,mask:vision:0.5:seed202,mask,vision,0.5,202,0.7850609756097561,0.45092485068025817,656
mosi,clean-only,pdf,mask:vision:0.5:seed303,mask,vision,0.5,303,0.788109756097561,0.45079957687817707,656
mosi,clean-only,pdf,mask:vision:0.75:seed101,mask,vision,0.75,101,0.7850609756097561,0.4515391982724851,656
mosi,clean-only,pdf,mask:vision:0.75:seed202,mask,vision,0.75,202,0.7911585365853658,0.4508786630984266,656
mosi,clean-only,pdf,mask:vision:0.75:seed303,mask,vision,0.75,303,0.7926829268292683,0.450813960348844,656
mosi,clean-only,qmf,clean,clean,none,0.0,-1,0.7789634146341463,0.4893948582514508,656
mosi,clean-only,qmf,gaussian:audio:0.25:seed101,gaussian,audio,0.25,101,0.7789634146341463,0.48933679122003393,656
mosi,clean-only,qmf,gaussian:audio:0.25:seed202,gaussian,audio,0.25,202,0.7804878048780488,0.48951270621439247,656
mosi,clean-only,qmf,gaussian:audio:0.25:seed303,gaussian,audio,0.25,303,0.7774390243902439,0.48956946366371873,656
mosi,clean-only,qmf,gaussian:audio:0.5:seed101,gaussian,audio,0.5,101,0.7804878048780488,0.4895748958275945,656
mosi,clean-only,qmf,gaussian:audio:0.5:seed202,gaussian,audio,0.5,202,0.7804878048780488,0.4898184965010212,656
mosi,clean-only,qmf,gaussian:audio:0.5:seed303,gaussian,audio,0.5,303,0.7759146341463414,0.4898893352748024,656
mosi,clean-only,qmf,gaussian:audio:1.0:seed101,gaussian,audio,1.0,101,0.7820121951219512,0.49063565716490026,656
mosi,clean-only,qmf,gaussian:audio:1.0:seed202,gaussian,audio,1.0,202,0.7789634146341463,0.4908346355529014,656
mosi,clean-only,qmf,gaussian:audio:1.0:seed303,gaussian,audio,1.0,303,0.774390243902439,0.49099821565574303,656
mosi,clean-only,qmf,gaussian:audio:2.0:seed101,gaussian,audio,2.0,101,0.7789634146341463,0.4950736080750395,656
mosi,clean-only,qmf,gaussian:audio:2.0:seed202,gaussian,audio,2.0,202,0.7759146341463414,0.4944762178560179,656
mosi,clean-only,qmf,gaussian:audio:2.0:seed303,gaussian,audio,2.0,303,0.7713414634146342,0.49533356422510066,656
mosi,clean-only,qmf,gaussian:text:0.25:seed101,gaussian,text,0.25,101,0.7652439024390244,0.48882422927418384,656
mosi,clean-only,qmf,gaussian:text:0.25:seed202,gaussian,text,0.25,202,0.7698170731707317,0.48783883827177366,656
mosi,clean-only,qmf,gaussian:text:0.25:seed303,gaussian,text,0.25,303,0.7728658536585366,0.49019702656394304,656
mosi,clean-only,qmf,gaussian:text:0.5:seed101,gaussian,text,0.5,101,0.7621951219512195,0.49270533861343185,656
mosi,clean-only,qmf,gaussian:text:0.5:seed202,gaussian,text,0.5,202,0.7545731707317073,0.4903130722408401,656
mosi,clean-only,qmf,gaussian:text:0.5:seed303,gaussian,text,0.5,303,0.7682926829268293,0.4954458633430692,656
mosi,clean-only,qmf,gaussian:text:1.0:seed101,gaussian,text,1.0,101,0.7408536585365854,0.5178794125628856,656
mosi,clean-only,qmf,gaussian:text:1.0:seed202,gaussian,text,1.0,202,0.7469512195121951,0.5106920193326345,656
mosi,clean-only,qmf,gaussian:text:1.0:seed303,gaussian,text,1.0,303,0.7560975609756098,0.5232697841182042,656
mosi,clean-only,qmf,gaussian:text:2.0:seed101,gaussian,text,2.0,101,0.7027439024390244,0.654445180492406,656
mosi,clean-only,qmf,gaussian:text:2.0:seed202,gaussian,text,2.0,202,0.7164634146341463,0.6288019341622619,656
mosi,clean-only,qmf,gaussian:text:2.0:seed303,gaussian,text,2.0,303,0.6966463414634146,0.6765062527702378,656
mosi,clean-only,qmf,gaussian:vision:0.25:seed101,gaussian,vision,0.25,101,0.7804878048780488,0.4891787759676081,656
mosi,clean-only,qmf,gaussian:vision:0.25:seed202,gaussian,vision,0.25,202,0.7804878048780488,0.48980030513536604,656
mosi,clean-only,qmf,gaussian:vision:0.25:seed303,gaussian,vision,0.25,303,0.7820121951219512,0.48970238081738726,656
mosi,clean-only,qmf,gaussian:vision:0.5:seed101,gaussian,vision,0.5,101,0.7835365853658537,0.48907778340105484,656
mosi,clean-only,qmf,gaussian:vision:0.5:seed202,gaussian,vision,0.5,202,0.7804878048780488,0.4903389953681308,656
mosi,clean-only,qmf,gaussian:vision:0.5:seed303,gaussian,vision,0.5,303,0.7789634146341463,0.49014139862845674,656
mosi,clean-only,qmf,gaussian:vision:1.0:seed101,gaussian,vision,1.0,101,0.7804878048780488,0.48927937488416184,656
mosi,clean-only,qmf,gaussian:vision:1.0:seed202,gaussian,vision,1.0,202,0.7850609756097561,0.4919747108475202,656
mosi,clean-only,qmf,gaussian:vision:1.0:seed303,gaussian,vision,1.0,303,0.7759146341463414,0.49167187712002214,656
mosi,clean-only,qmf,gaussian:vision:2.0:seed101,gaussian,vision,2.0,101,0.7850609756097561,0.49132286926969687,656
mosi,clean-only,qmf,gaussian:vision:2.0:seed202,gaussian,vision,2.0,202,0.7759146341463414,0.4977090070547353,656
mosi,clean-only,qmf,gaussian:vision:2.0:seed303,gaussian,vision,2.0,303,0.7621951219512195,0.49783915340039636,656
mosi,clean-only,qmf,mask:audio:0.25:seed101,mask,audio,0.25,101,0.7789634146341463,0.48912482846230027,656
mosi,clean-only,qmf,mask:audio:0.25:seed202,mask,audio,0.25,202,0.7820121951219512,0.4902015106385344,656
mosi,clean-only,qmf,mask:audio:0.25:seed303,mask,audio,0.25,303,0.7835365853658537,0.4898056724564451,656
mosi,clean-only,qmf,mask:audio:0.5:seed101,mask,audio,0.5,101,0.7865853658536586,0.48987120317716454,656
mosi,clean-only,qmf,mask:audio:0.5:seed202,mask,audio,0.5,202,0.7850609756097561,0.48963736382010387,656
mosi,clean-only,qmf,mask:audio:0.5:seed303,mask,audio,0.5,303,0.7835365853658537,0.48936608066582404,656
mosi,clean-only,qmf,mask:audio:0.75:seed101,mask,audio,0.75,101,0.7835365853658537,0.4896059147485248,656
mosi,clean-only,qmf,mask:audio:0.75:seed202,mask,audio,0.75,202,0.7850609756097561,0.48942059497436574,656
mosi,clean-only,qmf,mask:audio:0.75:seed303,mask,audio,0.75,303,0.788109756097561,0.48970847221589786,656
mosi,clean-only,qmf,mask:text:0.25:seed101,mask,text,0.25,101,0.7484756097560976,0.5137440374142156,656
mosi,clean-only,qmf,mask:text:0.25:seed202,mask,text,0.25,202,0.7530487804878049,0.5022681134142489,656
mosi,clean-only,qmf,mask:text:0.25:seed303,mask,text,0.25,303,0.7667682926829268,0.5065978691214692,656
mosi,clean-only,qmf,mask:text:0.5:seed101,mask,text,0.5,101,0.7408536585365854,0.5503951872873856,656
mosi,clean-only,qmf,mask:text:0.5:seed202,mask,text,0.5,202,0.7423780487804879,0.5509295524196632,656
mosi,clean-only,qmf,mask:text:0.5:seed303,mask,text,0.5,303,0.7301829268292683,0.5557625203306557,656
mosi,clean-only,qmf,mask:text:0.75:seed101,mask,text,0.75,101,0.6829268292682927,0.6261174509788461,656
mosi,clean-only,qmf,mask:text:0.75:seed202,mask,text,0.75,202,0.6814024390243902,0.6279181555680271,656
mosi,clean-only,qmf,mask:text:0.75:seed303,mask,text,0.75,303,0.6753048780487805,0.6267825536028611,656
mosi,clean-only,qmf,mask:vision:0.25:seed101,mask,vision,0.25,101,0.7804878048780488,0.4886789473345271,656
mosi,clean-only,qmf,mask:vision:0.25:seed202,mask,vision,0.25,202,0.7804878048780488,0.48924279436250345,656
mosi,clean-only,qmf,mask:vision:0.25:seed303,mask,vision,0.25,303,0.7820121951219512,0.48921769978949076,656
mosi,clean-only,qmf,mask:vision:0.5:seed101,mask,vision,0.5,101,0.7774390243902439,0.48812081082884307,656
mosi,clean-only,qmf,mask:vision:0.5:seed202,mask,vision,0.5,202,0.7850609756097561,0.488210106624185,656
mosi,clean-only,qmf,mask:vision:0.5:seed303,mask,vision,0.5,303,0.7911585365853658,0.4876498793021683,656
mosi,clean-only,qmf,mask:vision:0.75:seed101,mask,vision,0.75,101,0.7789634146341463,0.4877026852735659,656
mosi,clean-only,qmf,mask:vision:0.75:seed202,mask,vision,0.75,202,0.7820121951219512,0.48783965308172794,656
mosi,clean-only,qmf,mask:vision:0.75:seed303,mask,vision,0.75,303,0.7804878048780488,0.4874706480629978,656
mosi,clean-only,tmc,clean,clean,none,0.0,-1,0.7820121951219512,0.46917163157452935,656
mosi,clean-only,tmc,gaussian:audio:0.25:seed101,gaussian,audio,0.25,101,0.7804878048780488,0.4686074473475382,656
mosi,clean-only,tmc,gaussian:audio:0.25:seed202,gaussian,audio,0.25,202,0.7759146341463414,0.4701145980984322,656
mosi,clean-only,tmc,gaussian:audio:0.25:seed303,gaussian,audio,0.25,303,0.7804878048780488,0.46937748362896137,656
mosi,clean-only,tmc,gaussian:audio:0.5:seed101,gaussian,audio,0.5,101,0.7774390243902439,0.46902316059471527,656
mosi,clean-only,tmc,gaussian:audio:0.5:seed202,gaussian,audio,0.5,202,0.7759146341463414,0.4719596879324309,656
mosi,clean-only,tmc,gaussian:audio:0.5:seed303,gaussian,audio,0.5,303,0.7804878048780488,0.4703161023861616,656
mosi,clean-only,tmc,gaussian:audio:1.0:seed101,gaussian,audio,1.0,101,0.7713414634146342,0.4722595427308887,656
mosi,clean-only,tmc,gaussian:audio:1.0:seed202,gaussian,audio,1.0,202,0.7759146341463414,0.4774959751365091,656
mosi,clean-only,tmc,gaussian:audio:1.0:seed303,gaussian,audio,1.0,303,0.774390243902439,0.47399390342660835,656
mosi,clean-only,tmc,gaussian:audio:2.0:seed101,gaussian,audio,2.0,101,0.7774390243902439,0.48433689195645796,656
mosi,clean-only,tmc,gaussian:audio:2.0:seed202,gaussian,audio,2.0,202,0.7728658536585366,0.49202186744742793,656
mosi,clean-only,tmc,gaussian:audio:2.0:seed303,gaussian,audio,2.0,303,0.7789634146341463,0.4856053108683769,656
mosi,clean-only,tmc,gaussian:text:0.25:seed101,gaussian,text,0.25,101,0.7759146341463414,0.47754535815333227,656
mosi,clean-only,tmc,gaussian:text:0.25:seed202,gaussian,text,0.25,202,0.7835365853658537,0.4714336259726731,656
mosi,clean-only,tmc,gaussian:text:0.25:seed303,gaussian,text,0.25,303,0.7804878048780488,0.47369815744679217,656
mosi,clean-only,tmc,gaussian:text:0.5:seed101,gaussian,text,0.5,101,0.7728658536585366,0.4907768534912235,656
mosi,clean-only,tmc,gaussian:text:0.5:seed202,gaussian,text,0.5,202,0.7698170731707317,0.478980878928152,656
mosi,clean-only,tmc,gaussian:text:0.5:seed303,gaussian,text,0.5,303,0.7652439024390244,0.48484130757975435,656
mosi,clean-only,tmc,gaussian:text:1.0:seed101,gaussian,text,1.0,101,0.7530487804878049,0.5304139394554637,656
mosi,clean-only,tmc,gaussian:text:1.0:seed202,gaussian,text,1.0,202,0.7591463414634146,0.5060265393787147,656
mosi,clean-only,tmc,gaussian:text:1.0:seed303,gaussian,text,1.0,303,0.7621951219512195,0.5221440368676088,656
mosi,clean-only,tmc,gaussian:text:2.0:seed101,gaussian,text,2.0,101,0.7103658536585366,0.6385378408477332,656
mosi,clean-only,tmc,gaussian:text:2.0:seed202,gaussian,text,2.0,202,0.7195121951219512,0.5905112812910764,656
mosi,clean-only,tmc,gaussian:text:2.0:seed303,gaussian,text,2.0,303,0.7057926829268293,0.6297945945289932,656
mosi,clean-only,tmc,gaussian:vision:0.25:seed101,gaussian,vision,0.25,101,0.7820121951219512,0.46855239587932085,656
mosi,clean-only,tmc,gaussian:vision:0.25:seed202,gaussian,vision,0.25,202,0.7804878048780488,0.469835490934349,656
mosi,clean-only,tmc,gaussian:vision:0.25:seed303,gaussian,vision,0.25,303,0.7820121951219512,0.469848724622405,656
mosi,clean-only,tmc,gaussian:vision:0.5:seed101,gaussian,vision,0.5,101,0.7835365853658537,0.468343830063472,656
mosi,clean-only,tmc,gaussian:vision:0.5:seed202,gaussian,vision,0.5,202,0.7759146341463414,0.47086405525996067,656
mosi,clean-only,tmc,gaussian:vision:0.5:seed303,gaussian,vision,0.5,303,0.7759146341463414,0.47100345712390557,656
mosi,clean-only,tmc,gaussian:vision:1.0:seed101,gaussian,vision,1.0,101,0.7820121951219512,0.4692348958979364,656
mosi,clean-only,tmc,gaussian:vision:1.0:seed202,gaussian,vision,1.0,202,0.7759146341463414,0.4744138925819835,656
mosi,clean-only,tmc,gaussian:vision:1.0:seed303,gaussian,vision,1.0,303,0.7728658536585366,0.47459176690578087,656
mosi,clean-only,tmc,gaussian:vision:2.0:seed101,gaussian,vision,2.0,101,0.7804878048780488,0.47453004562384776,656
mosi,clean-only,tmc,gaussian:vision:2.0:seed202,gaussian,vision,2.0,202,0.7759146341463414,0.4855857805475724,656
mosi,clean-only,tmc,gaussian:vision:2.0:seed303,gaussian,vision,2.0,303,0.7728658536585366,0.4856685738355928,656
mosi,clean-only,tmc,mask:audio:0.25:seed101,mask,audio,0.25,101,0.7804878048780488,0.4679402025449405,656
mosi,clean-only,tmc,mask:audio:0.25:seed202,mask,audio,0.25,202,0.7789634146341463,0.47133864298931916,656
mosi,clean-only,tmc,mask:audio:0.25:seed303,mask,audio,0.25,303,0.7820121951219512,0.469863479772818,656
mosi,clean-only,tmc,mask:audio:0.5:seed101,mask,audio,0.5,101,0.774390243902439,0.46898436833070406,656
mosi,clean-only,tmc,mask:audio:0.5:seed202,mask,audio,0.5,202,0.7865853658536586,0.4687792040388142,656
mosi,clean-only,tmc,mask:audio:0.5:seed303,mask,audio,0.5,303,0.7774390243902439,0.4682008578086762,656
mosi,clean-only,tmc,mask:audio:0.75:seed101,mask,audio,0.75,101,0.7835365853658537,0.466794736192723,656
mosi,clean-only,tmc,mask:audio:0.75:seed202,mask,audio,0.75,202,0.7850609756097561,0.4671292540697017,656
mosi,clean-only,tmc,mask:audio:0.75:seed303,mask,audio,0.75,303,0.7820121951219512,0.4686723355738274,656
mosi,clean-only,tmc,mask:text:0.25:seed101,mask,text,0.25,101,0.7652439024390244,0.49468728743722945,656
mosi,clean-only,tmc,mask:text:0.25:seed202,mask,text,0.25,202,0.7728658536585366,0.4837994395531893,656
mosi,clean-only,tmc,mask:text:0.25:seed303,mask,text,0.25,303,0.774390243902439,0.4836036787453977,656
mosi,clean-only,tmc,mask:text:0.5:seed101,mask,text,0.5,101,0.7469512195121951,0.5190837010629138,656
mosi,clean-only,tmc,mask:text:0.5:seed202,mask,text,0.5,202,0.7378048780487805,0.5119470783894625,656
mosi,clean-only,tmc,mask:text:0.5:seed303,mask,text,0.5,303,0.7362804878048781,0.5254670236116601,656
mosi,clean-only,tmc,mask:text:0.75:seed101,mask,text,0.75,101,0.6920731707317073,0.5846349983699392,656
mosi,clean-only,tmc,mask:text:0.75:seed202,mask,text,0.75,202,0.6890243902439024,0.579418032662613,656
mosi,clean-only,tmc,mask:text:0.75:seed303,mask,text,0.75,303,0.6966463414634146,0.5884201715362111,656
mosi,clean-only,tmc,mask:vision:0.25:seed101,mask,vision,0.25,101,0.7850609756097561,0.46512721392586237,656
mosi,clean-only,tmc,mask:vision:0.25:seed202,mask,vision,0.25,202,0.7865853658536586,0.4672007596958886,656
mosi,clean-only,tmc,mask:vision:0.25:seed303,mask,vision,0.25,303,0.7850609756097561,0.46665638067577325,656
mosi,clean-only,tmc,mask:vision:0.5:seed101,mask,vision,0.5,101,0.7865853658536586,0.4627400509776122,656
mosi,clean-only,tmc,mask:vision:0.5:seed202,mask,vision,0.5,202,0.7835365853658537,0.46264314264772594,656
mosi,clean-only,tmc,mask:vision:0.5:seed303,mask,vision,0.5,303,0.7835365853658537,0.46153720266932563,656
mosi,clean-only,tmc,mask:vision:0.75:seed101,mask,vision,0.75,101,0.7835365853658537,0.4615557482194223,656
mosi,clean-only,tmc,mask:vision:0.75:seed202,mask,vision,0.75,202,0.7820121951219512,0.4609786354280883,656
mosi,clean-only,tmc,mask:vision:0.75:seed303,mask,vision,0.75,303,0.7804878048780488,0.4598521758162229,656
mosei,clean-only,A7_equal_ensemble,clean,clean,none,0.0,-1,0.8414969730324711,0.3549841119454728,3634
mosei,clean-only,A7_equal_ensemble,gaussian:audio:0.25:seed101,gaussian,audio,0.25,101,0.8423225096312603,0.3548585726735311,3634
mosei,clean-only,A7_equal_ensemble,gaussian:audio:0.25:seed202,gaussian,audio,0.25,202,0.841221794166208,0.35503401004746454,3634
mosei,clean-only,A7_equal_ensemble,gaussian:audio:0.25:seed303,gaussian,audio,0.25,303,0.8420473307649973,0.35480645584166454,3634
mosei,clean-only,A7_equal_ensemble,gaussian:audio:0.5:seed101,gaussian,audio,0.5,101,0.8420473307649973,0.35483101616433965,3634
mosei,clean-only,A7_equal_ensemble,gaussian:audio:0.5:seed202,gaussian,audio,0.5,202,0.8414969730324711,0.3550990523989339,3634
mosei,clean-only,A7_equal_ensemble,gaussian:audio:0.5:seed303,gaussian,audio,0.5,303,0.8423225096312603,0.3547156975286685,3634
mosei,clean-only,A7_equal_ensemble,gaussian:audio:1.0:seed101,gaussian,audio,1.0,101,0.8431480462300496,0.35482698507977906,3634
mosei,clean-only,A7_equal_ensemble,gaussian:audio:1.0:seed202,gaussian,audio,1.0,202,0.8434232250963126,0.3553741760964771,3634
mosei,clean-only,A7_equal_ensemble,gaussian:audio:1.0:seed303,gaussian,audio,1.0,303,0.8434232250963126,0.35465926714661916,3634
mosei,clean-only,A7_equal_ensemble,gaussian:audio:2.0:seed101,gaussian,audio,2.0,101,0.8417721518987342,0.3553558205941019,3634
mosei,clean-only,A7_equal_ensemble,gaussian:audio:2.0:seed202,gaussian,audio,2.0,202,0.844799119427628,0.35632341680464524,3634
mosei,clean-only,A7_equal_ensemble,gaussian:audio:2.0:seed303,gaussian,audio,2.0,303,0.8431480462300496,0.35477206047664,3634
mosei,clean-only,A7_equal_ensemble,gaussian:text:0.25:seed101,gaussian,text,0.25,101,0.8434232250963126,0.3576328060839435,3634
mosei,clean-only,A7_equal_ensemble,gaussian:text:0.25:seed202,gaussian,text,0.25,202,0.8425976884975234,0.35647711731613296,3634
mosei,clean-only,A7_equal_ensemble,gaussian:text:0.25:seed303,gaussian,text,0.25,303,0.8406714364336819,0.36069367139501934,3634
mosei,clean-only,A7_equal_ensemble,gaussian:text:0.5:seed101,gaussian,text,0.5,101,0.8379196477710512,0.3652384569846152,3634
mosei,clean-only,A7_equal_ensemble,gaussian:text:0.5:seed202,gaussian,text,0.5,202,0.8414969730324711,0.3628164811085723,3634
mosei,clean-only,A7_equal_ensemble,gaussian:text:0.5:seed303,gaussian,text,0.5,303,0.8348926802421573,0.3714886212640887,3634
mosei,clean-only,A7_equal_ensemble,gaussian:text:1.0:seed101,gaussian,text,1.0,101,0.82168409466153,0.3946423024278264,3634
mosei,clean-only,A7_equal_ensemble,gaussian:text:1.0:seed202,gaussian,text,1.0,202,0.8302146395156852,0.39010538936867606,3634
mosei,clean-only,A7_equal_ensemble,gaussian:text:1.0:seed303,gaussian,text,1.0,303,0.8120528343423226,0.40791540233053036,3634
mosei,clean-only,A7_equal_ensemble,gaussian:text:2.0:seed101,gaussian,text,2.0,101,0.775178866263071,0.4995028105767048,3634
mosei,clean-only,A7_equal_ensemble,gaussian:text:2.0:seed202,gaussian,text,2.0,202,0.7831590533847,0.4868153599399477,3634
mosei,clean-only,A7_equal_ensemble,gaussian:text:2.0:seed303,gaussian,text,2.0,303,0.7699504678040726,0.520375118862772,3634
mosei,clean-only,A7_equal_ensemble,gaussian:vision:0.25:seed101,gaussian,vision,0.25,101,0.8425976884975234,0.3548869668818323,3634
mosei,clean-only,A7_equal_ensemble,gaussian:vision:0.25:seed202,gaussian,vision,0.25,202,0.841221794166208,0.35491742936270454,3634
mosei,clean-only,A7_equal_ensemble,gaussian:vision:0.25:seed303,gaussian,vision,0.25,303,0.8406714364336819,0.3548753415538114,3634
mosei,clean-only,A7_equal_ensemble,gaussian:vision:0.5:seed101,gaussian,vision,0.5,101,0.8431480462300496,0.3548737179034697,3634
mosei,clean-only,A7_equal_ensemble,gaussian:vision:0.5:seed202,gaussian,vision,0.5,202,0.8417721518987342,0.3549391869333362,3634
mosei,clean-only,A7_equal_ensemble,gaussian:vision:0.5:seed303,gaussian,vision,0.5,303,0.841221794166208,0.3547702534071749,3634
mosei,clean-only,A7_equal_ensemble,gaussian:vision:1.0:seed101,gaussian,vision,1.0,101,0.8428728673637864,0.3549908754511117,3634
mosei,clean-only,A7_equal_ensemble,gaussian:vision:1.0:seed202,gaussian,vision,1.0,202,0.8434232250963126,0.3552742098640523,3634
mosei,clean-only,A7_equal_ensemble,gaussian:vision:1.0:seed303,gaussian,vision,1.0,303,0.841221794166208,0.3548305837368939,3634
mosei,clean-only,A7_equal_ensemble,gaussian:vision:2.0:seed101,gaussian,vision,2.0,101,0.8436984039625757,0.3562391186617722,3634
mosei,clean-only,A7_equal_ensemble,gaussian:vision:2.0:seed202,gaussian,vision,2.0,202,0.8423225096312603,0.3565817321691312,3634
mosei,clean-only,A7_equal_ensemble,gaussian:vision:2.0:seed303,gaussian,vision,2.0,303,0.8406714364336819,0.35594202323934143,3634
mosei,clean-only,A7_equal_ensemble,mask:audio:0.25:seed101,mask,audio,0.25,101,0.841221794166208,0.3553408463393855,3634
mosei,clean-only,A7_equal_ensemble,mask:audio:0.25:seed202,mask,audio,0.25,202,0.840946615299945,0.3553690168924632,3634
mosei,clean-only,A7_equal_ensemble,mask:audio:0.25:seed303,mask,audio,0.25,303,0.8417721518987342,0.3551033266890793,3634
mosei,clean-only,A7_equal_ensemble,mask:audio:0.5:seed101,mask,audio,0.5,101,0.8431480462300496,0.3556506116959435,3634
mosei,clean-only,A7_equal_ensemble,mask:audio:0.5:seed202,mask,audio,0.5,202,0.840946615299945,0.35565357791647506,3634
mosei,clean-only,A7_equal_ensemble,mask:audio:0.5:seed303,mask,audio,0.5,303,0.8423225096312603,0.3557633992594695,3634
mosei,clean-only,A7_equal_ensemble,mask:audio:0.75:seed101,mask,audio,0.75,101,0.8434232250963126,0.35583152630053866,3634
mosei,clean-only,A7_equal_ensemble,mask:audio:0.75:seed202,mask,audio,0.75,202,0.8425976884975234,0.3557694696925008,3634
mosei,clean-only,A7_equal_ensemble,mask:audio:0.75:seed303,mask,audio,0.75,303,0.8428728673637864,0.35571654570240463,3634
mosei,clean-only,A7_equal_ensemble,mask:text:0.25:seed101,mask,text,0.25,101,0.8376444689047882,0.3709207184312991,3634
mosei,clean-only,A7_equal_ensemble,mask:text:0.25:seed202,mask,text,0.25,202,0.8310401761144744,0.37255438048117434,3634
mosei,clean-only,A7_equal_ensemble,mask:text:0.25:seed303,mask,text,0.25,303,0.8362685745734728,0.36971114026631674,3634
mosei,clean-only,A7_equal_ensemble,mask:text:0.5:seed101,mask,text,0.5,101,0.8120528343423226,0.4099639703980854,3634
mosei,clean-only,A7_equal_ensemble,mask:text:0.5:seed202,mask,text,0.5,202,0.8095762245459549,0.4119123478100515,3634
mosei,clean-only,A7_equal_ensemble,mask:text:0.5:seed303,mask,text,0.5,303,0.8093010456796919,0.40822195672731276,3634
mosei,clean-only,A7_equal_ensemble,mask:text:0.75:seed101,mask,text,0.75,101,0.7465602641717116,0.49500266391621167,3634
mosei,clean-only,A7_equal_ensemble,mask:text:0.75:seed202,mask,text,0.75,202,0.7457347275729224,0.500146057025155,3634
mosei,clean-only,A7_equal_ensemble,mask:text:0.75:seed303,mask,text,0.75,303,0.7526141992294991,0.4929398528223717,3634
mosei,clean-only,A7_equal_ensemble,mask:vision:0.25:seed101,mask,vision,0.25,101,0.8417721518987342,0.35503401784854915,3634
mosei,clean-only,A7_equal_ensemble,mask:vision:0.25:seed202,mask,vision,0.25,202,0.8431480462300496,0.354835637595518,3634
mosei,clean-only,A7_equal_ensemble,mask:vision:0.25:seed303,mask,vision,0.25,303,0.8420473307649973,0.3551940996692189,3634
mosei,clean-only,A7_equal_ensemble,mask:vision:0.5:seed101,mask,vision,0.5,101,0.8414969730324711,0.3553743270634608,3634
mosei,clean-only,A7_equal_ensemble,mask:vision:0.5:seed202,mask,vision,0.5,202,0.8417721518987342,0.3551014592071823,3634
mosei,clean-only,A7_equal_ensemble,mask:vision:0.5:seed303,mask,vision,0.5,303,0.8431480462300496,0.35590827619260973,3634
mosei,clean-only,A7_equal_ensemble,mask:vision:0.75:seed101,mask,vision,0.75,101,0.8425976884975234,0.3564010848617223,3634
mosei,clean-only,A7_equal_ensemble,mask:vision:0.75:seed202,mask,vision,0.75,202,0.8439735828288387,0.3561276008138721,3634
mosei,clean-only,A7_equal_ensemble,mask:vision:0.75:seed303,mask,vision,0.75,303,0.841221794166208,0.356405998108916,3634
mosei,clean-only,A8_safe_fallback,clean,clean,none,0.0,-1,0.8431480462300496,0.35548584539252964,3634
mosei,clean-only,A8_safe_fallback,gaussian:audio:0.25:seed101,gaussian,audio,0.25,101,0.8423225096312603,0.35538324278448846,3634
mosei,clean-only,A8_safe_fallback,gaussian:audio:0.25:seed202,gaussian,audio,0.25,202,0.8425976884975234,0.35551572370525375,3634
mosei,clean-only,A8_safe_fallback,gaussian:audio:0.25:seed303,gaussian,audio,0.25,303,0.8436984039625757,0.3553185684964197,3634
mosei,clean-only,A8_safe_fallback,gaussian:audio:0.5:seed101,gaussian,audio,0.5,101,0.8417721518987342,0.3553955145220197,3634
mosei,clean-only,A8_safe_fallback,gaussian:audio:0.5:seed202,gaussian,audio,0.5,202,0.8423225096312603,0.3555816601419162,3634
mosei,clean-only,A8_safe_fallback,gaussian:audio:0.5:seed303,gaussian,audio,0.5,303,0.8431480462300496,0.35526176484691974,3634
mosei,clean-only,A8_safe_fallback,gaussian:audio:1.0:seed101,gaussian,audio,1.0,101,0.8423225096312603,0.3554353905437681,3634
mosei,clean-only,A8_safe_fallback,gaussian:audio:1.0:seed202,gaussian,audio,1.0,202,0.8428728673637864,0.35580047711693125,3634
mosei,clean-only,A8_safe_fallback,gaussian:audio:1.0:seed303,gaussian,audio,1.0,303,0.8434232250963126,0.35521770203619707,3634
mosei,clean-only,A8_safe_fallback,gaussian:audio:2.0:seed101,gaussian,audio,2.0,101,0.8436984039625757,0.35600342229028864,3634
mosei,clean-only,A8_safe_fallback,gaussian:audio:2.0:seed202,gaussian,audio,2.0,202,0.8423225096312603,0.35679699870661113,3634
mosei,clean-only,A8_safe_fallback,gaussian:audio:2.0:seed303,gaussian,audio,2.0,303,0.844799119427628,0.35547963566275687,3634
mosei,clean-only,A8_safe_fallback,gaussian:text:0.25:seed101,gaussian,text,0.25,101,0.8425976884975234,0.35814209269394126,3634
mosei,clean-only,A8_safe_fallback,gaussian:text:0.25:seed202,gaussian,text,0.25,202,0.8434232250963126,0.35706118207218784,3634
mosei,clean-only,A8_safe_fallback,gaussian:text:0.25:seed303,gaussian,text,0.25,303,0.8401210787011557,0.36132543857094884,3634
mosei,clean-only,A8_safe_fallback,gaussian:text:0.5:seed101,gaussian,text,0.5,101,0.8414969730324711,0.3657119966784757,3634
mosei,clean-only,A8_safe_fallback,gaussian:text:0.5:seed202,gaussian,text,0.5,202,0.8417721518987342,0.36347198297624506,3634
mosei,clean-only,A8_safe_fallback,gaussian:text:0.5:seed303,gaussian,text,0.5,303,0.8348926802421573,0.37228296033238756,3634
mosei,clean-only,A8_safe_fallback,gaussian:text:1.0:seed101,gaussian,text,1.0,101,0.8208585580627408,0.3951635262859348,3634
mosei,clean-only,A8_safe_fallback,gaussian:text:1.0:seed202,gaussian,text,1.0,202,0.8302146395156852,0.3908463980057085,3634
mosei,clean-only,A8_safe_fallback,gaussian:text:1.0:seed303,gaussian,text,1.0,303,0.8131535498073748,0.40923789391779525,3634
mosei,clean-only,A8_safe_fallback,gaussian:text:2.0:seed101,gaussian,text,2.0,101,0.7779306549257017,0.5014823969951576,3634
mosei,clean-only,A8_safe_fallback,gaussian:text:2.0:seed202,gaussian,text,2.0,202,0.7845349477160154,0.4885524362754972,3634
mosei,clean-only,A8_safe_fallback,gaussian:text:2.0:seed303,gaussian,text,2.0,303,0.7702256466703358,0.5238555311726294,3634
mosei,clean-only,A8_safe_fallback,gaussian:vision:0.25:seed101,gaussian,vision,0.25,101,0.8423225096312603,0.3553713672673438,3634
mosei,clean-only,A8_safe_fallback,gaussian:vision:0.25:seed202,gaussian,vision,0.25,202,0.8428728673637864,0.3553874661913699,3634
mosei,clean-only,A8_safe_fallback,gaussian:vision:0.25:seed303,gaussian,vision,0.25,303,0.8423225096312603,0.3553801571045446,3634
mosei,clean-only,A8_safe_fallback,gaussian:vision:0.5:seed101,gaussian,vision,0.5,101,0.8420473307649973,0.3553143005529939,3634
mosei,clean-only,A8_safe_fallback,gaussian:vision:0.5:seed202,gaussian,vision,0.5,202,0.8420473307649973,0.3553819381037199,3634
mosei,clean-only,A8_safe_fallback,gaussian:vision:0.5:seed303,gaussian,vision,0.5,303,0.8417721518987342,0.3552896275508945,3634
mosei,clean-only,A8_safe_fallback,gaussian:vision:1.0:seed101,gaussian,vision,1.0,101,0.8406714364336819,0.3554072140569211,3634
mosei,clean-only,A8_safe_fallback,gaussian:vision:1.0:seed202,gaussian,vision,1.0,202,0.8414969730324711,0.3556201585262041,3634
mosei,clean-only,A8_safe_fallback,gaussian:vision:1.0:seed303,gaussian,vision,1.0,303,0.8417721518987342,0.35534635484898247,3634
mosei,clean-only,A8_safe_fallback,gaussian:vision:2.0:seed101,gaussian,vision,2.0,101,0.8439735828288387,0.3565511917241888,3634
mosei,clean-only,A8_safe_fallback,gaussian:vision:2.0:seed202,gaussian,vision,2.0,202,0.8406714364336819,0.3568093259925737,3634
mosei,clean-only,A8_safe_fallback,gaussian:vision:2.0:seed303,gaussian,vision,2.0,303,0.840946615299945,0.3565239520852685,3634
mosei,clean-only,A8_safe_fallback,mask:audio:0.25:seed101,mask,audio,0.25,101,0.8423225096312603,0.35577477727908513,3634
mosei,clean-only,A8_safe_fallback,mask:audio:0.25:seed202,mask,audio,0.25,202,0.8431480462300496,0.35588755968707486,3634
mosei,clean-only,A8_safe_fallback,mask:audio:0.25:seed303,mask,audio,0.25,303,0.8423225096312603,0.3555565019386846,3634
mosei,clean-only,A8_safe_fallback,mask:audio:0.5:seed101,mask,audio,0.5,101,0.8423225096312603,0.35601283255788674,3634
mosei,clean-only,A8_safe_fallback,mask:audio:0.5:seed202,mask,audio,0.5,202,0.8425976884975234,0.35616401898836886,3634
mosei,clean-only,A8_safe_fallback,mask:audio:0.5:seed303,mask,audio,0.5,303,0.840946615299945,0.3562278276927671,3634
mosei,clean-only,A8_safe_fallback,mask:audio:0.75:seed101,mask,audio,0.75,101,0.8420473307649973,0.3562295978416397,3634
mosei,clean-only,A8_safe_fallback,mask:audio:0.75:seed202,mask,audio,0.75,202,0.8414969730324711,0.35621037881114354,3634
mosei,clean-only,A8_safe_fallback,mask:audio:0.75:seed303,mask,audio,0.75,303,0.8425976884975234,0.3561577665495837,3634
mosei,clean-only,A8_safe_fallback,mask:text:0.25:seed101,mask,text,0.25,101,0.8376444689047882,0.37025606204403205,3634
mosei,clean-only,A8_safe_fallback,mask:text:0.25:seed202,mask,text,0.25,202,0.8315905338470005,0.37186757260979353,3634
mosei,clean-only,A8_safe_fallback,mask:text:0.25:seed303,mask,text,0.25,303,0.837094111172262,0.369500289599892,3634
mosei,clean-only,A8_safe_fallback,mask:text:0.5:seed101,mask,text,0.5,101,0.8159053384700055,0.40810279469487815,3634
mosei,clean-only,A8_safe_fallback,mask:text:0.5:seed202,mask,text,0.5,202,0.8115024766097964,0.4103851363834976,3634
mosei,clean-only,A8_safe_fallback,mask:text:0.5:seed303,mask,text,0.5,303,0.810126582278481,0.4064774467097936,3634
mosei,clean-only,A8_safe_fallback,mask:text:0.75:seed101,mask,text,0.75,101,0.7526141992294991,0.49316539078815386,3634
mosei,clean-only,A8_safe_fallback,mask:text:0.75:seed202,mask,text,0.75,202,0.7515134837644469,0.498586270849196,3634
mosei,clean-only,A8_safe_fallback,mask:text:0.75:seed303,mask,text,0.75,303,0.7564667033571821,0.49129478670142873,3634
mosei,clean-only,A8_safe_fallback,mask:vision:0.25:seed101,mask,vision,0.25,101,0.8401210787011557,0.3555737230379736,3634
mosei,clean-only,A8_safe_fallback,mask:vision:0.25:seed202,mask,vision,0.25,202,0.8431480462300496,0.3552851062892876,3634
mosei,clean-only,A8_safe_fallback,mask:vision:0.25:seed303,mask,vision,0.25,303,0.841221794166208,0.3557654719596226,3634
mosei,clean-only,A8_safe_fallback,mask:vision:0.5:seed101,mask,vision,0.5,101,0.8403962575674189,0.35594633846490836,3634
mosei,clean-only,A8_safe_fallback,mask:vision:0.5:seed202,mask,vision,0.5,202,0.8423225096312603,0.35559767231584943,3634
mosei,clean-only,A8_safe_fallback,mask:vision:0.5:seed303,mask,vision,0.5,303,0.8420473307649973,0.35645967937979717,3634
mosei,clean-only,A8_safe_fallback,mask:vision:0.75:seed101,mask,vision,0.75,101,0.8420473307649973,0.3569233966410469,3634
mosei,clean-only,A8_safe_fallback,mask:vision:0.75:seed202,mask,vision,0.75,202,0.8431480462300496,0.35662764935609403,3634
mosei,clean-only,A8_safe_fallback,mask:vision:0.75:seed303,mask,vision,0.75,303,0.8420473307649973,0.3569075768232069,3634
mosei,clean-only,full_ensemble,clean,clean,none,0.0,-1,0.8434232250963126,0.35556509767504096,3634
mosei,clean-only,full_ensemble,gaussian:audio:0.25:seed101,gaussian,audio,0.25,101,0.8434232250963126,0.3554718195995352,3634
mosei,clean-only,full_ensemble,gaussian:audio:0.25:seed202,gaussian,audio,0.25,202,0.8428728673637864,0.3556040515506102,3634
mosei,clean-only,full_ensemble,gaussian:audio:0.25:seed303,gaussian,audio,0.25,303,0.8439735828288387,0.35542327377839095,3634
mosei,clean-only,full_ensemble,gaussian:audio:0.5:seed101,gaussian,audio,0.5,101,0.8442487616951018,0.35545314409003004,3634
mosei,clean-only,full_ensemble,gaussian:audio:0.5:seed202,gaussian,audio,0.5,202,0.8431480462300496,0.3556819519696445,3634
mosei,clean-only,full_ensemble,gaussian:audio:0.5:seed303,gaussian,audio,0.5,303,0.8434232250963126,0.3553562015526507,3634
mosei,clean-only,full_ensemble,gaussian:audio:1.0:seed101,gaussian,audio,1.0,101,0.8434232250963126,0.3556001953403195,3634
mosei,clean-only,full_ensemble,gaussian:audio:1.0:seed202,gaussian,audio,1.0,202,0.844799119427628,0.35605122488504115,3634
mosei,clean-only,full_ensemble,gaussian:audio:1.0:seed303,gaussian,audio,1.0,303,0.8417721518987342,0.3554015670857997,3634
mosei,clean-only,full_ensemble,gaussian:audio:2.0:seed101,gaussian,audio,2.0,101,0.8442487616951018,0.3564149620598505,3634
mosei,clean-only,full_ensemble,gaussian:audio:2.0:seed202,gaussian,audio,2.0,202,0.8461750137589433,0.35727801578852014,3634
mosei,clean-only,full_ensemble,gaussian:audio:2.0:seed303,gaussian,audio,2.0,303,0.845074298293891,0.35576165874650245,3634
mosei,clean-only,full_ensemble,gaussian:text:0.25:seed101,gaussian,text,0.25,101,0.8414969730324711,0.3582097321647557,3634
mosei,clean-only,full_ensemble,gaussian:text:0.25:seed202,gaussian,text,0.25,202,0.8425976884975234,0.3568183151575146,3634
mosei,clean-only,full_ensemble,gaussian:text:0.25:seed303,gaussian,text,0.25,303,0.8379196477710512,0.3611774499594866,3634
mosei,clean-only,full_ensemble,gaussian:text:0.5:seed101,gaussian,text,0.5,101,0.8376444689047882,0.36568678881085087,3634
mosei,clean-only,full_ensemble,gaussian:text:0.5:seed202,gaussian,text,0.5,202,0.8403962575674189,0.36301414490303086,3634
mosei,clean-only,full_ensemble,gaussian:text:0.5:seed303,gaussian,text,0.5,303,0.8329664281783159,0.37184170767374414,3634
mosei,clean-only,full_ensemble,gaussian:text:1.0:seed101,gaussian,text,1.0,101,0.8225096312603192,0.39413329393262064,3634
mosei,clean-only,full_ensemble,gaussian:text:1.0:seed202,gaussian,text,1.0,202,0.8282883874518437,0.38905246220705914,3634
mosei,clean-only,full_ensemble,gaussian:text:1.0:seed303,gaussian,text,1.0,303,0.8123280132085856,0.4065374066934093,3634
mosei,clean-only,full_ensemble,gaussian:text:2.0:seed101,gaussian,text,2.0,101,0.7757292239955972,0.4930309117172163,3634
mosei,clean-only,full_ensemble,gaussian:text:2.0:seed202,gaussian,text,2.0,202,0.7831590533847,0.4801706778691042,3634
mosei,clean-only,full_ensemble,gaussian:text:2.0:seed303,gaussian,text,2.0,303,0.7688497523390203,0.5127855707818026,3634
mosei,clean-only,full_ensemble,gaussian:vision:0.25:seed101,gaussian,vision,0.25,101,0.8442487616951018,0.3554784198358052,3634
mosei,clean-only,full_ensemble,gaussian:vision:0.25:seed202,gaussian,vision,0.25,202,0.8434232250963126,0.35542092059555613,3634
mosei,clean-only,full_ensemble,gaussian:vision:0.25:seed303,gaussian,vision,0.25,303,0.8439735828288387,0.3554782047223295,3634
mosei,clean-only,full_ensemble,gaussian:vision:0.5:seed101,gaussian,vision,0.5,101,0.844799119427628,0.35546432933874234,3634
mosei,clean-only,full_ensemble,gaussian:vision:0.5:seed202,gaussian,vision,0.5,202,0.844799119427628,0.3553368080640902,3634
mosei,clean-only,full_ensemble,gaussian:vision:0.5:seed303,gaussian,vision,0.5,303,0.8436984039625757,0.3554520223054744,3634
mosei,clean-only,full_ensemble,gaussian:vision:1.0:seed101,gaussian,vision,1.0,101,0.8428728673637864,0.355673092852603,3634
mosei,clean-only,full_ensemble,gaussian:vision:1.0:seed202,gaussian,vision,1.0,202,0.8439735828288387,0.35533125561641077,3634
mosei,clean-only,full_ensemble,gaussian:vision:1.0:seed303,gaussian,vision,1.0,303,0.8425976884975234,0.35548460260117537,3634
mosei,clean-only,full_ensemble,gaussian:vision:2.0:seed101,gaussian,vision,2.0,101,0.8434232250963126,0.35663939699209696,3634
mosei,clean-only,full_ensemble,gaussian:vision:2.0:seed202,gaussian,vision,2.0,202,0.8439735828288387,0.35600471213043317,3634
mosei,clean-only,full_ensemble,gaussian:vision:2.0:seed303,gaussian,vision,2.0,303,0.8436984039625757,0.3562541617000444,3634
mosei,clean-only,full_ensemble,mask:audio:0.25:seed101,mask,audio,0.25,101,0.8431480462300496,0.35586841229088356,3634
mosei,clean-only,full_ensemble,mask:audio:0.25:seed202,mask,audio,0.25,202,0.8423225096312603,0.35581405822252116,3634
mosei,clean-only,full_ensemble,mask:audio:0.25:seed303,mask,audio,0.25,303,0.8431480462300496,0.35575326991312467,3634
mosei,clean-only,full_ensemble,mask:audio:0.5:seed101,mask,audio,0.5,101,0.8431480462300496,0.3561096623602115,3634
mosei,clean-only,full_ensemble,mask:audio:0.5:seed202,mask,audio,0.5,202,0.8431480462300496,0.35619207772969824,3634
mosei,clean-only,full_ensemble,mask:audio:0.5:seed303,mask,audio,0.5,303,0.8417721518987342,0.35623987081443176,3634
mosei,clean-only,full_ensemble,mask:audio:0.75:seed101,mask,audio,0.75,101,0.8417721518987342,0.3563510416665158,3634
mosei,clean-only,full_ensemble,mask:audio:0.75:seed202,mask,audio,0.75,202,0.8406714364336819,0.3562785850794004,3634
mosei,clean-only,full_ensemble,mask:audio:0.75:seed303,mask,audio,0.75,303,0.8406714364336819,0.3562524896763027,3634
mosei,clean-only,full_ensemble,mask:text:0.25:seed101,mask,text,0.25,101,0.837094111172262,0.3721201822715022,3634
mosei,clean-only,full_ensemble,mask:text:0.25:seed202,mask,text,0.25,202,0.8321408915795266,0.37350839832502203,3634
mosei,clean-only,full_ensemble,mask:text:0.25:seed303,mask,text,0.25,303,0.837094111172262,0.37053217104380537,3634
mosei,clean-only,full_ensemble,mask:text:0.5:seed101,mask,text,0.5,101,0.813979086406164,0.4102672974054159,3634
mosei,clean-only,full_ensemble,mask:text:0.5:seed202,mask,text,0.5,202,0.8156301596037424,0.4123813239023758,3634
mosei,clean-only,full_ensemble,mask:text:0.5:seed303,mask,text,0.5,303,0.810126582278481,0.40873620949388767,3634
mosei,clean-only,full_ensemble,mask:text:0.75:seed101,mask,text,0.75,101,0.7523390203632361,0.49378986095336785,3634
mosei,clean-only,full_ensemble,mask:text:0.75:seed202,mask,text,0.75,202,0.75178866263071,0.4988051803666289,3634
mosei,clean-only,full_ensemble,mask:text:0.75:seed303,mask,text,0.75,303,0.7570170610897083,0.49198356592984416,3634
mosei,clean-only,full_ensemble,mask:vision:0.25:seed101,mask,vision,0.25,101,0.8414969730324711,0.3557136707322883,3634
mosei,clean-only,full_ensemble,mask:vision:0.25:seed202,mask,vision,0.25,202,0.8428728673637864,0.35574588871648954,3634
mosei,clean-only,full_ensemble,mask:vision:0.25:seed303,mask,vision,0.25,303,0.8436984039625757,0.35595158490543816,3634
mosei,clean-only,full_ensemble,mask:vision:0.5:seed101,mask,vision,0.5,101,0.841221794166208,0.35628540032199124,3634
mosei,clean-only,full_ensemble,mask:vision:0.5:seed202,mask,vision,0.5,202,0.8425976884975234,0.3561261665861357,3634
mosei,clean-only,full_ensemble,mask:vision:0.5:seed303,mask,vision,0.5,303,0.8439735828288387,0.35675525463757485,3634
mosei,clean-only,full_ensemble,mask:vision:0.75:seed101,mask,vision,0.75,101,0.8431480462300496,0.3571799127334481,3634
mosei,clean-only,full_ensemble,mask:vision:0.75:seed202,mask,vision,0.75,202,0.8425976884975234,0.3570942663041182,3634
mosei,clean-only,full_ensemble,mask:vision:0.75:seed303,mask,vision,0.75,303,0.8425976884975234,0.3573662012474566,3634
mosei,clean-only,i2moe,clean,clean,none,0.0,-1,0.841221794166208,0.35873736503492654,3634
mosei,clean-only,i2moe,gaussian:audio:0.25:seed101,gaussian,audio,0.25,101,0.841221794166208,0.35878559306711255,3634
mosei,clean-only,i2moe,gaussian:audio:0.25:seed202,gaussian,audio,0.25,202,0.8420473307649973,0.35877601344985954,3634
mosei,clean-only,i2moe,gaussian:audio:0.25:seed303,gaussian,audio,0.25,303,0.8414969730324711,0.3584774416660004,3634
mosei,clean-only,i2moe,gaussian:audio:0.5:seed101,gaussian,audio,0.5,101,0.841221794166208,0.35908229869205593,3634
mosei,clean-only,i2moe,gaussian:audio:0.5:seed202,gaussian,audio,0.5,202,0.8436984039625757,0.35914433573510707,3634
mosei,clean-only,i2moe,gaussian:audio:0.5:seed303,gaussian,audio,0.5,303,0.8436984039625757,0.3584944807415162,3634
mosei,clean-only,i2moe,gaussian:audio:1.0:seed101,gaussian,audio,1.0,101,0.8434232250963126,0.3603351407373107,3634
mosei,clean-only,i2moe,gaussian:audio:1.0:seed202,gaussian,audio,1.0,202,0.8420473307649973,0.36068578575921956,3634
mosei,clean-only,i2moe,gaussian:audio:1.0:seed303,gaussian,audio,1.0,303,0.844799119427628,0.35909822792861784,3634
mosei,clean-only,i2moe,gaussian:audio:2.0:seed101,gaussian,audio,2.0,101,0.8384700055035773,0.36525467077814877,3634
mosei,clean-only,i2moe,gaussian:audio:2.0:seed202,gaussian,audio,2.0,202,0.8398458998348927,0.36648444622515036,3634
mosei,clean-only,i2moe,gaussian:audio:2.0:seed303,gaussian,audio,2.0,303,0.841221794166208,0.3626345802946666,3634
mosei,clean-only,i2moe,gaussian:text:0.25:seed101,gaussian,text,0.25,101,0.8406714364336819,0.3610149650823112,3634
mosei,clean-only,i2moe,gaussian:text:0.25:seed202,gaussian,text,0.25,202,0.8403962575674189,0.3596346342924066,3634
mosei,clean-only,i2moe,gaussian:text:0.25:seed303,gaussian,text,0.25,303,0.8357182168409466,0.36321497807881276,3634
mosei,clean-only,i2moe,gaussian:text:0.5:seed101,gaussian,text,0.5,101,0.8387451843698404,0.3678775126808204,3634
mosei,clean-only,i2moe,gaussian:text:0.5:seed202,gaussian,text,0.5,202,0.8376444689047882,0.36518483615869074,3634
mosei,clean-only,i2moe,gaussian:text:0.5:seed303,gaussian,text,0.5,303,0.8299394606494221,0.37249049244755417,3634
mosei,clean-only,i2moe,gaussian:text:1.0:seed101,gaussian,text,1.0,101,0.8186571271326362,0.3949751215385862,3634
mosei,clean-only,i2moe,gaussian:text:1.0:seed202,gaussian,text,1.0,202,0.8227848101265823,0.3893288535394994,3634
mosei,clean-only,i2moe,gaussian:text:1.0:seed303,gaussian,text,1.0,303,0.8082003302146396,0.40469026439964384,3634
mosei,clean-only,i2moe,gaussian:text:2.0:seed101,gaussian,text,2.0,101,0.7696752889378096,0.493859385050674,3634
mosei,clean-only,i2moe,gaussian:text:2.0:seed202,gaussian,text,2.0,202,0.779306549257017,0.48151515164886466,3634
mosei,clean-only,i2moe,gaussian:text:2.0:seed303,gaussian,text,2.0,303,0.7572922399559714,0.5142212579747509,3634
mosei,clean-only,i2moe,gaussian:vision:0.25:seed101,gaussian,vision,0.25,101,0.8436984039625757,0.35865977171678887,3634
mosei,clean-only,i2moe,gaussian:vision:0.25:seed202,gaussian,vision,0.25,202,0.8417721518987342,0.3588593054692421,3634
mosei,clean-only,i2moe,gaussian:vision:0.25:seed303,gaussian,vision,0.25,303,0.8425976884975234,0.3588259025809549,3634
mosei,clean-only,i2moe,gaussian:vision:0.5:seed101,gaussian,vision,0.5,101,0.8439735828288387,0.358974129954156,3634
mosei,clean-only,i2moe,gaussian:vision:0.5:seed202,gaussian,vision,0.5,202,0.8425976884975234,0.35931565232920276,3634
mosei,clean-only,i2moe,gaussian:vision:0.5:seed303,gaussian,vision,0.5,303,0.8414969730324711,0.3591557172869832,3634
mosei,clean-only,i2moe,gaussian:vision:1.0:seed101,gaussian,vision,1.0,101,0.8436984039625757,0.36046193650550457,3634
mosei,clean-only,i2moe,gaussian:vision:1.0:seed202,gaussian,vision,1.0,202,0.8398458998348927,0.360925980112731,3634
mosei,clean-only,i2moe,gaussian:vision:1.0:seed303,gaussian,vision,1.0,303,0.8403962575674189,0.3604851464337228,3634
mosei,clean-only,i2moe,gaussian:vision:2.0:seed101,gaussian,vision,2.0,101,0.8392955421023666,0.3669630324824969,3634
mosei,clean-only,i2moe,gaussian:vision:2.0:seed202,gaussian,vision,2.0,202,0.837369290038525,0.36722666759028966,3634
mosei,clean-only,i2moe,gaussian:vision:2.0:seed303,gaussian,vision,2.0,303,0.8376444689047882,0.3659159688961975,3634
mosei,clean-only,i2moe,mask:audio:0.25:seed101,mask,audio,0.25,101,0.8406714364336819,0.3596524092977221,3634
mosei,clean-only,i2moe,mask:audio:0.25:seed202,mask,audio,0.25,202,0.8387451843698404,0.3595573579906768,3634
mosei,clean-only,i2moe,mask:audio:0.25:seed303,mask,audio,0.25,303,0.8417721518987342,0.3588297381651917,3634
mosei,clean-only,i2moe,mask:audio:0.5:seed101,mask,audio,0.5,101,0.8401210787011557,0.3599026902304692,3634
mosei,clean-only,i2moe,mask:audio:0.5:seed202,mask,audio,0.5,202,0.8390203632361035,0.36024460043933365,3634
mosei,clean-only,i2moe,mask:audio:0.5:seed303,mask,audio,0.5,303,0.841221794166208,0.36029883120378464,3634
mosei,clean-only,i2moe,mask:audio:0.75:seed101,mask,audio,0.75,101,0.840946615299945,0.3602715294825166,3634
mosei,clean-only,i2moe,mask:audio:0.75:seed202,mask,audio,0.75,202,0.8376444689047882,0.36028941012520516,3634
mosei,clean-only,i2moe,mask:audio:0.75:seed303,mask,audio,0.75,303,0.8390203632361035,0.36001373394226094,3634
mosei,clean-only,i2moe,mask:text:0.25:seed101,mask,text,0.25,101,0.833516785910842,0.38270105615263167,3634
mosei,clean-only,i2moe,mask:text:0.25:seed202,mask,text,0.25,202,0.8299394606494221,0.3838799323910858,3634
mosei,clean-only,i2moe,mask:text:0.25:seed303,mask,text,0.25,303,0.8376444689047882,0.3817189927937735,3634
mosei,clean-only,i2moe,mask:text:0.5:seed101,mask,text,0.5,101,0.8167308750687947,0.4270117504773016,3634
mosei,clean-only,i2moe,mask:text:0.5:seed202,mask,text,0.5,202,0.8120528343423226,0.43013893713895973,3634
mosei,clean-only,i2moe,mask:text:0.5:seed303,mask,text,0.5,303,0.8183819482663731,0.42597789922883206,3634
mosei,clean-only,i2moe,mask:text:0.75:seed101,mask,text,0.75,101,0.7757292239955972,0.5018241610936771,3634
mosei,clean-only,i2moe,mask:text:0.75:seed202,mask,text,0.75,202,0.7669235002751789,0.5067929503232175,3634
mosei,clean-only,i2moe,mask:text:0.75:seed303,mask,text,0.75,303,0.7779306549257017,0.5007620355130833,3634
mosei,clean-only,i2moe,mask:vision:0.25:seed101,mask,vision,0.25,101,0.8425976884975234,0.35863902572830275,3634
mosei,clean-only,i2moe,mask:vision:0.25:seed202,mask,vision,0.25,202,0.8414969730324711,0.35867126587697795,3634
mosei,clean-only,i2moe,mask:vision:0.25:seed303,mask,vision,0.25,303,0.8406714364336819,0.3592743893927163,3634
mosei,clean-only,i2moe,mask:vision:0.5:seed101,mask,vision,0.5,101,0.8401210787011557,0.35916930507961375,3634
mosei,clean-only,i2moe,mask:vision:0.5:seed202,mask,vision,0.5,202,0.8417721518987342,0.3582078285434372,3634
mosei,clean-only,i2moe,mask:vision:0.5:seed303,mask,vision,0.5,303,0.8406714364336819,0.36002423953159257,3634
mosei,clean-only,i2moe,mask:vision:0.75:seed101,mask,vision,0.75,101,0.840946615299945,0.3604976597116855,3634
mosei,clean-only,i2moe,mask:vision:0.75:seed202,mask,vision,0.75,202,0.8423225096312603,0.3599394682783341,3634
mosei,clean-only,i2moe,mask:vision:0.75:seed303,mask,vision,0.75,303,0.8401210787011557,0.36052815124903853,3634
mosei,clean-only,pdf,clean,clean,none,0.0,-1,0.8395707209686296,0.3615253069166814,3634
mosei,clean-only,pdf,gaussian:audio:0.25:seed101,gaussian,audio,0.25,101,0.8392955421023666,0.3614226729515685,3634
mosei,clean-only,pdf,gaussian:audio:0.25:seed202,gaussian,audio,0.25,202,0.8401210787011557,0.3616703302702192,3634
mosei,clean-only,pdf,gaussian:audio:0.25:seed303,gaussian,audio,0.25,303,0.8381948266373143,0.3613278360952785,3634
mosei,clean-only,pdf,gaussian:audio:0.5:seed101,gaussian,audio,0.5,101,0.8381948266373143,0.36170106778236044,3634
mosei,clean-only,pdf,gaussian:audio:0.5:seed202,gaussian,audio,0.5,202,0.8398458998348927,0.362215682878903,3634
mosei,clean-only,pdf,gaussian:audio:0.5:seed303,gaussian,audio,0.5,303,0.8387451843698404,0.361547246945313,3634
mosei,clean-only,pdf,gaussian:audio:1.0:seed101,gaussian,audio,1.0,101,0.8368189323059989,0.3638614367750062,3634
mosei,clean-only,pdf,gaussian:audio:1.0:seed202,gaussian,audio,1.0,202,0.8362685745734728,0.3647381421482338,3634
mosei,clean-only,pdf,gaussian:audio:1.0:seed303,gaussian,audio,1.0,303,0.837094111172262,0.36335808876154574,3634
mosei,clean-only,pdf,gaussian:audio:2.0:seed101,gaussian,audio,2.0,101,0.8233351678591084,0.3757033845347275,3634
mosei,clean-only,pdf,gaussian:audio:2.0:seed202,gaussian,audio,2.0,202,0.8277380297193175,0.3765230480427004,3634
mosei,clean-only,pdf,gaussian:audio:2.0:seed303,gaussian,audio,2.0,303,0.8324160704457898,0.3733004804436884,3634
mosei,clean-only,pdf,gaussian:text:0.25:seed101,gaussian,text,0.25,101,0.8387451843698404,0.36382891000355905,3634
mosei,clean-only,pdf,gaussian:text:0.25:seed202,gaussian,text,0.25,202,0.8387451843698404,0.3627221391875314,3634
mosei,clean-only,pdf,gaussian:text:0.25:seed303,gaussian,text,0.25,303,0.833516785910842,0.365942738953975,3634
mosei,clean-only,pdf,gaussian:text:0.5:seed101,gaussian,text,0.5,101,0.8324160704457898,0.3703040252175028,3634
mosei,clean-only,pdf,gaussian:text:0.5:seed202,gaussian,text,0.5,202,0.8354430379746836,0.3686552652137227,3634
mosei,clean-only,pdf,gaussian:text:0.5:seed303,gaussian,text,0.5,303,0.8299394606494221,0.3749587997890249,3634
mosei,clean-only,pdf,gaussian:text:1.0:seed101,gaussian,text,1.0,101,0.8183819482663731,0.3970209518199859,3634
mosei,clean-only,pdf,gaussian:text:1.0:seed202,gaussian,text,1.0,202,0.8189323059988993,0.392816365071877,3634
mosei,clean-only,pdf,gaussian:text:1.0:seed303,gaussian,text,1.0,303,0.8090258668134287,0.40820580554296315,3634
mosei,clean-only,pdf,gaussian:text:2.0:seed101,gaussian,text,2.0,101,0.7658227848101266,0.501818755055374,3634
mosei,clean-only,pdf,gaussian:text:2.0:seed202,gaussian,text,2.0,202,0.7757292239955972,0.4885423902729161,3634
mosei,clean-only,pdf,gaussian:text:2.0:seed303,gaussian,text,2.0,303,0.759493670886076,0.526035720198031,3634
mosei,clean-only,pdf,gaussian:vision:0.25:seed101,gaussian,vision,0.25,101,0.8395707209686296,0.36112610224881414,3634
mosei,clean-only,pdf,gaussian:vision:0.25:seed202,gaussian,vision,0.25,202,0.8376444689047882,0.361806593338727,3634
mosei,clean-only,pdf,gaussian:vision:0.25:seed303,gaussian,vision,0.25,303,0.8406714364336819,0.36162855709358466,3634
mosei,clean-only,pdf,gaussian:vision:0.5:seed101,gaussian,vision,0.5,101,0.8406714364336819,0.36134179470451583,3634
mosei,clean-only,pdf,gaussian:vision:0.5:seed202,gaussian,vision,0.5,202,0.8368189323059989,0.36265719483181685,3634
mosei,clean-only,pdf,gaussian:vision:0.5:seed303,gaussian,vision,0.5,303,0.841221794166208,0.3623595122038897,3634
mosei,clean-only,pdf,gaussian:vision:1.0:seed101,gaussian,vision,1.0,101,0.8379196477710512,0.36381915270738496,3634
mosei,clean-only,pdf,gaussian:vision:1.0:seed202,gaussian,vision,1.0,202,0.8354430379746836,0.3658343683623926,3634
mosei,clean-only,pdf,gaussian:vision:1.0:seed303,gaussian,vision,1.0,303,0.8365437534397359,0.36543578750240063,3634
mosei,clean-only,pdf,gaussian:vision:2.0:seed101,gaussian,vision,2.0,101,0.8291139240506329,0.37781846451254897,3634
mosei,clean-only,pdf,gaussian:vision:2.0:seed202,gaussian,vision,2.0,202,0.8282883874518437,0.3802933177555511,3634
mosei,clean-only,pdf,gaussian:vision:2.0:seed303,gaussian,vision,2.0,303,0.8230599889928454,0.379581290215029,3634
mosei,clean-only,pdf,mask:audio:0.25:seed101,mask,audio,0.25,101,0.840946615299945,0.362345778043066,3634
mosei,clean-only,pdf,mask:audio:0.25:seed202,mask,audio,0.25,202,0.8398458998348927,0.36093031413629856,3634
mosei,clean-only,pdf,mask:audio:0.25:seed303,mask,audio,0.25,303,0.8395707209686296,0.3613151373732548,3634
mosei,clean-only,pdf,mask:audio:0.5:seed101,mask,audio,0.5,101,0.8387451843698404,0.3621702581685393,3634
mosei,clean-only,pdf,mask:audio:0.5:seed202,mask,audio,0.5,202,0.8395707209686296,0.3613331643930524,3634
mosei,clean-only,pdf,mask:audio:0.5:seed303,mask,audio,0.5,303,0.840946615299945,0.36140998456213913,3634
mosei,clean-only,pdf,mask:audio:0.75:seed101,mask,audio,0.75,101,0.837369290038525,0.36168272137436575,3634
mosei,clean-only,pdf,mask:audio:0.75:seed202,mask,audio,0.75,202,0.8414969730324711,0.3610815778866112,3634
mosei,clean-only,pdf,mask:audio:0.75:seed303,mask,audio,0.75,303,0.8398458998348927,0.36072699902949,3634
mosei,clean-only,pdf,mask:text:0.25:seed101,mask,text,0.25,101,0.8227848101265823,0.39247399989195536,3634
mosei,clean-only,pdf,mask:text:0.25:seed202,mask,text,0.25,202,0.8280132085855806,0.3933225923475446,3634
mosei,clean-only,pdf,mask:text:0.25:seed303,mask,text,0.25,303,0.8260869565217391,0.3919852369761083,3634
mosei,clean-only,pdf,mask:text:0.5:seed101,mask,text,0.5,101,0.8004953219592735,0.447027616842417,3634
mosei,clean-only,pdf,mask:text:0.5:seed202,mask,text,0.5,202,0.7999449642267474,0.4489054083395668,3634
mosei,clean-only,pdf,mask:text:0.5:seed303,mask,text,0.5,303,0.7977435332966428,0.44620608322555,3634
mosei,clean-only,pdf,mask:text:0.75:seed101,mask,text,0.75,101,0.7451843698403963,0.5340357347965994,3634
mosei,clean-only,pdf,mask:text:0.75:seed202,mask,text,0.75,202,0.7451843698403963,0.5384169813862429,3634
mosei,clean-only,pdf,mask:text:0.75:seed303,mask,text,0.75,303,0.7515134837644469,0.5327774112813247,3634
mosei,clean-only,pdf,mask:vision:0.25:seed101,mask,vision,0.25,101,0.840946615299945,0.3610945748011108,3634
mosei,clean-only,pdf,mask:vision:0.25:seed202,mask,vision,0.25,202,0.8401210787011557,0.3613408261182365,3634
mosei,clean-only,pdf,mask:vision:0.25:seed303,mask,vision,0.25,303,0.8379196477710512,0.3613782666046935,3634
mosei,clean-only,pdf,mask:vision:0.5:seed101,mask,vision,0.5,101,0.8401210787011557,0.36069390082851344,3634
mosei,clean-only,pdf,mask:vision:0.5:seed202,mask,vision,0.5,202,0.840946615299945,0.36034382608834825,3634
mosei,clean-only,pdf,mask:vision:0.5:seed303,mask,vision,0.5,303,0.8384700055035773,0.3614912958308726,3634
mosei,clean-only,pdf,mask:vision:0.75:seed101,mask,vision,0.75,101,0.8398458998348927,0.3607824952034033,3634
mosei,clean-only,pdf,mask:vision:0.75:seed202,mask,vision,0.75,202,0.8425976884975234,0.361106570677588,3634
mosei,clean-only,pdf,mask:vision:0.75:seed303,mask,vision,0.75,303,0.8387451843698404,0.3618518937472706,3634
mosei,clean-only,qmf,clean,clean,none,0.0,-1,0.8359933957072097,0.3846794622068864,3634
mosei,clean-only,qmf,gaussian:audio:0.25:seed101,gaussian,audio,0.25,101,0.837369290038525,0.38465937881576984,3634
mosei,clean-only,qmf,gaussian:audio:0.25:seed202,gaussian,audio,0.25,202,0.8365437534397359,0.3847709560892191,3634
mosei,clean-only,qmf,gaussian:audio:0.25:seed303,gaussian,audio,0.25,303,0.8368189323059989,0.38449103813792873,3634
mosei,clean-only,qmf,gaussian:audio:0.5:seed101,gaussian,audio,0.5,101,0.8398458998348927,0.3846774984669356,3634
mosei,clean-only,qmf,gaussian:audio:0.5:seed202,gaussian,audio,0.5,202,0.8368189323059989,0.38494783289120355,3634
mosei,clean-only,qmf,gaussian:audio:0.5:seed303,gaussian,audio,0.5,303,0.8381948266373143,0.38434624193535555,3634
mosei,clean-only,qmf,gaussian:audio:1.0:seed101,gaussian,audio,1.0,101,0.8406714364336819,0.38482357286350827,3634
mosei,clean-only,qmf,gaussian:audio:1.0:seed202,gaussian,audio,1.0,202,0.8357182168409466,0.3854346316473482,3634
mosei,clean-only,qmf,gaussian:audio:1.0:seed303,gaussian,audio,1.0,303,0.8390203632361035,0.38423156433259775,3634
mosei,clean-only,qmf,gaussian:audio:2.0:seed101,gaussian,audio,2.0,101,0.8313153549807375,0.3872403359714698,3634
mosei,clean-only,qmf,gaussian:audio:2.0:seed202,gaussian,audio,2.0,202,0.8315905338470005,0.38867094372420274,3634
mosei,clean-only,qmf,gaussian:audio:2.0:seed303,gaussian,audio,2.0,303,0.8390203632361035,0.38578043698742204,3634
mosei,clean-only,qmf,gaussian:text:0.25:seed101,gaussian,text,0.25,101,0.8354430379746836,0.3864337610566346,3634
mosei,clean-only,qmf,gaussian:text:0.25:seed202,gaussian,text,0.25,202,0.8362685745734728,0.3870611311401712,3634
mosei,clean-only,qmf,gaussian:text:0.25:seed303,gaussian,text,0.25,303,0.833241607044579,0.3903403196384626,3634
mosei,clean-only,qmf,gaussian:text:0.5:seed101,gaussian,text,0.5,101,0.8296642817831591,0.3960222649793537,3634
mosei,clean-only,qmf,gaussian:text:0.5:seed202,gaussian,text,0.5,202,0.8318657127132636,0.39656452457304525,3634
mosei,clean-only,qmf,gaussian:text:0.5:seed303,gaussian,text,0.5,303,0.8225096312603192,0.40452939130760013,3634
mosei,clean-only,qmf,gaussian:text:1.0:seed101,gaussian,text,1.0,101,0.8095762245459549,0.44191708075551334,3634
mosei,clean-only,qmf,gaussian:text:1.0:seed202,gaussian,text,1.0,202,0.8084755090809026,0.4395818133892227,3634
mosei,clean-only,qmf,gaussian:text:1.0:seed303,gaussian,text,1.0,303,0.7969179966978536,0.4625437375294093,3634
mosei,clean-only,qmf,gaussian:text:2.0:seed101,gaussian,text,2.0,101,0.7476609796367639,0.6554552963907557,3634
mosei,clean-only,qmf,gaussian:text:2.0:seed202,gaussian,text,2.0,202,0.7424325811777656,0.6526057532065496,3634
mosei,clean-only,qmf,gaussian:text:2.0:seed303,gaussian,text,2.0,303,0.7317006053935058,0.7267316284987785,3634
mosei,clean-only,qmf,gaussian:vision:0.25:seed101,gaussian,vision,0.25,101,0.8368189323059989,0.38462191299887966,3634
mosei,clean-only,qmf,gaussian:vision:0.25:seed202,gaussian,vision,0.25,202,0.8376444689047882,0.3846690750947795,3634
mosei,clean-only,qmf,gaussian:vision:0.25:seed303,gaussian,vision,0.25,303,0.8354430379746836,0.38462303895174815,3634
mosei,clean-only,qmf,gaussian:vision:0.5:seed101,gaussian,vision,0.5,101,0.837369290038525,0.38461898476071466,3634
mosei,clean-only,qmf,gaussian:vision:0.5:seed202,gaussian,vision,0.5,202,0.8395707209686296,0.3847045227974967,3634
mosei,clean-only,qmf,gaussian:vision:0.5:seed303,gaussian,vision,0.5,303,0.837369290038525,0.3846276880314085,3634
mosei,clean-only,qmf,gaussian:vision:1.0:seed101,gaussian,vision,1.0,101,0.8365437534397359,0.38482417523250945,3634
mosei,clean-only,qmf,gaussian:vision:1.0:seed202,gaussian,vision,1.0,202,0.8390203632361035,0.3849213866881532,3634
mosei,clean-only,qmf,gaussian:vision:1.0:seed303,gaussian,vision,1.0,303,0.8381948266373143,0.38485333366789537,3634
mosei,clean-only,qmf,gaussian:vision:2.0:seed101,gaussian,vision,2.0,101,0.8291139240506329,0.38857054217525633,3634
mosei,clean-only,qmf,gaussian:vision:2.0:seed202,gaussian,vision,2.0,202,0.8315905338470005,0.3881863726364038,3634
mosei,clean-only,qmf,gaussian:vision:2.0:seed303,gaussian,vision,2.0,303,0.8321408915795266,0.38866791973733583,3634
mosei,clean-only,qmf,mask:audio:0.25:seed101,mask,audio,0.25,101,0.833241607044579,0.3858047069512479,3634
mosei,clean-only,qmf,mask:audio:0.25:seed202,mask,audio,0.25,202,0.8384700055035773,0.3852753827565611,3634
mosei,clean-only,qmf,mask:audio:0.25:seed303,mask,audio,0.25,303,0.8398458998348927,0.38515030139359463,3634
mosei,clean-only,qmf,mask:audio:0.5:seed101,mask,audio,0.5,101,0.8390203632361035,0.3860150514086387,3634
mosei,clean-only,qmf,mask:audio:0.5:seed202,mask,audio,0.5,202,0.8392955421023666,0.38606879484036793,3634
mosei,clean-only,qmf,mask:audio:0.5:seed303,mask,audio,0.5,303,0.8392955421023666,0.3859946331692676,3634
mosei,clean-only,qmf,mask:audio:0.75:seed101,mask,audio,0.75,101,0.837369290038525,0.3863542670791351,3634
mosei,clean-only,qmf,mask:audio:0.75:seed202,mask,audio,0.75,202,0.8376444689047882,0.3864280317767749,3634
mosei,clean-only,qmf,mask:audio:0.75:seed303,mask,audio,0.75,303,0.8381948266373143,0.38638834443928194,3634
mosei,clean-only,qmf,mask:text:0.25:seed101,mask,text,0.25,101,0.825536598789213,0.42274706517766925,3634
mosei,clean-only,qmf,mask:text:0.25:seed202,mask,text,0.25,202,0.8225096312603192,0.4233936761177302,3634
mosei,clean-only,qmf,mask:text:0.25:seed303,mask,text,0.25,303,0.8285635663181068,0.4219778530216298,3634
mosei,clean-only,qmf,mask:text:0.5:seed101,mask,text,0.5,101,0.8015960374243258,0.4899653868657202,3634
mosei,clean-only,qmf,mask:text:0.5:seed202,mask,text,0.5,202,0.8029719317556412,0.49374785928440806,3634
mosei,clean-only,qmf,mask:text:0.5:seed303,mask,text,0.5,303,0.8026967528893781,0.48650893380896715,3634
mosei,clean-only,qmf,mask:text:0.75:seed101,mask,text,0.75,101,0.7649972482113374,0.5835794424462648,3634
mosei,clean-only,qmf,mask:text:0.75:seed202,mask,text,0.75,202,0.7523390203632361,0.5881693136439584,3634
mosei,clean-only,qmf,mask:text:0.75:seed303,mask,text,0.75,303,0.7633461750137589,0.583966659421223,3634
mosei,clean-only,qmf,mask:vision:0.25:seed101,mask,vision,0.25,101,0.8384700055035773,0.38495296668024853,3634
mosei,clean-only,qmf,mask:vision:0.25:seed202,mask,vision,0.25,202,0.8398458998348927,0.3852556011278171,3634
mosei,clean-only,qmf,mask:vision:0.25:seed303,mask,vision,0.25,303,0.8379196477710512,0.385165959928638,3634
mosei,clean-only,qmf,mask:vision:0.5:seed101,mask,vision,0.5,101,0.8392955421023666,0.38561805987128345,3634
mosei,clean-only,qmf,mask:vision:0.5:seed202,mask,vision,0.5,202,0.8354430379746836,0.3852777286846133,3634
mosei,clean-only,qmf,mask:vision:0.5:seed303,mask,vision,0.5,303,0.8381948266373143,0.3859594244389803,3634
mosei,clean-only,qmf,mask:vision:0.75:seed101,mask,vision,0.75,101,0.8379196477710512,0.3862126955529711,3634
mosei,clean-only,qmf,mask:vision:0.75:seed202,mask,vision,0.75,202,0.837369290038525,0.3861004551701638,3634
mosei,clean-only,qmf,mask:vision:0.75:seed303,mask,vision,0.75,303,0.8365437534397359,0.3864455880925774,3634
mosei,clean-only,tmc,clean,clean,none,0.0,-1,0.845074298293891,0.36262614674216664,3634
mosei,clean-only,tmc,gaussian:audio:0.25:seed101,gaussian,audio,0.25,101,0.8453494771601541,0.3630208877303056,3634
mosei,clean-only,tmc,gaussian:audio:0.25:seed202,gaussian,audio,0.25,202,0.8464501926252064,0.3628885644653909,3634
mosei,clean-only,tmc,gaussian:audio:0.25:seed303,gaussian,audio,0.25,303,0.8467253714914694,0.3623725413825432,3634
mosei,clean-only,tmc,gaussian:audio:0.5:seed101,gaussian,audio,0.5,101,0.8464501926252064,0.363983785408941,3634
mosei,clean-only,tmc,gaussian:audio:0.5:seed202,gaussian,audio,0.5,202,0.845074298293891,0.36372083638423147,3634
mosei,clean-only,tmc,gaussian:audio:0.5:seed303,gaussian,audio,0.5,303,0.8461750137589433,0.3626966738701412,3634
mosei,clean-only,tmc,gaussian:audio:1.0:seed101,gaussian,audio,1.0,101,0.8456246560264171,0.36707341544877164,3634
mosei,clean-only,tmc,gaussian:audio:1.0:seed202,gaussian,audio,1.0,202,0.8445239405613649,0.3666653070362597,3634
mosei,clean-only,tmc,gaussian:audio:1.0:seed303,gaussian,audio,1.0,303,0.8461750137589433,0.3646372391905644,3634
mosei,clean-only,tmc,gaussian:audio:2.0:seed101,gaussian,audio,2.0,101,0.8439735828288387,0.3755270636260984,3634
mosei,clean-only,tmc,gaussian:audio:2.0:seed202,gaussian,audio,2.0,202,0.837094111172262,0.3749819723579334,3634
mosei,clean-only,tmc,gaussian:audio:2.0:seed303,gaussian,audio,2.0,303,0.8461750137589433,0.37081501514466236,3634
mosei,clean-only,tmc,gaussian:text:0.25:seed101,gaussian,text,0.25,101,0.8445239405613649,0.36493351653903533,3634
mosei,clean-only,tmc,gaussian:text:0.25:seed202,gaussian,text,0.25,202,0.8425976884975234,0.3643542499399451,3634
mosei,clean-only,tmc,gaussian:text:0.25:seed303,gaussian,text,0.25,303,0.8403962575674189,0.36893303294260693,3634
mosei,clean-only,tmc,gaussian:text:0.5:seed101,gaussian,text,0.5,101,0.8357182168409466,0.37300641046167937,3634
mosei,clean-only,tmc,gaussian:text:0.5:seed202,gaussian,text,0.5,202,0.837094111172262,0.3719003551170194,3634
mosei,clean-only,tmc,gaussian:text:0.5:seed303,gaussian,text,0.5,303,0.8296642817831591,0.3812412625555156,3634
mosei,clean-only,tmc,gaussian:text:1.0:seed101,gaussian,text,1.0,101,0.8172812328013208,0.4043638255203056,3634
mosei,clean-only,tmc,gaussian:text:1.0:seed202,gaussian,text,1.0,202,0.8172812328013208,0.4030749749769346,3634
mosei,clean-only,tmc,gaussian:text:1.0:seed303,gaussian,text,1.0,303,0.802421574023115,0.4202055137375804,3634
mosei,clean-only,tmc,gaussian:text:2.0:seed101,gaussian,text,2.0,101,0.7636213538800221,0.5038825687451486,3634
mosei,clean-only,tmc,gaussian:text:2.0:seed202,gaussian,text,2.0,202,0.7694001100715465,0.4980764429068209,3634
mosei,clean-only,tmc,gaussian:text:2.0:seed303,gaussian,text,2.0,303,0.7449091909741332,0.5273929171472871,3634
mosei,clean-only,tmc,gaussian:vision:0.25:seed101,gaussian,vision,0.25,101,0.8467253714914694,0.36254155810654864,3634
mosei,clean-only,tmc,gaussian:vision:0.25:seed202,gaussian,vision,0.25,202,0.8445239405613649,0.36278051478046697,3634
mosei,clean-only,tmc,gaussian:vision:0.25:seed303,gaussian,vision,0.25,303,0.8436984039625757,0.36285102636705907,3634
mosei,clean-only,tmc,gaussian:vision:0.5:seed101,gaussian,vision,0.5,101,0.8478260869565217,0.36318207383737744,3634
mosei,clean-only,tmc,gaussian:vision:0.5:seed202,gaussian,vision,0.5,202,0.8445239405613649,0.363648643502163,3634
mosei,clean-only,tmc,gaussian:vision:0.5:seed303,gaussian,vision,0.5,303,0.8431480462300496,0.36369938842425886,3634
mosei,clean-only,tmc,gaussian:vision:1.0:seed101,gaussian,vision,1.0,101,0.8481012658227848,0.3660514535668244,3634
mosei,clean-only,tmc,gaussian:vision:1.0:seed202,gaussian,vision,1.0,202,0.8436984039625757,0.3667096634134942,3634
mosei,clean-only,tmc,gaussian:vision:1.0:seed303,gaussian,vision,1.0,303,0.8431480462300496,0.3667848174899585,3634
mosei,clean-only,tmc,gaussian:vision:2.0:seed101,gaussian,vision,2.0,101,0.8431480462300496,0.37485327699338283,3634
mosei,clean-only,tmc,gaussian:vision:2.0:seed202,gaussian,vision,2.0,202,0.8406714364336819,0.3751595542009834,3634
mosei,clean-only,tmc,gaussian:vision:2.0:seed303,gaussian,vision,2.0,303,0.8398458998348927,0.37577973177655444,3634
mosei,clean-only,tmc,mask:audio:0.25:seed101,mask,audio,0.25,101,0.8436984039625757,0.3638327131750736,3634
mosei,clean-only,tmc,mask:audio:0.25:seed202,mask,audio,0.25,202,0.8439735828288387,0.36309127721200996,3634
mosei,clean-only,tmc,mask:audio:0.25:seed303,mask,audio,0.25,303,0.8445239405613649,0.3624156298517054,3634
mosei,clean-only,tmc,mask:audio:0.5:seed101,mask,audio,0.5,101,0.8423225096312603,0.36431838827880336,3634
mosei,clean-only,tmc,mask:audio:0.5:seed202,mask,audio,0.5,202,0.8414969730324711,0.3642557558986255,3634
mosei,clean-only,tmc,mask:audio:0.5:seed303,mask,audio,0.5,303,0.8445239405613649,0.3642728557550267,3634
mosei,clean-only,tmc,mask:audio:0.75:seed101,mask,audio,0.75,101,0.8414969730324711,0.3646809538012348,3634
mosei,clean-only,tmc,mask:audio:0.75:seed202,mask,audio,0.75,202,0.8390203632361035,0.36347818817392114,3634
mosei,clean-only,tmc,mask:audio:0.75:seed303,mask,audio,0.75,303,0.8420473307649973,0.36388128909147743,3634
mosei,clean-only,tmc,mask:text:0.25:seed101,mask,text,0.25,101,0.8357182168409466,0.3815511839240011,3634
mosei,clean-only,tmc,mask:text:0.25:seed202,mask,text,0.25,202,0.8348926802421573,0.38332551085948596,3634
mosei,clean-only,tmc,mask:text:0.25:seed303,mask,text,0.25,303,0.8324160704457898,0.379779237342847,3634
mosei,clean-only,tmc,mask:text:0.5:seed101,mask,text,0.5,101,0.817831590533847,0.41402911587041646,3634
mosei,clean-only,tmc,mask:text:0.5:seed202,mask,text,0.5,202,0.8123280132085856,0.41525779322008377,3634
mosei,clean-only,tmc,mask:text:0.5:seed303,mask,text,0.5,303,0.813979086406164,0.4123956252768253,3634
mosei,clean-only,tmc,mask:text:0.75:seed101,mask,text,0.75,101,0.7784810126582279,0.47264093314552724,3634
mosei,clean-only,tmc,mask:text:0.75:seed202,mask,text,0.75,202,0.7669235002751789,0.4789981067224863,3634
mosei,clean-only,tmc,mask:text:0.75:seed303,mask,text,0.75,303,0.7804072647220693,0.47234666099451306,3634
mosei,clean-only,tmc,mask:vision:0.25:seed101,mask,vision,0.25,101,0.845074298293891,0.36183514092385766,3634
mosei,clean-only,tmc,mask:vision:0.25:seed202,mask,vision,0.25,202,0.8467253714914694,0.36171735986375414,3634
mosei,clean-only,tmc,mask:vision:0.25:seed303,mask,vision,0.25,303,0.845074298293891,0.36296148472723605,3634
mosei,clean-only,tmc,mask:vision:0.5:seed101,mask,vision,0.5,101,0.844799119427628,0.3623670297458137,3634
mosei,clean-only,tmc,mask:vision:0.5:seed202,mask,vision,0.5,202,0.8453494771601541,0.36012814304202184,3634
mosei,clean-only,tmc,mask:vision:0.5:seed303,mask,vision,0.5,303,0.8464501926252064,0.36358068514422315,3634
mosei,clean-only,tmc,mask:vision:0.75:seed101,mask,vision,0.75,101,0.8445239405613649,0.3630574390610852,3634
mosei,clean-only,tmc,mask:vision:0.75:seed202,mask,vision,0.75,202,0.8458998348926803,0.3621077122298231,3634
mosei,clean-only,tmc,mask:vision:0.75:seed303,mask,vision,0.75,303,0.8420473307649973,0.36378597531864293,3634
cremad,clean-only,A7_equal_ensemble,clean,clean,none,0.0,-1,0.6385380274119861,0.9641204841209527,7442
cremad,clean-only,A7_equal_ensemble,gaussian:audio:0.25:seed101,gaussian,audio,0.25,101,0.6366568126847622,0.9668543456364325,7442
cremad,clean-only,A7_equal_ensemble,gaussian:audio:0.25:seed202,gaussian,audio,0.25,202,0.6346412254770223,0.9691997647176689,7442
cremad,clean-only,A7_equal_ensemble,gaussian:audio:0.25:seed303,gaussian,audio,0.25,303,0.638941144853534,0.9666312088638316,7442
cremad,clean-only,A7_equal_ensemble,gaussian:audio:0.5:seed101,gaussian,audio,0.5,101,0.6346412254770223,0.9747434921392447,7442
cremad,clean-only,A7_equal_ensemble,gaussian:audio:0.5:seed202,gaussian,audio,0.5,202,0.6306100510615426,0.9791211139596978,7442
cremad,clean-only,A7_equal_ensemble,gaussian:audio:0.5:seed303,gaussian,audio,0.5,303,0.6381349099704381,0.9741720748810313,7442
cremad,clean-only,A7_equal_ensemble,gaussian:audio:1.0:seed101,gaussian,audio,1.0,101,0.6208008599838754,1.0037607056079911,7442
cremad,clean-only,A7_equal_ensemble,gaussian:audio:1.0:seed202,gaussian,audio,1.0,202,0.6183821553345875,1.0120662892346681,7442
cremad,clean-only,A7_equal_ensemble,gaussian:audio:1.0:seed303,gaussian,audio,1.0,303,0.6311475409836066,1.0028002116836798,7442
cremad,clean-only,A7_equal_ensemble,gaussian:audio:2.0:seed101,gaussian,audio,2.0,101,0.5874764848159097,1.098736689621213,7442
cremad,clean-only,A7_equal_ensemble,gaussian:audio:2.0:seed202,gaussian,audio,2.0,202,0.5803547433485622,1.1127361607284885,7442
cremad,clean-only,A7_equal_ensemble,gaussian:audio:2.0:seed303,gaussian,audio,2.0,303,0.5866702499328138,1.0968597999835747,7442
cremad,clean-only,A7_equal_ensemble,gaussian:visual:0.25:seed101,gaussian,visual,0.25,101,0.6330287557108304,0.9721402118320184,7442
cremad,clean-only,A7_equal_ensemble,gaussian:visual:0.25:seed202,gaussian,visual,0.25,202,0.6355818328406342,0.9723636512579915,7442
cremad,clean-only,A7_equal_ensemble,gaussian:visual:0.25:seed303,gaussian,visual,0.25,303,0.6354474603601182,0.9689424771120502,7442
cremad,clean-only,A7_equal_ensemble,gaussian:visual:0.5:seed101,gaussian,visual,0.5,101,0.6273851115291589,0.9897087228157135,7442
cremad,clean-only,A7_equal_ensemble,gaussian:visual:0.5:seed202,gaussian,visual,0.5,202,0.6307444235420586,0.990658070387008,7442
cremad,clean-only,A7_equal_ensemble,gaussian:visual:0.5:seed303,gaussian,visual,0.5,303,0.6296694436979307,0.9844959566104081,7442
cremad,clean-only,A7_equal_ensemble,gaussian:visual:1.0:seed101,gaussian,visual,1.0,101,0.6065573770491803,1.0501348724443695,7442
cremad,clean-only,A7_equal_ensemble,gaussian:visual:1.0:seed202,gaussian,visual,1.0,202,0.6058855146466003,1.0535599389035522,7442
cremad,clean-only,A7_equal_ensemble,gaussian:visual:1.0:seed303,gaussian,visual,1.0,303,0.6095135716205321,1.042214439425329,7442
cremad,clean-only,A7_equal_ensemble,gaussian:visual:2.0:seed101,gaussian,visual,2.0,101,0.5456866433754367,1.2259141010705585,7442
cremad,clean-only,A7_equal_ensemble,gaussian:visual:2.0:seed202,gaussian,visual,2.0,202,0.5431335662456329,1.2324838437057286,7442
cremad,clean-only,A7_equal_ensemble,gaussian:visual:2.0:seed303,gaussian,visual,2.0,303,0.5526740123622682,1.212166592494575,7442
cremad,clean-only,A7_equal_ensemble,mask:audio:0.25:seed101,mask,audio,0.25,101,0.6186509002956194,1.0177999107214397,7442
cremad,clean-only,A7_equal_ensemble,mask:audio:0.25:seed202,mask,audio,0.25,202,0.6183821553345875,1.0184642164419229,7442
cremad,clean-only,A7_equal_ensemble,mask:audio:0.25:seed303,mask,audio,0.25,303,0.6150228433216878,1.0178784143289663,7442
cremad,clean-only,A7_equal_ensemble,mask:audio:0.5:seed101,mask,audio,0.5,101,0.5788766460628864,1.101636227369367,7442
cremad,clean-only,A7_equal_ensemble,mask:audio:0.5:seed202,mask,audio,0.5,202,0.5837140553614619,1.1012283894926786,7442
cremad,clean-only,A7_equal_ensemble,mask:audio:0.5:seed303,mask,audio,0.5,303,0.5795485084654662,1.104424191939249,7442
cremad,clean-only,A7_equal_ensemble,mask:audio:0.75:seed101,mask,audio,0.75,101,0.5184090298306907,1.2413361262669758,7442
cremad,clean-only,A7_equal_ensemble,mask:audio:0.75:seed202,mask,audio,0.75,202,0.5194840096748186,1.2426664547564545,7442
cremad,clean-only,A7_equal_ensemble,mask:audio:0.75:seed303,mask,audio,0.75,303,0.5181402848696587,1.2438345459684292,7442
cremad,clean-only,A7_equal_ensemble,mask:visual:0.25:seed101,mask,visual,0.25,101,0.6402848696586939,0.9660432727700291,7442
cremad,clean-only,A7_equal_ensemble,mask:visual:0.25:seed202,mask,visual,0.25,202,0.6373286750873421,0.9706837281951443,7442
cremad,clean-only,A7_equal_ensemble,mask:visual:0.25:seed303,mask,visual,0.25,303,0.6345068529965063,0.970398197933619,7442
cremad,clean-only,A7_equal_ensemble,mask:visual:0.5:seed101,mask,visual,0.5,101,0.6303413061005106,0.9905450828920616,7442
cremad,clean-only,A7_equal_ensemble,mask:visual:0.5:seed202,mask,visual,0.5,202,0.6350443429185703,0.9966982973915864,7442
cremad,clean-only,A7_equal_ensemble,mask:visual:0.5:seed303,mask,visual,0.5,303,0.6300725611394786,0.9910688275754932,7442
cremad,clean-only,A7_equal_ensemble,mask:visual:0.75:seed101,mask,visual,0.75,101,0.6056167696855684,1.065617550814932,7442
cremad,clean-only,A7_equal_ensemble,mask:visual:0.75:seed202,mask,visual,0.75,202,0.612201021230852,1.0645742918910275,7442
cremad,clean-only,A7_equal_ensemble,mask:visual:0.75:seed303,mask,visual,0.75,303,0.6101854340231121,1.0624730890760437,7442
cremad,clean-only,A8_safe_fallback,clean,clean,none,0.0,-1,0.6373286750873421,0.9629784283752847,7442
cremad,clean-only,A8_safe_fallback,gaussian:audio:0.25:seed101,gaussian,audio,0.25,101,0.6369255576457942,0.9668619340343196,7442
cremad,clean-only,A8_safe_fallback,gaussian:audio:0.25:seed202,gaussian,audio,0.25,202,0.6335662456328944,0.9694842013527785,7442
cremad,clean-only,A8_safe_fallback,gaussian:audio:0.25:seed303,gaussian,audio,0.25,303,0.63840365493147,0.9666088579579863,7442
cremad,clean-only,A8_safe_fallback,gaussian:audio:0.5:seed101,gaussian,audio,0.5,101,0.6284600913732867,0.977654491834162,7442
cremad,clean-only,A8_safe_fallback,gaussian:audio:0.5:seed202,gaussian,audio,0.5,202,0.6295350712174147,0.9828698515772761,7442
cremad,clean-only,A8_safe_fallback,gaussian:audio:0.5:seed303,gaussian,audio,0.5,303,0.6339693630744424,0.9778708040711991,7442
cremad,clean-only,A8_safe_fallback,gaussian:audio:1.0:seed101,gaussian,audio,1.0,101,0.6173071754904595,1.0176917178154252,7442
cremad,clean-only,A8_safe_fallback,gaussian:audio:1.0:seed202,gaussian,audio,1.0,202,0.6139478634775598,1.0285134578662536,7442
cremad,clean-only,A8_safe_fallback,gaussian:audio:1.0:seed303,gaussian,audio,1.0,303,0.6225477022305832,1.019061457762869,7442
cremad,clean-only,A8_safe_fallback,gaussian:audio:2.0:seed101,gaussian,audio,2.0,101,0.5725611394786347,1.1483618271622835,7442
cremad,clean-only,A8_safe_fallback,gaussian:audio:2.0:seed202,gaussian,audio,2.0,202,0.5634238108035474,1.1686804604037602,7442
cremad,clean-only,A8_safe_fallback,gaussian:audio:2.0:seed303,gaussian,audio,2.0,303,0.569067454985219,1.1521977346409196,7442
cremad,clean-only,A8_safe_fallback,gaussian:visual:0.25:seed101,gaussian,visual,0.25,101,0.6332975006718624,0.9735352620979812,7442
cremad,clean-only,A8_safe_fallback,gaussian:visual:0.25:seed202,gaussian,visual,0.25,202,0.6354474603601182,0.9736322812537169,7442
cremad,clean-only,A8_safe_fallback,gaussian:visual:0.25:seed303,gaussian,visual,0.25,303,0.6337006181134104,0.9684567974566828,7442
cremad,clean-only,A8_safe_fallback,gaussian:visual:0.5:seed101,gaussian,visual,0.5,101,0.6276538564901908,0.9965617510989088,7442
cremad,clean-only,A8_safe_fallback,gaussian:visual:0.5:seed202,gaussian,visual,0.5,202,0.6280569739317388,0.9975471321437316,7442
cremad,clean-only,A8_safe_fallback,gaussian:visual:0.5:seed303,gaussian,visual,0.5,303,0.6281913464122548,0.9882445941242248,7442
cremad,clean-only,A8_safe_fallback,gaussian:visual:1.0:seed101,gaussian,visual,1.0,101,0.6048105348024725,1.0738766738414671,7442
cremad,clean-only,A8_safe_fallback,gaussian:visual:1.0:seed202,gaussian,visual,1.0,202,0.5998387530233809,1.07893048681941,7442
cremad,clean-only,A8_safe_fallback,gaussian:visual:1.0:seed303,gaussian,visual,1.0,303,0.6014512227895727,1.0619067774851516,7442
cremad,clean-only,A8_safe_fallback,gaussian:visual:2.0:seed101,gaussian,visual,2.0,101,0.5322493953238376,1.3009517770977719,7442
cremad,clean-only,A8_safe_fallback,gaussian:visual:2.0:seed202,gaussian,visual,2.0,202,0.5334587476484816,1.3080927301507335,7442
cremad,clean-only,A8_safe_fallback,gaussian:visual:2.0:seed303,gaussian,visual,2.0,303,0.5428648212846009,1.2773552798713457,7442
cremad,clean-only,A8_safe_fallback,mask:audio:0.25:seed101,mask,audio,0.25,101,0.6105885514646601,1.0207548192158007,7442
cremad,clean-only,A8_safe_fallback,mask:audio:0.25:seed202,mask,audio,0.25,202,0.6165009406073636,1.0219440039807086,7442
cremad,clean-only,A8_safe_fallback,mask:audio:0.25:seed303,mask,audio,0.25,303,0.6120666487503359,1.0203827303971709,7442
cremad,clean-only,A8_safe_fallback,mask:audio:0.5:seed101,mask,audio,0.5,101,0.5736361193227627,1.1087253072716916,7442
cremad,clean-only,A8_safe_fallback,mask:audio:0.5:seed202,mask,audio,0.5,202,0.5794141359849503,1.106955238580518,7442
cremad,clean-only,A8_safe_fallback,mask:audio:0.5:seed303,mask,audio,0.5,303,0.5779360386992743,1.1107948184925387,7442
cremad,clean-only,A8_safe_fallback,mask:audio:0.75:seed101,mask,audio,0.75,101,0.5177371674281107,1.2526969778572365,7442
cremad,clean-only,A8_safe_fallback,mask:audio:0.75:seed202,mask,audio,0.75,202,0.5174684224670787,1.2531719183114127,7442
cremad,clean-only,A8_safe_fallback,mask:audio:0.75:seed303,mask,audio,0.75,303,0.5169309325450148,1.2541387320308854,7442
cremad,clean-only,A8_safe_fallback,mask:visual:0.25:seed101,mask,visual,0.25,101,0.6412254770223058,0.9651656839552598,7442
cremad,clean-only,A8_safe_fallback,mask:visual:0.25:seed202,mask,visual,0.25,202,0.6371943026068261,0.9708348157421176,7442
cremad,clean-only,A8_safe_fallback,mask:visual:0.25:seed303,mask,visual,0.25,303,0.6334318731523784,0.9707566452776359,7442
cremad,clean-only,A8_safe_fallback,mask:visual:0.5:seed101,mask,visual,0.5,101,0.6334318731523784,0.9888741588822887,7442
cremad,clean-only,A8_safe_fallback,mask:visual:0.5:seed202,mask,visual,0.5,202,0.6318194033861865,0.996386006946071,7442
cremad,clean-only,A8_safe_fallback,mask:visual:0.5:seed303,mask,visual,0.5,303,0.6334318731523784,0.989625564671524,7442
cremad,clean-only,A8_safe_fallback,mask:visual:0.75:seed101,mask,visual,0.75,101,0.6044074173609245,1.058991421878951,7442
cremad,clean-only,A8_safe_fallback,mask:visual:0.75:seed202,mask,visual,0.75,202,0.6070948669712443,1.0603664558296286,7442
cremad,clean-only,A8_safe_fallback,mask:visual:0.75:seed303,mask,visual,0.75,303,0.6099166890620801,1.054301098621737,7442
cremad,clean-only,full_ensemble,clean,clean,none,0.0,-1,0.6343724805159904,0.9738392429402717,7442
cremad,clean-only,full_ensemble,gaussian:audio:0.25:seed101,gaussian,audio,0.25,101,0.6334318731523784,0.9767700250401944,7442
cremad,clean-only,full_ensemble,gaussian:audio:0.25:seed202,gaussian,audio,0.25,202,0.6294006987368986,0.9790009890751405,7442
cremad,clean-only,full_ensemble,gaussian:audio:0.25:seed303,gaussian,audio,0.25,303,0.6342381080354743,0.9764319306169269,7442
cremad,clean-only,full_ensemble,gaussian:audio:0.5:seed101,gaussian,audio,0.5,101,0.6307444235420586,0.9849633394509375,7442
cremad,clean-only,full_ensemble,gaussian:audio:0.5:seed202,gaussian,audio,0.5,202,0.6256382692824509,0.9893540761570926,7442
cremad,clean-only,full_ensemble,gaussian:audio:0.5:seed303,gaussian,audio,0.5,303,0.6324912657887665,0.9844598791299611,7442
cremad,clean-only,full_ensemble,gaussian:audio:1.0:seed101,gaussian,audio,1.0,101,0.6158290782047836,1.0158061205761861,7442
cremad,clean-only,full_ensemble,gaussian:audio:1.0:seed202,gaussian,audio,1.0,202,0.6152915882827197,1.0239957466009393,7442
cremad,clean-only,full_ensemble,gaussian:audio:1.0:seed303,gaussian,audio,1.0,303,0.624294544477291,1.0149103972427758,7442
cremad,clean-only,full_ensemble,gaussian:audio:2.0:seed101,gaussian,audio,2.0,101,0.5769954313356624,1.1169722080765552,7442
cremad,clean-only,full_ensemble,gaussian:audio:2.0:seed202,gaussian,audio,2.0,202,0.5735017468422468,1.1301392070277292,7442
cremad,clean-only,full_ensemble,gaussian:audio:2.0:seed303,gaussian,audio,2.0,303,0.5784735286213384,1.1148659795008298,7442
cremad,clean-only,full_ensemble,gaussian:visual:0.25:seed101,gaussian,visual,0.25,101,0.6267132491265789,0.9822374380855542,7442
cremad,clean-only,full_ensemble,gaussian:visual:0.25:seed202,gaussian,visual,0.25,202,0.6300725611394786,0.9826797773399476,7442
cremad,clean-only,full_ensemble,gaussian:visual:0.25:seed303,gaussian,visual,0.25,303,0.6312819134641225,0.9790932918137792,7442
cremad,clean-only,full_ensemble,gaussian:visual:0.5:seed101,gaussian,visual,0.5,101,0.6226820747110992,1.001304024415124,7442
cremad,clean-only,full_ensemble,gaussian:visual:0.5:seed202,gaussian,visual,0.5,202,0.625772641762967,1.0025512043054698,7442
cremad,clean-only,full_ensemble,gaussian:visual:0.5:seed303,gaussian,visual,0.5,303,0.6234883095941951,0.9957880123325303,7442
cremad,clean-only,full_ensemble,gaussian:visual:1.0:seed101,gaussian,visual,1.0,101,0.5987637731792529,1.0661422314661715,7442
cremad,clean-only,full_ensemble,gaussian:visual:1.0:seed202,gaussian,visual,1.0,202,0.6031980650362806,1.0701890525515365,7442
cremad,clean-only,full_ensemble,gaussian:visual:1.0:seed303,gaussian,visual,1.0,303,0.6042730448804084,1.0574539506085174,7442
cremad,clean-only,full_ensemble,gaussian:visual:2.0:seed101,gaussian,visual,2.0,101,0.5373555495834453,1.2540301453104044,7442
cremad,clean-only,full_ensemble,gaussian:visual:2.0:seed202,gaussian,visual,2.0,202,0.5365493147003494,1.2620336335302569,7442
cremad,clean-only,full_ensemble,gaussian:visual:2.0:seed303,gaussian,visual,2.0,303,0.5443429185702768,1.239836662047435,7442
cremad,clean-only,full_ensemble,mask:audio:0.25:seed101,mask,audio,0.25,101,0.6127385111529159,1.0273894487804136,7442
cremad,clean-only,full_ensemble,mask:audio:0.25:seed202,mask,audio,0.25,202,0.6130072561139479,1.0279527828521968,7442
cremad,clean-only,full_ensemble,mask:audio:0.25:seed303,mask,audio,0.25,303,0.6096479441010481,1.0274588662318074,7442
cremad,clean-only,full_ensemble,mask:audio:0.5:seed101,mask,audio,0.5,101,0.5796828809459823,1.107247078328332,7442
cremad,clean-only,full_ensemble,mask:audio:0.5:seed202,mask,audio,0.5,202,0.5799516259070142,1.1068291539066288,7442
cremad,clean-only,full_ensemble,mask:audio:0.5:seed303,mask,audio,0.5,303,0.5769954313356624,1.1102029912317397,7442
cremad,clean-only,full_ensemble,mask:audio:0.75:seed101,mask,audio,0.75,101,0.5216339693630745,1.2391256220093823,7442
cremad,clean-only,full_ensemble,mask:audio:0.75:seed202,mask,audio,0.75,202,0.5259338887395861,1.2408614518335257,7442
cremad,clean-only,full_ensemble,mask:audio:0.75:seed303,mask,audio,0.75,303,0.5224402042461704,1.242161887359519,7442
cremad,clean-only,full_ensemble,mask:visual:0.25:seed101,mask,visual,0.25,101,0.6331631281913465,0.9763642493821878,7442
cremad,clean-only,full_ensemble,mask:visual:0.25:seed202,mask,visual,0.25,202,0.6338349905939263,0.9817314796337147,7442
cremad,clean-only,full_ensemble,mask:visual:0.25:seed303,mask,visual,0.25,303,0.6284600913732867,0.9812099743706502,7442
cremad,clean-only,full_ensemble,mask:visual:0.5:seed101,mask,visual,0.5,101,0.6279226014512228,1.0008578948920426,7442
cremad,clean-only,full_ensemble,mask:visual:0.5:seed202,mask,visual,0.5,202,0.6300725611394786,1.007205032987629,7442
cremad,clean-only,full_ensemble,mask:visual:0.5:seed303,mask,visual,0.5,303,0.6256382692824509,1.0008631488047186,7442
cremad,clean-only,full_ensemble,mask:visual:0.75:seed101,mask,visual,0.75,101,0.6065573770491803,1.0728744211608818,7442
cremad,clean-only,full_ensemble,mask:visual:0.75:seed202,mask,visual,0.75,202,0.6124697661918839,1.0723093695344734,7442
cremad,clean-only,full_ensemble,mask:visual:0.75:seed303,mask,visual,0.75,303,0.6096479441010481,1.069560055762133,7442
cremad,clean-only,i2moe,clean,clean,none,0.0,-1,0.6299381886589627,0.9924431773483375,7442
cremad,clean-only,i2moe,gaussian:audio:0.25:seed101,gaussian,audio,0.25,101,0.6292663262563827,0.9946637475330569,7442
cremad,clean-only,i2moe,gaussian:audio:0.25:seed202,gaussian,audio,0.25,202,0.6279226014512228,0.9959786219521383,7442
cremad,clean-only,i2moe,gaussian:audio:0.25:seed303,gaussian,audio,0.25,303,0.6308787960225746,0.9938466415308723,7442
cremad,clean-only,i2moe,gaussian:audio:0.5:seed101,gaussian,audio,0.5,101,0.625235151840903,1.0001959605073387,7442
cremad,clean-only,i2moe,gaussian:audio:0.5:seed202,gaussian,audio,0.5,202,0.625772641762967,1.002930566934598,7442
cremad,clean-only,i2moe,gaussian:audio:0.5:seed303,gaussian,audio,0.5,303,0.6276538564901908,0.9986964716157178,7442
cremad,clean-only,i2moe,gaussian:audio:1.0:seed101,gaussian,audio,1.0,101,0.6143509809191078,1.0207666353527287,7442
cremad,clean-only,i2moe,gaussian:audio:1.0:seed202,gaussian,audio,1.0,202,0.6165009406073636,1.0263227176683594,7442
cremad,clean-only,i2moe,gaussian:audio:1.0:seed303,gaussian,audio,1.0,303,0.6228164471916151,1.0183326577392067,7442
cremad,clean-only,i2moe,gaussian:audio:2.0:seed101,gaussian,audio,2.0,101,0.5804891158290783,1.0950893309323362,7442
cremad,clean-only,i2moe,gaussian:audio:2.0:seed202,gaussian,audio,2.0,202,0.582504703036818,1.1054711565902937,7442
cremad,clean-only,i2moe,gaussian:audio:2.0:seed303,gaussian,audio,2.0,303,0.583310937919914,1.0917908047320972,7442
cremad,clean-only,i2moe,gaussian:visual:0.25:seed101,gaussian,visual,0.25,101,0.6269819940876109,0.997057272091525,7442
cremad,clean-only,i2moe,gaussian:visual:0.25:seed202,gaussian,visual,0.25,202,0.6299381886589627,0.9974342884624182,7442
cremad,clean-only,i2moe,gaussian:visual:0.25:seed303,gaussian,visual,0.25,303,0.6324912657887665,0.9961743717240049,7442
cremad,clean-only,i2moe,gaussian:visual:0.5:seed101,gaussian,visual,0.5,101,0.6265788766460629,1.009058000636333,7442
cremad,clean-only,i2moe,gaussian:visual:0.5:seed202,gaussian,visual,0.5,202,0.6256382692824509,1.0097635059434014,7442
cremad,clean-only,i2moe,gaussian:visual:0.5:seed303,gaussian,visual,0.5,303,0.6296694436979307,1.007149789768477,7442
cremad,clean-only,i2moe,gaussian:visual:1.0:seed101,gaussian,visual,1.0,101,0.6060198871271164,1.0544122387852368,7442
cremad,clean-only,i2moe,gaussian:visual:1.0:seed202,gaussian,visual,1.0,202,0.6060198871271164,1.0556349455265812,7442
cremad,clean-only,i2moe,gaussian:visual:1.0:seed303,gaussian,visual,1.0,303,0.611797903789304,1.0501932482418084,7442
cremad,clean-only,i2moe,gaussian:visual:2.0:seed101,gaussian,visual,2.0,101,0.5440741736092448,1.2174357973173835,7442
cremad,clean-only,i2moe,gaussian:visual:2.0:seed202,gaussian,visual,2.0,202,0.5467616232195647,1.2204605577884342,7442
cremad,clean-only,i2moe,gaussian:visual:2.0:seed303,gaussian,visual,2.0,303,0.5505240526740124,1.2089412610910215,7442
cremad,clean-only,i2moe,mask:audio:0.25:seed101,mask,audio,0.25,101,0.6089760816984682,1.0458676302238588,7442
cremad,clean-only,i2moe,mask:audio:0.25:seed202,mask,audio,0.25,202,0.6143509809191078,1.0461239159682765,7442
cremad,clean-only,i2moe,mask:audio:0.25:seed303,mask,audio,0.25,303,0.6143509809191078,1.0461791183009344,7442
cremad,clean-only,i2moe,mask:audio:0.5:seed101,mask,audio,0.5,101,0.5794141359849503,1.1275591824526214,7442
cremad,clean-only,i2moe,mask:audio:0.5:seed202,mask,audio,0.5,202,0.5791453910239183,1.128667795294739,7442
cremad,clean-only,i2moe,mask:audio:0.5:seed303,mask,audio,0.5,303,0.5769954313356624,1.1290291112846456,7442
cremad,clean-only,i2moe,mask:audio:0.75:seed101,mask,audio,0.75,101,0.5228433216877184,1.2516038215410321,7442
cremad,clean-only,i2moe,mask:audio:0.75:seed202,mask,audio,0.75,202,0.5192152647137867,1.2525505312045184,7442
cremad,clean-only,i2moe,mask:audio:0.75:seed303,mask,audio,0.75,303,0.5209621069604945,1.2535729196537109,7442
cremad,clean-only,i2moe,mask:visual:0.25:seed101,mask,visual,0.25,101,0.6326256382692824,0.9994030488175931,7442
cremad,clean-only,i2moe,mask:visual:0.25:seed202,mask,visual,0.25,202,0.6331631281913465,1.0013586807047896,7442
cremad,clean-only,i2moe,mask:visual:0.25:seed303,mask,visual,0.25,303,0.6355818328406342,1.0007624143596474,7442
cremad,clean-only,i2moe,mask:visual:0.5:seed101,mask,visual,0.5,101,0.6296694436979307,1.0337119045633607,7442
cremad,clean-only,i2moe,mask:visual:0.5:seed202,mask,visual,0.5,202,0.6308787960225746,1.0363927149527135,7442
cremad,clean-only,i2moe,mask:visual:0.5:seed303,mask,visual,0.5,303,0.6365224402042462,1.03427249247587,7442
cremad,clean-only,i2moe,mask:visual:0.75:seed101,mask,visual,0.75,101,0.6062886320881483,1.1131799382560623,7442
cremad,clean-only,i2moe,mask:visual:0.75:seed202,mask,visual,0.75,202,0.6042730448804084,1.1134152651149032,7442
cremad,clean-only,i2moe,mask:visual:0.75:seed303,mask,visual,0.75,303,0.610991668906208,1.1128934189674442,7442
cremad,clean-only,pdf,clean,clean,none,0.0,-1,0.6306100510615426,1.0264966316749133,7442
cremad,clean-only,pdf,gaussian:audio:0.25:seed101,gaussian,audio,0.25,101,0.6288632088148347,1.0285102072064063,7442
cremad,clean-only,pdf,gaussian:audio:0.25:seed202,gaussian,audio,0.25,202,0.6271163665681269,1.0303390211151306,7442
cremad,clean-only,pdf,gaussian:audio:0.25:seed303,gaussian,audio,0.25,303,0.6292663262563827,1.028066046204705,7442
cremad,clean-only,pdf,gaussian:audio:0.5:seed101,gaussian,audio,0.5,101,0.625369524321419,1.0342786192369846,7442
cremad,clean-only,pdf,gaussian:audio:0.5:seed202,gaussian,audio,0.5,202,0.6224133297500671,1.0379519654158857,7442
cremad,clean-only,pdf,gaussian:audio:0.5:seed303,gaussian,audio,0.5,303,0.6228164471916151,1.0337238540878002,7442
cremad,clean-only,pdf,gaussian:audio:1.0:seed101,gaussian,audio,1.0,101,0.611797903789304,1.0565775934160615,7442
cremad,clean-only,pdf,gaussian:audio:1.0:seed202,gaussian,audio,1.0,202,0.6077667293738243,1.0650428743792024,7442
cremad,clean-only,pdf,gaussian:audio:1.0:seed303,gaussian,audio,1.0,303,0.6119322762698199,1.0573565991752665,7442
cremad,clean-only,pdf,gaussian:audio:2.0:seed101,gaussian,audio,2.0,101,0.570276807309863,1.1437766555648003,7442
cremad,clean-only,pdf,gaussian:audio:2.0:seed202,gaussian,audio,2.0,202,0.5697393173877989,1.1618848487605662,7442
cremad,clean-only,pdf,gaussian:audio:2.0:seed303,gaussian,audio,2.0,303,0.5679924751410911,1.1493588185824946,7442
cremad,clean-only,pdf,gaussian:visual:0.25:seed101,gaussian,visual,0.25,101,0.6281913464122548,1.0345698693798855,7442
cremad,clean-only,pdf,gaussian:visual:0.25:seed202,gaussian,visual,0.25,202,0.6265788766460629,1.0346424438519117,7442
cremad,clean-only,pdf,gaussian:visual:0.25:seed303,gaussian,visual,0.25,303,0.6279226014512228,1.0330020049893276,7442
cremad,clean-only,pdf,gaussian:visual:0.5:seed101,gaussian,visual,0.5,101,0.6195915076592314,1.0533271353895355,7442
cremad,clean-only,pdf,gaussian:visual:0.5:seed202,gaussian,visual,0.5,202,0.6170384305294275,1.0547988148658736,7442
cremad,clean-only,pdf,gaussian:visual:0.5:seed303,gaussian,visual,0.5,303,0.6222789572695512,1.0504542240907149,7442
cremad,clean-only,pdf,gaussian:visual:1.0:seed101,gaussian,visual,1.0,101,0.5932545014780973,1.1222632563123587,7442
cremad,clean-only,pdf,gaussian:visual:1.0:seed202,gaussian,visual,1.0,202,0.5901639344262295,1.1282406531344824,7442
cremad,clean-only,pdf,gaussian:visual:1.0:seed303,gaussian,visual,1.0,303,0.5936576189196453,1.1170025273281454,7442
cremad,clean-only,pdf,gaussian:visual:2.0:seed101,gaussian,visual,2.0,101,0.5197527546358506,1.3714755664082765,7442
cremad,clean-only,pdf,gaussian:visual:2.0:seed202,gaussian,visual,2.0,202,0.5180059123891427,1.3848067719239883,7442
cremad,clean-only,pdf,gaussian:visual:2.0:seed303,gaussian,visual,2.0,303,0.5205589895189465,1.3581298465642866,7442
cremad,clean-only,pdf,mask:audio:0.25:seed101,mask,audio,0.25,101,0.6013168503090567,1.0992773140220549,7442
cremad,clean-only,pdf,mask:audio:0.25:seed202,mask,audio,0.25,202,0.6049449072829884,1.1005364481632942,7442
cremad,clean-only,pdf,mask:audio:0.25:seed303,mask,audio,0.25,303,0.6040042999193765,1.0994843438411883,7442
cremad,clean-only,pdf,mask:audio:0.5:seed101,mask,audio,0.5,101,0.5615425960763236,1.195984399595379,7442
cremad,clean-only,pdf,mask:audio:0.5:seed202,mask,audio,0.5,202,0.5638269282450954,1.1962929815614363,7442
cremad,clean-only,pdf,mask:audio:0.5:seed303,mask,audio,0.5,303,0.5635581832840634,1.1967541675014106,7442
cremad,clean-only,pdf,mask:audio:0.75:seed101,mask,audio,0.75,101,0.5053748992206396,1.3144731554859062,7442
cremad,clean-only,pdf,mask:audio:0.75:seed202,mask,audio,0.75,202,0.5041655468959957,1.315727374252367,7442
cremad,clean-only,pdf,mask:audio:0.75:seed303,mask,audio,0.75,303,0.5051061542596076,1.314934482302267,7442
cremad,clean-only,pdf,mask:visual:0.25:seed101,mask,visual,0.25,101,0.6402848696586939,1.021622282627709,7442
cremad,clean-only,pdf,mask:visual:0.25:seed202,mask,visual,0.25,202,0.6373286750873421,1.0221431218988588,7442
cremad,clean-only,pdf,mask:visual:0.25:seed303,mask,visual,0.25,303,0.6349099704380543,1.022854315732235,7442
cremad,clean-only,pdf,mask:visual:0.5:seed101,mask,visual,0.5,101,0.6402848696586939,1.0415067740316022,7442
cremad,clean-only,pdf,mask:visual:0.5:seed202,mask,visual,0.5,202,0.6363880677237301,1.043455608903794,7442
cremad,clean-only,pdf,mask:visual:0.5:seed303,mask,visual,0.5,303,0.63840365493147,1.0423939280447587,7442
cremad,clean-only,pdf,mask:visual:0.75:seed101,mask,visual,0.75,101,0.6277882289707069,1.0973408569087713,7442
cremad,clean-only,pdf,mask:visual:0.75:seed202,mask,visual,0.75,202,0.625235151840903,1.0976126239243025,7442
cremad,clean-only,pdf,mask:visual:0.75:seed303,mask,visual,0.75,303,0.625235151840903,1.0974604335275924,7442
cremad,clean-only,qmf,clean,clean,none,0.0,-1,0.6324912657887665,1.0412337464741437,7442
cremad,clean-only,qmf,gaussian:audio:0.25:seed101,gaussian,audio,0.25,101,0.6324912657887665,1.0429549901152995,7442
cremad,clean-only,qmf,gaussian:audio:0.25:seed202,gaussian,audio,0.25,202,0.6330287557108304,1.0457419084356008,7442
cremad,clean-only,qmf,gaussian:audio:0.25:seed303,gaussian,audio,0.25,303,0.6311475409836066,1.0422714316712978,7442
cremad,clean-only,qmf,gaussian:audio:0.5:seed101,gaussian,audio,0.5,101,0.6291319537758667,1.048229864355168,7442
cremad,clean-only,qmf,gaussian:audio:0.5:seed202,gaussian,audio,0.5,202,0.6273851115291589,1.0537204054254885,7442
cremad,clean-only,qmf,gaussian:audio:0.5:seed303,gaussian,audio,0.5,303,0.6289975812953507,1.0470838019829847,7442
cremad,clean-only,qmf,gaussian:audio:1.0:seed101,gaussian,audio,1.0,101,0.6136791185165278,1.070752831520827,7442
cremad,clean-only,qmf,gaussian:audio:1.0:seed202,gaussian,audio,1.0,202,0.6147540983606558,1.0816985686799978,7442
cremad,clean-only,qmf,gaussian:audio:1.0:seed303,gaussian,audio,1.0,303,0.6159634506852997,1.0701394303353613,7442
cremad,clean-only,qmf,gaussian:audio:2.0:seed101,gaussian,audio,2.0,101,0.5681268476216071,1.1869834041628764,7442
cremad,clean-only,qmf,gaussian:audio:2.0:seed202,gaussian,audio,2.0,202,0.5631550658425154,1.2108464904822003,7442
cremad,clean-only,qmf,gaussian:audio:2.0:seed303,gaussian,audio,2.0,303,0.5689330825047031,1.1926036201462529,7442
cremad,clean-only,qmf,gaussian:visual:0.25:seed101,gaussian,visual,0.25,101,0.6300725611394786,1.0518477390860606,7442
cremad,clean-only,qmf,gaussian:visual:0.25:seed202,gaussian,visual,0.25,202,0.6300725611394786,1.052118448613558,7442
cremad,clean-only,qmf,gaussian:visual:0.25:seed303,gaussian,visual,0.25,303,0.6302069336199946,1.0504984142948275,7442
cremad,clean-only,qmf,gaussian:visual:0.5:seed101,gaussian,visual,0.5,101,0.6216070948669713,1.0781676351158143,7442
cremad,clean-only,qmf,gaussian:visual:0.5:seed202,gaussian,visual,0.5,202,0.6237570545552271,1.0796928386604119,7442
cremad,clean-only,qmf,gaussian:visual:0.5:seed303,gaussian,visual,0.5,303,0.624697661918839,1.0742817449812048,7442
cremad,clean-only,qmf,gaussian:visual:1.0:seed101,gaussian,visual,1.0,101,0.5861327600107498,1.183373892708686,7442
cremad,clean-only,qmf,gaussian:visual:1.0:seed202,gaussian,visual,1.0,202,0.5890889545821015,1.188955401537197,7442
cremad,clean-only,qmf,gaussian:visual:1.0:seed303,gaussian,visual,1.0,303,0.5878796022574577,1.1708757595945758,7442
cremad,clean-only,qmf,gaussian:visual:2.0:seed101,gaussian,visual,2.0,101,0.4978500403117442,1.6550849998018358,7442
cremad,clean-only,qmf,gaussian:visual:2.0:seed202,gaussian,visual,2.0,202,0.49543133566245634,1.6624932548973677,7442
cremad,clean-only,qmf,gaussian:visual:2.0:seed303,gaussian,visual,2.0,303,0.4974469228701962,1.6019451135278397,7442
cremad,clean-only,qmf,mask:audio:0.25:seed101,mask,audio,0.25,101,0.5984950282182209,1.1401570464670108,7442
cremad,clean-only,qmf,mask:audio:0.25:seed202,mask,audio,0.25,202,0.6006449879064768,1.140415215322451,7442
cremad,clean-only,qmf,mask:audio:0.25:seed303,mask,audio,0.25,303,0.5986294006987369,1.1399084704132791,7442
cremad,clean-only,qmf,mask:audio:0.5:seed101,mask,audio,0.5,101,0.5567051867777479,1.2494491354777406,7442
cremad,clean-only,qmf,mask:audio:0.5:seed202,mask,audio,0.5,202,0.5595270088685838,1.249210007379476,7442
cremad,clean-only,qmf,mask:audio:0.5:seed303,mask,audio,0.5,303,0.5568395592582639,1.2497797244095865,7442
cremad,clean-only,qmf,mask:audio:0.75:seed101,mask,audio,0.75,101,0.5094060736361193,1.3514213468687144,7442
cremad,clean-only,qmf,mask:audio:0.75:seed202,mask,audio,0.75,202,0.5063155065842515,1.3524071800217148,7442
cremad,clean-only,qmf,mask:audio:0.75:seed303,mask,audio,0.75,303,0.5068529965063155,1.3526318881536767,7442
cremad,clean-only,qmf,mask:visual:0.25:seed101,mask,visual,0.25,101,0.6427035743079818,1.0351472501002106,7442
cremad,clean-only,qmf,mask:visual:0.25:seed202,mask,visual,0.25,202,0.6471378661650095,1.033656497326119,7442
cremad,clean-only,qmf,mask:visual:0.25:seed303,mask,visual,0.25,303,0.6424348293469497,1.036501303646199,7442
cremad,clean-only,qmf,mask:visual:0.5:seed101,mask,visual,0.5,101,0.6468691212039774,1.07850402143367,7442
cremad,clean-only,qmf,mask:visual:0.5:seed202,mask,visual,0.5,202,0.6495565708142972,1.0801369885671104,7442
cremad,clean-only,qmf,mask:visual:0.5:seed303,mask,visual,0.5,303,0.6500940607363612,1.0797897615086742,7442
cremad,clean-only,qmf,mask:visual:0.75:seed101,mask,visual,0.75,101,0.637597420048374,1.1662150490505911,7442
cremad,clean-only,qmf,mask:visual:0.75:seed202,mask,visual,0.75,202,0.6328943832303144,1.1674119755390244,7442
cremad,clean-only,qmf,mask:visual:0.75:seed303,mask,visual,0.75,303,0.6346412254770223,1.167223410979043,7442
cremad,clean-only,tmc,clean,clean,none,0.0,-1,0.6509002956194572,0.9774056620193816,7442
cremad,clean-only,tmc,gaussian:audio:0.25:seed101,gaussian,audio,0.25,101,0.6467347487234615,0.9837995846992358,7442
cremad,clean-only,tmc,gaussian:audio:0.25:seed202,gaussian,audio,0.25,202,0.6451222789572696,0.9903718913781097,7442
cremad,clean-only,tmc,gaussian:audio:0.25:seed303,gaussian,audio,0.25,303,0.6460628863208815,0.9867757553352721,7442
cremad,clean-only,tmc,gaussian:audio:0.5:seed101,gaussian,audio,0.5,101,0.6355818328406342,1.005368863419442,7442
cremad,clean-only,tmc,gaussian:audio:0.5:seed202,gaussian,audio,0.5,202,0.6311475409836066,1.0177910647883104,7442
cremad,clean-only,tmc,gaussian:audio:0.5:seed303,gaussian,audio,0.5,303,0.6366568126847622,1.01138647745443,7442
cremad,clean-only,tmc,gaussian:audio:1.0:seed101,gaussian,audio,1.0,101,0.6092448266595001,1.0790565978055844,7442
cremad,clean-only,tmc,gaussian:audio:1.0:seed202,gaussian,audio,1.0,202,0.5994356355818329,1.101443109781166,7442
cremad,clean-only,tmc,gaussian:audio:1.0:seed303,gaussian,audio,1.0,303,0.6057511421660844,1.0882795646769872,7442
cremad,clean-only,tmc,gaussian:audio:2.0:seed101,gaussian,audio,2.0,101,0.5444772910507928,1.261582310446692,7442
cremad,clean-only,tmc,gaussian:audio:2.0:seed202,gaussian,audio,2.0,202,0.5339962375705456,1.2912879526633518,7442
cremad,clean-only,tmc,gaussian:audio:2.0:seed303,gaussian,audio,2.0,303,0.5368180596613813,1.2743863000849471,7442
cremad,clean-only,tmc,gaussian:visual:0.25:seed101,gaussian,visual,0.25,101,0.6429723192690137,0.9861387208845561,7442
cremad,clean-only,tmc,gaussian:visual:0.25:seed202,gaussian,visual,0.25,202,0.6444504165546896,0.985827620740308,7442
cremad,clean-only,tmc,gaussian:visual:0.25:seed303,gaussian,visual,0.25,303,0.6464660037624295,0.983474104550482,7442
cremad,clean-only,tmc,gaussian:visual:0.5:seed101,gaussian,visual,0.5,101,0.6342381080354743,1.0056899948270372,7442
cremad,clean-only,tmc,gaussian:visual:0.5:seed202,gaussian,visual,0.5,202,0.6363880677237301,1.0057574179820632,7442
cremad,clean-only,tmc,gaussian:visual:0.5:seed303,gaussian,visual,0.5,303,0.6354474603601182,1.0009855330274418,7442
cremad,clean-only,tmc,gaussian:visual:1.0:seed101,gaussian,visual,1.0,101,0.6030636925557645,1.0683616205425945,7442
cremad,clean-only,tmc,gaussian:visual:1.0:seed202,gaussian,visual,1.0,202,0.6066917495296963,1.071794841357801,7442
cremad,clean-only,tmc,gaussian:visual:1.0:seed303,gaussian,visual,1.0,303,0.6037355549583445,1.0605258213493576,7442
cremad,clean-only,tmc,gaussian:visual:2.0:seed101,gaussian,visual,2.0,101,0.5256651437785541,1.2317346001552398,7442
cremad,clean-only,tmc,gaussian:visual:2.0:seed202,gaussian,visual,2.0,202,0.5223058317656544,1.2413380144705999,7442
cremad,clean-only,tmc,gaussian:visual:2.0:seed303,gaussian,visual,2.0,303,0.5260682612201021,1.2171376386355244,7442
cremad,clean-only,tmc,mask:audio:0.25:seed101,mask,audio,0.25,101,0.6146197258801398,1.039428844114789,7442
cremad,clean-only,tmc,mask:audio:0.25:seed202,mask,audio,0.25,202,0.6167696855683956,1.0373240815696696,7442
cremad,clean-only,tmc,mask:audio:0.25:seed303,mask,audio,0.25,303,0.6183821553345875,1.0369970034753402,7442
cremad,clean-only,tmc,mask:audio:0.5:seed101,mask,audio,0.5,101,0.5764579414135985,1.1153212378178814,7442
cremad,clean-only,tmc,mask:audio:0.5:seed202,mask,audio,0.5,202,0.5791453910239183,1.1151890998206648,7442
cremad,clean-only,tmc,mask:audio:0.5:seed303,mask,audio,0.5,303,0.5787422735823703,1.1178317077247824,7442
cremad,clean-only,tmc,mask:audio:0.75:seed101,mask,audio,0.75,101,0.528083848427842,1.2366929743055108,7442
cremad,clean-only,tmc,mask:audio:0.75:seed202,mask,audio,0.75,202,0.5201558720773986,1.2452542460353877,7442
cremad,clean-only,tmc,mask:audio:0.75:seed303,mask,audio,0.75,303,0.5189465197527546,1.2403607848626934,7442
cremad,clean-only,tmc,mask:visual:0.25:seed101,mask,visual,0.25,101,0.6531846277882289,0.9822377907366618,7442
cremad,clean-only,tmc,mask:visual:0.25:seed202,mask,visual,0.25,202,0.6514377855415211,0.9855206199818319,7442
cremad,clean-only,tmc,mask:visual:0.25:seed303,mask,visual,0.25,303,0.6496909432948133,0.9829453766907205,7442
cremad,clean-only,tmc,mask:visual:0.5:seed101,mask,visual,0.5,101,0.6449879064767535,1.0018214811669068,7442
cremad,clean-only,tmc,mask:visual:0.5:seed202,mask,visual,0.5,202,0.6456597688793335,1.0086713341964026,7442
cremad,clean-only,tmc,mask:visual:0.5:seed303,mask,visual,0.5,303,0.6440472991131416,1.000411804426295,7442
cremad,clean-only,tmc,mask:visual:0.75:seed101,mask,visual,0.75,101,0.6323568933082505,1.0454859329043307,7442
cremad,clean-only,tmc,mask:visual:0.75:seed202,mask,visual,0.75,202,0.6338349905939263,1.0480920837448193,7442
cremad,clean-only,tmc,mask:visual:0.75:seed303,mask,visual,0.75,303,0.6343724805159904,1.0397197355586967,7442
avmnist,clean-only,A7_equal_ensemble,clean,clean,none,0.0,-1,0.9913888888888889,0.026090104869277375,3600
avmnist,clean-only,A7_equal_ensemble,gaussian:audio:0.25:seed101,gaussian,audio,0.25,101,0.9902777777777778,0.03215335884963016,3600
avmnist,clean-only,A7_equal_ensemble,gaussian:audio:0.25:seed202,gaussian,audio,0.25,202,0.9897222222222222,0.03413396979217786,3600
avmnist,clean-only,A7_equal_ensemble,gaussian:audio:0.25:seed303,gaussian,audio,0.25,303,0.9902777777777778,0.03268790211035792,3600
avmnist,clean-only,A7_equal_ensemble,gaussian:audio:0.5:seed101,gaussian,audio,0.5,101,0.9794444444444445,0.05856057256946835,3600
avmnist,clean-only,A7_equal_ensemble,gaussian:audio:0.5:seed202,gaussian,audio,0.5,202,0.9811111111111112,0.06191104069553036,3600
avmnist,clean-only,A7_equal_ensemble,gaussian:audio:0.5:seed303,gaussian,audio,0.5,303,0.9822222222222222,0.05860753823013379,3600
avmnist,clean-only,A7_equal_ensemble,gaussian:audio:1.0:seed101,gaussian,audio,1.0,101,0.9494444444444444,0.1507260373475264,3600
avmnist,clean-only,A7_equal_ensemble,gaussian:audio:1.0:seed202,gaussian,audio,1.0,202,0.9477777777777778,0.1599091639982439,3600
avmnist,clean-only,A7_equal_ensemble,gaussian:audio:1.0:seed303,gaussian,audio,1.0,303,0.9525,0.15351483583329234,3600
avmnist,clean-only,A7_equal_ensemble,gaussian:audio:2.0:seed101,gaussian,audio,2.0,101,0.8819444444444444,0.36274295908269594,3600
avmnist,clean-only,A7_equal_ensemble,gaussian:audio:2.0:seed202,gaussian,audio,2.0,202,0.8791666666666667,0.37497643003431397,3600
avmnist,clean-only,A7_equal_ensemble,gaussian:audio:2.0:seed303,gaussian,audio,2.0,303,0.8852777777777778,0.37431003249082534,3600
avmnist,clean-only,A7_equal_ensemble,gaussian:image:0.25:seed101,gaussian,image,0.25,101,0.9922222222222222,0.02661265751422178,3600
avmnist,clean-only,A7_equal_ensemble,gaussian:image:0.25:seed202,gaussian,image,0.25,202,0.9919444444444444,0.027652076693250552,3600
avmnist,clean-only,A7_equal_ensemble,gaussian:image:0.25:seed303,gaussian,image,0.25,303,0.9925,0.02663788998203158,3600
avmnist,clean-only,A7_equal_ensemble,gaussian:image:0.5:seed101,gaussian,image,0.5,101,0.9908333333333333,0.03035350582553055,3600
avmnist,clean-only,A7_equal_ensemble,gaussian:image:0.5:seed202,gaussian,image,0.5,202,0.99,0.03217455617739041,3600
avmnist,clean-only,A7_equal_ensemble,gaussian:image:0.5:seed303,gaussian,image,0.5,303,0.9916666666666667,0.029812708114862647,3600
avmnist,clean-only,A7_equal_ensemble,gaussian:image:1.0:seed101,gaussian,image,1.0,101,0.9841666666666666,0.048491221641342515,3600
avmnist,clean-only,A7_equal_ensemble,gaussian:image:1.0:seed202,gaussian,image,1.0,202,0.9825,0.05056760451278021,3600
avmnist,clean-only,A7_equal_ensemble,gaussian:image:1.0:seed303,gaussian,image,1.0,303,0.9869444444444444,0.0468098537350764,3600
avmnist,clean-only,A7_equal_ensemble,gaussian:image:2.0:seed101,gaussian,image,2.0,101,0.9563888888888888,0.1399986690055837,3600
avmnist,clean-only,A7_equal_ensemble,gaussian:image:2.0:seed202,gaussian,image,2.0,202,0.9511111111111111,0.15038173485720974,3600
avmnist,clean-only,A7_equal_ensemble,gaussian:image:2.0:seed303,gaussian,image,2.0,303,0.9541666666666667,0.14210687105461653,3600
avmnist,clean-only,A7_equal_ensemble,mask:audio:0.25:seed101,mask,audio,0.25,101,0.9833333333333333,0.053686887006803366,3600
avmnist,clean-only,A7_equal_ensemble,mask:audio:0.25:seed202,mask,audio,0.25,202,0.9844444444444445,0.0550534567945699,3600
avmnist,clean-only,A7_equal_ensemble,mask:audio:0.25:seed303,mask,audio,0.25,303,0.9841666666666666,0.05361168343051181,3600
avmnist,clean-only,A7_equal_ensemble,mask:audio:0.5:seed101,mask,audio,0.5,101,0.9677777777777777,0.10731792725634888,3600
avmnist,clean-only,A7_equal_ensemble,mask:audio:0.5:seed202,mask,audio,0.5,202,0.9672222222222222,0.11075908599434904,3600
avmnist,clean-only,A7_equal_ensemble,mask:audio:0.5:seed303,mask,audio,0.5,303,0.9663888888888889,0.10431636169773748,3600
avmnist,clean-only,A7_equal_ensemble,mask:audio:0.75:seed101,mask,audio,0.75,101,0.9244444444444444,0.2374868320321763,3600
avmnist,clean-only,A7_equal_ensemble,mask:audio:0.75:seed202,mask,audio,0.75,202,0.9247222222222222,0.2448128701887119,3600
avmnist,clean-only,A7_equal_ensemble,mask:audio:0.75:seed303,mask,audio,0.75,303,0.9222222222222223,0.24685369982875605,3600
avmnist,clean-only,A7_equal_ensemble,mask:image:0.25:seed101,mask,image,0.25,101,0.9902777777777778,0.033116633196462304,3600
avmnist,clean-only,A7_equal_ensemble,mask:image:0.25:seed202,mask,image,0.25,202,0.9911111111111112,0.031240605267122433,3600
avmnist,clean-only,A7_equal_ensemble,mask:image:0.25:seed303,mask,image,0.25,303,0.9908333333333333,0.031532531408816664,3600
avmnist,clean-only,A7_equal_ensemble,mask:image:0.5:seed101,mask,image,0.5,101,0.9855555555555555,0.05697005366419311,3600
avmnist,clean-only,A7_equal_ensemble,mask:image:0.5:seed202,mask,image,0.5,202,0.9897222222222222,0.051527178154535926,3600
avmnist,clean-only,A7_equal_ensemble,mask:image:0.5:seed303,mask,image,0.5,303,0.9883333333333333,0.052458460436647855,3600
avmnist,clean-only,A7_equal_ensemble,mask:image:0.75:seed101,mask,image,0.75,101,0.9477777777777778,0.1785959772851707,3600
avmnist,clean-only,A7_equal_ensemble,mask:image:0.75:seed202,mask,image,0.75,202,0.9444444444444444,0.17560804053263923,3600
avmnist,clean-only,A7_equal_ensemble,mask:image:0.75:seed303,mask,image,0.75,303,0.9475,0.17511166266431424,3600
avmnist,clean-only,A8_safe_fallback,clean,clean,none,0.0,-1,0.9936111111111111,0.02133808094961572,3600
avmnist,clean-only,A8_safe_fallback,gaussian:audio:0.25:seed101,gaussian,audio,0.25,101,0.9891666666666666,0.0320662013349207,3600
avmnist,clean-only,A8_safe_fallback,gaussian:audio:0.25:seed202,gaussian,audio,0.25,202,0.9908333333333333,0.030957809681240702,3600
avmnist,clean-only,A8_safe_fallback,gaussian:audio:0.25:seed303,gaussian,audio,0.25,303,0.9877777777777778,0.0349286968411142,3600
avmnist,clean-only,A8_safe_fallback,gaussian:audio:0.5:seed101,gaussian,audio,0.5,101,0.9719444444444445,0.07971020580760318,3600
avmnist,clean-only,A8_safe_fallback,gaussian:audio:0.5:seed202,gaussian,audio,0.5,202,0.9747222222222223,0.07535295995472115,3600
avmnist,clean-only,A8_safe_fallback,gaussian:audio:0.5:seed303,gaussian,audio,0.5,303,0.9763888888888889,0.07662414529196795,3600
avmnist,clean-only,A8_safe_fallback,gaussian:audio:1.0:seed101,gaussian,audio,1.0,101,0.9322222222222222,0.20823303940672197,3600
avmnist,clean-only,A8_safe_fallback,gaussian:audio:1.0:seed202,gaussian,audio,1.0,202,0.9283333333333333,0.2192842984673253,3600
avmnist,clean-only,A8_safe_fallback,gaussian:audio:1.0:seed303,gaussian,audio,1.0,303,0.9327777777777778,0.21700258767925754,3600
avmnist,clean-only,A8_safe_fallback,gaussian:audio:2.0:seed101,gaussian,audio,2.0,101,0.8572222222222222,0.4552297290483803,3600
avmnist,clean-only,A8_safe_fallback,gaussian:audio:2.0:seed202,gaussian,audio,2.0,202,0.8569444444444444,0.48202897454579163,3600
avmnist,clean-only,A8_safe_fallback,gaussian:audio:2.0:seed303,gaussian,audio,2.0,303,0.8583333333333333,0.4737525894401773,3600
avmnist,clean-only,A8_safe_fallback,gaussian:image:0.25:seed101,gaussian,image,0.25,101,0.9938888888888889,0.021107951787504912,3600
avmnist,clean-only,A8_safe_fallback,gaussian:image:0.25:seed202,gaussian,image,0.25,202,0.9933333333333333,0.022816874680168433,3600
avmnist,clean-only,A8_safe_fallback,gaussian:image:0.25:seed303,gaussian,image,0.25,303,0.9938888888888889,0.02133782091369199,3600
avmnist,clean-only,A8_safe_fallback,gaussian:image:0.5:seed101,gaussian,image,0.5,101,0.9941666666666666,0.023509199737118514,3600
avmnist,clean-only,A8_safe_fallback,gaussian:image:0.5:seed202,gaussian,image,0.5,202,0.9925,0.027045587263098952,3600
avmnist,clean-only,A8_safe_fallback,gaussian:image:0.5:seed303,gaussian,image,0.5,303,0.9930555555555556,0.024995589312529567,3600
avmnist,clean-only,A8_safe_fallback,gaussian:image:1.0:seed101,gaussian,image,1.0,101,0.9858333333333333,0.04322838257351114,3600
avmnist,clean-only,A8_safe_fallback,gaussian:image:1.0:seed202,gaussian,image,1.0,202,0.9819444444444444,0.04984735119563423,3600
avmnist,clean-only,A8_safe_fallback,gaussian:image:1.0:seed303,gaussian,image,1.0,303,0.9844444444444445,0.04558522740334281,3600
avmnist,clean-only,A8_safe_fallback,gaussian:image:2.0:seed101,gaussian,image,2.0,101,0.9475,0.15168766073765128,3600
avmnist,clean-only,A8_safe_fallback,gaussian:image:2.0:seed202,gaussian,image,2.0,202,0.9425,0.17406464651829404,3600
avmnist,clean-only,A8_safe_fallback,gaussian:image:2.0:seed303,gaussian,image,2.0,303,0.9444444444444444,0.15885110366171803,3600
avmnist,clean-only,A8_safe_fallback,mask:audio:0.25:seed101,mask,audio,0.25,101,0.9794444444444445,0.06118369145881975,3600
avmnist,clean-only,A8_safe_fallback,mask:audio:0.25:seed202,mask,audio,0.25,202,0.9788888888888889,0.07067070927058629,3600
avmnist,clean-only,A8_safe_fallback,mask:audio:0.25:seed303,mask,audio,0.25,303,0.9786111111111111,0.06538143457806182,3600
avmnist,clean-only,A8_safe_fallback,mask:audio:0.5:seed101,mask,audio,0.5,101,0.9544444444444444,0.14703856150591207,3600
avmnist,clean-only,A8_safe_fallback,mask:audio:0.5:seed202,mask,audio,0.5,202,0.9580555555555555,0.15117879048042315,3600
avmnist,clean-only,A8_safe_fallback,mask:audio:0.5:seed303,mask,audio,0.5,303,0.9577777777777777,0.13491631295200324,3600
avmnist,clean-only,A8_safe_fallback,mask:audio:0.75:seed101,mask,audio,0.75,101,0.9,0.33553777446142474,3600
avmnist,clean-only,A8_safe_fallback,mask:audio:0.75:seed202,mask,audio,0.75,202,0.8991666666666667,0.3395688670676172,3600
avmnist,clean-only,A8_safe_fallback,mask:audio:0.75:seed303,mask,audio,0.75,303,0.8991666666666667,0.34928691175219406,3600
avmnist,clean-only,A8_safe_fallback,mask:image:0.25:seed101,mask,image,0.25,101,0.9922222222222222,0.027125015580754242,3600
avmnist,clean-only,A8_safe_fallback,mask:image:0.25:seed202,mask,image,0.25,202,0.9911111111111112,0.02558984748758675,3600
avmnist,clean-only,A8_safe_fallback,mask:image:0.25:seed303,mask,image,0.25,303,0.9919444444444444,0.0261179165379344,3600
avmnist,clean-only,A8_safe_fallback,mask:image:0.5:seed101,mask,image,0.5,101,0.9816666666666667,0.055321150103577334,3600
avmnist,clean-only,A8_safe_fallback,mask:image:0.5:seed202,mask,image,0.5,202,0.9819444444444444,0.049630815599968216,3600
avmnist,clean-only,A8_safe_fallback,mask:image:0.5:seed303,mask,image,0.5,303,0.9838888888888889,0.050294790768415046,3600
avmnist,clean-only,A8_safe_fallback,mask:image:0.75:seed101,mask,image,0.75,101,0.9394444444444444,0.186718910150979,3600
avmnist,clean-only,A8_safe_fallback,mask:image:0.75:seed202,mask,image,0.75,202,0.935,0.1926901801114439,3600
avmnist,clean-only,A8_safe_fallback,mask:image:0.75:seed303,mask,image,0.75,303,0.9375,0.1854518575760479,3600
avmnist,clean-only,full_ensemble,clean,clean,none,0.0,-1,0.9919444444444444,0.027798335234678014,3600
avmnist,clean-only,full_ensemble,gaussian:audio:0.25:seed101,gaussian,audio,0.25,101,0.9891666666666666,0.034593681051722086,3600
avmnist,clean-only,full_ensemble,gaussian:audio:0.25:seed202,gaussian,audio,0.25,202,0.99,0.0356306596887674,3600
avmnist,clean-only,full_ensemble,gaussian:audio:0.25:seed303,gaussian,audio,0.25,303,0.9902777777777778,0.03530759263812777,3600
avmnist,clean-only,full_ensemble,gaussian:audio:0.5:seed101,gaussian,audio,0.5,101,0.9791666666666666,0.06271851147630471,3600
avmnist,clean-only,full_ensemble,gaussian:audio:0.5:seed202,gaussian,audio,0.5,202,0.9816666666666667,0.06479198344287473,3600
avmnist,clean-only,full_ensemble,gaussian:audio:0.5:seed303,gaussian,audio,0.5,303,0.9825,0.06258339924746266,3600
avmnist,clean-only,full_ensemble,gaussian:audio:1.0:seed101,gaussian,audio,1.0,101,0.9463888888888888,0.16611064101883086,3600
avmnist,clean-only,full_ensemble,gaussian:audio:1.0:seed202,gaussian,audio,1.0,202,0.945,0.17257216204138862,3600
avmnist,clean-only,full_ensemble,gaussian:audio:1.0:seed303,gaussian,audio,1.0,303,0.9513888888888888,0.16802987497312902,3600
avmnist,clean-only,full_ensemble,gaussian:audio:2.0:seed101,gaussian,audio,2.0,101,0.8688888888888889,0.40019699352577653,3600
avmnist,clean-only,full_ensemble,gaussian:audio:2.0:seed202,gaussian,audio,2.0,202,0.87,0.41319149948546,3600
avmnist,clean-only,full_ensemble,gaussian:audio:2.0:seed303,gaussian,audio,2.0,303,0.8711111111111111,0.4167876237335238,3600
avmnist,clean-only,full_ensemble,gaussian:image:0.25:seed101,gaussian,image,0.25,101,0.9916666666666667,0.02856694378368423,3600
avmnist,clean-only,full_ensemble,gaussian:image:0.25:seed202,gaussian,image,0.25,202,0.9919444444444444,0.029289821097802888,3600
avmnist,clean-only,full_ensemble,gaussian:image:0.25:seed303,gaussian,image,0.25,303,0.9922222222222222,0.028813941320109428,3600
avmnist,clean-only,full_ensemble,gaussian:image:0.5:seed101,gaussian,image,0.5,101,0.9911111111111112,0.03266302200933229,3600
avmnist,clean-only,full_ensemble,gaussian:image:0.5:seed202,gaussian,image,0.5,202,0.99,0.03345320793804226,3600
avmnist,clean-only,full_ensemble,gaussian:image:0.5:seed303,gaussian,image,0.5,303,0.9905555555555555,0.03269582867105282,3600
avmnist,clean-only,full_ensemble,gaussian:image:1.0:seed101,gaussian,image,1.0,101,0.985,0.05343845234110083,3600
avmnist,clean-only,full_ensemble,gaussian:image:1.0:seed202,gaussian,image,1.0,202,0.9825,0.054151003768451146,3600
avmnist,clean-only,full_ensemble,gaussian:image:1.0:seed303,gaussian,image,1.0,303,0.9861111111111112,0.05258531937398038,3600
avmnist,clean-only,full_ensemble,gaussian:image:2.0:seed101,gaussian,image,2.0,101,0.9505555555555556,0.1595624351822675,3600
avmnist,clean-only,full_ensemble,gaussian:image:2.0:seed202,gaussian,image,2.0,202,0.9452777777777778,0.16919586877242082,3600
avmnist,clean-only,full_ensemble,gaussian:image:2.0:seed303,gaussian,image,2.0,303,0.9469444444444445,0.16612116382575445,3600
avmnist,clean-only,full_ensemble,mask:audio:0.25:seed101,mask,audio,0.25,101,0.9833333333333333,0.05725882748484307,3600
avmnist,clean-only,full_ensemble,mask:audio:0.25:seed202,mask,audio,0.25,202,0.9822222222222222,0.05790093728043837,3600
avmnist,clean-only,full_ensemble,mask:audio:0.25:seed303,mask,audio,0.25,303,0.9844444444444445,0.05603674416182383,3600
avmnist,clean-only,full_ensemble,mask:audio:0.5:seed101,mask,audio,0.5,101,0.9680555555555556,0.11784880553252858,3600
avmnist,clean-only,full_ensemble,mask:audio:0.5:seed202,mask,audio,0.5,202,0.9658333333333333,0.11964430406277352,3600
avmnist,clean-only,full_ensemble,mask:audio:0.5:seed303,mask,audio,0.5,303,0.9666666666666667,0.11368429542825288,3600
avmnist,clean-only,full_ensemble,mask:audio:0.75:seed101,mask,audio,0.75,101,0.9194444444444444,0.26127483203993596,3600
avmnist,clean-only,full_ensemble,mask:audio:0.75:seed202,mask,audio,0.75,202,0.9191666666666667,0.26411481500657685,3600
avmnist,clean-only,full_ensemble,mask:audio:0.75:seed303,mask,audio,0.75,303,0.9225,0.26915817919547974,3600
avmnist,clean-only,full_ensemble,mask:image:0.25:seed101,mask,image,0.25,101,0.9897222222222222,0.036117761848742526,3600
avmnist,clean-only,full_ensemble,mask:image:0.25:seed202,mask,image,0.25,202,0.9916666666666667,0.034147033879168114,3600
avmnist,clean-only,full_ensemble,mask:image:0.25:seed303,mask,image,0.25,303,0.9905555555555555,0.03577612308587601,3600
avmnist,clean-only,full_ensemble,mask:image:0.5:seed101,mask,image,0.5,101,0.9877777777777778,0.06230674396689362,3600
avmnist,clean-only,full_ensemble,mask:image:0.5:seed202,mask,image,0.5,202,0.99,0.05889514779703517,3600
avmnist,clean-only,full_ensemble,mask:image:0.5:seed303,mask,image,0.5,303,0.9880555555555556,0.06043150531883208,3600
avmnist,clean-only,full_ensemble,mask:image:0.75:seed101,mask,image,0.75,101,0.9483333333333334,0.20355554580721152,3600
avmnist,clean-only,full_ensemble,mask:image:0.75:seed202,mask,image,0.75,202,0.9463888888888888,0.202610377483391,3600
avmnist,clean-only,full_ensemble,mask:image:0.75:seed303,mask,image,0.75,303,0.9488888888888889,0.201429030316253,3600
avmnist,clean-only,i2moe,clean,clean,none,0.0,-1,0.9938888888888889,0.025643946986134963,3600
avmnist,clean-only,i2moe,gaussian:audio:0.25:seed101,gaussian,audio,0.25,101,0.9919444444444444,0.030157987559671372,3600
avmnist,clean-only,i2moe,gaussian:audio:0.25:seed202,gaussian,audio,0.25,202,0.9919444444444444,0.03189084699602189,3600
avmnist,clean-only,i2moe,gaussian:audio:0.25:seed303,gaussian,audio,0.25,303,0.9908333333333333,0.03289634845025074,3600
avmnist,clean-only,i2moe,gaussian:audio:0.5:seed101,gaussian,audio,0.5,101,0.9813888888888889,0.05645290265363902,3600
avmnist,clean-only,i2moe,gaussian:audio:0.5:seed202,gaussian,audio,0.5,202,0.9838888888888889,0.05840524458041666,3600
avmnist,clean-only,i2moe,gaussian:audio:0.5:seed303,gaussian,audio,0.5,303,0.9825,0.05990150895399474,3600
avmnist,clean-only,i2moe,gaussian:audio:1.0:seed101,gaussian,audio,1.0,101,0.9277777777777778,0.2657951211745669,3600
avmnist,clean-only,i2moe,gaussian:audio:1.0:seed202,gaussian,audio,1.0,202,0.9263888888888889,0.26500958039847305,3600
avmnist,clean-only,i2moe,gaussian:audio:1.0:seed303,gaussian,audio,1.0,303,0.9194444444444444,0.25621541410442034,3600
avmnist,clean-only,i2moe,gaussian:audio:2.0:seed101,gaussian,audio,2.0,101,0.7363888888888889,1.5524662167132308,3600
avmnist,clean-only,i2moe,gaussian:audio:2.0:seed202,gaussian,audio,2.0,202,0.7269444444444444,1.551378608248095,3600
avmnist,clean-only,i2moe,gaussian:audio:2.0:seed303,gaussian,audio,2.0,303,0.7219444444444445,1.5903873603918364,3600
avmnist,clean-only,i2moe,gaussian:image:0.25:seed101,gaussian,image,0.25,101,0.9938888888888889,0.02625728158631237,3600
avmnist,clean-only,i2moe,gaussian:image:0.25:seed202,gaussian,image,0.25,202,0.9933333333333333,0.027569572386265864,3600
avmnist,clean-only,i2moe,gaussian:image:0.25:seed303,gaussian,image,0.25,303,0.9938888888888889,0.026579818775037803,3600
avmnist,clean-only,i2moe,gaussian:image:0.5:seed101,gaussian,image,0.5,101,0.9922222222222222,0.029557270787792998,3600
avmnist,clean-only,i2moe,gaussian:image:0.5:seed202,gaussian,image,0.5,202,0.9925,0.03232032072217919,3600
avmnist,clean-only,i2moe,gaussian:image:0.5:seed303,gaussian,image,0.5,303,0.9925,0.030263329688448828,3600
avmnist,clean-only,i2moe,gaussian:image:1.0:seed101,gaussian,image,1.0,101,0.9852777777777778,0.05132886978461903,3600
avmnist,clean-only,i2moe,gaussian:image:1.0:seed202,gaussian,image,1.0,202,0.9836111111111111,0.05754328623713447,3600
avmnist,clean-only,i2moe,gaussian:image:1.0:seed303,gaussian,image,1.0,303,0.9872222222222222,0.05167123193205156,3600
avmnist,clean-only,i2moe,gaussian:image:2.0:seed101,gaussian,image,2.0,101,0.9308333333333333,0.20820531634708653,3600
avmnist,clean-only,i2moe,gaussian:image:2.0:seed202,gaussian,image,2.0,202,0.9302777777777778,0.22476959788558135,3600
avmnist,clean-only,i2moe,gaussian:image:2.0:seed303,gaussian,image,2.0,303,0.93,0.21636317377307787,3600
avmnist,clean-only,i2moe,mask:audio:0.25:seed101,mask,audio,0.25,101,0.9866666666666667,0.04728801259993394,3600
avmnist,clean-only,i2moe,mask:audio:0.25:seed202,mask,audio,0.25,202,0.9866666666666667,0.04811815099124171,3600
avmnist,clean-only,i2moe,mask:audio:0.25:seed303,mask,audio,0.25,303,0.9866666666666667,0.04797721962679729,3600
avmnist,clean-only,i2moe,mask:audio:0.5:seed101,mask,audio,0.5,101,0.9758333333333333,0.07681245598647507,3600
avmnist,clean-only,i2moe,mask:audio:0.5:seed202,mask,audio,0.5,202,0.9769444444444444,0.07514374271223045,3600
avmnist,clean-only,i2moe,mask:audio:0.5:seed303,mask,audio,0.5,303,0.9783333333333334,0.07413928656056484,3600
avmnist,clean-only,i2moe,mask:audio:0.75:seed101,mask,audio,0.75,101,0.9683333333333334,0.1113900627684134,3600
avmnist,clean-only,i2moe,mask:audio:0.75:seed202,mask,audio,0.75,202,0.9652777777777778,0.11589286092639027,3600
avmnist,clean-only,i2moe,mask:audio:0.75:seed303,mask,audio,0.75,303,0.9661111111111111,0.1175337374513768,3600
avmnist,clean-only,i2moe,mask:image:0.25:seed101,mask,image,0.25,101,0.9941666666666666,0.030253991008907598,3600
avmnist,clean-only,i2moe,mask:image:0.25:seed202,mask,image,0.25,202,0.9927777777777778,0.030411378938942663,3600
avmnist,clean-only,i2moe,mask:image:0.25:seed303,mask,image,0.25,303,0.9944444444444445,0.03132502995733246,3600
avmnist,clean-only,i2moe,mask:image:0.5:seed101,mask,image,0.5,101,0.9894444444444445,0.05131708720241934,3600
avmnist,clean-only,i2moe,mask:image:0.5:seed202,mask,image,0.5,202,0.99,0.04880018167975964,3600
avmnist,clean-only,i2moe,mask:image:0.5:seed303,mask,image,0.5,303,0.9916666666666667,0.04663346281881763,3600
avmnist,clean-only,i2moe,mask:image:0.75:seed101,mask,image,0.75,101,0.9733333333333334,0.12938227685858047,3600
avmnist,clean-only,i2moe,mask:image:0.75:seed202,mask,image,0.75,202,0.9702777777777778,0.12818126804084545,3600
avmnist,clean-only,i2moe,mask:image:0.75:seed303,mask,image,0.75,303,0.9688888888888889,0.12877391350916517,3600
avmnist,clean-only,pdf,clean,clean,none,0.0,-1,0.9891666666666666,0.036751975617161,3600
avmnist,clean-only,pdf,gaussian:audio:0.25:seed101,gaussian,audio,0.25,101,0.9877777777777778,0.04066188376321365,3600
avmnist,clean-only,pdf,gaussian:audio:0.25:seed202,gaussian,audio,0.25,202,0.9866666666666667,0.04280788869383248,3600
avmnist,clean-only,pdf,gaussian:audio:0.25:seed303,gaussian,audio,0.25,303,0.9872222222222222,0.040982279412532276,3600
avmnist,clean-only,pdf,gaussian:audio:0.5:seed101,gaussian,audio,0.5,101,0.9805555555555555,0.058944168272634524,3600
avmnist,clean-only,pdf,gaussian:audio:0.5:seed202,gaussian,audio,0.5,202,0.9819444444444444,0.05901378807531457,3600
avmnist,clean-only,pdf,gaussian:audio:0.5:seed303,gaussian,audio,0.5,303,0.9788888888888889,0.059613231365975114,3600
avmnist,clean-only,pdf,gaussian:audio:1.0:seed101,gaussian,audio,1.0,101,0.9525,0.17834312754081003,3600
avmnist,clean-only,pdf,gaussian:audio:1.0:seed202,gaussian,audio,1.0,202,0.9466666666666667,0.16968450431307985,3600
avmnist,clean-only,pdf,gaussian:audio:1.0:seed303,gaussian,audio,1.0,303,0.9480555555555555,0.1767253101265642,3600
avmnist,clean-only,pdf,gaussian:audio:2.0:seed101,gaussian,audio,2.0,101,0.8369444444444445,0.8773585475516378,3600
avmnist,clean-only,pdf,gaussian:audio:2.0:seed202,gaussian,audio,2.0,202,0.8305555555555556,0.863261847798138,3600
avmnist,clean-only,pdf,gaussian:audio:2.0:seed303,gaussian,audio,2.0,303,0.83,0.8619328014241628,3600
avmnist,clean-only,pdf,gaussian:image:0.25:seed101,gaussian,image,0.25,101,0.9880555555555556,0.038524755883797106,3600
avmnist,clean-only,pdf,gaussian:image:0.25:seed202,gaussian,image,0.25,202,0.9883333333333333,0.038649844568590816,3600
avmnist,clean-only,pdf,gaussian:image:0.25:seed303,gaussian,image,0.25,303,0.9888888888888889,0.037568653645190665,3600
avmnist,clean-only,pdf,gaussian:image:0.5:seed101,gaussian,image,0.5,101,0.9858333333333333,0.04407317367458512,3600
avmnist,clean-only,pdf,gaussian:image:0.5:seed202,gaussian,image,0.5,202,0.9866666666666667,0.04368851409387586,3600
avmnist,clean-only,pdf,gaussian:image:0.5:seed303,gaussian,image,0.5,303,0.9872222222222222,0.04161658618522233,3600
avmnist,clean-only,pdf,gaussian:image:1.0:seed101,gaussian,image,1.0,101,0.9783333333333334,0.07241773921568213,3600
avmnist,clean-only,pdf,gaussian:image:1.0:seed202,gaussian,image,1.0,202,0.9783333333333334,0.07001533273613421,3600
avmnist,clean-only,pdf,gaussian:image:1.0:seed303,gaussian,image,1.0,303,0.9808333333333333,0.06496429901278528,3600
avmnist,clean-only,pdf,gaussian:image:2.0:seed101,gaussian,image,2.0,101,0.92,0.2538775205491401,3600
avmnist,clean-only,pdf,gaussian:image:2.0:seed202,gaussian,image,2.0,202,0.9225,0.24796166982944773,3600
avmnist,clean-only,pdf,gaussian:image:2.0:seed303,gaussian,image,2.0,303,0.9225,0.23976491865831726,3600
avmnist,clean-only,pdf,mask:audio:0.25:seed101,mask,audio,0.25,101,0.9827777777777778,0.0567796624260341,3600
avmnist,clean-only,pdf,mask:audio:0.25:seed202,mask,audio,0.25,202,0.9822222222222222,0.05802050112525212,3600
avmnist,clean-only,pdf,mask:audio:0.25:seed303,mask,audio,0.25,303,0.9811111111111112,0.05998534572939226,3600
avmnist,clean-only,pdf,mask:audio:0.5:seed101,mask,audio,0.5,101,0.975,0.08113520169415168,3600
avmnist,clean-only,pdf,mask:audio:0.5:seed202,mask,audio,0.5,202,0.9730555555555556,0.08475713519287689,3600
avmnist,clean-only,pdf,mask:audio:0.5:seed303,mask,audio,0.5,303,0.975,0.07913665429377947,3600
avmnist,clean-only,pdf,mask:audio:0.75:seed101,mask,audio,0.75,101,0.9655555555555555,0.1101284211193626,3600
avmnist,clean-only,pdf,mask:audio:0.75:seed202,mask,audio,0.75,202,0.9669444444444445,0.11321880520018594,3600
avmnist,clean-only,pdf,mask:audio:0.75:seed303,mask,audio,0.75,303,0.9630555555555556,0.11150329248209878,3600
avmnist,clean-only,pdf,mask:image:0.25:seed101,mask,image,0.25,101,0.9913888888888889,0.04114739539664958,3600
avmnist,clean-only,pdf,mask:image:0.25:seed202,mask,image,0.25,202,0.9911111111111112,0.03888130668287134,3600
avmnist,clean-only,pdf,mask:image:0.25:seed303,mask,image,0.25,303,0.9894444444444445,0.04417788426418666,3600
avmnist,clean-only,pdf,mask:image:0.5:seed101,mask,image,0.5,101,0.9861111111111112,0.07202354840642627,3600
avmnist,clean-only,pdf,mask:image:0.5:seed202,mask,image,0.5,202,0.9888888888888889,0.06910603036956793,3600
avmnist,clean-only,pdf,mask:image:0.5:seed303,mask,image,0.5,303,0.9897222222222222,0.06840359617498343,3600
avmnist,clean-only,pdf,mask:image:0.75:seed101,mask,image,0.75,101,0.9625,0.18990723357044897,3600
avmnist,clean-only,pdf,mask:image:0.75:seed202,mask,image,0.75,202,0.9633333333333334,0.18923141337222982,3600
avmnist,clean-only,pdf,mask:image:0.75:seed303,mask,image,0.75,303,0.965,0.1880914854386297,3600
avmnist,clean-only,qmf,clean,clean,none,0.0,-1,0.9913888888888889,0.03581372222793519,3600
avmnist,clean-only,qmf,gaussian:audio:0.25:seed101,gaussian,audio,0.25,101,0.9897222222222222,0.04121453165771895,3600
avmnist,clean-only,qmf,gaussian:audio:0.25:seed202,gaussian,audio,0.25,202,0.9880555555555556,0.043758930092356235,3600
avmnist,clean-only,qmf,gaussian:audio:0.25:seed303,gaussian,audio,0.25,303,0.9883333333333333,0.04331844969290379,3600
avmnist,clean-only,qmf,gaussian:audio:0.5:seed101,gaussian,audio,0.5,101,0.9822222222222222,0.057625686049091136,3600
avmnist,clean-only,qmf,gaussian:audio:0.5:seed202,gaussian,audio,0.5,202,0.9822222222222222,0.06069408773168802,3600
avmnist,clean-only,qmf,gaussian:audio:0.5:seed303,gaussian,audio,0.5,303,0.9813888888888889,0.06312939161630705,3600
avmnist,clean-only,qmf,gaussian:audio:1.0:seed101,gaussian,audio,1.0,101,0.9452777777777778,0.21740851463179106,3600
avmnist,clean-only,qmf,gaussian:audio:1.0:seed202,gaussian,audio,1.0,202,0.9436111111111111,0.21223778128728515,3600
avmnist,clean-only,qmf,gaussian:audio:1.0:seed303,gaussian,audio,1.0,303,0.9508333333333333,0.20585385670546935,3600
avmnist,clean-only,qmf,gaussian:audio:2.0:seed101,gaussian,audio,2.0,101,0.8041666666666667,1.5535076719960375,3600
avmnist,clean-only,qmf,gaussian:audio:2.0:seed202,gaussian,audio,2.0,202,0.8047222222222222,1.588620424135435,3600
avmnist,clean-only,qmf,gaussian:audio:2.0:seed303,gaussian,audio,2.0,303,0.8002777777777778,1.503100505726521,3600
avmnist,clean-only,qmf,gaussian:image:0.25:seed101,gaussian,image,0.25,101,0.9897222222222222,0.03701605469718531,3600
avmnist,clean-only,qmf,gaussian:image:0.25:seed202,gaussian,image,0.25,202,0.99,0.03816724758130314,3600
avmnist,clean-only,qmf,gaussian:image:0.25:seed303,gaussian,image,0.25,303,0.9911111111111112,0.03739993709138743,3600
avmnist,clean-only,qmf,gaussian:image:0.5:seed101,gaussian,image,0.5,101,0.9883333333333333,0.04291191818217042,3600
avmnist,clean-only,qmf,gaussian:image:0.5:seed202,gaussian,image,0.5,202,0.9877777777777778,0.04481586183434124,3600
avmnist,clean-only,qmf,gaussian:image:0.5:seed303,gaussian,image,0.5,303,0.9902777777777778,0.04280920749677798,3600
avmnist,clean-only,qmf,gaussian:image:1.0:seed101,gaussian,image,1.0,101,0.9788888888888889,0.07471791469756256,3600
avmnist,clean-only,qmf,gaussian:image:1.0:seed202,gaussian,image,1.0,202,0.9772222222222222,0.07812848904687403,3600
avmnist,clean-only,qmf,gaussian:image:1.0:seed303,gaussian,image,1.0,303,0.9822222222222222,0.0715058010653404,3600
avmnist,clean-only,qmf,gaussian:image:2.0:seed101,gaussian,image,2.0,101,0.9286111111111112,0.2565799503403971,3600
avmnist,clean-only,qmf,gaussian:image:2.0:seed202,gaussian,image,2.0,202,0.9286111111111112,0.2553597851871153,3600
avmnist,clean-only,qmf,gaussian:image:2.0:seed303,gaussian,image,2.0,303,0.9305555555555556,0.2341663994417384,3600
avmnist,clean-only,qmf,mask:audio:0.25:seed101,mask,audio,0.25,101,0.9833333333333333,0.058859806384436414,3600
avmnist,clean-only,qmf,mask:audio:0.25:seed202,mask,audio,0.25,202,0.9830555555555556,0.05910835608316852,3600
avmnist,clean-only,qmf,mask:audio:0.25:seed303,mask,audio,0.25,303,0.9838888888888889,0.0606935649275735,3600
avmnist,clean-only,qmf,mask:audio:0.5:seed101,mask,audio,0.5,101,0.9736111111111111,0.08891241890533239,3600
avmnist,clean-only,qmf,mask:audio:0.5:seed202,mask,audio,0.5,202,0.9741666666666666,0.08793705111758897,3600
avmnist,clean-only,qmf,mask:audio:0.5:seed303,mask,audio,0.5,303,0.9752777777777778,0.08697969137182636,3600
avmnist,clean-only,qmf,mask:audio:0.75:seed101,mask,audio,0.75,101,0.9641666666666666,0.12004683552588807,3600
avmnist,clean-only,qmf,mask:audio:0.75:seed202,mask,audio,0.75,202,0.9641666666666666,0.12738252041018847,3600
avmnist,clean-only,qmf,mask:audio:0.75:seed303,mask,audio,0.75,303,0.9636111111111111,0.12404379067829782,3600
avmnist,clean-only,qmf,mask:image:0.25:seed101,mask,image,0.25,101,0.9894444444444445,0.05204876989666393,3600
avmnist,clean-only,qmf,mask:image:0.25:seed202,mask,image,0.25,202,0.9908333333333333,0.04885240749471372,3600
avmnist,clean-only,qmf,mask:image:0.25:seed303,mask,image,0.25,303,0.9922222222222222,0.05036969756224528,3600
avmnist,clean-only,qmf,mask:image:0.5:seed101,mask,image,0.5,101,0.9841666666666666,0.11726034689287516,3600
avmnist,clean-only,qmf,mask:image:0.5:seed202,mask,image,0.5,202,0.9863888888888889,0.11379666055046025,3600
avmnist,clean-only,qmf,mask:image:0.5:seed303,mask,image,0.5,303,0.9869444444444444,0.112543064608777,3600
avmnist,clean-only,qmf,mask:image:0.75:seed101,mask,image,0.75,101,0.9552777777777778,0.32310735960363546,3600
avmnist,clean-only,qmf,mask:image:0.75:seed202,mask,image,0.75,202,0.9547222222222222,0.32086641990425785,3600
avmnist,clean-only,qmf,mask:image:0.75:seed303,mask,image,0.75,303,0.9566666666666667,0.3200961986200257,3600
avmnist,clean-only,tmc,clean,clean,none,0.0,-1,0.9858333333333333,0.04229527850839771,3600
avmnist,clean-only,tmc,gaussian:audio:0.25:seed101,gaussian,audio,0.25,101,0.9808333333333333,0.05849681820593374,3600
avmnist,clean-only,tmc,gaussian:audio:0.25:seed202,gaussian,audio,0.25,202,0.9827777777777778,0.0629508308354514,3600
avmnist,clean-only,tmc,gaussian:audio:0.25:seed303,gaussian,audio,0.25,303,0.9825,0.05824504703209989,3600
avmnist,clean-only,tmc,gaussian:audio:0.5:seed101,gaussian,audio,0.5,101,0.9738888888888889,0.09863662002851076,3600
avmnist,clean-only,tmc,gaussian:audio:0.5:seed202,gaussian,audio,0.5,202,0.9727777777777777,0.11449124043868765,3600
avmnist,clean-only,tmc,gaussian:audio:0.5:seed303,gaussian,audio,0.5,303,0.9736111111111111,0.10378294532997309,3600
avmnist,clean-only,tmc,gaussian:audio:1.0:seed101,gaussian,audio,1.0,101,0.9572222222222222,0.1846960787820787,3600
avmnist,clean-only,tmc,gaussian:audio:1.0:seed202,gaussian,audio,1.0,202,0.9555555555555556,0.20189308247868562,3600
avmnist,clean-only,tmc,gaussian:audio:1.0:seed303,gaussian,audio,1.0,303,0.9566666666666667,0.18933275901931906,3600
avmnist,clean-only,tmc,gaussian:audio:2.0:seed101,gaussian,audio,2.0,101,0.9075,0.3566834686017417,3600
avmnist,clean-only,tmc,gaussian:audio:2.0:seed202,gaussian,audio,2.0,202,0.9052777777777777,0.36633731127090363,3600
avmnist,clean-only,tmc,gaussian:audio:2.0:seed303,gaussian,audio,2.0,303,0.9052777777777777,0.3527125019164939,3600
avmnist,clean-only,tmc,gaussian:image:0.25:seed101,gaussian,image,0.25,101,0.9847222222222223,0.04511707485640441,3600
avmnist,clean-only,tmc,gaussian:image:0.25:seed202,gaussian,image,0.25,202,0.9836111111111111,0.044452623655090805,3600
avmnist,clean-only,tmc,gaussian:image:0.25:seed303,gaussian,image,0.25,303,0.9855555555555555,0.042850996283430774,3600
avmnist,clean-only,tmc,gaussian:image:0.5:seed101,gaussian,image,0.5,101,0.9825,0.054034518013027825,3600
avmnist,clean-only,tmc,gaussian:image:0.5:seed202,gaussian,image,0.5,202,0.9822222222222222,0.0519186148794294,3600
avmnist,clean-only,tmc,gaussian:image:0.5:seed303,gaussian,image,0.5,303,0.9841666666666666,0.04923463147523648,3600
avmnist,clean-only,tmc,gaussian:image:1.0:seed101,gaussian,image,1.0,101,0.9705555555555555,0.08967549968739234,3600
avmnist,clean-only,tmc,gaussian:image:1.0:seed202,gaussian,image,1.0,202,0.9688888888888889,0.09213698304399413,3600
avmnist,clean-only,tmc,gaussian:image:1.0:seed303,gaussian,image,1.0,303,0.9713888888888889,0.08826481760646566,3600
avmnist,clean-only,tmc,gaussian:image:2.0:seed101,gaussian,image,2.0,101,0.8922222222222222,0.28188280488750844,3600
avmnist,clean-only,tmc,gaussian:image:2.0:seed202,gaussian,image,2.0,202,0.8933333333333333,0.2800378041841461,3600
avmnist,clean-only,tmc,gaussian:image:2.0:seed303,gaussian,image,2.0,303,0.8977777777777778,0.2763696031268583,3600
avmnist,clean-only,tmc,mask:audio:0.25:seed101,mask,audio,0.25,101,0.9763888888888889,0.08502663167887037,3600
avmnist,clean-only,tmc,mask:audio:0.25:seed202,mask,audio,0.25,202,0.975,0.08661081969490625,3600
avmnist,clean-only,tmc,mask:audio:0.25:seed303,mask,audio,0.25,303,0.9763888888888889,0.08294790457760115,3600
avmnist,clean-only,tmc,mask:audio:0.5:seed101,mask,audio,0.5,101,0.965,0.136051302447042,3600
avmnist,clean-only,tmc,mask:audio:0.5:seed202,mask,audio,0.5,202,0.965,0.14260124895715914,3600
avmnist,clean-only,tmc,mask:audio:0.5:seed303,mask,audio,0.5,303,0.9658333333333333,0.12850315526803027,3600
avmnist,clean-only,tmc,mask:audio:0.75:seed101,mask,audio,0.75,101,0.9552777777777778,0.19555198191828577,3600
avmnist,clean-only,tmc,mask:audio:0.75:seed202,mask,audio,0.75,202,0.9555555555555556,0.19420892216692373,3600
avmnist,clean-only,tmc,mask:audio:0.75:seed303,mask,audio,0.75,303,0.9541666666666667,0.19800034506144676,3600
avmnist,clean-only,tmc,mask:image:0.25:seed101,mask,image,0.25,101,0.9847222222222223,0.04865072907228518,3600
avmnist,clean-only,tmc,mask:image:0.25:seed202,mask,image,0.25,202,0.9869444444444444,0.045263138353067334,3600
avmnist,clean-only,tmc,mask:image:0.25:seed303,mask,image,0.25,303,0.9816666666666667,0.05084945788179321,3600
avmnist,clean-only,tmc,mask:image:0.5:seed101,mask,image,0.5,101,0.98,0.06506570169542218,3600
avmnist,clean-only,tmc,mask:image:0.5:seed202,mask,image,0.5,202,0.9802777777777778,0.06238722625732837,3600
avmnist,clean-only,tmc,mask:image:0.5:seed303,mask,image,0.5,303,0.9808333333333333,0.06190020442427442,3600
avmnist,clean-only,tmc,mask:image:0.75:seed101,mask,image,0.75,101,0.9655555555555555,0.11791458799844629,3600
avmnist,clean-only,tmc,mask:image:0.75:seed202,mask,image,0.75,202,0.9652777777777778,0.11735575659054039,3600
avmnist,clean-only,tmc,mask:image:0.75:seed303,mask,image,0.75,303,0.9694444444444444,0.10796765384628006,3600
mosi,shared-augmentation,A7_equal_ensemble,clean,clean,none,0.0,-1,0.801829268292683,0.4424280780977752,656
mosi,shared-augmentation,A7_equal_ensemble,gaussian:audio:0.25:seed101,gaussian,audio,0.25,101,0.8048780487804879,0.4422506305904952,656
mosi,shared-augmentation,A7_equal_ensemble,gaussian:audio:0.25:seed202,gaussian,audio,0.25,202,0.801829268292683,0.4425704955039559,656
mosi,shared-augmentation,A7_equal_ensemble,gaussian:audio:0.25:seed303,gaussian,audio,0.25,303,0.8003048780487805,0.44256456229936003,656
mosi,shared-augmentation,A7_equal_ensemble,gaussian:audio:0.5:seed101,gaussian,audio,0.5,101,0.8048780487804879,0.4421996831650723,656
mosi,shared-augmentation,A7_equal_ensemble,gaussian:audio:0.5:seed202,gaussian,audio,0.5,202,0.801829268292683,0.4427787981811095,656
mosi,shared-augmentation,A7_equal_ensemble,gaussian:audio:0.5:seed303,gaussian,audio,0.5,303,0.7987804878048781,0.44272131977784984,656
mosi,shared-augmentation,A7_equal_ensemble,gaussian:audio:1.0:seed101,gaussian,audio,1.0,101,0.8048780487804879,0.4427514415683921,656
mosi,shared-augmentation,A7_equal_ensemble,gaussian:audio:1.0:seed202,gaussian,audio,1.0,202,0.7987804878048781,0.4438043927005256,656
mosi,shared-augmentation,A7_equal_ensemble,gaussian:audio:1.0:seed303,gaussian,audio,1.0,303,0.801829268292683,0.4437407779487264,656
mosi,shared-augmentation,A7_equal_ensemble,gaussian:audio:2.0:seed101,gaussian,audio,2.0,101,0.8064024390243902,0.4453040462431223,656
mosi,shared-augmentation,A7_equal_ensemble,gaussian:audio:2.0:seed202,gaussian,audio,2.0,202,0.7972560975609756,0.44725603451410384,656
mosi,shared-augmentation,A7_equal_ensemble,gaussian:audio:2.0:seed303,gaussian,audio,2.0,303,0.801829268292683,0.44689570333987366,656
mosi,shared-augmentation,A7_equal_ensemble,gaussian:text:0.25:seed101,gaussian,text,0.25,101,0.7911585365853658,0.44644856269142685,656
mosi,shared-augmentation,A7_equal_ensemble,gaussian:text:0.25:seed202,gaussian,text,0.25,202,0.7926829268292683,0.4434780953951235,656
mosi,shared-augmentation,A7_equal_ensemble,gaussian:text:0.25:seed303,gaussian,text,0.25,303,0.7911585365853658,0.44611177921372724,656
mosi,shared-augmentation,A7_equal_ensemble,gaussian:text:0.5:seed101,gaussian,text,0.5,101,0.7896341463414634,0.45406182426277375,656
mosi,shared-augmentation,A7_equal_ensemble,gaussian:text:0.5:seed202,gaussian,text,0.5,202,0.7850609756097561,0.44757032570831484,656
mosi,shared-augmentation,A7_equal_ensemble,gaussian:text:0.5:seed303,gaussian,text,0.5,303,0.7865853658536586,0.45338499447931174,656
mosi,shared-augmentation,A7_equal_ensemble,gaussian:text:1.0:seed101,gaussian,text,1.0,101,0.7713414634146342,0.4778790330187927,656
mosi,shared-augmentation,A7_equal_ensemble,gaussian:text:1.0:seed202,gaussian,text,1.0,202,0.7774390243902439,0.4638519190098654,656
mosi,shared-augmentation,A7_equal_ensemble,gaussian:text:1.0:seed303,gaussian,text,1.0,303,0.7652439024390244,0.47698405895089474,656
mosi,shared-augmentation,A7_equal_ensemble,gaussian:text:2.0:seed101,gaussian,text,2.0,101,0.7225609756097561,0.5494724203335031,656
mosi,shared-augmentation,A7_equal_ensemble,gaussian:text:2.0:seed202,gaussian,text,2.0,202,0.7378048780487805,0.5194047952973878,656
mosi,shared-augmentation,A7_equal_ensemble,gaussian:text:2.0:seed303,gaussian,text,2.0,303,0.7225609756097561,0.5502085896827602,656
mosi,shared-augmentation,A7_equal_ensemble,gaussian:vision:0.25:seed101,gaussian,vision,0.25,101,0.801829268292683,0.44184095119840283,656
mosi,shared-augmentation,A7_equal_ensemble,gaussian:vision:0.25:seed202,gaussian,vision,0.25,202,0.801829268292683,0.4430902270128898,656
mosi,shared-augmentation,A7_equal_ensemble,gaussian:vision:0.25:seed303,gaussian,vision,0.25,303,0.8003048780487805,0.44300368595579037,656
mosi,shared-augmentation,A7_equal_ensemble,gaussian:vision:0.5:seed101,gaussian,vision,0.5,101,0.8003048780487805,0.44128305582037486,656
mosi,shared-augmentation,A7_equal_ensemble,gaussian:vision:0.5:seed202,gaussian,vision,0.5,202,0.801829268292683,0.44378445164349034,656
mosi,shared-augmentation,A7_equal_ensemble,gaussian:vision:0.5:seed303,gaussian,vision,0.5,303,0.801829268292683,0.44362907022762865,656
mosi,shared-augmentation,A7_equal_ensemble,gaussian:vision:1.0:seed101,gaussian,vision,1.0,101,0.8033536585365854,0.4402646896295806,656
mosi,shared-augmentation,A7_equal_ensemble,gaussian:vision:1.0:seed202,gaussian,vision,1.0,202,0.8003048780487805,0.4451073663751318,656
mosi,shared-augmentation,A7_equal_ensemble,gaussian:vision:1.0:seed303,gaussian,vision,1.0,303,0.8003048780487805,0.4452245426681535,656
mosi,shared-augmentation,A7_equal_ensemble,gaussian:vision:2.0:seed101,gaussian,vision,2.0,101,0.801829268292683,0.4402006696240503,656
mosi,shared-augmentation,A7_equal_ensemble,gaussian:vision:2.0:seed202,gaussian,vision,2.0,202,0.7957317073170732,0.4492880366692176,656
mosi,shared-augmentation,A7_equal_ensemble,gaussian:vision:2.0:seed303,gaussian,vision,2.0,303,0.8048780487804879,0.4505780008941265,656
mosi,shared-augmentation,A7_equal_ensemble,mask:audio:0.25:seed101,mask,audio,0.25,101,0.7972560975609756,0.44248139515953566,656
mosi,shared-augmentation,A7_equal_ensemble,mask:audio:0.25:seed202,mask,audio,0.25,202,0.8003048780487805,0.444471978358977,656
mosi,shared-augmentation,A7_equal_ensemble,mask:audio:0.25:seed303,mask,audio,0.25,303,0.8064024390243902,0.44367003532457866,656
mosi,shared-augmentation,A7_equal_ensemble,mask:audio:0.5:seed101,mask,audio,0.5,101,0.7942073170731707,0.44445799497876626,656
mosi,shared-augmentation,A7_equal_ensemble,mask:audio:0.5:seed202,mask,audio,0.5,202,0.8064024390243902,0.44449740396931275,656
mosi,shared-augmentation,A7_equal_ensemble,mask:audio:0.5:seed303,mask,audio,0.5,303,0.8033536585365854,0.44406766878305015,656
mosi,shared-augmentation,A7_equal_ensemble,mask:audio:0.75:seed101,mask,audio,0.75,101,0.7972560975609756,0.44481138441791124,656
mosi,shared-augmentation,A7_equal_ensemble,mask:audio:0.75:seed202,mask,audio,0.75,202,0.801829268292683,0.445064684006134,656
mosi,shared-augmentation,A7_equal_ensemble,mask:audio:0.75:seed303,mask,audio,0.75,303,0.801829268292683,0.44529623261148477,656
mosi,shared-augmentation,A7_equal_ensemble,mask:text:0.25:seed101,mask,text,0.25,101,0.7728658536585366,0.47291782131686794,656
mosi,shared-augmentation,A7_equal_ensemble,mask:text:0.25:seed202,mask,text,0.25,202,0.7987804878048781,0.46552194428370025,656
mosi,shared-augmentation,A7_equal_ensemble,mask:text:0.25:seed303,mask,text,0.25,303,0.8003048780487805,0.46526202771173875,656
mosi,shared-augmentation,A7_equal_ensemble,mask:text:0.5:seed101,mask,text,0.5,101,0.7728658536585366,0.5119154188165626,656
mosi,shared-augmentation,A7_equal_ensemble,mask:text:0.5:seed202,mask,text,0.5,202,0.7713414634146342,0.5093132150638827,656
mosi,shared-augmentation,A7_equal_ensemble,mask:text:0.5:seed303,mask,text,0.5,303,0.7698170731707317,0.5162231317370228,656
mosi,shared-augmentation,A7_equal_ensemble,mask:text:0.75:seed101,mask,text,0.75,101,0.7164634146341463,0.5850989030246858,656
mosi,shared-augmentation,A7_equal_ensemble,mask:text:0.75:seed202,mask,text,0.75,202,0.7286585365853658,0.5835835693237048,656
mosi,shared-augmentation,A7_equal_ensemble,mask:text:0.75:seed303,mask,text,0.75,303,0.7286585365853658,0.5872301727900261,656
mosi,shared-augmentation,A7_equal_ensemble,mask:vision:0.25:seed101,mask,vision,0.25,101,0.801829268292683,0.4430824021586023,656
mosi,shared-augmentation,A7_equal_ensemble,mask:vision:0.25:seed202,mask,vision,0.25,202,0.801829268292683,0.4431407579474252,656
mosi,shared-augmentation,A7_equal_ensemble,mask:vision:0.25:seed303,mask,vision,0.25,303,0.7987804878048781,0.44327317642483427,656
mosi,shared-augmentation,A7_equal_ensemble,mask:vision:0.5:seed101,mask,vision,0.5,101,0.801829268292683,0.44379724064248705,656
mosi,shared-augmentation,A7_equal_ensemble,mask:vision:0.5:seed202,mask,vision,0.5,202,0.8064024390243902,0.44325225679000707,656
mosi,shared-augmentation,A7_equal_ensemble,mask:vision:0.5:seed303,mask,vision,0.5,303,0.8003048780487805,0.4432452853594188,656
mosi,shared-augmentation,A7_equal_ensemble,mask:vision:0.75:seed101,mask,vision,0.75,101,0.8003048780487805,0.44501561852447313,656
mosi,shared-augmentation,A7_equal_ensemble,mask:vision:0.75:seed202,mask,vision,0.75,202,0.8064024390243902,0.444462174507886,656
mosi,shared-augmentation,A7_equal_ensemble,mask:vision:0.75:seed303,mask,vision,0.75,303,0.8079268292682927,0.44463953031736314,656
mosi,shared-augmentation,A8_safe_fallback,clean,clean,none,0.0,-1,0.8048780487804879,0.43991022827172627,656
mosi,shared-augmentation,A8_safe_fallback,gaussian:audio:0.25:seed101,gaussian,audio,0.25,101,0.8079268292682927,0.43973653922459977,656
mosi,shared-augmentation,A8_safe_fallback,gaussian:audio:0.25:seed202,gaussian,audio,0.25,202,0.8048780487804879,0.43998194578781646,656
mosi,shared-augmentation,A8_safe_fallback,gaussian:audio:0.25:seed303,gaussian,audio,0.25,303,0.8064024390243902,0.44001758704316685,656
mosi,shared-augmentation,A8_safe_fallback,gaussian:audio:0.5:seed101,gaussian,audio,0.5,101,0.8094512195121951,0.4396435899858791,656
mosi,shared-augmentation,A8_safe_fallback,gaussian:audio:0.5:seed202,gaussian,audio,0.5,202,0.8033536585365854,0.4400686664009003,656
mosi,shared-augmentation,A8_safe_fallback,gaussian:audio:0.5:seed303,gaussian,audio,0.5,303,0.8094512195121951,0.44007228262569953,656
mosi,shared-augmentation,A8_safe_fallback,gaussian:audio:1.0:seed101,gaussian,audio,1.0,101,0.801829268292683,0.44009215587190165,656
mosi,shared-augmentation,A8_safe_fallback,gaussian:audio:1.0:seed202,gaussian,audio,1.0,202,0.8033536585365854,0.4406344077956201,656
mosi,shared-augmentation,A8_safe_fallback,gaussian:audio:1.0:seed303,gaussian,audio,1.0,303,0.8079268292682927,0.4406919612545967,656
mosi,shared-augmentation,A8_safe_fallback,gaussian:audio:2.0:seed101,gaussian,audio,2.0,101,0.8064024390243902,0.441733025383542,656
mosi,shared-augmentation,A8_safe_fallback,gaussian:audio:2.0:seed202,gaussian,audio,2.0,202,0.7987804878048781,0.44278288262932297,656
mosi,shared-augmentation,A8_safe_fallback,gaussian:audio:2.0:seed303,gaussian,audio,2.0,303,0.8033536585365854,0.44269798197383076,656
mosi,shared-augmentation,A8_safe_fallback,gaussian:text:0.25:seed101,gaussian,text,0.25,101,0.7987804878048781,0.44393304085837726,656
mosi,shared-augmentation,A8_safe_fallback,gaussian:text:0.25:seed202,gaussian,text,0.25,202,0.7972560975609756,0.44033002273975996,656
mosi,shared-augmentation,A8_safe_fallback,gaussian:text:0.25:seed303,gaussian,text,0.25,303,0.8048780487804879,0.4434086741049079,656
mosi,shared-augmentation,A8_safe_fallback,gaussian:text:0.5:seed101,gaussian,text,0.5,101,0.7987804878048781,0.45213891306219145,656
mosi,shared-augmentation,A8_safe_fallback,gaussian:text:0.5:seed202,gaussian,text,0.5,202,0.7957317073170732,0.44402558996195773,656
mosi,shared-augmentation,A8_safe_fallback,gaussian:text:0.5:seed303,gaussian,text,0.5,303,0.7987804878048781,0.45098867260761344,656
mosi,shared-augmentation,A8_safe_fallback,gaussian:text:1.0:seed101,gaussian,text,1.0,101,0.774390243902439,0.47791980674958207,656
mosi,shared-augmentation,A8_safe_fallback,gaussian:text:1.0:seed202,gaussian,text,1.0,202,0.7759146341463414,0.4597826972479856,656
mosi,shared-augmentation,A8_safe_fallback,gaussian:text:1.0:seed303,gaussian,text,1.0,303,0.7789634146341463,0.4755968526068954,656
mosi,shared-augmentation,A8_safe_fallback,gaussian:text:2.0:seed101,gaussian,text,2.0,101,0.7347560975609756,0.5554977692394656,656
mosi,shared-augmentation,A8_safe_fallback,gaussian:text:2.0:seed202,gaussian,text,2.0,202,0.7484756097560976,0.5176205947311663,656
mosi,shared-augmentation,A8_safe_fallback,gaussian:text:2.0:seed303,gaussian,text,2.0,303,0.7317073170731707,0.5510063699427649,656
mosi,shared-augmentation,A8_safe_fallback,gaussian:vision:0.25:seed101,gaussian,vision,0.25,101,0.8079268292682927,0.43930968020080524,656
mosi,shared-augmentation,A8_safe_fallback,gaussian:vision:0.25:seed202,gaussian,vision,0.25,202,0.8064024390243902,0.44063868779049575,656
mosi,shared-augmentation,A8_safe_fallback,gaussian:vision:0.25:seed303,gaussian,vision,0.25,303,0.8048780487804879,0.4403533127675003,656
mosi,shared-augmentation,A8_safe_fallback,gaussian:vision:0.5:seed101,gaussian,vision,0.5,101,0.8094512195121951,0.4387827929033309,656
mosi,shared-augmentation,A8_safe_fallback,gaussian:vision:0.5:seed202,gaussian,vision,0.5,202,0.8094512195121951,0.44136428902447544,656
mosi,shared-augmentation,A8_safe_fallback,gaussian:vision:0.5:seed303,gaussian,vision,0.5,303,0.8048780487804879,0.44086282920985675,656
mosi,shared-augmentation,A8_safe_fallback,gaussian:vision:1.0:seed101,gaussian,vision,1.0,101,0.8079268292682927,0.43768791277247243,656
mosi,shared-augmentation,A8_safe_fallback,gaussian:vision:1.0:seed202,gaussian,vision,1.0,202,0.8064024390243902,0.44272442781076154,656
mosi,shared-augmentation,A8_safe_fallback,gaussian:vision:1.0:seed303,gaussian,vision,1.0,303,0.8064024390243902,0.44223701150774986,656
mosi,shared-augmentation,A8_safe_fallback,gaussian:vision:2.0:seed101,gaussian,vision,2.0,101,0.8048780487804879,0.43747387082439365,656
mosi,shared-augmentation,A8_safe_fallback,gaussian:vision:2.0:seed202,gaussian,vision,2.0,202,0.8003048780487805,0.44628250287485793,656
mosi,shared-augmentation,A8_safe_fallback,gaussian:vision:2.0:seed303,gaussian,vision,2.0,303,0.7987804878048781,0.44686217128384964,656
mosi,shared-augmentation,A8_safe_fallback,mask:audio:0.25:seed101,mask,audio,0.25,101,0.8048780487804879,0.4398596976408819,656
mosi,shared-augmentation,A8_safe_fallback,mask:audio:0.25:seed202,mask,audio,0.25,202,0.8048780487804879,0.4415047599353685,656
mosi,shared-augmentation,A8_safe_fallback,mask:audio:0.25:seed303,mask,audio,0.25,303,0.8033536585365854,0.4409865722874854,656
mosi,shared-augmentation,A8_safe_fallback,mask:audio:0.5:seed101,mask,audio,0.5,101,0.8064024390243902,0.44155472305676685,656
mosi,shared-augmentation,A8_safe_fallback,mask:audio:0.5:seed202,mask,audio,0.5,202,0.8064024390243902,0.4414755644871984,656
mosi,shared-augmentation,A8_safe_fallback,mask:audio:0.5:seed303,mask,audio,0.5,303,0.8033536585365854,0.44114300919549976,656
mosi,shared-augmentation,A8_safe_fallback,mask:audio:0.75:seed101,mask,audio,0.75,101,0.8079268292682927,0.4417978101779066,656
mosi,shared-augmentation,A8_safe_fallback,mask:audio:0.75:seed202,mask,audio,0.75,202,0.8048780487804879,0.44187928850152036,656
mosi,shared-augmentation,A8_safe_fallback,mask:audio:0.75:seed303,mask,audio,0.75,303,0.8048780487804879,0.4420901903301132,656
mosi,shared-augmentation,A8_safe_fallback,mask:text:0.25:seed101,mask,text,0.25,101,0.7789634146341463,0.4692819261687796,656
mosi,shared-augmentation,A8_safe_fallback,mask:text:0.25:seed202,mask,text,0.25,202,0.7987804878048781,0.4612249727957397,656
mosi,shared-augmentation,A8_safe_fallback,mask:text:0.25:seed303,mask,text,0.25,303,0.8048780487804879,0.4600612711316011,656
mosi,shared-augmentation,A8_safe_fallback,mask:text:0.5:seed101,mask,text,0.5,101,0.7667682926829268,0.5045332312041075,656
mosi,shared-augmentation,A8_safe_fallback,mask:text:0.5:seed202,mask,text,0.5,202,0.7835365853658537,0.501865722932466,656
mosi,shared-augmentation,A8_safe_fallback,mask:text:0.5:seed303,mask,text,0.5,303,0.7728658536585366,0.5077617708763557,656
mosi,shared-augmentation,A8_safe_fallback,mask:text:0.75:seed101,mask,text,0.75,101,0.7317073170731707,0.5717858821364774,656
mosi,shared-augmentation,A8_safe_fallback,mask:text:0.75:seed202,mask,text,0.75,202,0.7317073170731707,0.5704191315893838,656
mosi,shared-augmentation,A8_safe_fallback,mask:text:0.75:seed303,mask,text,0.75,303,0.7317073170731707,0.5732076308145747,656
mosi,shared-augmentation,A8_safe_fallback,mask:vision:0.25:seed101,mask,vision,0.25,101,0.8109756097560976,0.4405697825303844,656
mosi,shared-augmentation,A8_safe_fallback,mask:vision:0.25:seed202,mask,vision,0.25,202,0.8033536585365854,0.44069406520943283,656
mosi,shared-augmentation,A8_safe_fallback,mask:vision:0.25:seed303,mask,vision,0.25,303,0.8048780487804879,0.44060533664885176,656
mosi,shared-augmentation,A8_safe_fallback,mask:vision:0.5:seed101,mask,vision,0.5,101,0.8079268292682927,0.44128583293519946,656
mosi,shared-augmentation,A8_safe_fallback,mask:vision:0.5:seed202,mask,vision,0.5,202,0.8079268292682927,0.4410643889839553,656
mosi,shared-augmentation,A8_safe_fallback,mask:vision:0.5:seed303,mask,vision,0.5,303,0.8109756097560976,0.440520710591755,656
mosi,shared-augmentation,A8_safe_fallback,mask:vision:0.75:seed101,mask,vision,0.75,101,0.8064024390243902,0.4423142285844487,656
mosi,shared-augmentation,A8_safe_fallback,mask:vision:0.75:seed202,mask,vision,0.75,202,0.8079268292682927,0.4420603886775448,656
mosi,shared-augmentation,A8_safe_fallback,mask:vision:0.75:seed303,mask,vision,0.75,303,0.8125,0.44193018986293187,656
mosi,shared-augmentation,full_ensemble,clean,clean,none,0.0,-1,0.8079268292682927,0.4448348820827621,656
mosi,shared-augmentation,full_ensemble,gaussian:audio:0.25:seed101,gaussian,audio,0.25,101,0.8079268292682927,0.44470227237332366,656
mosi,shared-augmentation,full_ensemble,gaussian:audio:0.25:seed202,gaussian,audio,0.25,202,0.8079268292682927,0.444877376142847,656
mosi,shared-augmentation,full_ensemble,gaussian:audio:0.25:seed303,gaussian,audio,0.25,303,0.8064024390243902,0.44487306436439783,656
mosi,shared-augmentation,full_ensemble,gaussian:audio:0.5:seed101,gaussian,audio,0.5,101,0.8079268292682927,0.4446565572596402,656
mosi,shared-augmentation,full_ensemble,gaussian:audio:0.5:seed202,gaussian,audio,0.5,202,0.8064024390243902,0.445044090971455,656
mosi,shared-augmentation,full_ensemble,gaussian:audio:0.5:seed303,gaussian,audio,0.5,303,0.8064024390243902,0.4449713707495551,656
mosi,shared-augmentation,full_ensemble,gaussian:audio:1.0:seed101,gaussian,audio,1.0,101,0.8109756097560976,0.4448547095869653,656
mosi,shared-augmentation,full_ensemble,gaussian:audio:1.0:seed202,gaussian,audio,1.0,202,0.8079268292682927,0.4456617194929459,656
mosi,shared-augmentation,full_ensemble,gaussian:audio:1.0:seed303,gaussian,audio,1.0,303,0.8048780487804879,0.44543050340504087,656
mosi,shared-augmentation,full_ensemble,gaussian:audio:2.0:seed101,gaussian,audio,2.0,101,0.8079268292682927,0.44609586121768424,656
mosi,shared-augmentation,full_ensemble,gaussian:audio:2.0:seed202,gaussian,audio,2.0,202,0.8033536585365854,0.4474723999840548,656
mosi,shared-augmentation,full_ensemble,gaussian:audio:2.0:seed303,gaussian,audio,2.0,303,0.8064024390243902,0.44689799364163724,656
mosi,shared-augmentation,full_ensemble,gaussian:text:0.25:seed101,gaussian,text,0.25,101,0.7987804878048781,0.4485354739609972,656
mosi,shared-augmentation,full_ensemble,gaussian:text:0.25:seed202,gaussian,text,0.25,202,0.7957317073170732,0.4455935254967241,656
mosi,shared-augmentation,full_ensemble,gaussian:text:0.25:seed303,gaussian,text,0.25,303,0.7926829268292683,0.44846403542738456,656
mosi,shared-augmentation,full_ensemble,gaussian:text:0.5:seed101,gaussian,text,0.5,101,0.7896341463414634,0.45559490992256946,656
mosi,shared-augmentation,full_ensemble,gaussian:text:0.5:seed202,gaussian,text,0.5,202,0.7850609756097561,0.4493307595300111,656
mosi,shared-augmentation,full_ensemble,gaussian:text:0.5:seed303,gaussian,text,0.5,303,0.7850609756097561,0.4557515888267084,656
mosi,shared-augmentation,full_ensemble,gaussian:text:1.0:seed101,gaussian,text,1.0,101,0.7637195121951219,0.4787642608689802,656
mosi,shared-augmentation,full_ensemble,gaussian:text:1.0:seed202,gaussian,text,1.0,202,0.7728658536585366,0.46476736760459014,656
mosi,shared-augmentation,full_ensemble,gaussian:text:1.0:seed303,gaussian,text,1.0,303,0.760670731707317,0.4789946268715196,656
mosi,shared-augmentation,full_ensemble,gaussian:text:2.0:seed101,gaussian,text,2.0,101,0.7271341463414634,0.548823980734846,656
mosi,shared-augmentation,full_ensemble,gaussian:text:2.0:seed202,gaussian,text,2.0,202,0.7378048780487805,0.519910552329097,656
mosi,shared-augmentation,full_ensemble,gaussian:text:2.0:seed303,gaussian,text,2.0,303,0.7195121951219512,0.5517448875316083,656
mosi,shared-augmentation,full_ensemble,gaussian:vision:0.25:seed101,gaussian,vision,0.25,101,0.8064024390243902,0.4442692436946889,656
mosi,shared-augmentation,full_ensemble,gaussian:vision:0.25:seed202,gaussian,vision,0.25,202,0.8079268292682927,0.4454390126303825,656
mosi,shared-augmentation,full_ensemble,gaussian:vision:0.25:seed303,gaussian,vision,0.25,303,0.8079268292682927,0.44525829415785656,656
mosi,shared-augmentation,full_ensemble,gaussian:vision:0.5:seed101,gaussian,vision,0.5,101,0.8064024390243902,0.44367316067933715,656
mosi,shared-augmentation,full_ensemble,gaussian:vision:0.5:seed202,gaussian,vision,0.5,202,0.8064024390243902,0.44606933009770544,656
mosi,shared-augmentation,full_ensemble,gaussian:vision:0.5:seed303,gaussian,vision,0.5,303,0.8033536585365854,0.44578366579693945,656
mosi,shared-augmentation,full_ensemble,gaussian:vision:1.0:seed101,gaussian,vision,1.0,101,0.8064024390243902,0.4427700679948413,656
mosi,shared-augmentation,full_ensemble,gaussian:vision:1.0:seed202,gaussian,vision,1.0,202,0.8003048780487805,0.4474858489313567,656
mosi,shared-augmentation,full_ensemble,gaussian:vision:1.0:seed303,gaussian,vision,1.0,303,0.801829268292683,0.4472133571956186,656
mosi,shared-augmentation,full_ensemble,gaussian:vision:2.0:seed101,gaussian,vision,2.0,101,0.8064024390243902,0.44298404904993866,656
mosi,shared-augmentation,full_ensemble,gaussian:vision:2.0:seed202,gaussian,vision,2.0,202,0.7957317073170732,0.45177987975449707,656
mosi,shared-augmentation,full_ensemble,gaussian:vision:2.0:seed303,gaussian,vision,2.0,303,0.801829268292683,0.4523895523466603,656
mosi,shared-augmentation,full_ensemble,mask:audio:0.25:seed101,mask,audio,0.25,101,0.8048780487804879,0.4450323564195695,656
mosi,shared-augmentation,full_ensemble,mask:audio:0.25:seed202,mask,audio,0.25,202,0.8064024390243902,0.4460286700407289,656
mosi,shared-augmentation,full_ensemble,mask:audio:0.25:seed303,mask,audio,0.25,303,0.8079268292682927,0.4457446057926715,656
mosi,shared-augmentation,full_ensemble,mask:audio:0.5:seed101,mask,audio,0.5,101,0.8048780487804879,0.446092949444726,656
mosi,shared-augmentation,full_ensemble,mask:audio:0.5:seed202,mask,audio,0.5,202,0.8064024390243902,0.4459196200659996,656
mosi,shared-augmentation,full_ensemble,mask:audio:0.5:seed303,mask,audio,0.5,303,0.8064024390243902,0.44586906023730966,656
mosi,shared-augmentation,full_ensemble,mask:audio:0.75:seed101,mask,audio,0.75,101,0.8033536585365854,0.4463377413624572,656
mosi,shared-augmentation,full_ensemble,mask:audio:0.75:seed202,mask,audio,0.75,202,0.8064024390243902,0.4464180392982161,656
mosi,shared-augmentation,full_ensemble,mask:audio:0.75:seed303,mask,audio,0.75,303,0.8064024390243902,0.44659122576989285,656
mosi,shared-augmentation,full_ensemble,mask:text:0.25:seed101,mask,text,0.25,101,0.7682926829268293,0.4762001878689989,656
mosi,shared-augmentation,full_ensemble,mask:text:0.25:seed202,mask,text,0.25,202,0.8003048780487805,0.4690879383700252,656
mosi,shared-augmentation,full_ensemble,mask:text:0.25:seed303,mask,text,0.25,303,0.7942073170731707,0.468860053048019,656
mosi,shared-augmentation,full_ensemble,mask:text:0.5:seed101,mask,text,0.5,101,0.7682926829268293,0.5162566620980685,656
mosi,shared-augmentation,full_ensemble,mask:text:0.5:seed202,mask,text,0.5,202,0.774390243902439,0.5146341014239683,656
mosi,shared-augmentation,full_ensemble,mask:text:0.5:seed303,mask,text,0.5,303,0.7789634146341463,0.5208311754353172,656
mosi,shared-augmentation,full_ensemble,mask:text:0.75:seed101,mask,text,0.75,101,0.7164634146341463,0.5907754675707115,656
mosi,shared-augmentation,full_ensemble,mask:text:0.75:seed202,mask,text,0.75,202,0.725609756097561,0.5897219159952265,656
mosi,shared-augmentation,full_ensemble,mask:text:0.75:seed303,mask,text,0.75,303,0.7347560975609756,0.592534384143921,656
mosi,shared-augmentation,full_ensemble,mask:vision:0.25:seed101,mask,vision,0.25,101,0.8079268292682927,0.44559495671309207,656
mosi,shared-augmentation,full_ensemble,mask:vision:0.25:seed202,mask,vision,0.25,202,0.8079268292682927,0.44565974175302925,656
mosi,shared-augmentation,full_ensemble,mask:vision:0.25:seed303,mask,vision,0.25,303,0.8048780487804879,0.4457460567580194,656
mosi,shared-augmentation,full_ensemble,mask:vision:0.5:seed101,mask,vision,0.5,101,0.8048780487804879,0.446202551804573,656
mosi,shared-augmentation,full_ensemble,mask:vision:0.5:seed202,mask,vision,0.5,202,0.8079268292682927,0.4456677879794441,656
mosi,shared-augmentation,full_ensemble,mask:vision:0.5:seed303,mask,vision,0.5,303,0.8033536585365854,0.4456515203937051,656
mosi,shared-augmentation,full_ensemble,mask:vision:0.75:seed101,mask,vision,0.75,101,0.801829268292683,0.44733716551554165,656
mosi,shared-augmentation,full_ensemble,mask:vision:0.75:seed202,mask,vision,0.75,202,0.8048780487804879,0.4468209629763298,656
mosi,shared-augmentation,full_ensemble,mask:vision:0.75:seed303,mask,vision,0.75,303,0.8109756097560976,0.4469962231964877,656
mosi,shared-augmentation,i2moe,clean,clean,none,0.0,-1,0.7865853658536586,0.48439515404246225,656
mosi,shared-augmentation,i2moe,gaussian:audio:0.25:seed101,gaussian,audio,0.25,101,0.7850609756097561,0.48370761260366685,656
mosi,shared-augmentation,i2moe,gaussian:audio:0.25:seed202,gaussian,audio,0.25,202,0.7850609756097561,0.4849573719412781,656
mosi,shared-augmentation,i2moe,gaussian:audio:0.25:seed303,gaussian,audio,0.25,303,0.7820121951219512,0.48486806394832915,656
mosi,shared-augmentation,i2moe,gaussian:audio:0.5:seed101,gaussian,audio,0.5,101,0.7911585365853658,0.4836208039211445,656
mosi,shared-augmentation,i2moe,gaussian:audio:0.5:seed202,gaussian,audio,0.5,202,0.7789634146341463,0.4859980880047056,656
mosi,shared-augmentation,i2moe,gaussian:audio:0.5:seed303,gaussian,audio,0.5,303,0.7835365853658537,0.48595451641311116,656
mosi,shared-augmentation,i2moe,gaussian:audio:1.0:seed101,gaussian,audio,1.0,101,0.7835365853658537,0.4853245038558803,656
mosi,shared-augmentation,i2moe,gaussian:audio:1.0:seed202,gaussian,audio,1.0,202,0.7804878048780488,0.4893823591290806,656
mosi,shared-augmentation,i2moe,gaussian:audio:1.0:seed303,gaussian,audio,1.0,303,0.7667682926829268,0.48960806670110757,656
mosi,shared-augmentation,i2moe,gaussian:audio:2.0:seed101,gaussian,audio,2.0,101,0.7850609756097561,0.49491461335369097,656
mosi,shared-augmentation,i2moe,gaussian:audio:2.0:seed202,gaussian,audio,2.0,202,0.7545731707317073,0.500834979097984,656
mosi,shared-augmentation,i2moe,gaussian:audio:2.0:seed303,gaussian,audio,2.0,303,0.7484756097560976,0.5012316122144368,656
mosi,shared-augmentation,i2moe,gaussian:text:0.25:seed101,gaussian,text,0.25,101,0.7820121951219512,0.486501503828597,656
mosi,shared-augmentation,i2moe,gaussian:text:0.25:seed202,gaussian,text,0.25,202,0.7789634146341463,0.48559756326988207,656
mosi,shared-augmentation,i2moe,gaussian:text:0.25:seed303,gaussian,text,0.25,303,0.788109756097561,0.487555116872389,656
mosi,shared-augmentation,i2moe,gaussian:text:0.5:seed101,gaussian,text,0.5,101,0.7728658536585366,0.4906414110121113,656
mosi,shared-augmentation,i2moe,gaussian:text:0.5:seed202,gaussian,text,0.5,202,0.7728658536585366,0.4885169926025664,656
mosi,shared-augmentation,i2moe,gaussian:text:0.5:seed303,gaussian,text,0.5,303,0.7850609756097561,0.4925627706164774,656
mosi,shared-augmentation,i2moe,gaussian:text:1.0:seed101,gaussian,text,1.0,101,0.760670731707317,0.5053191609457908,656
mosi,shared-augmentation,i2moe,gaussian:text:1.0:seed202,gaussian,text,1.0,202,0.7560975609756098,0.49928919796938187,656
mosi,shared-augmentation,i2moe,gaussian:text:1.0:seed303,gaussian,text,1.0,303,0.7667682926829268,0.5084204747804837,656
mosi,shared-augmentation,i2moe,gaussian:text:2.0:seed101,gaussian,text,2.0,101,0.7134146341463414,0.5570200030169958,656
mosi,shared-augmentation,i2moe,gaussian:text:2.0:seed202,gaussian,text,2.0,202,0.7088414634146342,0.5393947859659058,656
mosi,shared-augmentation,i2moe,gaussian:text:2.0:seed303,gaussian,text,2.0,303,0.7149390243902439,0.5617483008456413,656
mosi,shared-augmentation,i2moe,gaussian:vision:0.25:seed101,gaussian,vision,0.25,101,0.788109756097561,0.4836786475451148,656
mosi,shared-augmentation,i2moe,gaussian:vision:0.25:seed202,gaussian,vision,0.25,202,0.7820121951219512,0.4846435717872033,656
mosi,shared-augmentation,i2moe,gaussian:vision:0.25:seed303,gaussian,vision,0.25,303,0.7865853658536586,0.48493970807495235,656
mosi,shared-augmentation,i2moe,gaussian:vision:0.5:seed101,gaussian,vision,0.5,101,0.7972560975609756,0.4825578039530819,656
mosi,shared-augmentation,i2moe,gaussian:vision:0.5:seed202,gaussian,vision,0.5,202,0.788109756097561,0.48469880807557797,656
mosi,shared-augmentation,i2moe,gaussian:vision:0.5:seed303,gaussian,vision,0.5,303,0.7865853658536586,0.4853013533719153,656
mosi,shared-augmentation,i2moe,gaussian:vision:1.0:seed101,gaussian,vision,1.0,101,0.7911585365853658,0.48031759577870187,656
mosi,shared-augmentation,i2moe,gaussian:vision:1.0:seed202,gaussian,vision,1.0,202,0.7820121951219512,0.48489648970752947,656
mosi,shared-augmentation,i2moe,gaussian:vision:1.0:seed303,gaussian,vision,1.0,303,0.7835365853658537,0.4863676400333349,656
mosi,shared-augmentation,i2moe,gaussian:vision:2.0:seed101,gaussian,vision,2.0,101,0.788109756097561,0.4788783715316592,656
mosi,shared-augmentation,i2moe,gaussian:vision:2.0:seed202,gaussian,vision,2.0,202,0.7774390243902439,0.48901280425547883,656
mosi,shared-augmentation,i2moe,gaussian:vision:2.0:seed303,gaussian,vision,2.0,303,0.7759146341463414,0.4928534415436647,656
mosi,shared-augmentation,i2moe,mask:audio:0.25:seed101,mask,audio,0.25,101,0.7972560975609756,0.4842411164911071,656
mosi,shared-augmentation,i2moe,mask:audio:0.25:seed202,mask,audio,0.25,202,0.7896341463414634,0.4872137805886637,656
mosi,shared-augmentation,i2moe,mask:audio:0.25:seed303,mask,audio,0.25,303,0.788109756097561,0.4862937903444652,656
mosi,shared-augmentation,i2moe,mask:audio:0.5:seed101,mask,audio,0.5,101,0.7865853658536586,0.48709144420583933,656
mosi,shared-augmentation,i2moe,mask:audio:0.5:seed202,mask,audio,0.5,202,0.7972560975609756,0.48694521127980883,656
mosi,shared-augmentation,i2moe,mask:audio:0.5:seed303,mask,audio,0.5,303,0.7972560975609756,0.4866379009324799,656
mosi,shared-augmentation,i2moe,mask:audio:0.75:seed101,mask,audio,0.75,101,0.7820121951219512,0.4869561008340386,656
mosi,shared-augmentation,i2moe,mask:audio:0.75:seed202,mask,audio,0.75,202,0.7926829268292683,0.4869628707281645,656
mosi,shared-augmentation,i2moe,mask:audio:0.75:seed303,mask,audio,0.75,303,0.7926829268292683,0.488474306734329,656
mosi,shared-augmentation,i2moe,mask:text:0.25:seed101,mask,text,0.25,101,0.7591463414634146,0.515461597955167,656
mosi,shared-augmentation,i2moe,mask:text:0.25:seed202,mask,text,0.25,202,0.7698170731707317,0.510062713081066,656
mosi,shared-augmentation,i2moe,mask:text:0.25:seed303,mask,text,0.25,303,0.7774390243902439,0.5114896609750085,656
mosi,shared-augmentation,i2moe,mask:text:0.5:seed101,mask,text,0.5,101,0.739329268292683,0.5512089601132243,656
mosi,shared-augmentation,i2moe,mask:text:0.5:seed202,mask,text,0.5,202,0.7271341463414634,0.5485097600716371,656
mosi,shared-augmentation,i2moe,mask:text:0.5:seed303,mask,text,0.5,303,0.7332317073170732,0.5547968850268412,656
mosi,shared-augmentation,i2moe,mask:text:0.75:seed101,mask,text,0.75,101,0.6707317073170732,0.6060804934706364,656
mosi,shared-augmentation,i2moe,mask:text:0.75:seed202,mask,text,0.75,202,0.7042682926829268,0.6033847903450655,656
mosi,shared-augmentation,i2moe,mask:text:0.75:seed303,mask,text,0.75,303,0.6753048780487805,0.6089074993881033,656
mosi,shared-augmentation,i2moe,mask:vision:0.25:seed101,mask,vision,0.25,101,0.7896341463414634,0.48358823447455174,656
mosi,shared-augmentation,i2moe,mask:vision:0.25:seed202,mask,vision,0.25,202,0.7835365853658537,0.48511491995684597,656
mosi,shared-augmentation,i2moe,mask:vision:0.25:seed303,mask,vision,0.25,303,0.7865853658536586,0.4842682946972967,656
mosi,shared-augmentation,i2moe,mask:vision:0.5:seed101,mask,vision,0.5,101,0.7850609756097561,0.4844504041389626,656
mosi,shared-augmentation,i2moe,mask:vision:0.5:seed202,mask,vision,0.5,202,0.7789634146341463,0.4846399564478593,656
mosi,shared-augmentation,i2moe,mask:vision:0.5:seed303,mask,vision,0.5,303,0.7850609756097561,0.4831424585348587,656
mosi,shared-augmentation,i2moe,mask:vision:0.75:seed101,mask,vision,0.75,101,0.7896341463414634,0.48541571293054875,656
mosi,shared-augmentation,i2moe,mask:vision:0.75:seed202,mask,vision,0.75,202,0.788109756097561,0.4858867909678887,656
mosi,shared-augmentation,i2moe,mask:vision:0.75:seed303,mask,vision,0.75,303,0.7911585365853658,0.48498636967950576,656
mosi,shared-augmentation,pdf,clean,clean,none,0.0,-1,0.7865853658536586,0.46560284962885046,656
mosi,shared-augmentation,pdf,gaussian:audio:0.25:seed101,gaussian,audio,0.25,101,0.7957317073170732,0.4653668548780702,656
mosi,shared-augmentation,pdf,gaussian:audio:0.25:seed202,gaussian,audio,0.25,202,0.7865853658536586,0.46567200293587285,656
mosi,shared-augmentation,pdf,gaussian:audio:0.25:seed303,gaussian,audio,0.25,303,0.7850609756097561,0.4660561489777051,656
mosi,shared-augmentation,pdf,gaussian:audio:0.5:seed101,gaussian,audio,0.5,101,0.7942073170731707,0.46553731267957266,656
mosi,shared-augmentation,pdf,gaussian:audio:0.5:seed202,gaussian,audio,0.5,202,0.7865853658536586,0.4659676095849297,656
mosi,shared-augmentation,pdf,gaussian:audio:0.5:seed303,gaussian,audio,0.5,303,0.7850609756097561,0.4667567229363808,656
mosi,shared-augmentation,pdf,gaussian:audio:1.0:seed101,gaussian,audio,1.0,101,0.7926829268292683,0.4668308033899635,656
mosi,shared-augmentation,pdf,gaussian:audio:1.0:seed202,gaussian,audio,1.0,202,0.7820121951219512,0.46742885766988923,656
mosi,shared-augmentation,pdf,gaussian:audio:1.0:seed303,gaussian,audio,1.0,303,0.7865853658536586,0.4691037049787571,656
mosi,shared-augmentation,pdf,gaussian:audio:2.0:seed101,gaussian,audio,2.0,101,0.7896341463414634,0.47274180649677155,656
mosi,shared-augmentation,pdf,gaussian:audio:2.0:seed202,gaussian,audio,2.0,202,0.7713414634146342,0.4741001810157272,656
mosi,shared-augmentation,pdf,gaussian:audio:2.0:seed303,gaussian,audio,2.0,303,0.7789634146341463,0.4768041002379046,656
mosi,shared-augmentation,pdf,gaussian:text:0.25:seed101,gaussian,text,0.25,101,0.7835365853658537,0.46860887611806507,656
mosi,shared-augmentation,pdf,gaussian:text:0.25:seed202,gaussian,text,0.25,202,0.7942073170731707,0.4658233424162421,656
mosi,shared-augmentation,pdf,gaussian:text:0.25:seed303,gaussian,text,0.25,303,0.7865853658536586,0.4689273937748562,656
mosi,shared-augmentation,pdf,gaussian:text:0.5:seed101,gaussian,text,0.5,101,0.7774390243902439,0.47471571358879117,656
mosi,shared-augmentation,pdf,gaussian:text:0.5:seed202,gaussian,text,0.5,202,0.7835365853658537,0.46901108469531266,656
mosi,shared-augmentation,pdf,gaussian:text:0.5:seed303,gaussian,text,0.5,303,0.7728658536585366,0.4749439938946825,656
mosi,shared-augmentation,pdf,gaussian:text:1.0:seed101,gaussian,text,1.0,101,0.7469512195121951,0.4956188877188237,656
mosi,shared-augmentation,pdf,gaussian:text:1.0:seed202,gaussian,text,1.0,202,0.7545731707317073,0.4841521271980887,656
mosi,shared-augmentation,pdf,gaussian:text:1.0:seed303,gaussian,text,1.0,303,0.7621951219512195,0.4954803106996921,656
mosi,shared-augmentation,pdf,gaussian:text:2.0:seed101,gaussian,text,2.0,101,0.7027439024390244,0.5719355181038736,656
mosi,shared-augmentation,pdf,gaussian:text:2.0:seed202,gaussian,text,2.0,202,0.7179878048780488,0.5455079360803271,656
mosi,shared-augmentation,pdf,gaussian:text:2.0:seed303,gaussian,text,2.0,303,0.7027439024390244,0.5706358221290363,656
mosi,shared-augmentation,pdf,gaussian:vision:0.25:seed101,gaussian,vision,0.25,101,0.788109756097561,0.46549807017794614,656
mosi,shared-augmentation,pdf,gaussian:vision:0.25:seed202,gaussian,vision,0.25,202,0.7865853658536586,0.4663597502395285,656
mosi,shared-augmentation,pdf,gaussian:vision:0.25:seed303,gaussian,vision,0.25,303,0.7896341463414634,0.46636291428345755,656
mosi,shared-augmentation,pdf,gaussian:vision:0.5:seed101,gaussian,vision,0.5,101,0.7942073170731707,0.46587066458015114,656
mosi,shared-augmentation,pdf,gaussian:vision:0.5:seed202,gaussian,vision,0.5,202,0.7896341463414634,0.46729707054453107,656
mosi,shared-augmentation,pdf,gaussian:vision:0.5:seed303,gaussian,vision,0.5,303,0.7896341463414634,0.46752113947838475,656
mosi,shared-augmentation,pdf,gaussian:vision:1.0:seed101,gaussian,vision,1.0,101,0.788109756097561,0.4677572694561375,656
mosi,shared-augmentation,pdf,gaussian:vision:1.0:seed202,gaussian,vision,1.0,202,0.7820121951219512,0.470389219173185,656
mosi,shared-augmentation,pdf,gaussian:vision:1.0:seed303,gaussian,vision,1.0,303,0.7850609756097561,0.47117435501743865,656
mosi,shared-augmentation,pdf,gaussian:vision:2.0:seed101,gaussian,vision,2.0,101,0.7835365853658537,0.47585902931158597,656
mosi,shared-augmentation,pdf,gaussian:vision:2.0:seed202,gaussian,vision,2.0,202,0.7804878048780488,0.4815008795946904,656
mosi,shared-augmentation,pdf,gaussian:vision:2.0:seed303,gaussian,vision,2.0,303,0.7667682926829268,0.48406714680501284,656
mosi,shared-augmentation,pdf,mask:audio:0.25:seed101,mask,audio,0.25,101,0.7926829268292683,0.4650790169345066,656
mosi,shared-augmentation,pdf,mask:audio:0.25:seed202,mask,audio,0.25,202,0.7835365853658537,0.46639678297454706,656
mosi,shared-augmentation,pdf,mask:audio:0.25:seed303,mask,audio,0.25,303,0.7926829268292683,0.4657974786891545,656
mosi,shared-augmentation,pdf,mask:audio:0.5:seed101,mask,audio,0.5,101,0.7911585365853658,0.46578478418910096,656
mosi,shared-augmentation,pdf,mask:audio:0.5:seed202,mask,audio,0.5,202,0.788109756097561,0.46560860326177167,656
mosi,shared-augmentation,pdf,mask:audio:0.5:seed303,mask,audio,0.5,303,0.7926829268292683,0.46556017620176093,656
mosi,shared-augmentation,pdf,mask:audio:0.75:seed101,mask,audio,0.75,101,0.7911585365853658,0.46549800715263784,656
mosi,shared-augmentation,pdf,mask:audio:0.75:seed202,mask,audio,0.75,202,0.788109756097561,0.46564610774471,656
mosi,shared-augmentation,pdf,mask:audio:0.75:seed303,mask,audio,0.75,303,0.7942073170731707,0.4656708395825048,656
mosi,shared-augmentation,pdf,mask:text:0.25:seed101,mask,text,0.25,101,0.7698170731707317,0.5032080891087617,656
mosi,shared-augmentation,pdf,mask:text:0.25:seed202,mask,text,0.25,202,0.7728658536585366,0.4974398907385033,656
mosi,shared-augmentation,pdf,mask:text:0.25:seed303,mask,text,0.25,303,0.7820121951219512,0.4984015537144873,656
mosi,shared-augmentation,pdf,mask:text:0.5:seed101,mask,text,0.5,101,0.7362804878048781,0.5520747700022807,656
mosi,shared-augmentation,pdf,mask:text:0.5:seed202,mask,text,0.5,202,0.7439024390243902,0.5490535060423759,656
mosi,shared-augmentation,pdf,mask:text:0.5:seed303,mask,text,0.5,303,0.7317073170731707,0.5554992835166341,656
mosi,shared-augmentation,pdf,mask:text:0.75:seed101,mask,text,0.75,101,0.6600609756097561,0.6272419949254119,656
mosi,shared-augmentation,pdf,mask:text:0.75:seed202,mask,text,0.75,202,0.6753048780487805,0.6220086247840539,656
mosi,shared-augmentation,pdf,mask:text:0.75:seed303,mask,text,0.75,303,0.6524390243902439,0.628127197801962,656
mosi,shared-augmentation,pdf,mask:vision:0.25:seed101,mask,vision,0.25,101,0.7896341463414634,0.4637587989482057,656
mosi,shared-augmentation,pdf,mask:vision:0.25:seed202,mask,vision,0.25,202,0.7911585365853658,0.46436672643434224,656
mosi,shared-augmentation,pdf,mask:vision:0.25:seed303,mask,vision,0.25,303,0.7926829268292683,0.46397014435245615,656
mosi,shared-augmentation,pdf,mask:vision:0.5:seed101,mask,vision,0.5,101,0.788109756097561,0.46256924406724376,656
mosi,shared-augmentation,pdf,mask:vision:0.5:seed202,mask,vision,0.5,202,0.7896341463414634,0.46243305477065294,656
mosi,shared-augmentation,pdf,mask:vision:0.5:seed303,mask,vision,0.5,303,0.7926829268292683,0.46233047257299703,656
mosi,shared-augmentation,pdf,mask:vision:0.75:seed101,mask,vision,0.75,101,0.7896341463414634,0.461752626593348,656
mosi,shared-augmentation,pdf,mask:vision:0.75:seed202,mask,vision,0.75,202,0.788109756097561,0.4617095017721743,656
mosi,shared-augmentation,pdf,mask:vision:0.75:seed303,mask,vision,0.75,303,0.7926829268292683,0.46149754886212485,656
mosi,shared-augmentation,qmf,clean,clean,none,0.0,-1,0.7774390243902439,0.521605684951535,656
mosi,shared-augmentation,qmf,gaussian:audio:0.25:seed101,gaussian,audio,0.25,101,0.7820121951219512,0.5215552317949742,656
mosi,shared-augmentation,qmf,gaussian:audio:0.25:seed202,gaussian,audio,0.25,202,0.7804878048780488,0.5216407067767487,656
mosi,shared-augmentation,qmf,gaussian:audio:0.25:seed303,gaussian,audio,0.25,303,0.7789634146341463,0.5216739902895453,656
mosi,shared-augmentation,qmf,gaussian:audio:0.5:seed101,gaussian,audio,0.5,101,0.7865853658536586,0.5215922542806997,656
mosi,shared-augmentation,qmf,gaussian:audio:0.5:seed202,gaussian,audio,0.5,202,0.7789634146341463,0.5217384815793424,656
mosi,shared-augmentation,qmf,gaussian:audio:0.5:seed303,gaussian,audio,0.5,303,0.7804878048780488,0.521798591432459,656
mosi,shared-augmentation,qmf,gaussian:audio:1.0:seed101,gaussian,audio,1.0,101,0.7820121951219512,0.5218510301058857,656
mosi,shared-augmentation,qmf,gaussian:audio:1.0:seed202,gaussian,audio,1.0,202,0.7728658536585366,0.5220765610239494,656
mosi,shared-augmentation,qmf,gaussian:audio:1.0:seed303,gaussian,audio,1.0,303,0.7789634146341463,0.522211351918684,656
mosi,shared-augmentation,qmf,gaussian:audio:2.0:seed101,gaussian,audio,2.0,101,0.7789634146341463,0.5229974194555249,656
mosi,shared-augmentation,qmf,gaussian:audio:2.0:seed202,gaussian,audio,2.0,202,0.7682926829268293,0.5231950211427946,656
mosi,shared-augmentation,qmf,gaussian:audio:2.0:seed303,gaussian,audio,2.0,303,0.7759146341463414,0.5236927407437718,656
mosi,shared-augmentation,qmf,gaussian:text:0.25:seed101,gaussian,text,0.25,101,0.7713414634146342,0.5206833817195812,656
mosi,shared-augmentation,qmf,gaussian:text:0.25:seed202,gaussian,text,0.25,202,0.774390243902439,0.5204126031263893,656
mosi,shared-augmentation,qmf,gaussian:text:0.25:seed303,gaussian,text,0.25,303,0.7789634146341463,0.52237679422528,656
mosi,shared-augmentation,qmf,gaussian:text:0.5:seed101,gaussian,text,0.5,101,0.7667682926829268,0.5206983282450619,656
mosi,shared-augmentation,qmf,gaussian:text:0.5:seed202,gaussian,text,0.5,202,0.7667682926829268,0.520135936912065,656
mosi,shared-augmentation,qmf,gaussian:text:0.5:seed303,gaussian,text,0.5,303,0.7682926829268293,0.5238810663587181,656
mosi,shared-augmentation,qmf,gaussian:text:1.0:seed101,gaussian,text,1.0,101,0.7378048780487805,0.5250852973305643,656
mosi,shared-augmentation,qmf,gaussian:text:1.0:seed202,gaussian,text,1.0,202,0.7576219512195121,0.523066071961071,656
mosi,shared-augmentation,qmf,gaussian:text:1.0:seed303,gaussian,text,1.0,303,0.7545731707317073,0.5305463919844429,656
mosi,shared-augmentation,qmf,gaussian:text:2.0:seed101,gaussian,text,2.0,101,0.6890243902439024,0.5671316410206259,656
mosi,shared-augmentation,qmf,gaussian:text:2.0:seed202,gaussian,text,2.0,202,0.7073170731707317,0.5529988368752412,656
mosi,shared-augmentation,qmf,gaussian:text:2.0:seed303,gaussian,text,2.0,303,0.6996951219512195,0.5751496379083828,656
mosi,shared-augmentation,qmf,gaussian:vision:0.25:seed101,gaussian,vision,0.25,101,0.7850609756097561,0.5215246015352938,656
mosi,shared-augmentation,qmf,gaussian:vision:0.25:seed202,gaussian,vision,0.25,202,0.7820121951219512,0.5218575908930168,656
mosi,shared-augmentation,qmf,gaussian:vision:0.25:seed303,gaussian,vision,0.25,303,0.774390243902439,0.5217687783691706,656
mosi,shared-augmentation,qmf,gaussian:vision:0.5:seed101,gaussian,vision,0.5,101,0.7835365853658537,0.5215164698760044,656
mosi,shared-augmentation,qmf,gaussian:vision:0.5:seed202,gaussian,vision,0.5,202,0.7789634146341463,0.5221684021011245,656
mosi,shared-augmentation,qmf,gaussian:vision:0.5:seed303,gaussian,vision,0.5,303,0.7728658536585366,0.5220248900855983,656
mosi,shared-augmentation,qmf,gaussian:vision:1.0:seed101,gaussian,vision,1.0,101,0.7835365853658537,0.5217158186838081,656
mosi,shared-augmentation,qmf,gaussian:vision:1.0:seed202,gaussian,vision,1.0,202,0.7789634146341463,0.5230199875596835,656
mosi,shared-augmentation,qmf,gaussian:vision:1.0:seed303,gaussian,vision,1.0,303,0.7713414634146342,0.5227794423897005,656
mosi,shared-augmentation,qmf,gaussian:vision:2.0:seed101,gaussian,vision,2.0,101,0.7789634146341463,0.5227839000869572,656
mosi,shared-augmentation,qmf,gaussian:vision:2.0:seed202,gaussian,vision,2.0,202,0.7774390243902439,0.525790149364061,656
mosi,shared-augmentation,qmf,gaussian:vision:2.0:seed303,gaussian,vision,2.0,303,0.7667682926829268,0.5253836304032423,656
mosi,shared-augmentation,qmf,mask:audio:0.25:seed101,mask,audio,0.25,101,0.7804878048780488,0.5215928187739364,656
mosi,shared-augmentation,qmf,mask:audio:0.25:seed202,mask,audio,0.25,202,0.7835365853658537,0.5219815886621257,656
mosi,shared-augmentation,qmf,mask:audio:0.25:seed303,mask,audio,0.25,303,0.7820121951219512,0.5218403479227498,656
mosi,shared-augmentation,qmf,mask:audio:0.5:seed101,mask,audio,0.5,101,0.7789634146341463,0.5219206339522984,656
mosi,shared-augmentation,qmf,mask:audio:0.5:seed202,mask,audio,0.5,202,0.7835365853658537,0.5218904881921657,656
mosi,shared-augmentation,qmf,mask:audio:0.5:seed303,mask,audio,0.5,303,0.7850609756097561,0.521737716327005,656
mosi,shared-augmentation,qmf,mask:audio:0.75:seed101,mask,audio,0.75,101,0.7774390243902439,0.5218693283409667,656
mosi,shared-augmentation,qmf,mask:audio:0.75:seed202,mask,audio,0.75,202,0.7911585365853658,0.5218189692526641,656
mosi,shared-augmentation,qmf,mask:audio:0.75:seed303,mask,audio,0.75,303,0.7804878048780488,0.521878971694834,656
mosi,shared-augmentation,qmf,mask:text:0.25:seed101,mask,text,0.25,101,0.7667682926829268,0.5657558240191956,656
mosi,shared-augmentation,qmf,mask:text:0.25:seed202,mask,text,0.25,202,0.7621951219512195,0.5599241685858546,656
mosi,shared-augmentation,qmf,mask:text:0.25:seed303,mask,text,0.25,303,0.7667682926829268,0.5599714377557959,656
mosi,shared-augmentation,qmf,mask:text:0.5:seed101,mask,text,0.5,101,0.7332317073170732,0.6117076635405255,656
mosi,shared-augmentation,qmf,mask:text:0.5:seed202,mask,text,0.5,202,0.7378048780487805,0.6121748010047394,656
mosi,shared-augmentation,qmf,mask:text:0.5:seed303,mask,text,0.5,303,0.7210365853658537,0.612219890791983,656
mosi,shared-augmentation,qmf,mask:text:0.75:seed101,mask,text,0.75,101,0.6692073170731707,0.6619296956044886,656
mosi,shared-augmentation,qmf,mask:text:0.75:seed202,mask,text,0.75,202,0.6615853658536586,0.6631199201826888,656
mosi,shared-augmentation,qmf,mask:text:0.75:seed303,mask,text,0.75,303,0.6539634146341463,0.6622386439455294,656
mosi,shared-augmentation,qmf,mask:vision:0.25:seed101,mask,vision,0.25,101,0.7820121951219512,0.5213732782408269,656
mosi,shared-augmentation,qmf,mask:vision:0.25:seed202,mask,vision,0.25,202,0.7820121951219512,0.521658280528018,656
mosi,shared-augmentation,qmf,mask:vision:0.25:seed303,mask,vision,0.25,303,0.7820121951219512,0.521692332855032,656
mosi,shared-augmentation,qmf,mask:vision:0.5:seed101,mask,vision,0.5,101,0.7789634146341463,0.5212051579161238,656
mosi,shared-augmentation,qmf,mask:vision:0.5:seed202,mask,vision,0.5,202,0.7820121951219512,0.521361253120883,656
mosi,shared-augmentation,qmf,mask:vision:0.5:seed303,mask,vision,0.5,303,0.7804878048780488,0.5210451690219976,656
mosi,shared-augmentation,qmf,mask:vision:0.75:seed101,mask,vision,0.75,101,0.7865853658536586,0.5210477652000728,656
mosi,shared-augmentation,qmf,mask:vision:0.75:seed202,mask,vision,0.75,202,0.7820121951219512,0.5212375575847168,656
mosi,shared-augmentation,qmf,mask:vision:0.75:seed303,mask,vision,0.75,303,0.788109756097561,0.5210425216954537,656
mosi,shared-augmentation,tmc,clean,clean,none,0.0,-1,0.788109756097561,0.46108075910814617,656
mosi,shared-augmentation,tmc,gaussian:audio:0.25:seed101,gaussian,audio,0.25,101,0.788109756097561,0.4606160078560101,656
mosi,shared-augmentation,tmc,gaussian:audio:0.25:seed202,gaussian,audio,0.25,202,0.788109756097561,0.46189460326477466,656
mosi,shared-augmentation,tmc,gaussian:audio:0.25:seed303,gaussian,audio,0.25,303,0.7896341463414634,0.4611985225287729,656
mosi,shared-augmentation,tmc,gaussian:audio:0.5:seed101,gaussian,audio,0.5,101,0.788109756097561,0.46084289686593516,656
mosi,shared-augmentation,tmc,gaussian:audio:0.5:seed202,gaussian,audio,0.5,202,0.7850609756097561,0.46331006335500774,656
mosi,shared-augmentation,tmc,gaussian:audio:0.5:seed303,gaussian,audio,0.5,303,0.788109756097561,0.4618660723068324,656
mosi,shared-augmentation,tmc,gaussian:audio:1.0:seed101,gaussian,audio,1.0,101,0.7911585365853658,0.4628511647416342,656
mosi,shared-augmentation,tmc,gaussian:audio:1.0:seed202,gaussian,audio,1.0,202,0.7850609756097561,0.46732579068705743,656
mosi,shared-augmentation,tmc,gaussian:audio:1.0:seed303,gaussian,audio,1.0,303,0.7865853658536586,0.4645679637180433,656
mosi,shared-augmentation,tmc,gaussian:audio:2.0:seed101,gaussian,audio,2.0,101,0.788109756097561,0.4704846788830978,656
mosi,shared-augmentation,tmc,gaussian:audio:2.0:seed202,gaussian,audio,2.0,202,0.7865853658536586,0.47734283907453157,656
mosi,shared-augmentation,tmc,gaussian:audio:2.0:seed303,gaussian,audio,2.0,303,0.7820121951219512,0.47262162482044956,656
mosi,shared-augmentation,tmc,gaussian:text:0.25:seed101,gaussian,text,0.25,101,0.7804878048780488,0.4670502938239465,656
mosi,shared-augmentation,tmc,gaussian:text:0.25:seed202,gaussian,text,0.25,202,0.7911585365853658,0.4628310293508491,656
mosi,shared-augmentation,tmc,gaussian:text:0.25:seed303,gaussian,text,0.25,303,0.7926829268292683,0.4653234585253282,656
mosi,shared-augmentation,tmc,gaussian:text:0.5:seed101,gaussian,text,0.5,101,0.7789634146341463,0.47670420420895404,656
mosi,shared-augmentation,tmc,gaussian:text:0.5:seed202,gaussian,text,0.5,202,0.7911585365853658,0.46812513564125674,656
mosi,shared-augmentation,tmc,gaussian:text:0.5:seed303,gaussian,text,0.5,303,0.7774390243902439,0.4744451261262562,656
mosi,shared-augmentation,tmc,gaussian:text:1.0:seed101,gaussian,text,1.0,101,0.7591463414634146,0.505570812273123,656
mosi,shared-augmentation,tmc,gaussian:text:1.0:seed202,gaussian,text,1.0,202,0.760670731707317,0.4878165773029153,656
mosi,shared-augmentation,tmc,gaussian:text:1.0:seed303,gaussian,text,1.0,303,0.7637195121951219,0.5049094339243566,656
mosi,shared-augmentation,tmc,gaussian:text:2.0:seed101,gaussian,text,2.0,101,0.7103658536585366,0.5822927794690388,656
mosi,shared-augmentation,tmc,gaussian:text:2.0:seed202,gaussian,text,2.0,202,0.7179878048780488,0.5516229426873257,656
mosi,shared-augmentation,tmc,gaussian:text:2.0:seed303,gaussian,text,2.0,303,0.7088414634146342,0.5862485947111763,656
mosi,shared-augmentation,tmc,gaussian:vision:0.25:seed101,gaussian,vision,0.25,101,0.7865853658536586,0.46072154240080004,656
mosi,shared-augmentation,tmc,gaussian:vision:0.25:seed202,gaussian,vision,0.25,202,0.788109756097561,0.46168256847407774,656
mosi,shared-augmentation,tmc,gaussian:vision:0.25:seed303,gaussian,vision,0.25,303,0.7865853658536586,0.46164082804267365,656
mosi,shared-augmentation,tmc,gaussian:vision:0.5:seed101,gaussian,vision,0.5,101,0.788109756097561,0.4606166802932854,656
mosi,shared-augmentation,tmc,gaussian:vision:0.5:seed202,gaussian,vision,0.5,202,0.7835365853658537,0.4626902210003289,656
mosi,shared-augmentation,tmc,gaussian:vision:0.5:seed303,gaussian,vision,0.5,303,0.7911585365853658,0.4626379983158651,656
mosi,shared-augmentation,tmc,gaussian:vision:1.0:seed101,gaussian,vision,1.0,101,0.7942073170731707,0.46145693004319593,656
mosi,shared-augmentation,tmc,gaussian:vision:1.0:seed202,gaussian,vision,1.0,202,0.7820121951219512,0.465868888873114,656
mosi,shared-augmentation,tmc,gaussian:vision:1.0:seed303,gaussian,vision,1.0,303,0.7957317073170732,0.4657727065628591,656
mosi,shared-augmentation,tmc,gaussian:vision:2.0:seed101,gaussian,vision,2.0,101,0.7957317073170732,0.4658187516276208,656
mosi,shared-augmentation,tmc,gaussian:vision:2.0:seed202,gaussian,vision,2.0,202,0.7850609756097561,0.47543890662249016,656
mosi,shared-augmentation,tmc,gaussian:vision:2.0:seed303,gaussian,vision,2.0,303,0.7835365853658537,0.47487880163350527,656
mosi,shared-augmentation,tmc,mask:audio:0.25:seed101,mask,audio,0.25,101,0.7850609756097561,0.4605183482261215,656
mosi,shared-augmentation,tmc,mask:audio:0.25:seed202,mask,audio,0.25,202,0.7896341463414634,0.4628304434992034,656
mosi,shared-augmentation,tmc,mask:audio:0.25:seed303,mask,audio,0.25,303,0.788109756097561,0.46193454015955315,656
mosi,shared-augmentation,tmc,mask:audio:0.5:seed101,mask,audio,0.5,101,0.788109756097561,0.4615168839530288,656
mosi,shared-augmentation,tmc,mask:audio:0.5:seed202,mask,audio,0.5,202,0.7926829268292683,0.46141736176917675,656
mosi,shared-augmentation,tmc,mask:audio:0.5:seed303,mask,audio,0.5,303,0.7911585365853658,0.46110286079675844,656
mosi,shared-augmentation,tmc,mask:audio:0.75:seed101,mask,audio,0.75,101,0.788109756097561,0.4603353326360298,656
mosi,shared-augmentation,tmc,mask:audio:0.75:seed202,mask,audio,0.75,202,0.7911585365853658,0.46042522385531554,656
mosi,shared-augmentation,tmc,mask:audio:0.75:seed303,mask,audio,0.75,303,0.7942073170731707,0.46168380630359535,656
mosi,shared-augmentation,tmc,mask:text:0.25:seed101,mask,text,0.25,101,0.7728658536585366,0.4898055646236113,656
mosi,shared-augmentation,tmc,mask:text:0.25:seed202,mask,text,0.25,202,0.7774390243902439,0.4836362551804665,656
mosi,shared-augmentation,tmc,mask:text:0.25:seed303,mask,text,0.25,303,0.7820121951219512,0.48169591407384416,656
mosi,shared-augmentation,tmc,mask:text:0.5:seed101,mask,text,0.5,101,0.7621951219512195,0.5213865930675018,656
mosi,shared-augmentation,tmc,mask:text:0.5:seed202,mask,text,0.5,202,0.75,0.5179268523952097,656
mosi,shared-augmentation,tmc,mask:text:0.5:seed303,mask,text,0.5,303,0.7576219512195121,0.5255267852597613,656
mosi,shared-augmentation,tmc,mask:text:0.75:seed101,mask,text,0.75,101,0.6935975609756098,0.5852782089076939,656
mosi,shared-augmentation,tmc,mask:text:0.75:seed202,mask,text,0.75,202,0.7027439024390244,0.5821303314011702,656
mosi,shared-augmentation,tmc,mask:text:0.75:seed303,mask,text,0.75,303,0.6966463414634146,0.5872890288100749,656
mosi,shared-augmentation,tmc,mask:vision:0.25:seed101,mask,vision,0.25,101,0.788109756097561,0.45832794421783885,656
mosi,shared-augmentation,tmc,mask:vision:0.25:seed202,mask,vision,0.25,202,0.7896341463414634,0.45976143952298065,656
mosi,shared-augmentation,tmc,mask:vision:0.25:seed303,mask,vision,0.25,303,0.7896341463414634,0.4599606104709985,656
mosi,shared-augmentation,tmc,mask:vision:0.5:seed101,mask,vision,0.5,101,0.7865853658536586,0.456738395434773,656
mosi,shared-augmentation,tmc,mask:vision:0.5:seed202,mask,vision,0.5,202,0.788109756097561,0.4567803425082211,656
mosi,shared-augmentation,tmc,mask:vision:0.5:seed303,mask,vision,0.5,303,0.788109756097561,0.4560407389972577,656
mosi,shared-augmentation,tmc,mask:vision:0.75:seed101,mask,vision,0.75,101,0.7896341463414634,0.4564166212547022,656
mosi,shared-augmentation,tmc,mask:vision:0.75:seed202,mask,vision,0.75,202,0.7835365853658537,0.45578899062909145,656
mosi,shared-augmentation,tmc,mask:vision:0.75:seed303,mask,vision,0.75,303,0.7896341463414634,0.4550209703144199,656
mosei,shared-augmentation,A7_equal_ensemble,clean,clean,none,0.0,-1,0.8436984039625757,0.35236866274072404,3634
mosei,shared-augmentation,A7_equal_ensemble,gaussian:audio:0.25:seed101,gaussian,audio,0.25,101,0.8436984039625757,0.3523418629575735,3634
mosei,shared-augmentation,A7_equal_ensemble,gaussian:audio:0.25:seed202,gaussian,audio,0.25,202,0.8439735828288387,0.3524755267975912,3634
mosei,shared-augmentation,A7_equal_ensemble,gaussian:audio:0.25:seed303,gaussian,audio,0.25,303,0.8439735828288387,0.3523061956066976,3634
mosei,shared-augmentation,A7_equal_ensemble,gaussian:audio:0.5:seed101,gaussian,audio,0.5,101,0.844799119427628,0.35235602616571543,3634
mosei,shared-augmentation,A7_equal_ensemble,gaussian:audio:0.5:seed202,gaussian,audio,0.5,202,0.8439735828288387,0.35264889766419166,3634
mosei,shared-augmentation,A7_equal_ensemble,gaussian:audio:0.5:seed303,gaussian,audio,0.5,303,0.8439735828288387,0.3522563228632087,3634
mosei,shared-augmentation,A7_equal_ensemble,gaussian:audio:1.0:seed101,gaussian,audio,1.0,101,0.8453494771601541,0.35243868129120803,3634
mosei,shared-augmentation,A7_equal_ensemble,gaussian:audio:1.0:seed202,gaussian,audio,1.0,202,0.8434232250963126,0.353028270251127,3634
mosei,shared-augmentation,A7_equal_ensemble,gaussian:audio:1.0:seed303,gaussian,audio,1.0,303,0.8431480462300496,0.35219019336392443,3634
mosei,shared-augmentation,A7_equal_ensemble,gaussian:audio:2.0:seed101,gaussian,audio,2.0,101,0.845074298293891,0.35316213736818014,3634
mosei,shared-augmentation,A7_equal_ensemble,gaussian:audio:2.0:seed202,gaussian,audio,2.0,202,0.8428728673637864,0.35414987750249527,3634
mosei,shared-augmentation,A7_equal_ensemble,gaussian:audio:2.0:seed303,gaussian,audio,2.0,303,0.844799119427628,0.3524542541805176,3634
mosei,shared-augmentation,A7_equal_ensemble,gaussian:text:0.25:seed101,gaussian,text,0.25,101,0.8406714364336819,0.35551757638654274,3634
mosei,shared-augmentation,A7_equal_ensemble,gaussian:text:0.25:seed202,gaussian,text,0.25,202,0.844799119427628,0.3533141728684314,3634
mosei,shared-augmentation,A7_equal_ensemble,gaussian:text:0.25:seed303,gaussian,text,0.25,303,0.8387451843698404,0.3583427449435655,3634
mosei,shared-augmentation,A7_equal_ensemble,gaussian:text:0.5:seed101,gaussian,text,0.5,101,0.8384700055035773,0.36412569234911657,3634
mosei,shared-augmentation,A7_equal_ensemble,gaussian:text:0.5:seed202,gaussian,text,0.5,202,0.8417721518987342,0.36012035655688224,3634
mosei,shared-augmentation,A7_equal_ensemble,gaussian:text:0.5:seed303,gaussian,text,0.5,303,0.8321408915795266,0.3702553846448489,3634
mosei,shared-augmentation,A7_equal_ensemble,gaussian:text:1.0:seed101,gaussian,text,1.0,101,0.8219592735277931,0.39670219049033956,3634
mosei,shared-augmentation,A7_equal_ensemble,gaussian:text:1.0:seed202,gaussian,text,1.0,202,0.8280132085855806,0.3893260195737999,3634
mosei,shared-augmentation,A7_equal_ensemble,gaussian:text:1.0:seed303,gaussian,text,1.0,303,0.8153549807374794,0.40886399975543064,3634
mosei,shared-augmentation,A7_equal_ensemble,gaussian:text:2.0:seed101,gaussian,text,2.0,101,0.7707760044028619,0.4979494006676357,3634
mosei,shared-augmentation,A7_equal_ensemble,gaussian:text:2.0:seed202,gaussian,text,2.0,202,0.7809576224545954,0.48371767108234454,3634
mosei,shared-augmentation,A7_equal_ensemble,gaussian:text:2.0:seed303,gaussian,text,2.0,303,0.7627958172812328,0.5189190934271964,3634
mosei,shared-augmentation,A7_equal_ensemble,gaussian:vision:0.25:seed101,gaussian,vision,0.25,101,0.8431480462300496,0.3522461677036232,3634
mosei,shared-augmentation,A7_equal_ensemble,gaussian:vision:0.25:seed202,gaussian,vision,0.25,202,0.8425976884975234,0.3523690092384188,3634
mosei,shared-augmentation,A7_equal_ensemble,gaussian:vision:0.25:seed303,gaussian,vision,0.25,303,0.8425976884975234,0.3522563540458976,3634
mosei,shared-augmentation,A7_equal_ensemble,gaussian:vision:0.5:seed101,gaussian,vision,0.5,101,0.8436984039625757,0.3522198789201362,3634
mosei,shared-augmentation,A7_equal_ensemble,gaussian:vision:0.5:seed202,gaussian,vision,0.5,202,0.8423225096312603,0.3524154801541888,3634
mosei,shared-augmentation,A7_equal_ensemble,gaussian:vision:0.5:seed303,gaussian,vision,0.5,303,0.8420473307649973,0.3522876819043156,3634
mosei,shared-augmentation,A7_equal_ensemble,gaussian:vision:1.0:seed101,gaussian,vision,1.0,101,0.8439735828288387,0.35241448421663196,3634
mosei,shared-augmentation,A7_equal_ensemble,gaussian:vision:1.0:seed202,gaussian,vision,1.0,202,0.8456246560264171,0.35265474234019756,3634
mosei,shared-augmentation,A7_equal_ensemble,gaussian:vision:1.0:seed303,gaussian,vision,1.0,303,0.8417721518987342,0.3523867259296416,3634
mosei,shared-augmentation,A7_equal_ensemble,gaussian:vision:2.0:seed101,gaussian,vision,2.0,101,0.8425976884975234,0.3538209324595411,3634
mosei,shared-augmentation,A7_equal_ensemble,gaussian:vision:2.0:seed202,gaussian,vision,2.0,202,0.8456246560264171,0.3539184959028522,3634
mosei,shared-augmentation,A7_equal_ensemble,gaussian:vision:2.0:seed303,gaussian,vision,2.0,303,0.8425976884975234,0.3533738999624814,3634
mosei,shared-augmentation,A7_equal_ensemble,mask:audio:0.25:seed101,mask,audio,0.25,101,0.8417721518987342,0.3528981637682236,3634
mosei,shared-augmentation,A7_equal_ensemble,mask:audio:0.25:seed202,mask,audio,0.25,202,0.8420473307649973,0.3529455952690671,3634
mosei,shared-augmentation,A7_equal_ensemble,mask:audio:0.25:seed303,mask,audio,0.25,303,0.8414969730324711,0.35255778606510674,3634
mosei,shared-augmentation,A7_equal_ensemble,mask:audio:0.5:seed101,mask,audio,0.5,101,0.8425976884975234,0.3532394823917475,3634
mosei,shared-augmentation,A7_equal_ensemble,mask:audio:0.5:seed202,mask,audio,0.5,202,0.8420473307649973,0.3532238691117756,3634
mosei,shared-augmentation,A7_equal_ensemble,mask:audio:0.5:seed303,mask,audio,0.5,303,0.8420473307649973,0.35339907405431986,3634
mosei,shared-augmentation,A7_equal_ensemble,mask:audio:0.75:seed101,mask,audio,0.75,101,0.8423225096312603,0.35357883267776635,3634
mosei,shared-augmentation,A7_equal_ensemble,mask:audio:0.75:seed202,mask,audio,0.75,202,0.8428728673637864,0.3533147028403094,3634
mosei,shared-augmentation,A7_equal_ensemble,mask:audio:0.75:seed303,mask,audio,0.75,303,0.8431480462300496,0.3535086137226938,3634
mosei,shared-augmentation,A7_equal_ensemble,mask:text:0.25:seed101,mask,text,0.25,101,0.8387451843698404,0.36849983020965343,3634
mosei,shared-augmentation,A7_equal_ensemble,mask:text:0.25:seed202,mask,text,0.25,202,0.8324160704457898,0.3714831616975653,3634
mosei,shared-augmentation,A7_equal_ensemble,mask:text:0.25:seed303,mask,text,0.25,303,0.8362685745734728,0.3679290652697842,3634
mosei,shared-augmentation,A7_equal_ensemble,mask:text:0.5:seed101,mask,text,0.5,101,0.8123280132085856,0.4040218378047318,3634
mosei,shared-augmentation,A7_equal_ensemble,mask:text:0.5:seed202,mask,text,0.5,202,0.8117776554760594,0.4059188463641202,3634
mosei,shared-augmentation,A7_equal_ensemble,mask:text:0.5:seed303,mask,text,0.5,303,0.8170060539350578,0.4018040371209626,3634
mosei,shared-augmentation,A7_equal_ensemble,mask:text:0.75:seed101,mask,text,0.75,101,0.7707760044028619,0.47652645823964646,3634
mosei,shared-augmentation,A7_equal_ensemble,mask:text:0.75:seed202,mask,text,0.75,202,0.7660979636763896,0.48247540893633706,3634
mosei,shared-augmentation,A7_equal_ensemble,mask:text:0.75:seed303,mask,text,0.75,303,0.7694001100715465,0.47318159850054575,3634
mosei,shared-augmentation,A7_equal_ensemble,mask:vision:0.25:seed101,mask,vision,0.25,101,0.845074298293891,0.35232919003236285,3634
mosei,shared-augmentation,A7_equal_ensemble,mask:vision:0.25:seed202,mask,vision,0.25,202,0.8456246560264171,0.3520512509012726,3634
mosei,shared-augmentation,A7_equal_ensemble,mask:vision:0.25:seed303,mask,vision,0.25,303,0.845074298293891,0.3525052253406796,3634
mosei,shared-augmentation,A7_equal_ensemble,mask:vision:0.5:seed101,mask,vision,0.5,101,0.8470005503577325,0.35276014623706103,3634
mosei,shared-augmentation,A7_equal_ensemble,mask:vision:0.5:seed202,mask,vision,0.5,202,0.844799119427628,0.3521260265970582,3634
mosei,shared-augmentation,A7_equal_ensemble,mask:vision:0.5:seed303,mask,vision,0.5,303,0.8464501926252064,0.35298813734300355,3634
mosei,shared-augmentation,A7_equal_ensemble,mask:vision:0.75:seed101,mask,vision,0.75,101,0.8467253714914694,0.3534518365530788,3634
mosei,shared-augmentation,A7_equal_ensemble,mask:vision:0.75:seed202,mask,vision,0.75,202,0.8458998348926803,0.3531419228956702,3634
mosei,shared-augmentation,A7_equal_ensemble,mask:vision:0.75:seed303,mask,vision,0.75,303,0.8456246560264171,0.3534426692637956,3634
mosei,shared-augmentation,A8_safe_fallback,clean,clean,none,0.0,-1,0.845074298293891,0.3523205921584768,3634
mosei,shared-augmentation,A8_safe_fallback,gaussian:audio:0.25:seed101,gaussian,audio,0.25,101,0.8453494771601541,0.3523068772437783,3634
mosei,shared-augmentation,A8_safe_fallback,gaussian:audio:0.25:seed202,gaussian,audio,0.25,202,0.8442487616951018,0.3524300576871246,3634
mosei,shared-augmentation,A8_safe_fallback,gaussian:audio:0.25:seed303,gaussian,audio,0.25,303,0.845074298293891,0.35227728957915433,3634
mosei,shared-augmentation,A8_safe_fallback,gaussian:audio:0.5:seed101,gaussian,audio,0.5,101,0.8467253714914694,0.3523167394725322,3634
mosei,shared-augmentation,A8_safe_fallback,gaussian:audio:0.5:seed202,gaussian,audio,0.5,202,0.845074298293891,0.35262010747469513,3634
mosei,shared-augmentation,A8_safe_fallback,gaussian:audio:0.5:seed303,gaussian,audio,0.5,303,0.845074298293891,0.3522807162259315,3634
mosei,shared-augmentation,A8_safe_fallback,gaussian:audio:1.0:seed101,gaussian,audio,1.0,101,0.8470005503577325,0.3523654550134312,3634
mosei,shared-augmentation,A8_safe_fallback,gaussian:audio:1.0:seed202,gaussian,audio,1.0,202,0.8425976884975234,0.353067332640252,3634
mosei,shared-augmentation,A8_safe_fallback,gaussian:audio:1.0:seed303,gaussian,audio,1.0,303,0.8461750137589433,0.352222236369898,3634
mosei,shared-augmentation,A8_safe_fallback,gaussian:audio:2.0:seed101,gaussian,audio,2.0,101,0.8470005503577325,0.3530407887502028,3634
mosei,shared-augmentation,A8_safe_fallback,gaussian:audio:2.0:seed202,gaussian,audio,2.0,202,0.8431480462300496,0.3542694107740637,3634
mosei,shared-augmentation,A8_safe_fallback,gaussian:audio:2.0:seed303,gaussian,audio,2.0,303,0.8464501926252064,0.352478012281432,3634
mosei,shared-augmentation,A8_safe_fallback,gaussian:text:0.25:seed101,gaussian,text,0.25,101,0.8425976884975234,0.3553550888993563,3634
mosei,shared-augmentation,A8_safe_fallback,gaussian:text:0.25:seed202,gaussian,text,0.25,202,0.844799119427628,0.3533061074615433,3634
mosei,shared-augmentation,A8_safe_fallback,gaussian:text:0.25:seed303,gaussian,text,0.25,303,0.8417721518987342,0.3583080885979081,3634
mosei,shared-augmentation,A8_safe_fallback,gaussian:text:0.5:seed101,gaussian,text,0.5,101,0.8401210787011557,0.3637297706387382,3634
mosei,shared-augmentation,A8_safe_fallback,gaussian:text:0.5:seed202,gaussian,text,0.5,202,0.8417721518987342,0.3600415760883078,3634
mosei,shared-augmentation,A8_safe_fallback,gaussian:text:0.5:seed303,gaussian,text,0.5,303,0.8326912493120529,0.37022283259670036,3634
mosei,shared-augmentation,A8_safe_fallback,gaussian:text:1.0:seed101,gaussian,text,1.0,101,0.8197578425976885,0.39604445609246763,3634
mosei,shared-augmentation,A8_safe_fallback,gaussian:text:1.0:seed202,gaussian,text,1.0,202,0.8252614199229499,0.38940925900979534,3634
mosei,shared-augmentation,A8_safe_fallback,gaussian:text:1.0:seed303,gaussian,text,1.0,303,0.8134287286736379,0.40870754297276146,3634
mosei,shared-augmentation,A8_safe_fallback,gaussian:text:2.0:seed101,gaussian,text,2.0,101,0.7694001100715465,0.4979132594777124,3634
mosei,shared-augmentation,A8_safe_fallback,gaussian:text:2.0:seed202,gaussian,text,2.0,202,0.7806824435883324,0.4850062949197876,3634
mosei,shared-augmentation,A8_safe_fallback,gaussian:text:2.0:seed303,gaussian,text,2.0,303,0.7622454595487067,0.5193680704429063,3634
mosei,shared-augmentation,A8_safe_fallback,gaussian:vision:0.25:seed101,gaussian,vision,0.25,101,0.8439735828288387,0.3522166681341984,3634
mosei,shared-augmentation,A8_safe_fallback,gaussian:vision:0.25:seed202,gaussian,vision,0.25,202,0.8445239405613649,0.3523209987258289,3634
mosei,shared-augmentation,A8_safe_fallback,gaussian:vision:0.25:seed303,gaussian,vision,0.25,303,0.8439735828288387,0.35219391777874615,3634
mosei,shared-augmentation,A8_safe_fallback,gaussian:vision:0.5:seed101,gaussian,vision,0.5,101,0.845074298293891,0.35218474716635123,3634
mosei,shared-augmentation,A8_safe_fallback,gaussian:vision:0.5:seed202,gaussian,vision,0.5,202,0.845074298293891,0.35235538685965007,3634
mosei,shared-augmentation,A8_safe_fallback,gaussian:vision:0.5:seed303,gaussian,vision,0.5,303,0.8425976884975234,0.35224379552252577,3634
mosei,shared-augmentation,A8_safe_fallback,gaussian:vision:1.0:seed101,gaussian,vision,1.0,101,0.8453494771601541,0.3523766694489702,3634
mosei,shared-augmentation,A8_safe_fallback,gaussian:vision:1.0:seed202,gaussian,vision,1.0,202,0.8439735828288387,0.3525912054055154,3634
mosei,shared-augmentation,A8_safe_fallback,gaussian:vision:1.0:seed303,gaussian,vision,1.0,303,0.8436984039625757,0.3523212771532789,3634
mosei,shared-augmentation,A8_safe_fallback,gaussian:vision:2.0:seed101,gaussian,vision,2.0,101,0.8464501926252064,0.35370187857924196,3634
mosei,shared-augmentation,A8_safe_fallback,gaussian:vision:2.0:seed202,gaussian,vision,2.0,202,0.8453494771601541,0.3537528829563366,3634
mosei,shared-augmentation,A8_safe_fallback,gaussian:vision:2.0:seed303,gaussian,vision,2.0,303,0.8439735828288387,0.35326877888698077,3634
mosei,shared-augmentation,A8_safe_fallback,mask:audio:0.25:seed101,mask,audio,0.25,101,0.8434232250963126,0.35285929976761127,3634
mosei,shared-augmentation,A8_safe_fallback,mask:audio:0.25:seed202,mask,audio,0.25,202,0.8436984039625757,0.3529160024393778,3634
mosei,shared-augmentation,A8_safe_fallback,mask:audio:0.25:seed303,mask,audio,0.25,303,0.8425976884975234,0.35254781828961085,3634
mosei,shared-augmentation,A8_safe_fallback,mask:audio:0.5:seed101,mask,audio,0.5,101,0.8439735828288387,0.35315825761904746,3634
mosei,shared-augmentation,A8_safe_fallback,mask:audio:0.5:seed202,mask,audio,0.5,202,0.8434232250963126,0.35319341475232224,3634
mosei,shared-augmentation,A8_safe_fallback,mask:audio:0.5:seed303,mask,audio,0.5,303,0.8434232250963126,0.35338728300774186,3634
mosei,shared-augmentation,A8_safe_fallback,mask:audio:0.75:seed101,mask,audio,0.75,101,0.8425976884975234,0.3535233173381263,3634
mosei,shared-augmentation,A8_safe_fallback,mask:audio:0.75:seed202,mask,audio,0.75,202,0.8431480462300496,0.3532554900444169,3634
mosei,shared-augmentation,A8_safe_fallback,mask:audio:0.75:seed303,mask,audio,0.75,303,0.8434232250963126,0.35348692414555954,3634
mosei,shared-augmentation,A8_safe_fallback,mask:text:0.25:seed101,mask,text,0.25,101,0.837369290038525,0.3683294084577058,3634
mosei,shared-augmentation,A8_safe_fallback,mask:text:0.25:seed202,mask,text,0.25,202,0.8318657127132636,0.3711059135753272,3634
mosei,shared-augmentation,A8_safe_fallback,mask:text:0.25:seed303,mask,text,0.25,303,0.8368189323059989,0.3675782261246774,3634
mosei,shared-augmentation,A8_safe_fallback,mask:text:0.5:seed101,mask,text,0.5,101,0.8128783709411117,0.40336020961435887,3634
mosei,shared-augmentation,A8_safe_fallback,mask:text:0.5:seed202,mask,text,0.5,202,0.8087506879471656,0.40575871275708525,3634
mosei,shared-augmentation,A8_safe_fallback,mask:text:0.5:seed303,mask,text,0.5,303,0.8189323059988993,0.40118197207599177,3634
mosei,shared-augmentation,A8_safe_fallback,mask:text:0.75:seed101,mask,text,0.75,101,0.7705008255365988,0.4763296779244905,3634
mosei,shared-augmentation,A8_safe_fallback,mask:text:0.75:seed202,mask,text,0.75,202,0.7649972482113374,0.48255152741312485,3634
mosei,shared-augmentation,A8_safe_fallback,mask:text:0.75:seed303,mask,text,0.75,303,0.7691249312052835,0.4729880383183232,3634
mosei,shared-augmentation,A8_safe_fallback,mask:vision:0.25:seed101,mask,vision,0.25,101,0.8481012658227848,0.3523594895177463,3634
mosei,shared-augmentation,A8_safe_fallback,mask:vision:0.25:seed202,mask,vision,0.25,202,0.8461750137589433,0.3520611344928885,3634
mosei,shared-augmentation,A8_safe_fallback,mask:vision:0.25:seed303,mask,vision,0.25,303,0.8478260869565217,0.3524785413105482,3634
mosei,shared-augmentation,A8_safe_fallback,mask:vision:0.5:seed101,mask,vision,0.5,101,0.8458998348926803,0.3528063540701024,3634
mosei,shared-augmentation,A8_safe_fallback,mask:vision:0.5:seed202,mask,vision,0.5,202,0.8461750137589433,0.3521480814483064,3634
mosei,shared-augmentation,A8_safe_fallback,mask:vision:0.5:seed303,mask,vision,0.5,303,0.8470005503577325,0.35297274042195775,3634
mosei,shared-augmentation,A8_safe_fallback,mask:vision:0.75:seed101,mask,vision,0.75,101,0.8458998348926803,0.3534406074281631,3634
mosei,shared-augmentation,A8_safe_fallback,mask:vision:0.75:seed202,mask,vision,0.75,202,0.8470005503577325,0.3531324483686424,3634
mosei,shared-augmentation,A8_safe_fallback,mask:vision:0.75:seed303,mask,vision,0.75,303,0.8470005503577325,0.35347545152922394,3634
mosei,shared-augmentation,full_ensemble,clean,clean,none,0.0,-1,0.845074298293891,0.3526439959525406,3634
mosei,shared-augmentation,full_ensemble,gaussian:audio:0.25:seed101,gaussian,audio,0.25,101,0.8453494771601541,0.3525700045730433,3634
mosei,shared-augmentation,full_ensemble,gaussian:audio:0.25:seed202,gaussian,audio,0.25,202,0.844799119427628,0.35275888462353266,3634
mosei,shared-augmentation,full_ensemble,gaussian:audio:0.25:seed303,gaussian,audio,0.25,303,0.845074298293891,0.35254175428768847,3634
mosei,shared-augmentation,full_ensemble,gaussian:audio:0.5:seed101,gaussian,audio,0.5,101,0.8461750137589433,0.3525499435660569,3634
mosei,shared-augmentation,full_ensemble,gaussian:audio:0.5:seed202,gaussian,audio,0.5,202,0.8442487616951018,0.35293513826817213,3634
mosei,shared-augmentation,full_ensemble,gaussian:audio:0.5:seed303,gaussian,audio,0.5,303,0.8436984039625757,0.3524841355684547,3634
mosei,shared-augmentation,full_ensemble,gaussian:audio:1.0:seed101,gaussian,audio,1.0,101,0.8461750137589433,0.3526466523833288,3634
mosei,shared-augmentation,full_ensemble,gaussian:audio:1.0:seed202,gaussian,audio,1.0,202,0.8434232250963126,0.35343853116275964,3634
mosei,shared-augmentation,full_ensemble,gaussian:audio:1.0:seed303,gaussian,audio,1.0,303,0.845074298293891,0.3524499313654948,3634
mosei,shared-augmentation,full_ensemble,gaussian:audio:2.0:seed101,gaussian,audio,2.0,101,0.8478260869565217,0.3534276138320229,3634
mosei,shared-augmentation,full_ensemble,gaussian:audio:2.0:seed202,gaussian,audio,2.0,202,0.8423225096312603,0.3548509231588668,3634
mosei,shared-augmentation,full_ensemble,gaussian:audio:2.0:seed303,gaussian,audio,2.0,303,0.8456246560264171,0.35280977815762005,3634
mosei,shared-augmentation,full_ensemble,gaussian:text:0.25:seed101,gaussian,text,0.25,101,0.8406714364336819,0.3557087235202383,3634
mosei,shared-augmentation,full_ensemble,gaussian:text:0.25:seed202,gaussian,text,0.25,202,0.8436984039625757,0.35354878249576527,3634
mosei,shared-augmentation,full_ensemble,gaussian:text:0.25:seed303,gaussian,text,0.25,303,0.8398458998348927,0.3588483197285772,3634
mosei,shared-augmentation,full_ensemble,gaussian:text:0.5:seed101,gaussian,text,0.5,101,0.8384700055035773,0.36433251433671865,3634
mosei,shared-augmentation,full_ensemble,gaussian:text:0.5:seed202,gaussian,text,0.5,202,0.8406714364336819,0.3604662316047995,3634
mosei,shared-augmentation,full_ensemble,gaussian:text:0.5:seed303,gaussian,text,0.5,303,0.8337919647771052,0.37076131567334725,3634
mosei,shared-augmentation,full_ensemble,gaussian:text:1.0:seed101,gaussian,text,1.0,101,0.8170060539350578,0.39676290144882254,3634
mosei,shared-augmentation,full_ensemble,gaussian:text:1.0:seed202,gaussian,text,1.0,202,0.8258117776554761,0.3901037069870381,3634
mosei,shared-augmentation,full_ensemble,gaussian:text:1.0:seed303,gaussian,text,1.0,303,0.813703907539901,0.4092413659795249,3634
mosei,shared-augmentation,full_ensemble,gaussian:text:2.0:seed101,gaussian,text,2.0,101,0.7660979636763896,0.4948362542310529,3634
mosei,shared-augmentation,full_ensemble,gaussian:text:2.0:seed202,gaussian,text,2.0,202,0.7743533296642818,0.48263966460256896,3634
mosei,shared-augmentation,full_ensemble,gaussian:text:2.0:seed303,gaussian,text,2.0,303,0.7589433131535498,0.5168641403767896,3634
mosei,shared-augmentation,full_ensemble,gaussian:vision:0.25:seed101,gaussian,vision,0.25,101,0.8442487616951018,0.352570599363643,3634
mosei,shared-augmentation,full_ensemble,gaussian:vision:0.25:seed202,gaussian,vision,0.25,202,0.8461750137589433,0.35255203601354573,3634
mosei,shared-augmentation,full_ensemble,gaussian:vision:0.25:seed303,gaussian,vision,0.25,303,0.845074298293891,0.35255117452862295,3634
mosei,shared-augmentation,full_ensemble,gaussian:vision:0.5:seed101,gaussian,vision,0.5,101,0.8445239405613649,0.3525846608649806,3634
mosei,shared-augmentation,full_ensemble,gaussian:vision:0.5:seed202,gaussian,vision,0.5,202,0.8464501926252064,0.35252514856883566,3634
mosei,shared-augmentation,full_ensemble,gaussian:vision:0.5:seed303,gaussian,vision,0.5,303,0.844799119427628,0.3525271504767398,3634
mosei,shared-augmentation,full_ensemble,gaussian:vision:1.0:seed101,gaussian,vision,1.0,101,0.8445239405613649,0.35278621139149613,3634
mosei,shared-augmentation,full_ensemble,gaussian:vision:1.0:seed202,gaussian,vision,1.0,202,0.8467253714914694,0.3526161243261602,3634
mosei,shared-augmentation,full_ensemble,gaussian:vision:1.0:seed303,gaussian,vision,1.0,303,0.8439735828288387,0.35268623358229223,3634
mosei,shared-augmentation,full_ensemble,gaussian:vision:2.0:seed101,gaussian,vision,2.0,101,0.8434232250963126,0.35394640405399475,3634
mosei,shared-augmentation,full_ensemble,gaussian:vision:2.0:seed202,gaussian,vision,2.0,202,0.8478260869565217,0.35326966515234215,3634
mosei,shared-augmentation,full_ensemble,gaussian:vision:2.0:seed303,gaussian,vision,2.0,303,0.844799119427628,0.3534970820811028,3634
mosei,shared-augmentation,full_ensemble,mask:audio:0.25:seed101,mask,audio,0.25,101,0.8458998348926803,0.3531101885713756,3634
mosei,shared-augmentation,full_ensemble,mask:audio:0.25:seed202,mask,audio,0.25,202,0.8456246560264171,0.3531047977864475,3634
mosei,shared-augmentation,full_ensemble,mask:audio:0.25:seed303,mask,audio,0.25,303,0.8431480462300496,0.35284078868431956,3634
mosei,shared-augmentation,full_ensemble,mask:audio:0.5:seed101,mask,audio,0.5,101,0.8445239405613649,0.3534117444933109,3634
mosei,shared-augmentation,full_ensemble,mask:audio:0.5:seed202,mask,audio,0.5,202,0.8445239405613649,0.35353078106237773,3634
mosei,shared-augmentation,full_ensemble,mask:audio:0.5:seed303,mask,audio,0.5,303,0.8425976884975234,0.3536739436866269,3634
mosei,shared-augmentation,full_ensemble,mask:audio:0.75:seed101,mask,audio,0.75,101,0.8439735828288387,0.3539122106219969,3634
mosei,shared-augmentation,full_ensemble,mask:audio:0.75:seed202,mask,audio,0.75,202,0.8431480462300496,0.35359430742756975,3634
mosei,shared-augmentation,full_ensemble,mask:audio:0.75:seed303,mask,audio,0.75,303,0.8436984039625757,0.35383264766934447,3634
mosei,shared-augmentation,full_ensemble,mask:text:0.25:seed101,mask,text,0.25,101,0.8365437534397359,0.3686671601421837,3634
mosei,shared-augmentation,full_ensemble,mask:text:0.25:seed202,mask,text,0.25,202,0.833516785910842,0.37192890851953975,3634
mosei,shared-augmentation,full_ensemble,mask:text:0.25:seed303,mask,text,0.25,303,0.8357182168409466,0.3681835730716535,3634
mosei,shared-augmentation,full_ensemble,mask:text:0.5:seed101,mask,text,0.5,101,0.8153549807374794,0.4033333638575138,3634
mosei,shared-augmentation,full_ensemble,mask:text:0.5:seed202,mask,text,0.5,202,0.8120528343423226,0.4053098071635856,3634
mosei,shared-augmentation,full_ensemble,mask:text:0.5:seed303,mask,text,0.5,303,0.8156301596037424,0.4009626315896372,3634
mosei,shared-augmentation,full_ensemble,mask:text:0.75:seed101,mask,text,0.75,101,0.7765547605943863,0.4722583612217418,3634
mosei,shared-augmentation,full_ensemble,mask:text:0.75:seed202,mask,text,0.75,202,0.7660979636763896,0.4788014335468112,3634
mosei,shared-augmentation,full_ensemble,mask:text:0.75:seed303,mask,text,0.75,303,0.7773802971931756,0.4693991717734667,3634
mosei,shared-augmentation,full_ensemble,mask:vision:0.25:seed101,mask,vision,0.25,101,0.8456246560264171,0.3528060435202765,3634
mosei,shared-augmentation,full_ensemble,mask:vision:0.25:seed202,mask,vision,0.25,202,0.8453494771601541,0.35267075470512205,3634
mosei,shared-augmentation,full_ensemble,mask:vision:0.25:seed303,mask,vision,0.25,303,0.8461750137589433,0.3529346071855486,3634
mosei,shared-augmentation,full_ensemble,mask:vision:0.5:seed101,mask,vision,0.5,101,0.844799119427628,0.3534620098854442,3634
mosei,shared-augmentation,full_ensemble,mask:vision:0.5:seed202,mask,vision,0.5,202,0.8445239405613649,0.35278622723816194,3634
mosei,shared-augmentation,full_ensemble,mask:vision:0.5:seed303,mask,vision,0.5,303,0.8456246560264171,0.35346982398620136,3634
mosei,shared-augmentation,full_ensemble,mask:vision:0.75:seed101,mask,vision,0.75,101,0.845074298293891,0.3540029832026972,3634
mosei,shared-augmentation,full_ensemble,mask:vision:0.75:seed202,mask,vision,0.75,202,0.844799119427628,0.35375580995154376,3634
mosei,shared-augmentation,full_ensemble,mask:vision:0.75:seed303,mask,vision,0.75,303,0.845074298293891,0.3540359107701748,3634
mosei,shared-augmentation,i2moe,clean,clean,none,0.0,-1,0.8467253714914694,0.35220065277501167,3634
mosei,shared-augmentation,i2moe,gaussian:audio:0.25:seed101,gaussian,audio,0.25,101,0.8475509080902587,0.35216771945331266,3634
mosei,shared-augmentation,i2moe,gaussian:audio:0.25:seed202,gaussian,audio,0.25,202,0.8467253714914694,0.35225938636268167,3634
mosei,shared-augmentation,i2moe,gaussian:audio:0.25:seed303,gaussian,audio,0.25,303,0.8483764446890478,0.35201768253237953,3634
mosei,shared-augmentation,i2moe,gaussian:audio:0.5:seed101,gaussian,audio,0.5,101,0.8478260869565217,0.352409527642816,3634
mosei,shared-augmentation,i2moe,gaussian:audio:0.5:seed202,gaussian,audio,0.5,202,0.844799119427628,0.35258068817178845,3634
mosei,shared-augmentation,i2moe,gaussian:audio:0.5:seed303,gaussian,audio,0.5,303,0.848651623555311,0.3520415278244766,3634
mosei,shared-augmentation,i2moe,gaussian:audio:1.0:seed101,gaussian,audio,1.0,101,0.8467253714914694,0.3536711362106811,3634
mosei,shared-augmentation,i2moe,gaussian:audio:1.0:seed202,gaussian,audio,1.0,202,0.8439735828288387,0.35388963452069644,3634
mosei,shared-augmentation,i2moe,gaussian:audio:1.0:seed303,gaussian,audio,1.0,303,0.8475509080902587,0.35268161734468184,3634
mosei,shared-augmentation,i2moe,gaussian:audio:2.0:seed101,gaussian,audio,2.0,101,0.8423225096312603,0.35863714029699395,3634
mosei,shared-augmentation,i2moe,gaussian:audio:2.0:seed202,gaussian,audio,2.0,202,0.8420473307649973,0.35922942820731424,3634
mosei,shared-augmentation,i2moe,gaussian:audio:2.0:seed303,gaussian,audio,2.0,303,0.8470005503577325,0.356724123787911,3634
mosei,shared-augmentation,i2moe,gaussian:text:0.25:seed101,gaussian,text,0.25,101,0.8456246560264171,0.35497655592334876,3634
mosei,shared-augmentation,i2moe,gaussian:text:0.25:seed202,gaussian,text,0.25,202,0.8470005503577325,0.35315845370019,3634
mosei,shared-augmentation,i2moe,gaussian:text:0.25:seed303,gaussian,text,0.25,303,0.8403962575674189,0.3569205018735193,3634
mosei,shared-augmentation,i2moe,gaussian:text:0.5:seed101,gaussian,text,0.5,101,0.8403962575674189,0.362923576000314,3634
mosei,shared-augmentation,i2moe,gaussian:text:0.5:seed202,gaussian,text,0.5,202,0.8406714364336819,0.3591495321149144,3634
mosei,shared-augmentation,i2moe,gaussian:text:0.5:seed303,gaussian,text,0.5,303,0.8337919647771052,0.36664010998169033,3634
mosei,shared-augmentation,i2moe,gaussian:text:1.0:seed101,gaussian,text,1.0,101,0.8222344523940561,0.39321679150942696,3634
mosei,shared-augmentation,i2moe,gaussian:text:1.0:seed202,gaussian,text,1.0,202,0.8274628508530545,0.38530230936903026,3634
mosei,shared-augmentation,i2moe,gaussian:text:1.0:seed303,gaussian,text,1.0,303,0.813979086406164,0.40012023488355963,3634
mosei,shared-augmentation,i2moe,gaussian:text:2.0:seed101,gaussian,text,2.0,101,0.7757292239955972,0.4998185860008261,3634
mosei,shared-augmentation,i2moe,gaussian:text:2.0:seed202,gaussian,text,2.0,202,0.7831590533847,0.48222988402153005,3634
mosei,shared-augmentation,i2moe,gaussian:text:2.0:seed303,gaussian,text,2.0,303,0.7677490368739681,0.5128331609497553,3634
mosei,shared-augmentation,i2moe,gaussian:vision:0.25:seed101,gaussian,vision,0.25,101,0.8464501926252064,0.35222287593192836,3634
mosei,shared-augmentation,i2moe,gaussian:vision:0.25:seed202,gaussian,vision,0.25,202,0.8470005503577325,0.3524481457467955,3634
mosei,shared-augmentation,i2moe,gaussian:vision:0.25:seed303,gaussian,vision,0.25,303,0.8470005503577325,0.3523635798474466,3634
mosei,shared-augmentation,i2moe,gaussian:vision:0.5:seed101,gaussian,vision,0.5,101,0.8475509080902587,0.35256808693278385,3634
mosei,shared-augmentation,i2moe,gaussian:vision:0.5:seed202,gaussian,vision,0.5,202,0.8467253714914694,0.3530189755168373,3634
mosei,shared-augmentation,i2moe,gaussian:vision:0.5:seed303,gaussian,vision,0.5,303,0.8456246560264171,0.3527762238020895,3634
mosei,shared-augmentation,i2moe,gaussian:vision:1.0:seed101,gaussian,vision,1.0,101,0.8483764446890478,0.35417210475103833,3634
mosei,shared-augmentation,i2moe,gaussian:vision:1.0:seed202,gaussian,vision,1.0,202,0.8445239405613649,0.35492771543012436,3634
mosei,shared-augmentation,i2moe,gaussian:vision:1.0:seed303,gaussian,vision,1.0,303,0.8439735828288387,0.3543773233466313,3634
mosei,shared-augmentation,i2moe,gaussian:vision:2.0:seed101,gaussian,vision,2.0,101,0.8470005503577325,0.36081107107473626,3634
mosei,shared-augmentation,i2moe,gaussian:vision:2.0:seed202,gaussian,vision,2.0,202,0.8439735828288387,0.3617809550446163,3634
mosei,shared-augmentation,i2moe,gaussian:vision:2.0:seed303,gaussian,vision,2.0,303,0.8417721518987342,0.3606446384191318,3634
mosei,shared-augmentation,i2moe,mask:audio:0.25:seed101,mask,audio,0.25,101,0.8442487616951018,0.35265661312635593,3634
mosei,shared-augmentation,i2moe,mask:audio:0.25:seed202,mask,audio,0.25,202,0.8431480462300496,0.3524940595181607,3634
mosei,shared-augmentation,i2moe,mask:audio:0.25:seed303,mask,audio,0.25,303,0.8472757292239956,0.35180994786744696,3634
mosei,shared-augmentation,i2moe,mask:audio:0.5:seed101,mask,audio,0.5,101,0.8428728673637864,0.3525614673155135,3634
mosei,shared-augmentation,i2moe,mask:audio:0.5:seed202,mask,audio,0.5,202,0.8439735828288387,0.35300478246823075,3634
mosei,shared-augmentation,i2moe,mask:audio:0.5:seed303,mask,audio,0.5,303,0.8453494771601541,0.3529008471296948,3634
mosei,shared-augmentation,i2moe,mask:audio:0.75:seed101,mask,audio,0.75,101,0.8423225096312603,0.352901175764124,3634
mosei,shared-augmentation,i2moe,mask:audio:0.75:seed202,mask,audio,0.75,202,0.8436984039625757,0.3528709174525763,3634
mosei,shared-augmentation,i2moe,mask:audio:0.75:seed303,mask,audio,0.75,303,0.8445239405613649,0.3526405659261329,3634
mosei,shared-augmentation,i2moe,mask:text:0.25:seed101,mask,text,0.25,101,0.8351678591084205,0.3701365540436453,3634
mosei,shared-augmentation,i2moe,mask:text:0.25:seed202,mask,text,0.25,202,0.8318657127132636,0.3723767431012695,3634
mosei,shared-augmentation,i2moe,mask:text:0.25:seed303,mask,text,0.25,303,0.8368189323059989,0.36888396568126586,3634
mosei,shared-augmentation,i2moe,mask:text:0.5:seed101,mask,text,0.5,101,0.8167308750687947,0.40804448177604735,3634
mosei,shared-augmentation,i2moe,mask:text:0.5:seed202,mask,text,0.5,202,0.8153549807374794,0.4115639930819996,3634
mosei,shared-augmentation,i2moe,mask:text:0.5:seed303,mask,text,0.5,303,0.8225096312603192,0.4063636752255703,3634
mosei,shared-augmentation,i2moe,mask:text:0.75:seed101,mask,text,0.75,101,0.782608695652174,0.47965289556241303,3634
mosei,shared-augmentation,i2moe,mask:text:0.75:seed202,mask,text,0.75,202,0.7740781507980187,0.48578934970020254,3634
mosei,shared-augmentation,i2moe,mask:text:0.75:seed303,mask,text,0.75,303,0.7892129884424877,0.47876632597518637,3634
mosei,shared-augmentation,i2moe,mask:vision:0.25:seed101,mask,vision,0.25,101,0.8467253714914694,0.3521011592154778,3634
mosei,shared-augmentation,i2moe,mask:vision:0.25:seed202,mask,vision,0.25,202,0.8453494771601541,0.351715338170502,3634
mosei,shared-augmentation,i2moe,mask:vision:0.25:seed303,mask,vision,0.25,303,0.8434232250963126,0.35239788440597697,3634
mosei,shared-augmentation,i2moe,mask:vision:0.5:seed101,mask,vision,0.5,101,0.8458998348926803,0.3525020544926933,3634
mosei,shared-augmentation,i2moe,mask:vision:0.5:seed202,mask,vision,0.5,202,0.848926802421574,0.3513873936702493,3634
mosei,shared-augmentation,i2moe,mask:vision:0.5:seed303,mask,vision,0.5,303,0.8453494771601541,0.3531114208386735,3634
mosei,shared-augmentation,i2moe,mask:vision:0.75:seed101,mask,vision,0.75,101,0.8453494771601541,0.3536092515527591,3634
mosei,shared-augmentation,i2moe,mask:vision:0.75:seed202,mask,vision,0.75,202,0.848651623555311,0.35316196398841937,3634
mosei,shared-augmentation,i2moe,mask:vision:0.75:seed303,mask,vision,0.75,303,0.8467253714914694,0.3536830969284545,3634
mosei,shared-augmentation,pdf,clean,clean,none,0.0,-1,0.8398458998348927,0.35928042271986826,3634
mosei,shared-augmentation,pdf,gaussian:audio:0.25:seed101,gaussian,audio,0.25,101,0.8414969730324711,0.35912171640915125,3634
mosei,shared-augmentation,pdf,gaussian:audio:0.25:seed202,gaussian,audio,0.25,202,0.8414969730324711,0.35935847216952144,3634
mosei,shared-augmentation,pdf,gaussian:audio:0.25:seed303,gaussian,audio,0.25,303,0.8401210787011557,0.35903016133365223,3634
mosei,shared-augmentation,pdf,gaussian:audio:0.5:seed101,gaussian,audio,0.5,101,0.8436984039625757,0.3591083173893438,3634
mosei,shared-augmentation,pdf,gaussian:audio:0.5:seed202,gaussian,audio,0.5,202,0.8425976884975234,0.3596468591069402,3634
mosei,shared-augmentation,pdf,gaussian:audio:0.5:seed303,gaussian,audio,0.5,303,0.8403962575674189,0.3590240805105214,3634
mosei,shared-augmentation,pdf,gaussian:audio:1.0:seed101,gaussian,audio,1.0,101,0.8420473307649973,0.36001099328325287,3634
mosei,shared-augmentation,pdf,gaussian:audio:1.0:seed202,gaussian,audio,1.0,202,0.8428728673637864,0.36125863726944435,3634
mosei,shared-augmentation,pdf,gaussian:audio:1.0:seed303,gaussian,audio,1.0,303,0.8414969730324711,0.35993408156487594,3634
mosei,shared-augmentation,pdf,gaussian:audio:2.0:seed101,gaussian,audio,2.0,101,0.8359933957072097,0.36826200087170335,3634
mosei,shared-augmentation,pdf,gaussian:audio:2.0:seed202,gaussian,audio,2.0,202,0.8324160704457898,0.3702245032475966,3634
mosei,shared-augmentation,pdf,gaussian:audio:2.0:seed303,gaussian,audio,2.0,303,0.8420473307649973,0.36666152306761207,3634
mosei,shared-augmentation,pdf,gaussian:text:0.25:seed101,gaussian,text,0.25,101,0.8401210787011557,0.3618693246602397,3634
mosei,shared-augmentation,pdf,gaussian:text:0.25:seed202,gaussian,text,0.25,202,0.8406714364336819,0.361512804422699,3634
mosei,shared-augmentation,pdf,gaussian:text:0.25:seed303,gaussian,text,0.25,303,0.8359933957072097,0.36445265957603407,3634
mosei,shared-augmentation,pdf,gaussian:text:0.5:seed101,gaussian,text,0.5,101,0.8329664281783159,0.3703984088224344,3634
mosei,shared-augmentation,pdf,gaussian:text:0.5:seed202,gaussian,text,0.5,202,0.8346175013758943,0.3700596140344892,3634
mosei,shared-augmentation,pdf,gaussian:text:0.5:seed303,gaussian,text,0.5,303,0.8307649972482113,0.3763842409557721,3634
mosei,shared-augmentation,pdf,gaussian:text:1.0:seed101,gaussian,text,1.0,101,0.8145294441386901,0.4062353542842254,3634
mosei,shared-augmentation,pdf,gaussian:text:1.0:seed202,gaussian,text,1.0,202,0.8203082003302147,0.4059032086434856,3634
mosei,shared-augmentation,pdf,gaussian:text:1.0:seed303,gaussian,text,1.0,303,0.8054485415520088,0.41926869600676414,3634
mosei,shared-augmentation,pdf,gaussian:text:2.0:seed101,gaussian,text,2.0,101,0.7677490368739681,0.5379705893422857,3634
mosei,shared-augmentation,pdf,gaussian:text:2.0:seed202,gaussian,text,2.0,202,0.7696752889378096,0.5366142137912611,3634
mosei,shared-augmentation,pdf,gaussian:text:2.0:seed303,gaussian,text,2.0,303,0.7471106219042377,0.569017522493056,3634
mosei,shared-augmentation,pdf,gaussian:vision:0.25:seed101,gaussian,vision,0.25,101,0.8403962575674189,0.35884311236374494,3634
mosei,shared-augmentation,pdf,gaussian:vision:0.25:seed202,gaussian,vision,0.25,202,0.8390203632361035,0.359768942490252,3634
mosei,shared-augmentation,pdf,gaussian:vision:0.25:seed303,gaussian,vision,0.25,303,0.8392955421023666,0.3594251460376285,3634
mosei,shared-augmentation,pdf,gaussian:vision:0.5:seed101,gaussian,vision,0.5,101,0.8401210787011557,0.35872721424304704,3634
mosei,shared-augmentation,pdf,gaussian:vision:0.5:seed202,gaussian,vision,0.5,202,0.8390203632361035,0.36052790852298794,3634
mosei,shared-augmentation,pdf,gaussian:vision:0.5:seed303,gaussian,vision,0.5,303,0.8395707209686296,0.3598240329617375,3634
mosei,shared-augmentation,pdf,gaussian:vision:1.0:seed101,gaussian,vision,1.0,101,0.8428728673637864,0.35962771108033076,3634
mosei,shared-augmentation,pdf,gaussian:vision:1.0:seed202,gaussian,vision,1.0,202,0.8390203632361035,0.3626633649933311,3634
mosei,shared-augmentation,pdf,gaussian:vision:1.0:seed303,gaussian,vision,1.0,303,0.8387451843698404,0.3612828298592466,3634
mosei,shared-augmentation,pdf,gaussian:vision:2.0:seed101,gaussian,vision,2.0,101,0.8376444689047882,0.36699265045943263,3634
mosei,shared-augmentation,pdf,gaussian:vision:2.0:seed202,gaussian,vision,2.0,202,0.833516785910842,0.3710572879862065,3634
mosei,shared-augmentation,pdf,gaussian:vision:2.0:seed303,gaussian,vision,2.0,303,0.833516785910842,0.3690478887416641,3634
mosei,shared-augmentation,pdf,mask:audio:0.25:seed101,mask,audio,0.25,101,0.8392955421023666,0.3601121185310314,3634
mosei,shared-augmentation,pdf,mask:audio:0.25:seed202,mask,audio,0.25,202,0.841221794166208,0.3589687554467186,3634
mosei,shared-augmentation,pdf,mask:audio:0.25:seed303,mask,audio,0.25,303,0.8420473307649973,0.3590610417859037,3634
mosei,shared-augmentation,pdf,mask:audio:0.5:seed101,mask,audio,0.5,101,0.8431480462300496,0.3599244107143954,3634
mosei,shared-augmentation,pdf,mask:audio:0.5:seed202,mask,audio,0.5,202,0.8425976884975234,0.35971976323083144,3634
mosei,shared-augmentation,pdf,mask:audio:0.5:seed303,mask,audio,0.5,303,0.8425976884975234,0.35966382600340024,3634
mosei,shared-augmentation,pdf,mask:audio:0.75:seed101,mask,audio,0.75,101,0.8417721518987342,0.3599723266020599,3634
mosei,shared-augmentation,pdf,mask:audio:0.75:seed202,mask,audio,0.75,202,0.8417721518987342,0.359597270736723,3634
mosei,shared-augmentation,pdf,mask:audio:0.75:seed303,mask,audio,0.75,303,0.8414969730324711,0.3596047392337098,3634
mosei,shared-augmentation,pdf,mask:text:0.25:seed101,mask,text,0.25,101,0.8280132085855806,0.38387642404184485,3634
mosei,shared-augmentation,pdf,mask:text:0.25:seed202,mask,text,0.25,202,0.8230599889928454,0.38394648845719037,3634
mosei,shared-augmentation,pdf,mask:text:0.25:seed303,mask,text,0.25,303,0.8263621353880022,0.38248093826175045,3634
mosei,shared-augmentation,pdf,mask:text:0.5:seed101,mask,text,0.5,101,0.8013208585580628,0.4337054489861494,3634
mosei,shared-augmentation,pdf,mask:text:0.5:seed202,mask,text,0.5,202,0.7999449642267474,0.4341089839594158,3634
mosei,shared-augmentation,pdf,mask:text:0.5:seed303,mask,text,0.5,303,0.7993946064942212,0.43206111121978036,3634
mosei,shared-augmentation,pdf,mask:text:0.75:seed101,mask,text,0.75,101,0.7506879471656577,0.5193253330382077,3634
mosei,shared-augmentation,pdf,mask:text:0.75:seed202,mask,text,0.75,202,0.7526141992294991,0.5231856853666228,3634
mosei,shared-augmentation,pdf,mask:text:0.75:seed303,mask,text,0.75,303,0.7550908090258668,0.5176938530277602,3634
mosei,shared-augmentation,pdf,mask:vision:0.25:seed101,mask,vision,0.25,101,0.840946615299945,0.3589390971225219,3634
mosei,shared-augmentation,pdf,mask:vision:0.25:seed202,mask,vision,0.25,202,0.8420473307649973,0.35886700185911413,3634
mosei,shared-augmentation,pdf,mask:vision:0.25:seed303,mask,vision,0.25,303,0.8392955421023666,0.35919721521453357,3634
mosei,shared-augmentation,pdf,mask:vision:0.5:seed101,mask,vision,0.5,101,0.8384700055035773,0.3586684376933178,3634
mosei,shared-augmentation,pdf,mask:vision:0.5:seed202,mask,vision,0.5,202,0.8425976884975234,0.3582725348831963,3634
mosei,shared-augmentation,pdf,mask:vision:0.5:seed303,mask,vision,0.5,303,0.8417721518987342,0.3594565348261888,3634
mosei,shared-augmentation,pdf,mask:vision:0.75:seed101,mask,vision,0.75,101,0.8423225096312603,0.35882518560148785,3634
mosei,shared-augmentation,pdf,mask:vision:0.75:seed202,mask,vision,0.75,202,0.8434232250963126,0.3593205024465237,3634
mosei,shared-augmentation,pdf,mask:vision:0.75:seed303,mask,vision,0.75,303,0.8436984039625757,0.35974492497187005,3634
mosei,shared-augmentation,qmf,clean,clean,none,0.0,-1,0.8406714364336819,0.37960439489850406,3634
mosei,shared-augmentation,qmf,gaussian:audio:0.25:seed101,gaussian,audio,0.25,101,0.8401210787011557,0.37957087749738333,3634
mosei,shared-augmentation,qmf,gaussian:audio:0.25:seed202,gaussian,audio,0.25,202,0.8390203632361035,0.37970538339914467,3634
mosei,shared-augmentation,qmf,gaussian:audio:0.25:seed303,gaussian,audio,0.25,303,0.8406714364336819,0.37952454251047957,3634
mosei,shared-augmentation,qmf,gaussian:audio:0.5:seed101,gaussian,audio,0.5,101,0.8398458998348927,0.37955642012154356,3634
mosei,shared-augmentation,qmf,gaussian:audio:0.5:seed202,gaussian,audio,0.5,202,0.8384700055035773,0.3798876001243095,3634
mosei,shared-augmentation,qmf,gaussian:audio:0.5:seed303,gaussian,audio,0.5,303,0.8403962575674189,0.3795034714508348,3634
mosei,shared-augmentation,qmf,gaussian:audio:1.0:seed101,gaussian,audio,1.0,101,0.8381948266373143,0.3795600073397631,3634
mosei,shared-augmentation,qmf,gaussian:audio:1.0:seed202,gaussian,audio,1.0,202,0.8357182168409466,0.38042827039240906,3634
mosei,shared-augmentation,qmf,gaussian:audio:1.0:seed303,gaussian,audio,1.0,303,0.8403962575674189,0.3796145447481192,3634
mosei,shared-augmentation,qmf,gaussian:audio:2.0:seed101,gaussian,audio,2.0,101,0.837094111172262,0.3803290343597866,3634
mosei,shared-augmentation,qmf,gaussian:audio:2.0:seed202,gaussian,audio,2.0,202,0.8326912493120529,0.38242884453501974,3634
mosei,shared-augmentation,qmf,gaussian:audio:2.0:seed303,gaussian,audio,2.0,303,0.8431480462300496,0.3805988793586022,3634
mosei,shared-augmentation,qmf,gaussian:text:0.25:seed101,gaussian,text,0.25,101,0.8384700055035773,0.3830880184103442,3634
mosei,shared-augmentation,qmf,gaussian:text:0.25:seed202,gaussian,text,0.25,202,0.837369290038525,0.3833366366873042,3634
mosei,shared-augmentation,qmf,gaussian:text:0.25:seed303,gaussian,text,0.25,303,0.8337919647771052,0.38391377511838665,3634
mosei,shared-augmentation,qmf,gaussian:text:0.5:seed101,gaussian,text,0.5,101,0.8299394606494221,0.3927773236609962,3634
mosei,shared-augmentation,qmf,gaussian:text:0.5:seed202,gaussian,text,0.5,202,0.8304898183819482,0.39166241964350457,3634
mosei,shared-augmentation,qmf,gaussian:text:0.5:seed303,gaussian,text,0.5,303,0.8258117776554761,0.3944406974574486,3634
mosei,shared-augmentation,qmf,gaussian:text:1.0:seed101,gaussian,text,1.0,101,0.809851403412218,0.43206058344456777,3634
mosei,shared-augmentation,qmf,gaussian:text:1.0:seed202,gaussian,text,1.0,202,0.8164556962025317,0.42720181680261893,3634
mosei,shared-augmentation,qmf,gaussian:text:1.0:seed303,gaussian,text,1.0,303,0.8070996147495872,0.43565840538808576,3634
mosei,shared-augmentation,qmf,gaussian:text:2.0:seed101,gaussian,text,2.0,101,0.759768849752339,0.5948200335117799,3634
mosei,shared-augmentation,qmf,gaussian:text:2.0:seed202,gaussian,text,2.0,202,0.7583929554210237,0.5854976490000269,3634
mosei,shared-augmentation,qmf,gaussian:text:2.0:seed303,gaussian,text,2.0,303,0.744358833241607,0.6075520976566507,3634
mosei,shared-augmentation,qmf,gaussian:vision:0.25:seed101,gaussian,vision,0.25,101,0.8403962575674189,0.3795506646552672,3634
mosei,shared-augmentation,qmf,gaussian:vision:0.25:seed202,gaussian,vision,0.25,202,0.8398458998348927,0.3796814385649226,3634
mosei,shared-augmentation,qmf,gaussian:vision:0.25:seed303,gaussian,vision,0.25,303,0.8398458998348927,0.37965459292555254,3634
mosei,shared-augmentation,qmf,gaussian:vision:0.5:seed101,gaussian,vision,0.5,101,0.8387451843698404,0.3795575320966778,3634
mosei,shared-augmentation,qmf,gaussian:vision:0.5:seed202,gaussian,vision,0.5,202,0.8390203632361035,0.3798487321523381,3634
mosei,shared-augmentation,qmf,gaussian:vision:0.5:seed303,gaussian,vision,0.5,303,0.841221794166208,0.37975655604743935,3634
mosei,shared-augmentation,qmf,gaussian:vision:1.0:seed101,gaussian,vision,1.0,101,0.8381948266373143,0.3796709562497927,3634
mosei,shared-augmentation,qmf,gaussian:vision:1.0:seed202,gaussian,vision,1.0,202,0.8392955421023666,0.3802629287798558,3634
mosei,shared-augmentation,qmf,gaussian:vision:1.0:seed303,gaussian,vision,1.0,303,0.8392955421023666,0.38001210524662726,3634
mosei,shared-augmentation,qmf,gaussian:vision:2.0:seed101,gaussian,vision,2.0,101,0.837094111172262,0.38044340979483027,3634
mosei,shared-augmentation,qmf,gaussian:vision:2.0:seed202,gaussian,vision,2.0,202,0.8346175013758943,0.38166369377692166,3634
mosei,shared-augmentation,qmf,gaussian:vision:2.0:seed303,gaussian,vision,2.0,303,0.8392955421023666,0.38114718769329503,3634
mosei,shared-augmentation,qmf,mask:audio:0.25:seed101,mask,audio,0.25,101,0.8398458998348927,0.3805686987691544,3634
mosei,shared-augmentation,qmf,mask:audio:0.25:seed202,mask,audio,0.25,202,0.8387451843698404,0.3799839588667099,3634
mosei,shared-augmentation,qmf,mask:audio:0.25:seed303,mask,audio,0.25,303,0.8387451843698404,0.37999638763963206,3634
mosei,shared-augmentation,qmf,mask:audio:0.5:seed101,mask,audio,0.5,101,0.8384700055035773,0.38081275093021566,3634
mosei,shared-augmentation,qmf,mask:audio:0.5:seed202,mask,audio,0.5,202,0.8395707209686296,0.38054943688868476,3634
mosei,shared-augmentation,qmf,mask:audio:0.5:seed303,mask,audio,0.5,303,0.8395707209686296,0.3807206667142899,3634
mosei,shared-augmentation,qmf,mask:audio:0.75:seed101,mask,audio,0.75,101,0.8387451843698404,0.380868324860163,3634
mosei,shared-augmentation,qmf,mask:audio:0.75:seed202,mask,audio,0.75,202,0.8379196477710512,0.3809393939261765,3634
mosei,shared-augmentation,qmf,mask:audio:0.75:seed303,mask,audio,0.75,303,0.8398458998348927,0.3809922123480907,3634
mosei,shared-augmentation,qmf,mask:text:0.25:seed101,mask,text,0.25,101,0.8233351678591084,0.40650437897351877,3634
mosei,shared-augmentation,qmf,mask:text:0.25:seed202,mask,text,0.25,202,0.8214089157952669,0.40579268528121043,3634
mosei,shared-augmentation,qmf,mask:text:0.25:seed303,mask,text,0.25,303,0.8280132085855806,0.4039352676816805,3634
mosei,shared-augmentation,qmf,mask:text:0.5:seed101,mask,text,0.5,101,0.8048981838194826,0.46897193791445024,3634
mosei,shared-augmentation,qmf,mask:text:0.5:seed202,mask,text,0.5,202,0.8068244358833242,0.4712614798909786,3634
mosei,shared-augmentation,qmf,mask:text:0.5:seed303,mask,text,0.5,303,0.8035222894881673,0.46720804241299835,3634
mosei,shared-augmentation,qmf,mask:text:0.75:seed101,mask,text,0.75,101,0.7548156301596037,0.5700424033230944,3634
mosei,shared-augmentation,qmf,mask:text:0.75:seed202,mask,text,0.75,202,0.7592184920198128,0.5734320355946233,3634
mosei,shared-augmentation,qmf,mask:text:0.75:seed303,mask,text,0.75,303,0.7553659878921298,0.5692767855550886,3634
mosei,shared-augmentation,qmf,mask:vision:0.25:seed101,mask,vision,0.25,101,0.8398458998348927,0.379775453253503,3634
mosei,shared-augmentation,qmf,mask:vision:0.25:seed202,mask,vision,0.25,202,0.8425976884975234,0.3798808783525382,3634
mosei,shared-augmentation,qmf,mask:vision:0.25:seed303,mask,vision,0.25,303,0.8381948266373143,0.3797847435384651,3634
mosei,shared-augmentation,qmf,mask:vision:0.5:seed101,mask,vision,0.5,101,0.8406714364336819,0.3800942919439645,3634
mosei,shared-augmentation,qmf,mask:vision:0.5:seed202,mask,vision,0.5,202,0.8381948266373143,0.3798879592088139,3634
mosei,shared-augmentation,qmf,mask:vision:0.5:seed303,mask,vision,0.5,303,0.8368189323059989,0.38032431009872925,3634
mosei,shared-augmentation,qmf,mask:vision:0.75:seed101,mask,vision,0.75,101,0.8401210787011557,0.38049090757238835,3634
mosei,shared-augmentation,qmf,mask:vision:0.75:seed202,mask,vision,0.75,202,0.8392955421023666,0.3804533478219415,3634
mosei,shared-augmentation,qmf,mask:vision:0.75:seed303,mask,vision,0.75,303,0.8376444689047882,0.38065499330445784,3634
mosei,shared-augmentation,tmc,clean,clean,none,0.0,-1,0.840946615299945,0.36305507930769604,3634
mosei,shared-augmentation,tmc,gaussian:audio:0.25:seed101,gaussian,audio,0.25,101,0.8434232250963126,0.36334541368189466,3634
mosei,shared-augmentation,tmc,gaussian:audio:0.25:seed202,gaussian,audio,0.25,202,0.8423225096312603,0.3634217365945934,3634
mosei,shared-augmentation,tmc,gaussian:audio:0.25:seed303,gaussian,audio,0.25,303,0.8442487616951018,0.36274602987661253,3634
mosei,shared-augmentation,tmc,gaussian:audio:0.5:seed101,gaussian,audio,0.5,101,0.8425976884975234,0.36411076717578195,3634
mosei,shared-augmentation,tmc,gaussian:audio:0.5:seed202,gaussian,audio,0.5,202,0.8428728673637864,0.36429491084079935,3634
mosei,shared-augmentation,tmc,gaussian:audio:0.5:seed303,gaussian,audio,0.5,303,0.845074298293891,0.3630468406385183,3634
mosei,shared-augmentation,tmc,gaussian:audio:1.0:seed101,gaussian,audio,1.0,101,0.8417721518987342,0.366578889938019,3634
mosei,shared-augmentation,tmc,gaussian:audio:1.0:seed202,gaussian,audio,1.0,202,0.8395707209686296,0.36719075811598123,3634
mosei,shared-augmentation,tmc,gaussian:audio:1.0:seed303,gaussian,audio,1.0,303,0.8445239405613649,0.36476775528122873,3634
mosei,shared-augmentation,tmc,gaussian:audio:2.0:seed101,gaussian,audio,2.0,101,0.8406714364336819,0.3735596576186518,3634
mosei,shared-augmentation,tmc,gaussian:audio:2.0:seed202,gaussian,audio,2.0,202,0.8384700055035773,0.37495799820928694,3634
mosei,shared-augmentation,tmc,gaussian:audio:2.0:seed303,gaussian,audio,2.0,303,0.8417721518987342,0.3700558327602324,3634
mosei,shared-augmentation,tmc,gaussian:text:0.25:seed101,gaussian,text,0.25,101,0.8417721518987342,0.3652145491609197,3634
mosei,shared-augmentation,tmc,gaussian:text:0.25:seed202,gaussian,text,0.25,202,0.840946615299945,0.3651630092046222,3634
mosei,shared-augmentation,tmc,gaussian:text:0.25:seed303,gaussian,text,0.25,303,0.8390203632361035,0.3687385817742219,3634
mosei,shared-augmentation,tmc,gaussian:text:0.5:seed101,gaussian,text,0.5,101,0.837094111172262,0.37309355325397825,3634
mosei,shared-augmentation,tmc,gaussian:text:0.5:seed202,gaussian,text,0.5,202,0.8387451843698404,0.37291102233188306,3634
mosei,shared-augmentation,tmc,gaussian:text:0.5:seed303,gaussian,text,0.5,303,0.8326912493120529,0.38030894934904125,3634
mosei,shared-augmentation,tmc,gaussian:text:1.0:seed101,gaussian,text,1.0,101,0.8194826637314254,0.40370534661734553,3634
mosei,shared-augmentation,tmc,gaussian:text:1.0:seed202,gaussian,text,1.0,202,0.8214089157952669,0.40346305851938047,3634
mosei,shared-augmentation,tmc,gaussian:text:1.0:seed303,gaussian,text,1.0,303,0.8054485415520088,0.41863176273080743,3634
mosei,shared-augmentation,tmc,gaussian:text:2.0:seed101,gaussian,text,2.0,101,0.7649972482113374,0.5001499813686061,3634
mosei,shared-augmentation,tmc,gaussian:text:2.0:seed202,gaussian,text,2.0,202,0.7735277930654926,0.4963377112889759,3634
mosei,shared-augmentation,tmc,gaussian:text:2.0:seed303,gaussian,text,2.0,303,0.7526141992294991,0.5245698606506415,3634
mosei,shared-augmentation,tmc,gaussian:vision:0.25:seed101,gaussian,vision,0.25,101,0.8417721518987342,0.36289945931733836,3634
mosei,shared-augmentation,tmc,gaussian:vision:0.25:seed202,gaussian,vision,0.25,202,0.8414969730324711,0.3632323523092244,3634
mosei,shared-augmentation,tmc,gaussian:vision:0.25:seed303,gaussian,vision,0.25,303,0.8398458998348927,0.3632554198459369,3634
mosei,shared-augmentation,tmc,gaussian:vision:0.5:seed101,gaussian,vision,0.5,101,0.841221794166208,0.3632748411815812,3634
mosei,shared-augmentation,tmc,gaussian:vision:0.5:seed202,gaussian,vision,0.5,202,0.8406714364336819,0.3638794843447691,3634
mosei,shared-augmentation,tmc,gaussian:vision:0.5:seed303,gaussian,vision,0.5,303,0.8387451843698404,0.3638935418281463,3634
mosei,shared-augmentation,tmc,gaussian:vision:1.0:seed101,gaussian,vision,1.0,101,0.8423225096312603,0.36522807647455646,3634
mosei,shared-augmentation,tmc,gaussian:vision:1.0:seed202,gaussian,vision,1.0,202,0.8392955421023666,0.36600786396589957,3634
mosei,shared-augmentation,tmc,gaussian:vision:1.0:seed303,gaussian,vision,1.0,303,0.8359933957072097,0.3661141158888641,3634
mosei,shared-augmentation,tmc,gaussian:vision:2.0:seed101,gaussian,vision,2.0,101,0.8456246560264171,0.37120366500024776,3634
mosei,shared-augmentation,tmc,gaussian:vision:2.0:seed202,gaussian,vision,2.0,202,0.8387451843698404,0.37169469487939044,3634
mosei,shared-augmentation,tmc,gaussian:vision:2.0:seed303,gaussian,vision,2.0,303,0.8401210787011557,0.37207733547254673,3634
mosei,shared-augmentation,tmc,mask:audio:0.25:seed101,mask,audio,0.25,101,0.8395707209686296,0.36392175758303147,3634
mosei,shared-augmentation,tmc,mask:audio:0.25:seed202,mask,audio,0.25,202,0.8406714364336819,0.36310976776699233,3634
mosei,shared-augmentation,tmc,mask:audio:0.25:seed303,mask,audio,0.25,303,0.840946615299945,0.3628172063078648,3634
mosei,shared-augmentation,tmc,mask:audio:0.5:seed101,mask,audio,0.5,101,0.8392955421023666,0.36396826588350223,3634
mosei,shared-augmentation,tmc,mask:audio:0.5:seed202,mask,audio,0.5,202,0.8403962575674189,0.36413947013422837,3634
mosei,shared-augmentation,tmc,mask:audio:0.5:seed303,mask,audio,0.5,303,0.8368189323059989,0.3644165830469308,3634
mosei,shared-augmentation,tmc,mask:audio:0.75:seed101,mask,audio,0.75,101,0.8381948266373143,0.3643024973941471,3634
mosei,shared-augmentation,tmc,mask:audio:0.75:seed202,mask,audio,0.75,202,0.8381948266373143,0.36330348371387705,3634
mosei,shared-augmentation,tmc,mask:audio:0.75:seed303,mask,audio,0.75,303,0.8368189323059989,0.36393933053944527,3634
mosei,shared-augmentation,tmc,mask:text:0.25:seed101,mask,text,0.25,101,0.8357182168409466,0.37880356492590106,3634
mosei,shared-augmentation,tmc,mask:text:0.25:seed202,mask,text,0.25,202,0.8318657127132636,0.3809570942390213,3634
mosei,shared-augmentation,tmc,mask:text:0.25:seed303,mask,text,0.25,303,0.8329664281783159,0.3782743046194995,3634
mosei,shared-augmentation,tmc,mask:text:0.5:seed101,mask,text,0.5,101,0.8172812328013208,0.409519337849492,3634
mosei,shared-augmentation,tmc,mask:text:0.5:seed202,mask,text,0.5,202,0.8150798018712163,0.40975997118442775,3634
mosei,shared-augmentation,tmc,mask:text:0.5:seed303,mask,text,0.5,303,0.8164556962025317,0.4086094988790086,3634
mosei,shared-augmentation,tmc,mask:text:0.75:seed101,mask,text,0.75,101,0.7798569069895432,0.46771943818468403,3634
mosei,shared-augmentation,tmc,mask:text:0.75:seed202,mask,text,0.75,202,0.7707760044028619,0.4720828043311469,3634
mosei,shared-augmentation,tmc,mask:text:0.75:seed303,mask,text,0.75,303,0.782608695652174,0.46619886371662095,3634
mosei,shared-augmentation,tmc,mask:vision:0.25:seed101,mask,vision,0.25,101,0.8428728673637864,0.36201246700394957,3634
mosei,shared-augmentation,tmc,mask:vision:0.25:seed202,mask,vision,0.25,202,0.840946615299945,0.3621164116018852,3634
mosei,shared-augmentation,tmc,mask:vision:0.25:seed303,mask,vision,0.25,303,0.8420473307649973,0.3631595012491958,3634
mosei,shared-augmentation,tmc,mask:vision:0.5:seed101,mask,vision,0.5,101,0.8420473307649973,0.36215448356974234,3634
mosei,shared-augmentation,tmc,mask:vision:0.5:seed202,mask,vision,0.5,202,0.8423225096312603,0.36040902066249353,3634
mosei,shared-augmentation,tmc,mask:vision:0.5:seed303,mask,vision,0.5,303,0.8414969730324711,0.3634184685095546,3634
mosei,shared-augmentation,tmc,mask:vision:0.75:seed101,mask,vision,0.75,101,0.8425976884975234,0.3626589929210636,3634
mosei,shared-augmentation,tmc,mask:vision:0.75:seed202,mask,vision,0.75,202,0.841221794166208,0.3620647283931233,3634
mosei,shared-augmentation,tmc,mask:vision:0.75:seed303,mask,vision,0.75,303,0.8406714364336819,0.36339654750110206,3634
cremad,shared-augmentation,A7_equal_ensemble,clean,clean,none,0.0,-1,0.640150497178178,0.9489218044588177,7442
cremad,shared-augmentation,A7_equal_ensemble,gaussian:audio:0.25:seed101,gaussian,audio,0.25,101,0.6429723192690137,0.9520331019552939,7442
cremad,shared-augmentation,A7_equal_ensemble,gaussian:audio:0.25:seed202,gaussian,audio,0.25,202,0.639344262295082,0.9544596970818496,7442
cremad,shared-augmentation,A7_equal_ensemble,gaussian:audio:0.25:seed303,gaussian,audio,0.25,303,0.639209889814566,0.9528299226480468,7442
cremad,shared-augmentation,A7_equal_ensemble,gaussian:audio:0.5:seed101,gaussian,audio,0.5,101,0.63840365493147,0.9607618236577355,7442
cremad,shared-augmentation,A7_equal_ensemble,gaussian:audio:0.5:seed202,gaussian,audio,0.5,202,0.6355818328406342,0.9654749339775316,7442
cremad,shared-augmentation,A7_equal_ensemble,gaussian:audio:0.5:seed303,gaussian,audio,0.5,303,0.6365224402042462,0.9622865669712053,7442
cremad,shared-augmentation,A7_equal_ensemble,gaussian:audio:1.0:seed101,gaussian,audio,1.0,101,0.626175759204515,0.992294224786989,7442
cremad,shared-augmentation,A7_equal_ensemble,gaussian:audio:1.0:seed202,gaussian,audio,1.0,202,0.6259070142434829,1.0015640018393122,7442
cremad,shared-augmentation,A7_equal_ensemble,gaussian:audio:1.0:seed303,gaussian,audio,1.0,303,0.6260413867239989,0.995208289512861,7442
cremad,shared-augmentation,A7_equal_ensemble,gaussian:audio:2.0:seed101,gaussian,audio,2.0,101,0.583579682880946,1.0909866135732753,7442
cremad,shared-augmentation,A7_equal_ensemble,gaussian:audio:2.0:seed202,gaussian,audio,2.0,202,0.5816984681537222,1.107746176754885,7442
cremad,shared-augmentation,A7_equal_ensemble,gaussian:audio:2.0:seed303,gaussian,audio,2.0,303,0.5862671324912658,1.0958474098116537,7442
cremad,shared-augmentation,A7_equal_ensemble,gaussian:visual:0.25:seed101,gaussian,visual,0.25,101,0.638000537489922,0.9557534355360815,7442
cremad,shared-augmentation,A7_equal_ensemble,gaussian:visual:0.25:seed202,gaussian,visual,0.25,202,0.638672399892502,0.9550745167056797,7442
cremad,shared-augmentation,A7_equal_ensemble,gaussian:visual:0.25:seed303,gaussian,visual,0.25,303,0.6402848696586939,0.9524089740354041,7442
cremad,shared-augmentation,A7_equal_ensemble,gaussian:visual:0.5:seed101,gaussian,visual,0.5,101,0.6326256382692824,0.9702903953805572,7442
cremad,shared-augmentation,A7_equal_ensemble,gaussian:visual:0.5:seed202,gaussian,visual,0.5,202,0.6358505778016662,0.9694138116272911,7442
cremad,shared-augmentation,A7_equal_ensemble,gaussian:visual:0.5:seed303,gaussian,visual,0.5,303,0.6354474603601182,0.9644782517351956,7442
cremad,shared-augmentation,A7_equal_ensemble,gaussian:visual:1.0:seed101,gaussian,visual,1.0,101,0.6206664875033593,1.018826881754414,7442
cremad,shared-augmentation,A7_equal_ensemble,gaussian:visual:1.0:seed202,gaussian,visual,1.0,202,0.6183821553345875,1.0190380407252797,7442
cremad,shared-augmentation,A7_equal_ensemble,gaussian:visual:1.0:seed303,gaussian,visual,1.0,303,0.6173071754904595,1.0087537349041542,7442
cremad,shared-augmentation,A7_equal_ensemble,gaussian:visual:2.0:seed101,gaussian,visual,2.0,101,0.5681268476216071,1.1509261772245694,7442
cremad,shared-augmentation,A7_equal_ensemble,gaussian:visual:2.0:seed202,gaussian,visual,2.0,202,0.5640956732061274,1.152584562901088,7442
cremad,shared-augmentation,A7_equal_ensemble,gaussian:visual:2.0:seed303,gaussian,visual,2.0,303,0.5736361193227627,1.1329484193906043,7442
cremad,shared-augmentation,A7_equal_ensemble,mask:audio:0.25:seed101,mask,audio,0.25,101,0.6203977425423274,0.9941179691204268,7442
cremad,shared-augmentation,A7_equal_ensemble,mask:audio:0.25:seed202,mask,audio,0.25,202,0.624025799516259,0.9956742719519472,7442
cremad,shared-augmentation,A7_equal_ensemble,mask:audio:0.25:seed303,mask,audio,0.25,303,0.6241601719967751,0.9944947580311801,7442
cremad,shared-augmentation,A7_equal_ensemble,mask:audio:0.5:seed101,mask,audio,0.5,101,0.5940607363611933,1.0664869918911473,7442
cremad,shared-augmentation,A7_equal_ensemble,mask:audio:0.5:seed202,mask,audio,0.5,202,0.5932545014780973,1.067167657364114,7442
cremad,shared-augmentation,A7_equal_ensemble,mask:audio:0.5:seed303,mask,audio,0.5,303,0.5976887933351249,1.0695013047646158,7442
cremad,shared-augmentation,A7_equal_ensemble,mask:audio:0.75:seed101,mask,audio,0.75,101,0.5404461166353131,1.1951140001291902,7442
cremad,shared-augmentation,A7_equal_ensemble,mask:audio:0.75:seed202,mask,audio,0.75,202,0.5386992743886052,1.198724130123949,7442
cremad,shared-augmentation,A7_equal_ensemble,mask:audio:0.75:seed303,mask,audio,0.75,303,0.5385649019080893,1.1992828508736306,7442
cremad,shared-augmentation,A7_equal_ensemble,mask:visual:0.25:seed101,mask,visual,0.25,101,0.6404192421392099,0.9534188260886435,7442
cremad,shared-augmentation,A7_equal_ensemble,mask:visual:0.25:seed202,mask,visual,0.25,202,0.6433754367105616,0.9569447941203164,7442
cremad,shared-augmentation,A7_equal_ensemble,mask:visual:0.25:seed303,mask,visual,0.25,303,0.6398817522171459,0.9556453522344477,7442
cremad,shared-augmentation,A7_equal_ensemble,mask:visual:0.5:seed101,mask,visual,0.5,101,0.6410911045417899,0.9721735331135438,7442
cremad,shared-augmentation,A7_equal_ensemble,mask:visual:0.5:seed202,mask,visual,0.5,202,0.6350443429185703,0.98007511441022,7442
cremad,shared-augmentation,A7_equal_ensemble,mask:visual:0.5:seed303,mask,visual,0.5,303,0.63974737973663,0.9728187330864243,7442
cremad,shared-augmentation,A7_equal_ensemble,mask:visual:0.75:seed101,mask,visual,0.75,101,0.6217414673474873,1.0362420151595755,7442
cremad,shared-augmentation,A7_equal_ensemble,mask:visual:0.75:seed202,mask,visual,0.75,202,0.6181134103735555,1.037363365701074,7442
cremad,shared-augmentation,A7_equal_ensemble,mask:visual:0.75:seed303,mask,visual,0.75,303,0.6178446654125235,1.0356138432653188,7442
cremad,shared-augmentation,A8_safe_fallback,clean,clean,none,0.0,-1,0.6381349099704381,0.9523804164110053,7442
cremad,shared-augmentation,A8_safe_fallback,gaussian:audio:0.25:seed101,gaussian,audio,0.25,101,0.6406879871002419,0.9557191392483253,7442
cremad,shared-augmentation,A8_safe_fallback,gaussian:audio:0.25:seed202,gaussian,audio,0.25,202,0.6369255576457942,0.958665973387182,7442
cremad,shared-augmentation,A8_safe_fallback,gaussian:audio:0.25:seed303,gaussian,audio,0.25,303,0.6410911045417899,0.9569676002847141,7442
cremad,shared-augmentation,A8_safe_fallback,gaussian:audio:0.5:seed101,gaussian,audio,0.5,101,0.6353130878796023,0.9656879522200603,7442
cremad,shared-augmentation,A8_safe_fallback,gaussian:audio:0.5:seed202,gaussian,audio,0.5,202,0.6326256382692824,0.9714920522545505,7442
cremad,shared-augmentation,A8_safe_fallback,gaussian:audio:0.5:seed303,gaussian,audio,0.5,303,0.6337006181134104,0.9681217601939702,7442
cremad,shared-augmentation,A8_safe_fallback,gaussian:audio:1.0:seed101,gaussian,audio,1.0,101,0.6238914270357431,1.0024585456120494,7442
cremad,shared-augmentation,A8_safe_fallback,gaussian:audio:1.0:seed202,gaussian,audio,1.0,202,0.6198602526202633,1.0132166934774547,7442
cremad,shared-augmentation,A8_safe_fallback,gaussian:audio:1.0:seed303,gaussian,audio,1.0,303,0.6206664875033593,1.0073174843126016,7442
cremad,shared-augmentation,A8_safe_fallback,gaussian:audio:2.0:seed101,gaussian,audio,2.0,101,0.5753829615694706,1.1165606735773064,7442
cremad,shared-augmentation,A8_safe_fallback,gaussian:audio:2.0:seed202,gaussian,audio,2.0,202,0.5732330018812147,1.1357333308090791,7442
cremad,shared-augmentation,A8_safe_fallback,gaussian:audio:2.0:seed303,gaussian,audio,2.0,303,0.5782047836603064,1.123640427317307,7442
cremad,shared-augmentation,A8_safe_fallback,gaussian:visual:0.25:seed101,gaussian,visual,0.25,101,0.6362536952432142,0.960374346174767,7442
cremad,shared-augmentation,A8_safe_fallback,gaussian:visual:0.25:seed202,gaussian,visual,0.25,202,0.6385380274119861,0.9591689983586392,7442
cremad,shared-augmentation,A8_safe_fallback,gaussian:visual:0.25:seed303,gaussian,visual,0.25,303,0.6381349099704381,0.9564757635956154,7442
cremad,shared-augmentation,A8_safe_fallback,gaussian:visual:0.5:seed101,gaussian,visual,0.5,101,0.6332975006718624,0.9768926114064481,7442
cremad,shared-augmentation,A8_safe_fallback,gaussian:visual:0.5:seed202,gaussian,visual,0.5,202,0.6337006181134104,0.9751289660057203,7442
cremad,shared-augmentation,A8_safe_fallback,gaussian:visual:0.5:seed303,gaussian,visual,0.5,303,0.6365224402042462,0.9697371341032058,7442
cremad,shared-augmentation,A8_safe_fallback,gaussian:visual:1.0:seed101,gaussian,visual,1.0,101,0.6142166084385918,1.0307989899903123,7442
cremad,shared-augmentation,A8_safe_fallback,gaussian:visual:1.0:seed202,gaussian,visual,1.0,202,0.6143509809191078,1.029735367248154,7442
cremad,shared-augmentation,A8_safe_fallback,gaussian:visual:1.0:seed303,gaussian,visual,1.0,303,0.6144853533996237,1.0188908023475558,7442
cremad,shared-augmentation,A8_safe_fallback,gaussian:visual:2.0:seed101,gaussian,visual,2.0,101,0.5638269282450954,1.173497227815611,7442
cremad,shared-augmentation,A8_safe_fallback,gaussian:visual:2.0:seed202,gaussian,visual,2.0,202,0.5588551464660038,1.1742115675302374,7442
cremad,shared-augmentation,A8_safe_fallback,gaussian:visual:2.0:seed303,gaussian,visual,2.0,303,0.5677237301800592,1.1523054361279386,7442
cremad,shared-augmentation,A8_safe_fallback,mask:audio:0.25:seed101,mask,audio,0.25,101,0.6189196452566514,0.9980097895232907,7442
cremad,shared-augmentation,A8_safe_fallback,mask:audio:0.25:seed202,mask,audio,0.25,202,0.6241601719967751,0.99969301107457,7442
cremad,shared-augmentation,A8_safe_fallback,mask:audio:0.25:seed303,mask,audio,0.25,303,0.6202633700618113,0.9980208500088171,7442
cremad,shared-augmentation,A8_safe_fallback,mask:audio:0.5:seed101,mask,audio,0.5,101,0.5911045417898414,1.068845388786901,7442
cremad,shared-augmentation,A8_safe_fallback,mask:audio:0.5:seed202,mask,audio,0.5,202,0.5932545014780973,1.0716643380744675,7442
cremad,shared-augmentation,A8_safe_fallback,mask:audio:0.5:seed303,mask,audio,0.5,303,0.5925826390755173,1.0717862066818247,7442
cremad,shared-augmentation,A8_safe_fallback,mask:audio:0.75:seed101,mask,audio,0.75,101,0.5407148615963451,1.1949723432703048,7442
cremad,shared-augmentation,A8_safe_fallback,mask:audio:0.75:seed202,mask,audio,0.75,202,0.541521096479441,1.2009168351766262,7442
cremad,shared-augmentation,A8_safe_fallback,mask:audio:0.75:seed303,mask,audio,0.75,303,0.542192958882021,1.20032161051598,7442
cremad,shared-augmentation,A8_safe_fallback,mask:visual:0.25:seed101,mask,visual,0.25,101,0.639344262295082,0.9544846065188471,7442
cremad,shared-augmentation,A8_safe_fallback,mask:visual:0.25:seed202,mask,visual,0.25,202,0.6374630475678581,0.9593131621797067,7442
cremad,shared-augmentation,A8_safe_fallback,mask:visual:0.25:seed303,mask,visual,0.25,303,0.63907551733405,0.9574373259625326,7442
cremad,shared-augmentation,A8_safe_fallback,mask:visual:0.5:seed101,mask,visual,0.5,101,0.6378661650094061,0.9702761828859731,7442
cremad,shared-augmentation,A8_safe_fallback,mask:visual:0.5:seed202,mask,visual,0.5,202,0.6337006181134104,0.9802670506630052,7442
cremad,shared-augmentation,A8_safe_fallback,mask:visual:0.5:seed303,mask,visual,0.5,303,0.6378661650094061,0.9723623165683966,7442
cremad,shared-augmentation,A8_safe_fallback,mask:visual:0.75:seed101,mask,visual,0.75,101,0.6186509002956194,1.0291998323460607,7442
cremad,shared-augmentation,A8_safe_fallback,mask:visual:0.75:seed202,mask,visual,0.75,202,0.6152915882827197,1.033813689089268,7442
cremad,shared-augmentation,A8_safe_fallback,mask:visual:0.75:seed303,mask,visual,0.75,303,0.6146197258801398,1.0301144195208627,7442
cremad,shared-augmentation,full_ensemble,clean,clean,none,0.0,-1,0.6378661650094061,0.954193529564758,7442
cremad,shared-augmentation,full_ensemble,gaussian:audio:0.25:seed101,gaussian,audio,0.25,101,0.6373286750873421,0.9573683018430567,7442
cremad,shared-augmentation,full_ensemble,gaussian:audio:0.25:seed202,gaussian,audio,0.25,202,0.6366568126847622,0.9599016020961019,7442
cremad,shared-augmentation,full_ensemble,gaussian:audio:0.25:seed303,gaussian,audio,0.25,303,0.6365224402042462,0.9582898968402803,7442
cremad,shared-augmentation,full_ensemble,gaussian:audio:0.5:seed101,gaussian,audio,0.5,101,0.6349099704380543,0.9664809254815933,7442
cremad,shared-augmentation,full_ensemble,gaussian:audio:0.5:seed202,gaussian,audio,0.5,202,0.6322225208277344,0.971506100390106,7442
cremad,shared-augmentation,full_ensemble,gaussian:audio:0.5:seed303,gaussian,audio,0.5,303,0.6314162859446385,0.9684359188802107,7442
cremad,shared-augmentation,full_ensemble,gaussian:audio:1.0:seed101,gaussian,audio,1.0,101,0.6233539371136791,1.0002983264891177,7442
cremad,shared-augmentation,full_ensemble,gaussian:audio:1.0:seed202,gaussian,audio,1.0,202,0.6220102123085192,1.009913709118726,7442
cremad,shared-augmentation,full_ensemble,gaussian:audio:1.0:seed303,gaussian,audio,1.0,303,0.6226820747110992,1.0040237386429154,7442
cremad,shared-augmentation,full_ensemble,gaussian:audio:2.0:seed101,gaussian,audio,2.0,101,0.5768610588551465,1.1066427876915599,7442
cremad,shared-augmentation,full_ensemble,gaussian:audio:2.0:seed202,gaussian,audio,2.0,202,0.5740392367643107,1.123421809427631,7442
cremad,shared-augmentation,full_ensemble,gaussian:audio:2.0:seed303,gaussian,audio,2.0,303,0.5778016662187584,1.112642086829888,7442
cremad,shared-augmentation,full_ensemble,gaussian:visual:0.25:seed101,gaussian,visual,0.25,101,0.6314162859446385,0.9611266337855867,7442
cremad,shared-augmentation,full_ensemble,gaussian:visual:0.25:seed202,gaussian,visual,0.25,202,0.6373286750873421,0.9606161389275978,7442
cremad,shared-augmentation,full_ensemble,gaussian:visual:0.25:seed303,gaussian,visual,0.25,303,0.638000537489922,0.9581181526620253,7442
cremad,shared-augmentation,full_ensemble,gaussian:visual:0.5:seed101,gaussian,visual,0.5,101,0.6319537758667025,0.9763470476777115,7442
cremad,shared-augmentation,full_ensemble,gaussian:visual:0.5:seed202,gaussian,visual,0.5,202,0.6345068529965063,0.9756889312753471,7442
cremad,shared-augmentation,full_ensemble,gaussian:visual:0.5:seed303,gaussian,visual,0.5,303,0.6335662456328944,0.9708280684375867,7442
cremad,shared-augmentation,full_ensemble,gaussian:visual:1.0:seed101,gaussian,visual,1.0,101,0.6144853533996237,1.0264491427858118,7442
cremad,shared-augmentation,full_ensemble,gaussian:visual:1.0:seed202,gaussian,visual,1.0,202,0.6147540983606558,1.0275997002088908,7442
cremad,shared-augmentation,full_ensemble,gaussian:visual:1.0:seed303,gaussian,visual,1.0,303,0.6151572158022037,1.016684470515283,7442
cremad,shared-augmentation,full_ensemble,gaussian:visual:2.0:seed101,gaussian,visual,2.0,101,0.5611394786347756,1.1619358613610653,7442
cremad,shared-augmentation,full_ensemble,gaussian:visual:2.0:seed202,gaussian,visual,2.0,202,0.5595270088685838,1.1649115430152053,7442
cremad,shared-augmentation,full_ensemble,gaussian:visual:2.0:seed303,gaussian,visual,2.0,303,0.568395592582639,1.1445397774738488,7442
cremad,shared-augmentation,full_ensemble,mask:audio:0.25:seed101,mask,audio,0.25,101,0.6173071754904595,0.9985932538316125,7442
cremad,shared-augmentation,full_ensemble,mask:audio:0.25:seed202,mask,audio,0.25,202,0.6209352324643913,1.000607437287355,7442
cremad,shared-augmentation,full_ensemble,mask:audio:0.25:seed303,mask,audio,0.25,303,0.6218758398280032,0.9993077556858784,7442
cremad,shared-augmentation,full_ensemble,mask:audio:0.5:seed101,mask,audio,0.5,101,0.5935232464391292,1.067497379272043,7442
cremad,shared-augmentation,full_ensemble,mask:audio:0.5:seed202,mask,audio,0.5,202,0.5962106960494491,1.068347976745727,7442
cremad,shared-augmentation,full_ensemble,mask:audio:0.5:seed303,mask,audio,0.5,303,0.5936576189196453,1.07086812813928,7442
cremad,shared-augmentation,full_ensemble,mask:audio:0.75:seed101,mask,audio,0.75,101,0.5458210158559527,1.1888875617300614,7442
cremad,shared-augmentation,full_ensemble,mask:audio:0.75:seed202,mask,audio,0.75,202,0.5434023112066648,1.192996454644063,7442
cremad,shared-augmentation,full_ensemble,mask:audio:0.75:seed303,mask,audio,0.75,303,0.541521096479441,1.1933458057703827,7442
cremad,shared-augmentation,full_ensemble,mask:visual:0.25:seed101,mask,visual,0.25,101,0.6373286750873421,0.9598830379543437,7442
cremad,shared-augmentation,full_ensemble,mask:visual:0.25:seed202,mask,visual,0.25,202,0.63974737973663,0.9635745377255022,7442
cremad,shared-augmentation,full_ensemble,mask:visual:0.25:seed303,mask,visual,0.25,303,0.6349099704380543,0.9625381526410051,7442
cremad,shared-augmentation,full_ensemble,mask:visual:0.5:seed101,mask,visual,0.5,101,0.6351787153990862,0.9783773281195207,7442
cremad,shared-augmentation,full_ensemble,mask:visual:0.5:seed202,mask,visual,0.5,202,0.6327600107497985,0.9868127480870567,7442
cremad,shared-augmentation,full_ensemble,mask:visual:0.5:seed303,mask,visual,0.5,303,0.6367911851652781,0.9789925864858183,7442
cremad,shared-augmentation,full_ensemble,mask:visual:0.75:seed101,mask,visual,0.75,101,0.6210696049449073,1.0388695911990613,7442
cremad,shared-augmentation,full_ensemble,mask:visual:0.75:seed202,mask,visual,0.75,202,0.6189196452566514,1.0409240820122023,7442
cremad,shared-augmentation,full_ensemble,mask:visual:0.75:seed303,mask,visual,0.75,303,0.6162321956463316,1.0389427955539814,7442
cremad,shared-augmentation,i2moe,clean,clean,none,0.0,-1,0.6324912657887665,0.978126237770966,7442
cremad,shared-augmentation,i2moe,gaussian:audio:0.25:seed101,gaussian,audio,0.25,101,0.6322225208277344,0.9811104761769368,7442
cremad,shared-augmentation,i2moe,gaussian:audio:0.25:seed202,gaussian,audio,0.25,202,0.6295350712174147,0.9828217226188029,7442
cremad,shared-augmentation,i2moe,gaussian:audio:0.25:seed303,gaussian,audio,0.25,303,0.6339693630744424,0.9811844393830508,7442
cremad,shared-augmentation,i2moe,gaussian:audio:0.5:seed101,gaussian,audio,0.5,101,0.6279226014512228,0.9887247395926102,7442
cremad,shared-augmentation,i2moe,gaussian:audio:0.5:seed202,gaussian,audio,0.5,202,0.6271163665681269,0.9921852289718323,7442
cremad,shared-augmentation,i2moe,gaussian:audio:0.5:seed303,gaussian,audio,0.5,303,0.6339693630744424,0.9889753098028825,7442
cremad,shared-augmentation,i2moe,gaussian:audio:1.0:seed101,gaussian,audio,1.0,101,0.6182477828540714,1.017024339174686,7442
cremad,shared-augmentation,i2moe,gaussian:audio:1.0:seed202,gaussian,audio,1.0,202,0.6159634506852997,1.0239860111977785,7442
cremad,shared-augmentation,i2moe,gaussian:audio:1.0:seed303,gaussian,audio,1.0,303,0.6234883095941951,1.0177414017964714,7442
cremad,shared-augmentation,i2moe,gaussian:audio:2.0:seed101,gaussian,audio,2.0,101,0.5782047836603064,1.1174143053543808,7442
cremad,shared-augmentation,i2moe,gaussian:audio:2.0:seed202,gaussian,audio,2.0,202,0.5768610588551465,1.1298622547612676,7442
cremad,shared-augmentation,i2moe,gaussian:audio:2.0:seed303,gaussian,audio,2.0,303,0.5857296425692018,1.1184411977592834,7442
cremad,shared-augmentation,i2moe,gaussian:visual:0.25:seed101,gaussian,visual,0.25,101,0.6310131685030905,0.9840406958415102,7442
cremad,shared-augmentation,i2moe,gaussian:visual:0.25:seed202,gaussian,visual,0.25,202,0.6328943832303144,0.9844441957669796,7442
cremad,shared-augmentation,i2moe,gaussian:visual:0.25:seed303,gaussian,visual,0.25,303,0.6302069336199946,0.9822979446335168,7442
cremad,shared-augmentation,i2moe,gaussian:visual:0.5:seed101,gaussian,visual,0.5,101,0.625503896801935,0.9987734716789155,7442
cremad,shared-augmentation,i2moe,gaussian:visual:0.5:seed202,gaussian,visual,0.5,202,0.6271163665681269,0.9994934790969726,7442
cremad,shared-augmentation,i2moe,gaussian:visual:0.5:seed303,gaussian,visual,0.5,303,0.624966406879871,0.9952065153478774,7442
cremad,shared-augmentation,i2moe,gaussian:visual:1.0:seed101,gaussian,visual,1.0,101,0.6060198871271164,1.0531512112900803,7442
cremad,shared-augmentation,i2moe,gaussian:visual:1.0:seed202,gaussian,visual,1.0,202,0.6070948669712443,1.0547739112981185,7442
cremad,shared-augmentation,i2moe,gaussian:visual:1.0:seed303,gaussian,visual,1.0,303,0.6083042192958882,1.0457271823510346,7442
cremad,shared-augmentation,i2moe,gaussian:visual:2.0:seed101,gaussian,visual,2.0,101,0.5459553883364687,1.2440193849993761,7442
cremad,shared-augmentation,i2moe,gaussian:visual:2.0:seed202,gaussian,visual,2.0,202,0.5472991131416286,1.2454342910812812,7442
cremad,shared-augmentation,i2moe,gaussian:visual:2.0:seed303,gaussian,visual,2.0,303,0.5466272507390486,1.2276244212421799,7442
cremad,shared-augmentation,i2moe,mask:audio:0.25:seed101,mask,audio,0.25,101,0.610051061542596,1.0330215235127573,7442
cremad,shared-augmentation,i2moe,mask:audio:0.25:seed202,mask,audio,0.25,202,0.6132760010749798,1.034031634134674,7442
cremad,shared-augmentation,i2moe,mask:audio:0.25:seed303,mask,audio,0.25,303,0.610857296425692,1.0329857489663448,7442
cremad,shared-augmentation,i2moe,mask:audio:0.5:seed101,mask,audio,0.5,101,0.5864015049717818,1.1185502488568062,7442
cremad,shared-augmentation,i2moe,mask:audio:0.5:seed202,mask,audio,0.5,202,0.5826390755173341,1.1182404172756673,7442
cremad,shared-augmentation,i2moe,mask:audio:0.5:seed303,mask,audio,0.5,303,0.5786079011018543,1.1212584803061514,7442
cremad,shared-augmentation,i2moe,mask:audio:0.75:seed101,mask,audio,0.75,101,0.528621338349906,1.24811305529842,7442
cremad,shared-augmentation,i2moe,mask:audio:0.75:seed202,mask,audio,0.75,202,0.5266057511421661,1.250012237691558,7442
cremad,shared-augmentation,i2moe,mask:audio:0.75:seed303,mask,audio,0.75,303,0.5259338887395861,1.2525694731809798,7442
cremad,shared-augmentation,i2moe,mask:visual:0.25:seed101,mask,visual,0.25,101,0.6350443429185703,0.9733736409723106,7442
cremad,shared-augmentation,i2moe,mask:visual:0.25:seed202,mask,visual,0.25,202,0.6377317925288901,0.9773834130022195,7442
cremad,shared-augmentation,i2moe,mask:visual:0.25:seed303,mask,visual,0.25,303,0.6358505778016662,0.9766791811665593,7442
cremad,shared-augmentation,i2moe,mask:visual:0.5:seed101,mask,visual,0.5,101,0.6332975006718624,0.9999835622369656,7442
cremad,shared-augmentation,i2moe,mask:visual:0.5:seed202,mask,visual,0.5,202,0.6285944638538027,1.0041378589471652,7442
cremad,shared-augmentation,i2moe,mask:visual:0.5:seed303,mask,visual,0.5,303,0.6339693630744424,1.0007620398466637,7442
cremad,shared-augmentation,i2moe,mask:visual:0.75:seed101,mask,visual,0.75,101,0.611529158828272,1.0737395789799178,7442
cremad,shared-augmentation,i2moe,mask:visual:0.75:seed202,mask,visual,0.75,202,0.6087073367374362,1.073302062569502,7442
cremad,shared-augmentation,i2moe,mask:visual:0.75:seed303,mask,visual,0.75,303,0.6083042192958882,1.0725147617307311,7442
cremad,shared-augmentation,pdf,clean,clean,none,0.0,-1,0.6359849502821822,0.9897095884519941,7442
cremad,shared-augmentation,pdf,gaussian:audio:0.25:seed101,gaussian,audio,0.25,101,0.6320881483472185,0.9937804961472532,7442
cremad,shared-augmentation,pdf,gaussian:audio:0.25:seed202,gaussian,audio,0.25,202,0.6350443429185703,0.9951859449149874,7442
cremad,shared-augmentation,pdf,gaussian:audio:0.25:seed303,gaussian,audio,0.25,303,0.6328943832303144,0.9923699771771668,7442
cremad,shared-augmentation,pdf,gaussian:audio:0.5:seed101,gaussian,audio,0.5,101,0.6264445041655469,1.0025531483661583,7442
cremad,shared-augmentation,pdf,gaussian:audio:0.5:seed202,gaussian,audio,0.5,202,0.6275194840096748,1.0054409098070878,7442
cremad,shared-augmentation,pdf,gaussian:audio:0.5:seed303,gaussian,audio,0.5,303,0.6285944638538027,1.0001321497157736,7442
cremad,shared-augmentation,pdf,gaussian:audio:1.0:seed101,gaussian,audio,1.0,101,0.6139478634775598,1.0328252628902723,7442
cremad,shared-augmentation,pdf,gaussian:audio:1.0:seed202,gaussian,audio,1.0,202,0.6136791185165278,1.0400925253374256,7442
cremad,shared-augmentation,pdf,gaussian:audio:1.0:seed303,gaussian,audio,1.0,303,0.6175759204514916,1.030602107806967,7442
cremad,shared-augmentation,pdf,gaussian:audio:2.0:seed101,gaussian,audio,2.0,101,0.5720236495565708,1.1452780677722192,7442
cremad,shared-augmentation,pdf,gaussian:audio:2.0:seed202,gaussian,audio,2.0,202,0.5710830421929589,1.16005099090051,7442
cremad,shared-augmentation,pdf,gaussian:audio:2.0:seed303,gaussian,audio,2.0,303,0.5743079817253427,1.1473024784905836,7442
cremad,shared-augmentation,pdf,gaussian:visual:0.25:seed101,gaussian,visual,0.25,101,0.6337006181134104,0.9985150273244182,7442
cremad,shared-augmentation,pdf,gaussian:visual:0.25:seed202,gaussian,visual,0.25,202,0.6327600107497985,0.998455768918115,7442
cremad,shared-augmentation,pdf,gaussian:visual:0.25:seed303,gaussian,visual,0.25,303,0.6349099704380543,0.9947075187062647,7442
cremad,shared-augmentation,pdf,gaussian:visual:0.5:seed101,gaussian,visual,0.5,101,0.6296694436979307,1.0182694806734778,7442
cremad,shared-augmentation,pdf,gaussian:visual:0.5:seed202,gaussian,visual,0.5,202,0.6281913464122548,1.0182389286287266,7442
cremad,shared-augmentation,pdf,gaussian:visual:0.5:seed303,gaussian,visual,0.5,303,0.6332975006718624,1.0107121186802233,7442
cremad,shared-augmentation,pdf,gaussian:visual:1.0:seed101,gaussian,visual,1.0,101,0.6052136522440205,1.0900773470779446,7442
cremad,shared-augmentation,pdf,gaussian:visual:1.0:seed202,gaussian,visual,1.0,202,0.6060198871271164,1.091557066501122,7442
cremad,shared-augmentation,pdf,gaussian:visual:1.0:seed303,gaussian,visual,1.0,303,0.6068261220102124,1.0739712602055833,7442
cremad,shared-augmentation,pdf,gaussian:visual:2.0:seed101,gaussian,visual,2.0,101,0.5378930395055093,1.3372130977077907,7442
cremad,shared-augmentation,pdf,gaussian:visual:2.0:seed202,gaussian,visual,2.0,202,0.5364149422198333,1.343833390021375,7442
cremad,shared-augmentation,pdf,gaussian:visual:2.0:seed303,gaussian,visual,2.0,303,0.5382961569470572,1.3051492542683139,7442
cremad,shared-augmentation,pdf,mask:audio:0.25:seed101,mask,audio,0.25,101,0.6061542596076324,1.0650018710058737,7442
cremad,shared-augmentation,pdf,mask:audio:0.25:seed202,mask,audio,0.25,202,0.6073636119322763,1.0660988453989162,7442
cremad,shared-augmentation,pdf,mask:audio:0.25:seed303,mask,audio,0.25,303,0.6126041386723999,1.0657301093480356,7442
cremad,shared-augmentation,pdf,mask:audio:0.5:seed101,mask,audio,0.5,101,0.5671862402579951,1.173694404356834,7442
cremad,shared-augmentation,pdf,mask:audio:0.5:seed202,mask,audio,0.5,202,0.5636925557645794,1.172546687567737,7442
cremad,shared-augmentation,pdf,mask:audio:0.5:seed303,mask,audio,0.5,303,0.5679924751410911,1.1744007768138234,7442
cremad,shared-augmentation,pdf,mask:audio:0.75:seed101,mask,audio,0.75,101,0.5085998387530234,1.3113959580205716,7442
cremad,shared-augmentation,pdf,mask:audio:0.75:seed202,mask,audio,0.75,202,0.5084654662725074,1.3128879671161002,7442
cremad,shared-augmentation,pdf,mask:audio:0.75:seed303,mask,audio,0.75,303,0.5061811341037356,1.3134388982130345,7442
cremad,shared-augmentation,pdf,mask:visual:0.25:seed101,mask,visual,0.25,101,0.6413598495028219,0.9695815645768651,7442
cremad,shared-augmentation,pdf,mask:visual:0.25:seed202,mask,visual,0.25,202,0.6427035743079818,0.9716760936504674,7442
cremad,shared-augmentation,pdf,mask:visual:0.25:seed303,mask,visual,0.25,303,0.6471378661650095,0.9730704925629159,7442
cremad,shared-augmentation,pdf,mask:visual:0.5:seed101,mask,visual,0.5,101,0.6417629669443697,0.983576196119799,7442
cremad,shared-augmentation,pdf,mask:visual:0.5:seed202,mask,visual,0.5,202,0.6433754367105616,0.985030507949672,7442
cremad,shared-augmentation,pdf,mask:visual:0.5:seed303,mask,visual,0.5,303,0.6452566514377855,0.9834421113740465,7442
cremad,shared-augmentation,pdf,mask:visual:0.75:seed101,mask,visual,0.75,101,0.6264445041655469,1.0418392205517881,7442
cremad,shared-augmentation,pdf,mask:visual:0.75:seed202,mask,visual,0.75,202,0.624832034399355,1.042724395067563,7442
cremad,shared-augmentation,pdf,mask:visual:0.75:seed303,mask,visual,0.75,303,0.6285944638538027,1.0426515671539132,7442
cremad,shared-augmentation,qmf,clean,clean,none,0.0,-1,0.6367911851652781,1.0184301347315925,7442
cremad,shared-augmentation,qmf,gaussian:audio:0.25:seed101,gaussian,audio,0.25,101,0.6345068529965063,1.0221561609818481,7442
cremad,shared-augmentation,qmf,gaussian:audio:0.25:seed202,gaussian,audio,0.25,202,0.6326256382692824,1.0248936878402433,7442
cremad,shared-augmentation,qmf,gaussian:audio:0.25:seed303,gaussian,audio,0.25,303,0.6370599301263101,1.0212157965862405,7442
cremad,shared-augmentation,qmf,gaussian:audio:0.5:seed101,gaussian,audio,0.5,101,0.6289975812953507,1.0311803747660355,7442
cremad,shared-augmentation,qmf,gaussian:audio:0.5:seed202,gaussian,audio,0.5,202,0.6275194840096748,1.036628683162967,7442
cremad,shared-augmentation,qmf,gaussian:audio:0.5:seed303,gaussian,audio,0.5,303,0.6334318731523784,1.0294002201599937,7442
cremad,shared-augmentation,qmf,gaussian:audio:1.0:seed101,gaussian,audio,1.0,101,0.6154259607632356,1.0661896553570769,7442
cremad,shared-augmentation,qmf,gaussian:audio:1.0:seed202,gaussian,audio,1.0,202,0.6162321956463316,1.0771856484436455,7442
cremad,shared-augmentation,qmf,gaussian:audio:1.0:seed303,gaussian,audio,1.0,303,0.6195915076592314,1.0641925529271778,7442
cremad,shared-augmentation,qmf,gaussian:audio:2.0:seed101,gaussian,audio,2.0,101,0.5669174952969632,1.2238366019270597,7442
cremad,shared-augmentation,qmf,gaussian:audio:2.0:seed202,gaussian,audio,2.0,202,0.5647675356087073,1.2515928217005177,7442
cremad,shared-augmentation,qmf,gaussian:audio:2.0:seed303,gaussian,audio,2.0,303,0.5632894383230315,1.2341107732039203,7442
cremad,shared-augmentation,qmf,gaussian:visual:0.25:seed101,gaussian,visual,0.25,101,0.6343724805159904,1.0303881398495813,7442
cremad,shared-augmentation,qmf,gaussian:visual:0.25:seed202,gaussian,visual,0.25,202,0.6343724805159904,1.0309131323223126,7442
cremad,shared-augmentation,qmf,gaussian:visual:0.25:seed303,gaussian,visual,0.25,303,0.6327600107497985,1.0281790676061524,7442
cremad,shared-augmentation,qmf,gaussian:visual:0.5:seed101,gaussian,visual,0.5,101,0.6264445041655469,1.0597825785911168,7442
cremad,shared-augmentation,qmf,gaussian:visual:0.5:seed202,gaussian,visual,0.5,202,0.6221445847890352,1.061172947239191,7442
cremad,shared-augmentation,qmf,gaussian:visual:0.5:seed303,gaussian,visual,0.5,303,0.6273851115291589,1.0538224861918013,7442
cremad,shared-augmentation,qmf,gaussian:visual:1.0:seed101,gaussian,visual,1.0,101,0.5929857565170653,1.173777631500407,7442
cremad,shared-augmentation,qmf,gaussian:visual:1.0:seed202,gaussian,visual,1.0,202,0.5948669712442892,1.1752957831906488,7442
cremad,shared-augmentation,qmf,gaussian:visual:1.0:seed303,gaussian,visual,1.0,303,0.6015855952700887,1.1529413935495898,7442
cremad,shared-augmentation,qmf,gaussian:visual:2.0:seed101,gaussian,visual,2.0,101,0.5094060736361193,1.6337268724075773,7442
cremad,shared-augmentation,qmf,gaussian:visual:2.0:seed202,gaussian,visual,2.0,202,0.5114216608438592,1.6322358951483316,7442
cremad,shared-augmentation,qmf,gaussian:visual:2.0:seed303,gaussian,visual,2.0,303,0.514243482934695,1.5582612943265177,7442
cremad,shared-augmentation,qmf,mask:audio:0.25:seed101,mask,audio,0.25,101,0.6034668099973125,1.1107963534992467,7442
cremad,shared-augmentation,qmf,mask:audio:0.25:seed202,mask,audio,0.25,202,0.6057511421660844,1.1108370073187785,7442
cremad,shared-augmentation,qmf,mask:audio:0.25:seed303,mask,audio,0.25,303,0.6040042999193765,1.1101299425561595,7442
cremad,shared-augmentation,qmf,mask:audio:0.5:seed101,mask,audio,0.5,101,0.5651706530502553,1.2241791386833722,7442
cremad,shared-augmentation,qmf,mask:audio:0.5:seed202,mask,audio,0.5,202,0.5636925557645794,1.2228760562925416,7442
cremad,shared-augmentation,qmf,mask:audio:0.5:seed303,mask,audio,0.5,303,0.5642300456866434,1.2248956415002825,7442
cremad,shared-augmentation,qmf,mask:audio:0.75:seed101,mask,audio,0.75,101,0.513974737973663,1.3407948608452138,7442
cremad,shared-augmentation,qmf,mask:audio:0.75:seed202,mask,audio,0.75,202,0.514646600376243,1.3424845571129413,7442
cremad,shared-augmentation,qmf,mask:audio:0.75:seed303,mask,audio,0.75,303,0.5123622682074711,1.3429448579962284,7442
cremad,shared-augmentation,qmf,mask:visual:0.25:seed101,mask,visual,0.25,101,0.6479441010481054,0.9833219623714936,7442
cremad,shared-augmentation,qmf,mask:visual:0.25:seed202,mask,visual,0.25,202,0.6504971781779092,0.9839995513572071,7442
cremad,shared-augmentation,qmf,mask:visual:0.25:seed303,mask,visual,0.25,303,0.6490190808922333,0.9870545062545077,7442
cremad,shared-augmentation,qmf,mask:visual:0.5:seed101,mask,visual,0.5,101,0.6504971781779092,1.0117012792768605,7442
cremad,shared-augmentation,qmf,mask:visual:0.5:seed202,mask,visual,0.5,202,0.6500940607363612,1.0131838336533732,7442
cremad,shared-augmentation,qmf,mask:visual:0.5:seed303,mask,visual,0.5,303,0.653319000268745,1.0124784412228702,7442
cremad,shared-augmentation,qmf,mask:visual:0.75:seed101,mask,visual,0.75,101,0.6400161246976619,1.095887514266741,7442
cremad,shared-augmentation,qmf,mask:visual:0.75:seed202,mask,visual,0.75,202,0.6369255576457942,1.0976902521157936,7442
cremad,shared-augmentation,qmf,mask:visual:0.75:seed303,mask,visual,0.75,303,0.6405536146197259,1.096685177490433,7442
cremad,shared-augmentation,tmc,clean,clean,none,0.0,-1,0.6569470572426767,0.9637313076062887,7442
cremad,shared-augmentation,tmc,gaussian:audio:0.25:seed101,gaussian,audio,0.25,101,0.6494221983337812,0.9684025110317656,7442
cremad,shared-augmentation,tmc,gaussian:audio:0.25:seed202,gaussian,audio,0.25,202,0.6484815909701693,0.9755515897655971,7442
cremad,shared-augmentation,tmc,gaussian:audio:0.25:seed303,gaussian,audio,0.25,303,0.653722117710293,0.9720842447105954,7442
cremad,shared-augmentation,tmc,gaussian:audio:0.5:seed101,gaussian,audio,0.5,101,0.6417629669443697,0.9868265080871678,7442
cremad,shared-augmentation,tmc,gaussian:audio:0.5:seed202,gaussian,audio,0.5,202,0.6416285944638538,0.999956017469475,7442
cremad,shared-augmentation,tmc,gaussian:audio:0.5:seed303,gaussian,audio,0.5,303,0.6457941413598495,0.9933743688583705,7442
cremad,shared-augmentation,tmc,gaussian:audio:1.0:seed101,gaussian,audio,1.0,101,0.6152915882827197,1.0532697739904102,7442
cremad,shared-augmentation,tmc,gaussian:audio:1.0:seed202,gaussian,audio,1.0,202,0.611126041386724,1.077428060949736,7442
cremad,shared-augmentation,tmc,gaussian:audio:1.0:seed303,gaussian,audio,1.0,303,0.6175759204514916,1.0635457390504648,7442
cremad,shared-augmentation,tmc,gaussian:audio:2.0:seed101,gaussian,audio,2.0,101,0.5542864821284601,1.2247682400938467,7442
cremad,shared-augmentation,tmc,gaussian:audio:2.0:seed202,gaussian,audio,2.0,202,0.5510615425960763,1.2601201564868745,7442
cremad,shared-augmentation,tmc,gaussian:audio:2.0:seed303,gaussian,audio,2.0,303,0.5513302875571083,1.2413971005232256,7442
cremad,shared-augmentation,tmc,gaussian:visual:0.25:seed101,gaussian,visual,0.25,101,0.6517065305025531,0.9717925135878119,7442
cremad,shared-augmentation,tmc,gaussian:visual:0.25:seed202,gaussian,visual,0.25,202,0.6511690405804891,0.9712484872274861,7442
cremad,shared-augmentation,tmc,gaussian:visual:0.25:seed303,gaussian,visual,0.25,303,0.6510346680999731,0.9682859753267449,7442
cremad,shared-augmentation,tmc,gaussian:visual:0.5:seed101,gaussian,visual,0.5,101,0.6410911045417899,0.9894845530364864,7442
cremad,shared-augmentation,tmc,gaussian:visual:0.5:seed202,gaussian,visual,0.5,202,0.6429723192690137,0.9890291598507612,7442
cremad,shared-augmentation,tmc,gaussian:visual:0.5:seed303,gaussian,visual,0.5,303,0.6455253963988176,0.983453088844647,7442
cremad,shared-augmentation,tmc,gaussian:visual:1.0:seed101,gaussian,visual,1.0,101,0.6177102929320075,1.046633068926833,7442
cremad,shared-augmentation,tmc,gaussian:visual:1.0:seed202,gaussian,visual,1.0,202,0.6195915076592314,1.048000798120233,7442
cremad,shared-augmentation,tmc,gaussian:visual:1.0:seed303,gaussian,visual,1.0,303,0.6182477828540714,1.036616619858007,7442
cremad,shared-augmentation,tmc,gaussian:visual:2.0:seed101,gaussian,visual,2.0,101,0.5502553077129804,1.1991007988317455,7442
cremad,shared-augmentation,tmc,gaussian:visual:2.0:seed202,gaussian,visual,2.0,202,0.5432679387261489,1.2038554585361005,7442
cremad,shared-augmentation,tmc,gaussian:visual:2.0:seed303,gaussian,visual,2.0,303,0.5491803278688525,1.1803192163481702,7442
cremad,shared-augmentation,tmc,mask:audio:0.25:seed101,mask,audio,0.25,101,0.6272507390486428,1.0186766049846459,7442
cremad,shared-augmentation,tmc,mask:audio:0.25:seed202,mask,audio,0.25,202,0.624832034399355,1.0143991668439531,7442
cremad,shared-augmentation,tmc,mask:audio:0.25:seed303,mask,audio,0.25,303,0.6273851115291589,1.0153574866662076,7442
cremad,shared-augmentation,tmc,mask:audio:0.5:seed101,mask,audio,0.5,101,0.5864015049717818,1.0891539033518376,7442
cremad,shared-augmentation,tmc,mask:audio:0.5:seed202,mask,audio,0.5,202,0.5864015049717818,1.0860737885121765,7442
cremad,shared-augmentation,tmc,mask:audio:0.5:seed303,mask,audio,0.5,303,0.5917764041924214,1.092834971336085,7442
cremad,shared-augmentation,tmc,mask:audio:0.75:seed101,mask,audio,0.75,101,0.5361461972588014,1.2083002854326155,7442
cremad,shared-augmentation,tmc,mask:audio:0.75:seed202,mask,audio,0.75,202,0.5334587476484816,1.2145271827999846,7442
cremad,shared-augmentation,tmc,mask:audio:0.75:seed303,mask,audio,0.75,303,0.5310400429991937,1.212861202950375,7442
cremad,shared-augmentation,tmc,mask:visual:0.25:seed101,mask,visual,0.25,101,0.6560064498790648,0.9645362907437812,7442
cremad,shared-augmentation,tmc,mask:visual:0.25:seed202,mask,visual,0.25,202,0.6561408223595807,0.9685926947903883,7442
cremad,shared-augmentation,tmc,mask:visual:0.25:seed303,mask,visual,0.25,303,0.654125235151841,0.9649893725975055,7442
cremad,shared-augmentation,tmc,mask:visual:0.5:seed101,mask,visual,0.5,101,0.6464660037624295,0.9789435913700432,7442
cremad,shared-augmentation,tmc,mask:visual:0.5:seed202,mask,visual,0.5,202,0.6518409029830691,0.9877796276398457,7442
cremad,shared-augmentation,tmc,mask:visual:0.5:seed303,mask,visual,0.5,303,0.652378392905133,0.9789728061766156,7442
cremad,shared-augmentation,tmc,mask:visual:0.75:seed101,mask,visual,0.75,101,0.6339693630744424,1.0219379793522172,7442
cremad,shared-augmentation,tmc,mask:visual:0.75:seed202,mask,visual,0.75,202,0.6330287557108304,1.0255625427605795,7442
cremad,shared-augmentation,tmc,mask:visual:0.75:seed303,mask,visual,0.75,303,0.6362536952432142,1.017088468200069,7442
avmnist,shared-augmentation,A7_equal_ensemble,clean,clean,none,0.0,-1,0.9958333333333333,0.014052145135183262,3600
avmnist,shared-augmentation,A7_equal_ensemble,gaussian:audio:0.25:seed101,gaussian,audio,0.25,101,0.9941666666666666,0.01872606891655619,3600
avmnist,shared-augmentation,A7_equal_ensemble,gaussian:audio:0.25:seed202,gaussian,audio,0.25,202,0.9925,0.022264796981657207,3600
avmnist,shared-augmentation,A7_equal_ensemble,gaussian:audio:0.25:seed303,gaussian,audio,0.25,303,0.9936111111111111,0.022004695193687623,3600
avmnist,shared-augmentation,A7_equal_ensemble,gaussian:audio:0.5:seed101,gaussian,audio,0.5,101,0.9880555555555556,0.03569994840887603,3600
avmnist,shared-augmentation,A7_equal_ensemble,gaussian:audio:0.5:seed202,gaussian,audio,0.5,202,0.9872222222222222,0.04167793694794802,3600
avmnist,shared-augmentation,A7_equal_ensemble,gaussian:audio:0.5:seed303,gaussian,audio,0.5,303,0.9872222222222222,0.03977763937173952,3600
avmnist,shared-augmentation,A7_equal_ensemble,gaussian:audio:1.0:seed101,gaussian,audio,1.0,101,0.9791666666666666,0.06775107126542705,3600
avmnist,shared-augmentation,A7_equal_ensemble,gaussian:audio:1.0:seed202,gaussian,audio,1.0,202,0.9794444444444445,0.07177673909322999,3600
avmnist,shared-augmentation,A7_equal_ensemble,gaussian:audio:1.0:seed303,gaussian,audio,1.0,303,0.9797222222222223,0.07030173172801535,3600
avmnist,shared-augmentation,A7_equal_ensemble,gaussian:audio:2.0:seed101,gaussian,audio,2.0,101,0.9713888888888889,0.10566522904294004,3600
avmnist,shared-augmentation,A7_equal_ensemble,gaussian:audio:2.0:seed202,gaussian,audio,2.0,202,0.9719444444444445,0.10199125681488713,3600
avmnist,shared-augmentation,A7_equal_ensemble,gaussian:audio:2.0:seed303,gaussian,audio,2.0,303,0.9711111111111111,0.10564100468499896,3600
avmnist,shared-augmentation,A7_equal_ensemble,gaussian:image:0.25:seed101,gaussian,image,0.25,101,0.9952777777777778,0.014559843350044926,3600
avmnist,shared-augmentation,A7_equal_ensemble,gaussian:image:0.25:seed202,gaussian,image,0.25,202,0.995,0.015180980423905387,3600
avmnist,shared-augmentation,A7_equal_ensemble,gaussian:image:0.25:seed303,gaussian,image,0.25,303,0.9952777777777778,0.014801846914113207,3600
avmnist,shared-augmentation,A7_equal_ensemble,gaussian:image:0.5:seed101,gaussian,image,0.5,101,0.9952777777777778,0.01636560666179257,3600
avmnist,shared-augmentation,A7_equal_ensemble,gaussian:image:0.5:seed202,gaussian,image,0.5,202,0.9944444444444445,0.017094100662225213,3600
avmnist,shared-augmentation,A7_equal_ensemble,gaussian:image:0.5:seed303,gaussian,image,0.5,303,0.995,0.015921951600481325,3600
avmnist,shared-augmentation,A7_equal_ensemble,gaussian:image:1.0:seed101,gaussian,image,1.0,101,0.9927777777777778,0.02690680449659739,3600
avmnist,shared-augmentation,A7_equal_ensemble,gaussian:image:1.0:seed202,gaussian,image,1.0,202,0.9922222222222222,0.0267862434062998,3600
avmnist,shared-augmentation,A7_equal_ensemble,gaussian:image:1.0:seed303,gaussian,image,1.0,303,0.9927777777777778,0.023895411082245428,3600
avmnist,shared-augmentation,A7_equal_ensemble,gaussian:image:2.0:seed101,gaussian,image,2.0,101,0.9758333333333333,0.07207453604279936,3600
avmnist,shared-augmentation,A7_equal_ensemble,gaussian:image:2.0:seed202,gaussian,image,2.0,202,0.9769444444444444,0.07347210170865112,3600
avmnist,shared-augmentation,A7_equal_ensemble,gaussian:image:2.0:seed303,gaussian,image,2.0,303,0.9786111111111111,0.07098587508800049,3600
avmnist,shared-augmentation,A7_equal_ensemble,mask:audio:0.25:seed101,mask,audio,0.25,101,0.9908333333333333,0.03106107591881366,3600
avmnist,shared-augmentation,A7_equal_ensemble,mask:audio:0.25:seed202,mask,audio,0.25,202,0.9908333333333333,0.03212324887056685,3600
avmnist,shared-augmentation,A7_equal_ensemble,mask:audio:0.25:seed303,mask,audio,0.25,303,0.9908333333333333,0.03145100145981576,3600
avmnist,shared-augmentation,A7_equal_ensemble,mask:audio:0.5:seed101,mask,audio,0.5,101,0.9841666666666666,0.05265625724324687,3600
avmnist,shared-augmentation,A7_equal_ensemble,mask:audio:0.5:seed202,mask,audio,0.5,202,0.9822222222222222,0.059240044008589524,3600
avmnist,shared-augmentation,A7_equal_ensemble,mask:audio:0.5:seed303,mask,audio,0.5,303,0.9847222222222223,0.05105170533824638,3600
avmnist,shared-augmentation,A7_equal_ensemble,mask:audio:0.75:seed101,mask,audio,0.75,101,0.9755555555555555,0.08349728845048533,3600
avmnist,shared-augmentation,A7_equal_ensemble,mask:audio:0.75:seed202,mask,audio,0.75,202,0.9725,0.08800516619844204,3600
avmnist,shared-augmentation,A7_equal_ensemble,mask:audio:0.75:seed303,mask,audio,0.75,303,0.9736111111111111,0.08710555063443295,3600
avmnist,shared-augmentation,A7_equal_ensemble,mask:image:0.25:seed101,mask,image,0.25,101,0.9955555555555555,0.016724699969765087,3600
avmnist,shared-augmentation,A7_equal_ensemble,mask:image:0.25:seed202,mask,image,0.25,202,0.9955555555555555,0.015917395762960983,3600
avmnist,shared-augmentation,A7_equal_ensemble,mask:image:0.25:seed303,mask,image,0.25,303,0.9936111111111111,0.016966844202395033,3600
avmnist,shared-augmentation,A7_equal_ensemble,mask:image:0.5:seed101,mask,image,0.5,101,0.9933333333333333,0.020894785987283122,3600
avmnist,shared-augmentation,A7_equal_ensemble,mask:image:0.5:seed202,mask,image,0.5,202,0.9941666666666666,0.020960693822401812,3600
avmnist,shared-augmentation,A7_equal_ensemble,mask:image:0.5:seed303,mask,image,0.5,303,0.9941666666666666,0.020828259668910547,3600
avmnist,shared-augmentation,A7_equal_ensemble,mask:image:0.75:seed101,mask,image,0.75,101,0.9883333333333333,0.042866157159647714,3600
avmnist,shared-augmentation,A7_equal_ensemble,mask:image:0.75:seed202,mask,image,0.75,202,0.99,0.04090301675335401,3600
avmnist,shared-augmentation,A7_equal_ensemble,mask:image:0.75:seed303,mask,image,0.75,303,0.9886111111111111,0.04118685903153654,3600
avmnist,shared-augmentation,A8_safe_fallback,clean,clean,none,0.0,-1,0.9955555555555555,0.013938929907938376,3600
avmnist,shared-augmentation,A8_safe_fallback,gaussian:audio:0.25:seed101,gaussian,audio,0.25,101,0.9941666666666666,0.018081475353849116,3600
avmnist,shared-augmentation,A8_safe_fallback,gaussian:audio:0.25:seed202,gaussian,audio,0.25,202,0.9925,0.022220783334227417,3600
avmnist,shared-augmentation,A8_safe_fallback,gaussian:audio:0.25:seed303,gaussian,audio,0.25,303,0.9933333333333333,0.021164912539061238,3600
avmnist,shared-augmentation,A8_safe_fallback,gaussian:audio:0.5:seed101,gaussian,audio,0.5,101,0.9880555555555556,0.0353744321930552,3600
avmnist,shared-augmentation,A8_safe_fallback,gaussian:audio:0.5:seed202,gaussian,audio,0.5,202,0.9883333333333333,0.04222986247560737,3600
avmnist,shared-augmentation,A8_safe_fallback,gaussian:audio:0.5:seed303,gaussian,audio,0.5,303,0.9866666666666667,0.03913802096132836,3600
avmnist,shared-augmentation,A8_safe_fallback,gaussian:audio:1.0:seed101,gaussian,audio,1.0,101,0.9791666666666666,0.06748435895146061,3600
avmnist,shared-augmentation,A8_safe_fallback,gaussian:audio:1.0:seed202,gaussian,audio,1.0,202,0.9775,0.07240779119582057,3600
avmnist,shared-augmentation,A8_safe_fallback,gaussian:audio:1.0:seed303,gaussian,audio,1.0,303,0.9808333333333333,0.06967134397187966,3600
avmnist,shared-augmentation,A8_safe_fallback,gaussian:audio:2.0:seed101,gaussian,audio,2.0,101,0.97,0.10541535489518868,3600
avmnist,shared-augmentation,A8_safe_fallback,gaussian:audio:2.0:seed202,gaussian,audio,2.0,202,0.9716666666666667,0.10238373303531674,3600
avmnist,shared-augmentation,A8_safe_fallback,gaussian:audio:2.0:seed303,gaussian,audio,2.0,303,0.97,0.10483516842820963,3600
avmnist,shared-augmentation,A8_safe_fallback,gaussian:image:0.25:seed101,gaussian,image,0.25,101,0.9955555555555555,0.014484830082074955,3600
avmnist,shared-augmentation,A8_safe_fallback,gaussian:image:0.25:seed202,gaussian,image,0.25,202,0.9958333333333333,0.015263528093841109,3600
avmnist,shared-augmentation,A8_safe_fallback,gaussian:image:0.25:seed303,gaussian,image,0.25,303,0.9958333333333333,0.014582602352706886,3600
avmnist,shared-augmentation,A8_safe_fallback,gaussian:image:0.5:seed101,gaussian,image,0.5,101,0.9958333333333333,0.016124743045840263,3600
avmnist,shared-augmentation,A8_safe_fallback,gaussian:image:0.5:seed202,gaussian,image,0.5,202,0.995,0.01735569993610947,3600
avmnist,shared-augmentation,A8_safe_fallback,gaussian:image:0.5:seed303,gaussian,image,0.5,303,0.9952777777777778,0.015419235556741443,3600
avmnist,shared-augmentation,A8_safe_fallback,gaussian:image:1.0:seed101,gaussian,image,1.0,101,0.9919444444444444,0.025997000793366795,3600
avmnist,shared-augmentation,A8_safe_fallback,gaussian:image:1.0:seed202,gaussian,image,1.0,202,0.9922222222222222,0.026678727555304226,3600
avmnist,shared-augmentation,A8_safe_fallback,gaussian:image:1.0:seed303,gaussian,image,1.0,303,0.9941666666666666,0.022784530228368335,3600
avmnist,shared-augmentation,A8_safe_fallback,gaussian:image:2.0:seed101,gaussian,image,2.0,101,0.9775,0.06851460675603525,3600
avmnist,shared-augmentation,A8_safe_fallback,gaussian:image:2.0:seed202,gaussian,image,2.0,202,0.9775,0.07128550734038669,3600
avmnist,shared-augmentation,A8_safe_fallback,gaussian:image:2.0:seed303,gaussian,image,2.0,303,0.9786111111111111,0.0679835641582898,3600
avmnist,shared-augmentation,A8_safe_fallback,mask:audio:0.25:seed101,mask,audio,0.25,101,0.9905555555555555,0.030946089291787576,3600
avmnist,shared-augmentation,A8_safe_fallback,mask:audio:0.25:seed202,mask,audio,0.25,202,0.9908333333333333,0.032407988870921604,3600
avmnist,shared-augmentation,A8_safe_fallback,mask:audio:0.25:seed303,mask,audio,0.25,303,0.9913888888888889,0.031222010291676594,3600
avmnist,shared-augmentation,A8_safe_fallback,mask:audio:0.5:seed101,mask,audio,0.5,101,0.9838888888888889,0.05223859764082099,3600
avmnist,shared-augmentation,A8_safe_fallback,mask:audio:0.5:seed202,mask,audio,0.5,202,0.9827777777777778,0.05984153275543806,3600
avmnist,shared-augmentation,A8_safe_fallback,mask:audio:0.5:seed303,mask,audio,0.5,303,0.9844444444444445,0.050855463861603105,3600
avmnist,shared-augmentation,A8_safe_fallback,mask:audio:0.75:seed101,mask,audio,0.75,101,0.9752777777777778,0.08359215623795166,3600
avmnist,shared-augmentation,A8_safe_fallback,mask:audio:0.75:seed202,mask,audio,0.75,202,0.9727777777777777,0.08836003999462144,3600
avmnist,shared-augmentation,A8_safe_fallback,mask:audio:0.75:seed303,mask,audio,0.75,303,0.9733333333333334,0.08702750502661379,3600
avmnist,shared-augmentation,A8_safe_fallback,mask:image:0.25:seed101,mask,image,0.25,101,0.995,0.016672246931439177,3600
avmnist,shared-augmentation,A8_safe_fallback,mask:image:0.25:seed202,mask,image,0.25,202,0.9961111111111111,0.01573522645508713,3600
avmnist,shared-augmentation,A8_safe_fallback,mask:image:0.25:seed303,mask,image,0.25,303,0.9941666666666666,0.01663064937284346,3600
avmnist,shared-augmentation,A8_safe_fallback,mask:image:0.5:seed101,mask,image,0.5,101,0.9938888888888889,0.020567764207405963,3600
avmnist,shared-augmentation,A8_safe_fallback,mask:image:0.5:seed202,mask,image,0.5,202,0.9947222222222222,0.020286058030511915,3600
avmnist,shared-augmentation,A8_safe_fallback,mask:image:0.5:seed303,mask,image,0.5,303,0.9947222222222222,0.020267558920381193,3600
avmnist,shared-augmentation,A8_safe_fallback,mask:image:0.75:seed101,mask,image,0.75,101,0.9891666666666666,0.04002703160286892,3600
avmnist,shared-augmentation,A8_safe_fallback,mask:image:0.75:seed202,mask,image,0.75,202,0.9902777777777778,0.03784334395518705,3600
avmnist,shared-augmentation,A8_safe_fallback,mask:image:0.75:seed303,mask,image,0.75,303,0.9894444444444445,0.03843668191509986,3600
avmnist,shared-augmentation,full_ensemble,clean,clean,none,0.0,-1,0.9952777777777778,0.013759663262677139,3600
avmnist,shared-augmentation,full_ensemble,gaussian:audio:0.25:seed101,gaussian,audio,0.25,101,0.9936111111111111,0.018699678711929717,3600
avmnist,shared-augmentation,full_ensemble,gaussian:audio:0.25:seed202,gaussian,audio,0.25,202,0.9922222222222222,0.021687687167146075,3600
avmnist,shared-augmentation,full_ensemble,gaussian:audio:0.25:seed303,gaussian,audio,0.25,303,0.9933333333333333,0.021890207471520092,3600
avmnist,shared-augmentation,full_ensemble,gaussian:audio:0.5:seed101,gaussian,audio,0.5,101,0.9886111111111111,0.034661757236114886,3600
avmnist,shared-augmentation,full_ensemble,gaussian:audio:0.5:seed202,gaussian,audio,0.5,202,0.9872222222222222,0.04112607222594226,3600
avmnist,shared-augmentation,full_ensemble,gaussian:audio:0.5:seed303,gaussian,audio,0.5,303,0.9875,0.03857231004480697,3600
avmnist,shared-augmentation,full_ensemble,gaussian:audio:1.0:seed101,gaussian,audio,1.0,101,0.9791666666666666,0.06812134393443184,3600
avmnist,shared-augmentation,full_ensemble,gaussian:audio:1.0:seed202,gaussian,audio,1.0,202,0.9783333333333334,0.07163743905922887,3600
avmnist,shared-augmentation,full_ensemble,gaussian:audio:1.0:seed303,gaussian,audio,1.0,303,0.9794444444444445,0.07041997783311987,3600
avmnist,shared-augmentation,full_ensemble,gaussian:audio:2.0:seed101,gaussian,audio,2.0,101,0.9697222222222223,0.10754888779255582,3600
avmnist,shared-augmentation,full_ensemble,gaussian:audio:2.0:seed202,gaussian,audio,2.0,202,0.9713888888888889,0.10368485531165662,3600
avmnist,shared-augmentation,full_ensemble,gaussian:audio:2.0:seed303,gaussian,audio,2.0,303,0.9677777777777777,0.10936821737821371,3600
avmnist,shared-augmentation,full_ensemble,gaussian:image:0.25:seed101,gaussian,image,0.25,101,0.9955555555555555,0.014331487743100134,3600
avmnist,shared-augmentation,full_ensemble,gaussian:image:0.25:seed202,gaussian,image,0.25,202,0.995,0.01518749662787173,3600
avmnist,shared-augmentation,full_ensemble,gaussian:image:0.25:seed303,gaussian,image,0.25,303,0.995,0.014453148959972455,3600
avmnist,shared-augmentation,full_ensemble,gaussian:image:0.5:seed101,gaussian,image,0.5,101,0.9952777777777778,0.016206853050204858,3600
avmnist,shared-augmentation,full_ensemble,gaussian:image:0.5:seed202,gaussian,image,0.5,202,0.995,0.017346291291668346,3600
avmnist,shared-augmentation,full_ensemble,gaussian:image:0.5:seed303,gaussian,image,0.5,303,0.995,0.01603474885321123,3600
avmnist,shared-augmentation,full_ensemble,gaussian:image:1.0:seed101,gaussian,image,1.0,101,0.9930555555555556,0.0276575473479348,3600
avmnist,shared-augmentation,full_ensemble,gaussian:image:1.0:seed202,gaussian,image,1.0,202,0.9922222222222222,0.027719580857384296,3600
avmnist,shared-augmentation,full_ensemble,gaussian:image:1.0:seed303,gaussian,image,1.0,303,0.9927777777777778,0.024816181571997425,3600
avmnist,shared-augmentation,full_ensemble,gaussian:image:2.0:seed101,gaussian,image,2.0,101,0.9769444444444444,0.07665456081023678,3600
avmnist,shared-augmentation,full_ensemble,gaussian:image:2.0:seed202,gaussian,image,2.0,202,0.9763888888888889,0.07737271030587263,3600
avmnist,shared-augmentation,full_ensemble,gaussian:image:2.0:seed303,gaussian,image,2.0,303,0.9783333333333334,0.0751825726005383,3600
avmnist,shared-augmentation,full_ensemble,mask:audio:0.25:seed101,mask,audio,0.25,101,0.9911111111111112,0.029940386533231982,3600
avmnist,shared-augmentation,full_ensemble,mask:audio:0.25:seed202,mask,audio,0.25,202,0.9916666666666667,0.03132246528809266,3600
avmnist,shared-augmentation,full_ensemble,mask:audio:0.25:seed303,mask,audio,0.25,303,0.9911111111111112,0.031023265179564385,3600
avmnist,shared-augmentation,full_ensemble,mask:audio:0.5:seed101,mask,audio,0.5,101,0.9836111111111111,0.051487614820087804,3600
avmnist,shared-augmentation,full_ensemble,mask:audio:0.5:seed202,mask,audio,0.5,202,0.9830555555555556,0.057352275411781395,3600
avmnist,shared-augmentation,full_ensemble,mask:audio:0.5:seed303,mask,audio,0.5,303,0.9855555555555555,0.049515593512030845,3600
avmnist,shared-augmentation,full_ensemble,mask:audio:0.75:seed101,mask,audio,0.75,101,0.9761111111111112,0.0803978571442356,3600
avmnist,shared-augmentation,full_ensemble,mask:audio:0.75:seed202,mask,audio,0.75,202,0.9752777777777778,0.08281061322250426,3600
avmnist,shared-augmentation,full_ensemble,mask:audio:0.75:seed303,mask,audio,0.75,303,0.9738888888888889,0.08422400964850504,3600
avmnist,shared-augmentation,full_ensemble,mask:image:0.25:seed101,mask,image,0.25,101,0.995,0.01667414457602559,3600
avmnist,shared-augmentation,full_ensemble,mask:image:0.25:seed202,mask,image,0.25,202,0.9955555555555555,0.015615053307258016,3600
avmnist,shared-augmentation,full_ensemble,mask:image:0.25:seed303,mask,image,0.25,303,0.9938888888888889,0.01667245449568959,3600
avmnist,shared-augmentation,full_ensemble,mask:image:0.5:seed101,mask,image,0.5,101,0.9930555555555556,0.021386029903934133,3600
avmnist,shared-augmentation,full_ensemble,mask:image:0.5:seed202,mask,image,0.5,202,0.9941666666666666,0.02214884039510266,3600
avmnist,shared-augmentation,full_ensemble,mask:image:0.5:seed303,mask,image,0.5,303,0.9936111111111111,0.020976058705333263,3600
avmnist,shared-augmentation,full_ensemble,mask:image:0.75:seed101,mask,image,0.75,101,0.9886111111111111,0.04237349236435201,3600
avmnist,shared-augmentation,full_ensemble,mask:image:0.75:seed202,mask,image,0.75,202,0.9897222222222222,0.041296449179340215,3600
avmnist,shared-augmentation,full_ensemble,mask:image:0.75:seed303,mask,image,0.75,303,0.9888888888888889,0.03916229705656712,3600
avmnist,shared-augmentation,i2moe,clean,clean,none,0.0,-1,0.9919444444444444,0.024658263138717412,3600
avmnist,shared-augmentation,i2moe,gaussian:audio:0.25:seed101,gaussian,audio,0.25,101,0.9897222222222222,0.02671661820682532,3600
avmnist,shared-augmentation,i2moe,gaussian:audio:0.25:seed202,gaussian,audio,0.25,202,0.9897222222222222,0.02911716308519044,3600
avmnist,shared-augmentation,i2moe,gaussian:audio:0.25:seed303,gaussian,audio,0.25,303,0.99,0.028409737100216947,3600
avmnist,shared-augmentation,i2moe,gaussian:audio:0.5:seed101,gaussian,audio,0.5,101,0.9869444444444444,0.037071341207857954,3600
avmnist,shared-augmentation,i2moe,gaussian:audio:0.5:seed202,gaussian,audio,0.5,202,0.9875,0.04085723901387234,3600
avmnist,shared-augmentation,i2moe,gaussian:audio:0.5:seed303,gaussian,audio,0.5,303,0.9875,0.04017118425797381,3600
avmnist,shared-augmentation,i2moe,gaussian:audio:1.0:seed101,gaussian,audio,1.0,101,0.9758333333333333,0.07785450077098872,3600
avmnist,shared-augmentation,i2moe,gaussian:audio:1.0:seed202,gaussian,audio,1.0,202,0.9725,0.08446117292548738,3600
avmnist,shared-augmentation,i2moe,gaussian:audio:1.0:seed303,gaussian,audio,1.0,303,0.9733333333333334,0.08250543829913569,3600
avmnist,shared-augmentation,i2moe,gaussian:audio:2.0:seed101,gaussian,audio,2.0,101,0.9513888888888888,0.16026699432025443,3600
avmnist,shared-augmentation,i2moe,gaussian:audio:2.0:seed202,gaussian,audio,2.0,202,0.9519444444444445,0.16335589005710455,3600
avmnist,shared-augmentation,i2moe,gaussian:audio:2.0:seed303,gaussian,audio,2.0,303,0.9513888888888888,0.16856441296705865,3600
avmnist,shared-augmentation,i2moe,gaussian:image:0.25:seed101,gaussian,image,0.25,101,0.9911111111111112,0.025751791125890367,3600
avmnist,shared-augmentation,i2moe,gaussian:image:0.25:seed202,gaussian,image,0.25,202,0.9911111111111112,0.026088690259574072,3600
avmnist,shared-augmentation,i2moe,gaussian:image:0.25:seed303,gaussian,image,0.25,303,0.9919444444444444,0.02575772544220333,3600
avmnist,shared-augmentation,i2moe,gaussian:image:0.5:seed101,gaussian,image,0.5,101,0.99,0.02877695893223831,3600
avmnist,shared-augmentation,i2moe,gaussian:image:0.5:seed202,gaussian,image,0.5,202,0.9902777777777778,0.029243303093384014,3600
avmnist,shared-augmentation,i2moe,gaussian:image:0.5:seed303,gaussian,image,0.5,303,0.9913888888888889,0.028623460189937555,3600
avmnist,shared-augmentation,i2moe,gaussian:image:1.0:seed101,gaussian,image,1.0,101,0.9858333333333333,0.04387801148995351,3600
avmnist,shared-augmentation,i2moe,gaussian:image:1.0:seed202,gaussian,image,1.0,202,0.9861111111111112,0.04454997635487036,3600
avmnist,shared-augmentation,i2moe,gaussian:image:1.0:seed303,gaussian,image,1.0,303,0.9888888888888889,0.04172131346173016,3600
avmnist,shared-augmentation,i2moe,gaussian:image:2.0:seed101,gaussian,image,2.0,101,0.9538888888888889,0.13921014579097635,3600
avmnist,shared-augmentation,i2moe,gaussian:image:2.0:seed202,gaussian,image,2.0,202,0.9558333333333333,0.14511506979415603,3600
avmnist,shared-augmentation,i2moe,gaussian:image:2.0:seed303,gaussian,image,2.0,303,0.9536111111111111,0.1327987971623251,3600
avmnist,shared-augmentation,i2moe,mask:audio:0.25:seed101,mask,audio,0.25,101,0.9861111111111112,0.03734527859316724,3600
avmnist,shared-augmentation,i2moe,mask:audio:0.25:seed202,mask,audio,0.25,202,0.9872222222222222,0.03631340841976527,3600
avmnist,shared-augmentation,i2moe,mask:audio:0.25:seed303,mask,audio,0.25,303,0.9883333333333333,0.03690017967824035,3600
avmnist,shared-augmentation,i2moe,mask:audio:0.5:seed101,mask,audio,0.5,101,0.9836111111111111,0.0546889889179309,3600
avmnist,shared-augmentation,i2moe,mask:audio:0.5:seed202,mask,audio,0.5,202,0.9816666666666667,0.05336701242932989,3600
avmnist,shared-augmentation,i2moe,mask:audio:0.5:seed303,mask,audio,0.5,303,0.9813888888888889,0.05375506430898493,3600
avmnist,shared-augmentation,i2moe,mask:audio:0.75:seed101,mask,audio,0.75,101,0.9733333333333334,0.0809081857838122,3600
avmnist,shared-augmentation,i2moe,mask:audio:0.75:seed202,mask,audio,0.75,202,0.9738888888888889,0.08155237272477621,3600
avmnist,shared-augmentation,i2moe,mask:audio:0.75:seed303,mask,audio,0.75,303,0.9697222222222223,0.0855505972974449,3600
avmnist,shared-augmentation,i2moe,mask:image:0.25:seed101,mask,image,0.25,101,0.9902777777777778,0.027277411995477032,3600
avmnist,shared-augmentation,i2moe,mask:image:0.25:seed202,mask,image,0.25,202,0.9913888888888889,0.026025198828919578,3600
avmnist,shared-augmentation,i2moe,mask:image:0.25:seed303,mask,image,0.25,303,0.9913888888888889,0.027912359599489706,3600
avmnist,shared-augmentation,i2moe,mask:image:0.5:seed101,mask,image,0.5,101,0.9891666666666666,0.03705598111889207,3600
avmnist,shared-augmentation,i2moe,mask:image:0.5:seed202,mask,image,0.5,202,0.9922222222222222,0.033242377998615694,3600
avmnist,shared-augmentation,i2moe,mask:image:0.5:seed303,mask,image,0.5,303,0.9913888888888889,0.03237093705313823,3600
avmnist,shared-augmentation,i2moe,mask:image:0.75:seed101,mask,image,0.75,101,0.9791666666666666,0.08366598453700252,3600
avmnist,shared-augmentation,i2moe,mask:image:0.75:seed202,mask,image,0.75,202,0.98,0.08244524334782129,3600
avmnist,shared-augmentation,i2moe,mask:image:0.75:seed303,mask,image,0.75,303,0.9797222222222223,0.08136431329155763,3600
avmnist,shared-augmentation,pdf,clean,clean,none,0.0,-1,0.9844444444444445,0.052017637230271974,3600
avmnist,shared-augmentation,pdf,gaussian:audio:0.25:seed101,gaussian,audio,0.25,101,0.9841666666666666,0.054894922749940345,3600
avmnist,shared-augmentation,pdf,gaussian:audio:0.25:seed202,gaussian,audio,0.25,202,0.9838888888888889,0.05656370777859422,3600
avmnist,shared-augmentation,pdf,gaussian:audio:0.25:seed303,gaussian,audio,0.25,303,0.9855555555555555,0.055281771025235064,3600
avmnist,shared-augmentation,pdf,gaussian:audio:0.5:seed101,gaussian,audio,0.5,101,0.9819444444444444,0.06091836123399835,3600
avmnist,shared-augmentation,pdf,gaussian:audio:0.5:seed202,gaussian,audio,0.5,202,0.9816666666666667,0.0641059327092186,3600
avmnist,shared-augmentation,pdf,gaussian:audio:0.5:seed303,gaussian,audio,0.5,303,0.9827777777777778,0.06181536220083665,3600
avmnist,shared-augmentation,pdf,gaussian:audio:1.0:seed101,gaussian,audio,1.0,101,0.9744444444444444,0.08363830481250842,3600
avmnist,shared-augmentation,pdf,gaussian:audio:1.0:seed202,gaussian,audio,1.0,202,0.9733333333333334,0.0869994749463703,3600
avmnist,shared-augmentation,pdf,gaussian:audio:1.0:seed303,gaussian,audio,1.0,303,0.9752777777777778,0.08424250893236433,3600
avmnist,shared-augmentation,pdf,gaussian:audio:2.0:seed101,gaussian,audio,2.0,101,0.9430555555555555,0.1919271147087541,3600
avmnist,shared-augmentation,pdf,gaussian:audio:2.0:seed202,gaussian,audio,2.0,202,0.9458333333333333,0.1912058861701374,3600
avmnist,shared-augmentation,pdf,gaussian:audio:2.0:seed303,gaussian,audio,2.0,303,0.9466666666666667,0.19564739423976563,3600
avmnist,shared-augmentation,pdf,gaussian:image:0.25:seed101,gaussian,image,0.25,101,0.985,0.05505795543086686,3600
avmnist,shared-augmentation,pdf,gaussian:image:0.25:seed202,gaussian,image,0.25,202,0.9852777777777778,0.05342533107027378,3600
avmnist,shared-augmentation,pdf,gaussian:image:0.25:seed303,gaussian,image,0.25,303,0.9844444444444445,0.052816657587854615,3600
avmnist,shared-augmentation,pdf,gaussian:image:0.5:seed101,gaussian,image,0.5,101,0.9819444444444444,0.06147525666355329,3600
avmnist,shared-augmentation,pdf,gaussian:image:0.5:seed202,gaussian,image,0.5,202,0.9836111111111111,0.058338432824119844,3600
avmnist,shared-augmentation,pdf,gaussian:image:0.5:seed303,gaussian,image,0.5,303,0.9833333333333333,0.0565634838617135,3600
avmnist,shared-augmentation,pdf,gaussian:image:1.0:seed101,gaussian,image,1.0,101,0.9763888888888889,0.08904203278601505,3600
avmnist,shared-augmentation,pdf,gaussian:image:1.0:seed202,gaussian,image,1.0,202,0.9766666666666667,0.08479242354146418,3600
avmnist,shared-augmentation,pdf,gaussian:image:1.0:seed303,gaussian,image,1.0,303,0.9783333333333334,0.07823013036726018,3600
avmnist,shared-augmentation,pdf,gaussian:image:2.0:seed101,gaussian,image,2.0,101,0.9263888888888889,0.25098369598095793,3600
avmnist,shared-augmentation,pdf,gaussian:image:2.0:seed202,gaussian,image,2.0,202,0.9269444444444445,0.24733052499767896,3600
avmnist,shared-augmentation,pdf,gaussian:image:2.0:seed303,gaussian,image,2.0,303,0.9269444444444445,0.23446301693657726,3600
avmnist,shared-augmentation,pdf,mask:audio:0.25:seed101,mask,audio,0.25,101,0.9808333333333333,0.068654488330418,3600
avmnist,shared-augmentation,pdf,mask:audio:0.25:seed202,mask,audio,0.25,202,0.9769444444444444,0.0703687979708566,3600
avmnist,shared-augmentation,pdf,mask:audio:0.25:seed303,mask,audio,0.25,303,0.98,0.06999924638710579,3600
avmnist,shared-augmentation,pdf,mask:audio:0.5:seed101,mask,audio,0.5,101,0.9725,0.08980334856819452,3600
avmnist,shared-augmentation,pdf,mask:audio:0.5:seed202,mask,audio,0.5,202,0.9722222222222222,0.09283439825499454,3600
avmnist,shared-augmentation,pdf,mask:audio:0.5:seed303,mask,audio,0.5,303,0.9719444444444445,0.0876699084872751,3600
avmnist,shared-augmentation,pdf,mask:audio:0.75:seed101,mask,audio,0.75,101,0.9647222222222223,0.11124506870563165,3600
avmnist,shared-augmentation,pdf,mask:audio:0.75:seed202,mask,audio,0.75,202,0.9647222222222223,0.11610755936034997,3600
avmnist,shared-augmentation,pdf,mask:audio:0.75:seed303,mask,audio,0.75,303,0.9636111111111111,0.11367378641667411,3600
avmnist,shared-augmentation,pdf,mask:image:0.25:seed101,mask,image,0.25,101,0.9869444444444444,0.05290578095556433,3600
avmnist,shared-augmentation,pdf,mask:image:0.25:seed202,mask,image,0.25,202,0.9872222222222222,0.04915269321244022,3600
avmnist,shared-augmentation,pdf,mask:image:0.25:seed303,mask,image,0.25,303,0.9863888888888889,0.05440086611082964,3600
avmnist,shared-augmentation,pdf,mask:image:0.5:seed101,mask,image,0.5,101,0.9847222222222223,0.0804904250730005,3600
avmnist,shared-augmentation,pdf,mask:image:0.5:seed202,mask,image,0.5,202,0.9877777777777778,0.07569732784166859,3600
avmnist,shared-augmentation,pdf,mask:image:0.5:seed303,mask,image,0.5,303,0.99,0.07685762741880123,3600
avmnist,shared-augmentation,pdf,mask:image:0.75:seed101,mask,image,0.75,101,0.9713888888888889,0.21495761547281056,3600
avmnist,shared-augmentation,pdf,mask:image:0.75:seed202,mask,image,0.75,202,0.9702777777777778,0.2137711834679838,3600
avmnist,shared-augmentation,pdf,mask:image:0.75:seed303,mask,image,0.75,303,0.9713888888888889,0.21253991529336935,3600
avmnist,shared-augmentation,qmf,clean,clean,none,0.0,-1,0.9852777777777778,0.05495893564799802,3600
avmnist,shared-augmentation,qmf,gaussian:audio:0.25:seed101,gaussian,audio,0.25,101,0.985,0.05770835581500963,3600
avmnist,shared-augmentation,qmf,gaussian:audio:0.25:seed202,gaussian,audio,0.25,202,0.9841666666666666,0.06023065213243663,3600
avmnist,shared-augmentation,qmf,gaussian:audio:0.25:seed303,gaussian,audio,0.25,303,0.9852777777777778,0.05895596447208422,3600
avmnist,shared-augmentation,qmf,gaussian:audio:0.5:seed101,gaussian,audio,0.5,101,0.9802777777777778,0.06434244206081773,3600
avmnist,shared-augmentation,qmf,gaussian:audio:0.5:seed202,gaussian,audio,0.5,202,0.9825,0.06911438636220664,3600
avmnist,shared-augmentation,qmf,gaussian:audio:0.5:seed303,gaussian,audio,0.5,303,0.9822222222222222,0.06731997754969742,3600
avmnist,shared-augmentation,qmf,gaussian:audio:1.0:seed101,gaussian,audio,1.0,101,0.9702777777777778,0.09411204375740731,3600
avmnist,shared-augmentation,qmf,gaussian:audio:1.0:seed202,gaussian,audio,1.0,202,0.97,0.10006842256384128,3600
avmnist,shared-augmentation,qmf,gaussian:audio:1.0:seed303,gaussian,audio,1.0,303,0.9725,0.09803284625021699,3600
avmnist,shared-augmentation,qmf,gaussian:audio:2.0:seed101,gaussian,audio,2.0,101,0.9194444444444444,0.3556431949068157,3600
avmnist,shared-augmentation,qmf,gaussian:audio:2.0:seed202,gaussian,audio,2.0,202,0.9163888888888889,0.38819878190524093,3600
avmnist,shared-augmentation,qmf,gaussian:audio:2.0:seed303,gaussian,audio,2.0,303,0.9241666666666667,0.3627382644873785,3600
avmnist,shared-augmentation,qmf,gaussian:image:0.25:seed101,gaussian,image,0.25,101,0.9863888888888889,0.057591981840453645,3600
avmnist,shared-augmentation,qmf,gaussian:image:0.25:seed202,gaussian,image,0.25,202,0.9847222222222223,0.05784678643533064,3600
avmnist,shared-augmentation,qmf,gaussian:image:0.25:seed303,gaussian,image,0.25,303,0.9847222222222223,0.055747815569789506,3600
avmnist,shared-augmentation,qmf,gaussian:image:0.5:seed101,gaussian,image,0.5,101,0.9836111111111111,0.0647818759401795,3600
avmnist,shared-augmentation,qmf,gaussian:image:0.5:seed202,gaussian,image,0.5,202,0.9825,0.06451514629274695,3600
avmnist,shared-augmentation,qmf,gaussian:image:0.5:seed303,gaussian,image,0.5,303,0.9833333333333333,0.06069271976973964,3600
avmnist,shared-augmentation,qmf,gaussian:image:1.0:seed101,gaussian,image,1.0,101,0.9747222222222223,0.0958379747798589,3600
avmnist,shared-augmentation,qmf,gaussian:image:1.0:seed202,gaussian,image,1.0,202,0.9752777777777778,0.0935468463995028,3600
avmnist,shared-augmentation,qmf,gaussian:image:1.0:seed303,gaussian,image,1.0,303,0.9755555555555555,0.08596907263848984,3600
avmnist,shared-augmentation,qmf,gaussian:image:2.0:seed101,gaussian,image,2.0,101,0.9230555555555555,0.26568415536520157,3600
avmnist,shared-augmentation,qmf,gaussian:image:2.0:seed202,gaussian,image,2.0,202,0.9263888888888889,0.2592524622255013,3600
avmnist,shared-augmentation,qmf,gaussian:image:2.0:seed303,gaussian,image,2.0,303,0.9288888888888889,0.2426596044070272,3600
avmnist,shared-augmentation,qmf,mask:audio:0.25:seed101,mask,audio,0.25,101,0.9808333333333333,0.07632465326242875,3600
avmnist,shared-augmentation,qmf,mask:audio:0.25:seed202,mask,audio,0.25,202,0.9794444444444445,0.07721143851725865,3600
avmnist,shared-augmentation,qmf,mask:audio:0.25:seed303,mask,audio,0.25,303,0.9786111111111111,0.07703927659327649,3600
avmnist,shared-augmentation,qmf,mask:audio:0.5:seed101,mask,audio,0.5,101,0.9722222222222222,0.10372868681959446,3600
avmnist,shared-augmentation,qmf,mask:audio:0.5:seed202,mask,audio,0.5,202,0.9708333333333333,0.10559016261814397,3600
avmnist,shared-augmentation,qmf,mask:audio:0.5:seed303,mask,audio,0.5,303,0.9694444444444444,0.10168708494462272,3600
avmnist,shared-augmentation,qmf,mask:audio:0.75:seed101,mask,audio,0.75,101,0.9625,0.13057018712865245,3600
avmnist,shared-augmentation,qmf,mask:audio:0.75:seed202,mask,audio,0.75,202,0.9622222222222222,0.13718435916472338,3600
avmnist,shared-augmentation,qmf,mask:audio:0.75:seed303,mask,audio,0.75,303,0.9597222222222223,0.13489966131641815,3600
avmnist,shared-augmentation,qmf,mask:image:0.25:seed101,mask,image,0.25,101,0.9869444444444444,0.06158021445759571,3600
avmnist,shared-augmentation,qmf,mask:image:0.25:seed202,mask,image,0.25,202,0.9877777777777778,0.05810730284698919,3600
avmnist,shared-augmentation,qmf,mask:image:0.25:seed303,mask,image,0.25,303,0.9866666666666667,0.0626551993921742,3600
avmnist,shared-augmentation,qmf,mask:image:0.5:seed101,mask,image,0.5,101,0.9838888888888889,0.12038844740325272,3600
avmnist,shared-augmentation,qmf,mask:image:0.5:seed202,mask,image,0.5,202,0.9858333333333333,0.11746445045514799,3600
avmnist,shared-augmentation,qmf,mask:image:0.5:seed303,mask,image,0.5,303,0.9883333333333333,0.11649365183068115,3600
avmnist,shared-augmentation,qmf,mask:image:0.75:seed101,mask,image,0.75,101,0.9680555555555556,0.37199853029064456,3600
avmnist,shared-augmentation,qmf,mask:image:0.75:seed202,mask,image,0.75,202,0.965,0.3697693397580093,3600
avmnist,shared-augmentation,qmf,mask:image:0.75:seed303,mask,image,0.75,303,0.965,0.36815591005811016,3600
avmnist,shared-augmentation,tmc,clean,clean,none,0.0,-1,0.9863888888888889,0.04153670010342639,3600
avmnist,shared-augmentation,tmc,gaussian:audio:0.25:seed101,gaussian,audio,0.25,101,0.9825,0.04958631610170293,3600
avmnist,shared-augmentation,tmc,gaussian:audio:0.25:seed202,gaussian,audio,0.25,202,0.9833333333333333,0.05289382515274279,3600
avmnist,shared-augmentation,tmc,gaussian:audio:0.25:seed303,gaussian,audio,0.25,303,0.9830555555555556,0.05248154465115999,3600
avmnist,shared-augmentation,tmc,gaussian:audio:0.5:seed101,gaussian,audio,0.5,101,0.9777777777777777,0.07383866759044042,3600
avmnist,shared-augmentation,tmc,gaussian:audio:0.5:seed202,gaussian,audio,0.5,202,0.9775,0.08343982454161612,3600
avmnist,shared-augmentation,tmc,gaussian:audio:0.5:seed303,gaussian,audio,0.5,303,0.9777777777777777,0.07921489063338877,3600
avmnist,shared-augmentation,tmc,gaussian:audio:1.0:seed101,gaussian,audio,1.0,101,0.9672222222222222,0.12593298254136048,3600
avmnist,shared-augmentation,tmc,gaussian:audio:1.0:seed202,gaussian,audio,1.0,202,0.9661111111111111,0.1398038255701625,3600
avmnist,shared-augmentation,tmc,gaussian:audio:1.0:seed303,gaussian,audio,1.0,303,0.9686111111111111,0.13203333341688123,3600
avmnist,shared-augmentation,tmc,gaussian:audio:2.0:seed101,gaussian,audio,2.0,101,0.9427777777777778,0.23519917110511862,3600
avmnist,shared-augmentation,tmc,gaussian:audio:2.0:seed202,gaussian,audio,2.0,202,0.9438888888888889,0.2490103696852993,3600
avmnist,shared-augmentation,tmc,gaussian:audio:2.0:seed303,gaussian,audio,2.0,303,0.9430555555555555,0.23402541768779275,3600
avmnist,shared-augmentation,tmc,gaussian:image:0.25:seed101,gaussian,image,0.25,101,0.9855555555555555,0.043366494705829095,3600
avmnist,shared-augmentation,tmc,gaussian:image:0.25:seed202,gaussian,image,0.25,202,0.9855555555555555,0.043114717358229894,3600
avmnist,shared-augmentation,tmc,gaussian:image:0.25:seed303,gaussian,image,0.25,303,0.9847222222222223,0.04283099408481183,3600
avmnist,shared-augmentation,tmc,gaussian:image:0.5:seed101,gaussian,image,0.5,101,0.9825,0.04911442032365444,3600
avmnist,shared-augmentation,tmc,gaussian:image:0.5:seed202,gaussian,image,0.5,202,0.985,0.04849312142228218,3600
avmnist,shared-augmentation,tmc,gaussian:image:0.5:seed303,gaussian,image,0.5,303,0.9838888888888889,0.0479412449641105,3600
avmnist,shared-augmentation,tmc,gaussian:image:1.0:seed101,gaussian,image,1.0,101,0.9747222222222223,0.07320227640811061,3600
avmnist,shared-augmentation,tmc,gaussian:image:1.0:seed202,gaussian,image,1.0,202,0.9738888888888889,0.07067701365581701,3600
avmnist,shared-augmentation,tmc,gaussian:image:1.0:seed303,gaussian,image,1.0,303,0.9736111111111111,0.07161265547929971,3600
avmnist,shared-augmentation,tmc,gaussian:image:2.0:seed101,gaussian,image,2.0,101,0.9305555555555556,0.20019247652839206,3600
avmnist,shared-augmentation,tmc,gaussian:image:2.0:seed202,gaussian,image,2.0,202,0.9291666666666667,0.19337969360842822,3600
avmnist,shared-augmentation,tmc,gaussian:image:2.0:seed303,gaussian,image,2.0,303,0.93,0.20191969557362024,3600
avmnist,shared-augmentation,tmc,mask:audio:0.25:seed101,mask,audio,0.25,101,0.9794444444444445,0.0644347502415242,3600
avmnist,shared-augmentation,tmc,mask:audio:0.25:seed202,mask,audio,0.25,202,0.9775,0.07079404399560153,3600
avmnist,shared-augmentation,tmc,mask:audio:0.25:seed303,mask,audio,0.25,303,0.98,0.06700435126955642,3600
avmnist,shared-augmentation,tmc,mask:audio:0.5:seed101,mask,audio,0.5,101,0.9719444444444445,0.09639120525507142,3600
avmnist,shared-augmentation,tmc,mask:audio:0.5:seed202,mask,audio,0.5,202,0.9711111111111111,0.10366081182742418,3600
avmnist,shared-augmentation,tmc,mask:audio:0.5:seed303,mask,audio,0.5,303,0.9725,0.0906913486973851,3600
avmnist,shared-augmentation,tmc,mask:audio:0.75:seed101,mask,audio,0.75,101,0.9630555555555556,0.13073796752282155,3600
avmnist,shared-augmentation,tmc,mask:audio:0.75:seed202,mask,audio,0.75,202,0.9633333333333334,0.13867258987156386,3600
avmnist,shared-augmentation,tmc,mask:audio:0.75:seed303,mask,audio,0.75,303,0.9638888888888889,0.13096511955279924,3600
avmnist,shared-augmentation,tmc,mask:image:0.25:seed101,mask,image,0.25,101,0.9833333333333333,0.046827931364449266,3600
avmnist,shared-augmentation,tmc,mask:image:0.25:seed202,mask,image,0.25,202,0.9830555555555556,0.045308172641016144,3600
avmnist,shared-augmentation,tmc,mask:image:0.25:seed303,mask,image,0.25,303,0.9811111111111112,0.050363398211545195,3600
avmnist,shared-augmentation,tmc,mask:image:0.5:seed101,mask,image,0.5,101,0.9794444444444445,0.06053416089769437,3600
avmnist,shared-augmentation,tmc,mask:image:0.5:seed202,mask,image,0.5,202,0.9808333333333333,0.06002371889341461,3600
avmnist,shared-augmentation,tmc,mask:image:0.5:seed303,mask,image,0.5,303,0.9827777777777778,0.05950965397208694,3600
avmnist,shared-augmentation,tmc,mask:image:0.75:seed101,mask,image,0.75,101,0.9738888888888889,0.09934675314168996,3600
avmnist,shared-augmentation,tmc,mask:image:0.75:seed202,mask,image,0.75,202,0.9719444444444445,0.09925611486953573,3600
avmnist,shared-augmentation,tmc,mask:image:0.75:seed303,mask,image,0.75,303,0.975,0.09370364510161076,3600
